snapshot_date,prev_date,ID,change_type,old_value,new_value,delta
2026-06-05,2026-05-22,0014078,new_project,,,
2026-06-05,2026-05-22,0019883,new_project,,,
2026-06-05,2026-05-22,0021747,new_project,,,
2026-06-05,2026-05-22,0021748,new_project,,,
2026-06-05,2026-05-22,M006993,new_project,,,
2026-06-05,2026-05-22,M006994,new_project,,,
2026-06-05,2026-05-22,M006995,new_project,,,
2026-06-05,2026-05-22,M006996,new_project,,,
2026-06-05,2026-05-22,M006997,new_project,,,
2026-06-05,2026-05-22,M006998,new_project,,,
2026-06-05,2026-05-22,M006999,new_project,,,
2026-06-05,2026-05-22,M007000,new_project,,,
2026-06-05,2026-05-22,M007001,new_project,,,
2026-06-05,2026-05-22,M007002,new_project,,,
2026-06-05,2026-05-22,M007003,new_project,,,
2026-06-05,2026-05-22,M007004,new_project,,,
2026-06-05,2026-05-22,M007005,new_project,,,
2026-06-05,2026-05-22,M007006,new_project,,,
2026-06-05,2026-05-22,M007007,new_project,,,
2026-06-05,2026-05-22,M007008,new_project,,,
2026-06-05,2026-05-22,M007009,new_project,,,
2026-06-05,2026-05-22,M007010,new_project,,,
2026-06-05,2026-05-22,M007018,new_project,,,
2026-06-05,2026-05-22,M007019,new_project,,,
2026-06-05,2026-05-22,M007020,new_project,,,
2026-06-05,2026-05-22,M007021,new_project,,,
2026-06-05,2026-05-22,M007022,new_project,,,
2026-06-05,2026-05-22,M007023,new_project,,,
2026-06-05,2026-05-22,M007024,new_project,,,
2026-06-05,2026-05-22,M007025,new_project,,,
2026-06-05,2026-05-22,M007026,new_project,,,
2026-06-05,2026-05-22,M007027,new_project,,,
2026-06-05,2026-05-22,M007028,new_project,,,
2026-06-05,2026-05-22,M007029,new_project,,,
2026-06-05,2026-05-22,M007030,new_project,,,
2026-06-05,2026-05-22,M007031,new_project,,,
2026-06-05,2026-05-22,M007032,new_project,,,
2026-06-05,2026-05-22,M007033,new_project,,,
2026-06-05,2026-05-22,M007034,new_project,,,
2026-06-05,2026-05-22,M007035,new_project,,,
2026-06-05,2026-05-22,M007036,new_project,,,
2026-06-05,2026-05-22,M007037,new_project,,,
2026-06-05,2026-05-22,M007038,new_project,,,
2026-06-05,2026-05-22,M007039,new_project,,,
2026-06-05,2026-05-22,M007040,new_project,,,
2026-06-05,2026-05-22,M007041,new_project,,,
2026-06-05,2026-05-22,M007042,new_project,,,
2026-06-05,2026-05-22,M007043,new_project,,,
2026-06-05,2026-05-22,M007044,new_project,,,
2026-06-05,2026-05-22,M007045,new_project,,,
2026-06-05,2026-05-22,M007046,new_project,,,
2026-06-05,2026-05-22,M007047,new_project,,,
2026-06-05,2026-05-22,M007048,new_project,,,
2026-06-05,2026-05-22,M007049,new_project,,,
2026-06-05,2026-05-22,M007050,new_project,,,
2026-06-05,2026-05-22,M007051,new_project,,,
2026-06-05,2026-05-22,M007052,new_project,,,
2026-06-05,2026-05-22,M007053,new_project,,,
2026-06-05,2026-05-22,M007054,new_project,,,
2026-06-05,2026-05-22,M007055,new_project,,,
2026-06-05,2026-05-22,0000544,dropped,,,
2026-06-05,2026-05-22,0005829,dropped,,,
2026-06-05,2026-05-22,0007046,dropped,,,
2026-06-05,2026-05-22,0007663,dropped,,,
2026-06-05,2026-05-22,0009953,dropped,,,
2026-06-05,2026-05-22,0010419,dropped,,,
2026-06-05,2026-05-22,0011861,dropped,,,
2026-06-05,2026-05-22,0011863,dropped,,,
2026-06-05,2026-05-22,0012578,dropped,,,
2026-06-05,2026-05-22,0015118,dropped,,,
2026-06-05,2026-05-22,0015442,dropped,,,
2026-06-05,2026-05-22,0015736,dropped,,,
2026-06-05,2026-05-22,0015741,dropped,,,
2026-06-05,2026-05-22,0015754,dropped,,,
2026-06-05,2026-05-22,0015821,dropped,,,
2026-06-05,2026-05-22,0017412,dropped,,,
2026-06-05,2026-05-22,0017414,dropped,,,
2026-06-05,2026-05-22,0019087,dropped,,,
2026-06-05,2026-05-22,0020677,dropped,,,
2026-06-05,2026-05-22,0021196,dropped,,,
2026-06-05,2026-05-22,0021221,dropped,,,
2026-06-05,2026-05-22,631570-,dropped,,,
2026-06-05,2026-05-22,M005073,dropped,,,
2026-06-05,2026-05-22,M005090,dropped,,,
2026-06-05,2026-05-22,M005137,dropped,,,
2026-06-05,2026-05-22,M005589,dropped,,,
2026-06-05,2026-05-22,M005635,dropped,,,
2026-06-05,2026-05-22,M005644,dropped,,,
2026-06-05,2026-05-22,M005666,dropped,,,
2026-06-05,2026-05-22,M005723,dropped,,,
2026-06-05,2026-05-22,M005849,dropped,,,
2026-06-05,2026-05-22,M005850,dropped,,,
2026-06-05,2026-05-22,M005851,dropped,,,
2026-06-05,2026-05-22,0000265,awarded,,2017-11-02,
2026-06-05,2026-05-22,0000297,awarded,,2018-11-30,
2026-06-05,2026-05-22,0000304,awarded,,2019-10-18,
2026-06-05,2026-05-22,0000305,awarded,,2017-04-21,
2026-06-05,2026-05-22,0000315,awarded,,2017-11-17,
2026-06-05,2026-05-22,0000411,awarded,,2023-02-20,
2026-06-05,2026-05-22,0000425,awarded,,2017-06-16,
2026-06-05,2026-05-22,0000473,awarded,,2021-11-05,
2026-06-05,2026-05-22,0000475,awarded,,2021-07-30,
2026-06-05,2026-05-22,0000519,awarded,,2023-04-14,
2026-06-05,2026-05-22,0000520,awarded,,2020-11-20,
2026-06-05,2026-05-22,0000566,awarded,,2014-12-24,
2026-06-05,2026-05-22,0000762,awarded,,2017-06-16,
2026-06-05,2026-05-22,0001572,awarded,,2018-06-22,
2026-06-05,2026-05-22,0001757,awarded,,2022-05-23,
2026-06-05,2026-05-22,0001810,awarded,,2019-02-22,
2026-06-05,2026-05-22,0001812,awarded,,2018-07-20,
2026-06-05,2026-05-22,0001817,awarded,,2014-06-20,
2026-06-05,2026-05-22,0002040,awarded,,2020-05-22,
2026-06-05,2026-05-22,0002392,awarded,,2014-03-07,
2026-06-05,2026-05-22,0002415,awarded,,2017-07-03,
2026-06-05,2026-05-22,0002626,awarded,,2014-06-20,
2026-06-05,2026-05-22,0002861,awarded,,2021-01-22,
2026-06-05,2026-05-22,0002862,awarded,,2025-03-19,
2026-06-05,2026-05-22,0002882,awarded,,2017-07-21,
2026-06-05,2026-05-22,0002923,awarded,,2015-11-16,
2026-06-05,2026-05-22,0003081,awarded,,2018-08-17,
2026-06-05,2026-05-22,0003625,awarded,,2016-09-30,
2026-06-05,2026-05-22,0003626,awarded,,2024-10-28,
2026-06-05,2026-05-22,0003682,awarded,,2024-05-31,
2026-06-05,2026-05-22,0003948,awarded,,2019-09-20,
2026-06-05,2026-05-22,0004428,awarded,,2022-05-03,
2026-06-05,2026-05-22,0004634,awarded,,2025-05-27,
2026-06-05,2026-05-22,0004915,awarded,,2016-09-02,
2026-06-05,2026-05-22,0005317,awarded,,2025-01-31,
2026-06-05,2026-05-22,0005530,awarded,,2018-08-17,
2026-06-05,2026-05-22,0005533,awarded,,2023-09-01,
2026-06-05,2026-05-22,0005533,work_stopped,,2025-08-18,
2026-06-05,2026-05-22,0006049,awarded,,2020-04-17,
2026-06-05,2026-05-22,0006294,awarded,,2017-09-22,
2026-06-05,2026-05-22,0006327,awarded,,2018-08-17,
2026-06-05,2026-05-22,0006328,awarded,,2022-04-04,
2026-06-05,2026-05-22,0006416,awarded,,2018-05-18,
2026-06-05,2026-05-22,0006439,awarded,,2017-06-16,
2026-06-05,2026-05-22,0006446,awarded,,2023-04-14,
2026-06-05,2026-05-22,0006463,awarded,,2019-06-21,
2026-06-05,2026-05-22,0006576,awarded,,2018-07-23,
2026-06-05,2026-05-22,0006644,awarded,,2018-12-07,
2026-06-05,2026-05-22,0006658,awarded,,2017-07-21,
2026-06-05,2026-05-22,0006684,awarded,,2022-04-25,
2026-06-05,2026-05-22,0006684,work_stopped,,2024-03-19,
2026-06-05,2026-05-22,0006700,awarded,,2021-05-21,
2026-06-05,2026-05-22,0006857,awarded,,2022-04-01,
2026-06-05,2026-05-22,0006860,awarded,,2017-05-11,
2026-06-05,2026-05-22,0006862,awarded,,2018-12-14,
2026-06-05,2026-05-22,0006866,awarded,,2022-04-01,
2026-06-05,2026-05-22,0006900,awarded,,2014-05-02,
2026-06-05,2026-05-22,0006901,awarded,,2014-05-02,
2026-06-05,2026-05-22,0006932,awarded,,2020-10-01,
2026-06-05,2026-05-22,0006934,awarded,,2025-02-06,
2026-06-05,2026-05-22,0006935,awarded,,2023-06-02,
2026-06-05,2026-05-22,0007028,awarded,,2019-07-19,
2026-06-05,2026-05-22,0007037,awarded,,2019-05-17,
2026-06-05,2026-05-22,0007042,awarded,,2018-07-20,
2026-06-05,2026-05-22,0007043,awarded,,2018-09-21,
2026-06-05,2026-05-22,0007044,awarded,,2021-07-02,
2026-06-05,2026-05-22,0007047,awarded,,2020-06-19,
2026-06-05,2026-05-22,0007050,awarded,,2016-06-17,
2026-06-05,2026-05-22,0007055,awarded,,2025-01-03,
2026-06-05,2026-05-22,0007057,awarded,,2022-02-04,
2026-06-05,2026-05-22,0007128,awarded,,2017-10-20,
2026-06-05,2026-05-22,0007153,awarded,,2017-09-22,
2026-06-05,2026-05-22,0007154,awarded,,2017-09-22,
2026-06-05,2026-05-22,0007157,awarded,,2016-09-30,
2026-06-05,2026-05-22,0007170,awarded,,2021-09-17,
2026-06-05,2026-05-22,0007174,awarded,,2018-12-14,
2026-06-05,2026-05-22,0007176,awarded,,2018-12-14,
2026-06-05,2026-05-22,0007177,awarded,,2019-09-20,
2026-06-05,2026-05-22,0007179,awarded,,2020-07-17,
2026-06-05,2026-05-22,0007259,awarded,,2017-07-21,
2026-06-05,2026-05-22,0007313,awarded,,2015-12-07,
2026-06-05,2026-05-22,0007319,awarded,,2017-04-21,
2026-06-05,2026-05-22,0007386,awarded,,2020-02-21,
2026-06-05,2026-05-22,0007414,awarded,,2016-11-04,
2026-06-05,2026-05-22,0007526,awarded,,2020-12-18,
2026-06-05,2026-05-22,0007532,awarded,,2018-06-06,
2026-06-05,2026-05-22,0007533,awarded,,2021-09-14,
2026-06-05,2026-05-22,0007535,awarded,,2024-08-22,
2026-06-05,2026-05-22,0007540,awarded,,2021-01-05,
2026-06-05,2026-05-22,0007593,awarded,,2018-09-27,
2026-06-05,2026-05-22,0007593,work_stopped,,2023-05-15,
2026-06-05,2026-05-22,0007613,awarded,,2017-08-10,
2026-06-05,2026-05-22,0007618,awarded,,2019-03-28,
2026-06-05,2026-05-22,0007618,work_stopped,,2024-04-19,
2026-06-05,2026-05-22,0007631,awarded,,2019-01-08,
2026-06-05,2026-05-22,0007633,awarded,,2017-04-27,
2026-06-05,2026-05-22,0007664,awarded,,2019-04-23,
2026-06-05,2026-05-22,0007691,awarded,,2017-10-20,
2026-06-05,2026-05-22,0007838,awarded,,2023-12-29,
2026-06-05,2026-05-22,0007838,work_stopped,,2024-12-31,
2026-06-05,2026-05-22,0007841,awarded,,2024-08-30,
2026-06-05,2026-05-22,0007843,status_change,UNDER-CONSTRUCTION,COMPLETED-CONSTRUCTION,
2026-06-05,2026-05-22,0007843,awarded,,2023-03-03,
2026-06-05,2026-05-22,0007844,awarded,,2022-08-05,
2026-06-05,2026-05-22,0007850,cost_change,14735723.43,22191427.89,7455704.46
2026-06-05,2026-05-22,0007856,cost_change,89524936.28999999,0.0,-89524936.29
2026-06-05,2026-05-22,0007949,awarded,,2017-07-05,
2026-06-05,2026-05-22,0008016,awarded,,2022-08-05,
2026-06-05,2026-05-22,0008043,awarded,,2018-08-17,
2026-06-05,2026-05-22,0008121,awarded,,2019-10-22,
2026-06-05,2026-05-22,0008288,awarded,,2023-10-06,
2026-06-05,2026-05-22,0008288,work_stopped,,2025-02-06,
2026-06-05,2026-05-22,0008289,awarded,,2021-06-18,
2026-06-05,2026-05-22,0008314,awarded,,2020-04-17,
2026-06-05,2026-05-22,0008357,awarded,,2022-09-02,
2026-06-05,2026-05-22,0008382,awarded,,2016-08-05,
2026-06-05,2026-05-22,0008387,cost_change,56791431.36,98083535.18,41292103.82
2026-06-05,2026-05-22,0008429,awarded,,2017-07-21,
2026-06-05,2026-05-22,0008430,awarded,,2020-04-17,
2026-06-05,2026-05-22,0008431,awarded,,2019-11-22,
2026-06-05,2026-05-22,0008542,awarded,,2015-06-19,
2026-06-05,2026-05-22,0008598,awarded,,2021-07-30,
2026-06-05,2026-05-22,0008600,awarded,,2019-05-17,
2026-06-05,2026-05-22,0008601,cost_change,18507266.46,18587266.46,80000.0
2026-06-05,2026-05-22,0008613,awarded,,2018-09-21,
2026-06-05,2026-05-22,0008647,awarded,,2020-07-17,
2026-06-05,2026-05-22,0008680,awarded,,2023-01-06,
2026-06-05,2026-05-22,0008680,work_stopped,,2024-08-31,
2026-06-05,2026-05-22,0008759,awarded,,2023-12-01,
2026-06-05,2026-05-22,0008759,work_stopped,,2025-09-23,
2026-06-05,2026-05-22,0008986,awarded,,2017-08-15,
2026-06-05,2026-05-22,0009011,awarded,,2021-01-22,
2026-06-05,2026-05-22,0009029,awarded,,2019-07-03,
2026-06-05,2026-05-22,0009045,awarded,,2021-02-04,
2026-06-05,2026-05-22,0009060,awarded,,2017-10-24,
2026-06-05,2026-05-22,0009062,awarded,,2021-08-13,
2026-06-05,2026-05-22,0009089,awarded,,2021-06-14,
2026-06-05,2026-05-22,0009164,awarded,,2020-03-20,
2026-06-05,2026-05-22,0009294,awarded,,2020-09-01,
2026-06-05,2026-05-22,0009316,awarded,,2015-09-04,
2026-06-05,2026-05-22,0009323,awarded,,2016-04-05,
2026-06-05,2026-05-22,0009397,awarded,,2024-07-03,
2026-06-05,2026-05-22,0009400,awarded,,2022-03-04,
2026-06-05,2026-05-22,0009679,awarded,,2019-06-21,
2026-06-05,2026-05-22,0009835,awarded,,2018-08-17,
2026-06-05,2026-05-22,0009855,awarded,,2019-12-20,
2026-06-05,2026-05-22,0009860,awarded,,2017-07-21,
2026-06-05,2026-05-22,0009861,awarded,,2019-07-08,
2026-06-05,2026-05-22,0009862,awarded,,2017-09-22,
2026-06-05,2026-05-22,0009864,awarded,,2016-01-22,
2026-06-05,2026-05-22,0009872,awarded,,2017-12-15,
2026-06-05,2026-05-22,0009874,awarded,,2023-06-30,
2026-06-05,2026-05-22,0009874,work_stopped,,2025-05-14,
2026-06-05,2026-05-22,0009880,awarded,,2020-10-16,
2026-06-05,2026-05-22,0009901,awarded,,2021-06-18,
2026-06-05,2026-05-22,0009916,awarded,,2022-07-01,
2026-06-05,2026-05-22,0009916,work_stopped,,2023-12-14,
2026-06-05,2026-05-22,0009919,awarded,,2018-06-22,
2026-06-05,2026-05-22,0009928,awarded,,2025-05-02,
2026-06-05,2026-05-22,0009931,awarded,,2022-08-05,
2026-06-05,2026-05-22,0009931,work_stopped,,2024-11-06,
2026-06-05,2026-05-22,0009948,awarded,,2018-06-22,
2026-06-05,2026-05-22,0009949,awarded,,2020-07-17,
2026-06-05,2026-05-22,0009950,awarded,,2018-05-18,
2026-06-05,2026-05-22,0009960,awarded,,2022-02-04,
2026-06-05,2026-05-22,0009966,awarded,,2022-12-16,
2026-06-05,2026-05-22,0009967,awarded,,2022-04-01,
2026-06-05,2026-05-22,0009971,awarded,,2019-04-19,
2026-06-05,2026-05-22,0009972,awarded,,2019-04-19,
2026-06-05,2026-05-22,0009975,awarded,,2021-07-02,
2026-06-05,2026-05-22,0009988,awarded,,2018-05-18,
2026-06-05,2026-05-22,0009989,awarded,,2022-12-02,
2026-06-05,2026-05-22,0009989,work_stopped,,2024-07-31,
2026-06-05,2026-05-22,0009990,awarded,,2023-02-03,
2026-06-05,2026-05-22,0009990,work_stopped,,2025-01-29,
2026-06-05,2026-05-22,0010009,awarded,,2017-07-24,
2026-06-05,2026-05-22,0010028,awarded,,2022-09-15,
2026-06-05,2026-05-22,0010121,awarded,,2017-06-16,
2026-06-05,2026-05-22,0010195,awarded,,2019-06-21,
2026-06-05,2026-05-22,0010211,awarded,,2017-02-17,
2026-06-05,2026-05-22,0010212,awarded,,2019-10-22,
2026-06-05,2026-05-22,0010213,awarded,,2020-11-24,
2026-06-05,2026-05-22,0010297,awarded,,2021-11-05,
2026-06-05,2026-05-22,0010318,cost_change,25107068.74,27408417.4,2301348.66
2026-06-05,2026-05-22,0010323,awarded,,2020-04-18,
2026-06-05,2026-05-22,0010323,work_stopped,,2025-07-28,
2026-06-05,2026-05-22,0010331,awarded,,2019-03-26,
2026-06-05,2026-05-22,0010332,awarded,,2019-01-03,
2026-06-05,2026-05-22,0010333,awarded,,2020-03-31,
2026-06-05,2026-05-22,0010334,awarded,,2016-08-05,
2026-06-05,2026-05-22,0010336,awarded,,2018-08-20,
2026-06-05,2026-05-22,0010385,awarded,,2021-03-30,
2026-06-05,2026-05-22,0010409,awarded,,2018-08-17,
2026-06-05,2026-05-22,0010410,awarded,,2018-08-17,
2026-06-05,2026-05-22,0010428,awarded,,2023-06-02,
2026-06-05,2026-05-22,0010428,work_stopped,,2025-01-17,
2026-06-05,2026-05-22,0010554,awarded,,2018-08-17,
2026-06-05,2026-05-22,0010555,awarded,,2024-07-05,
2026-06-05,2026-05-22,0010571,awarded,,2022-07-01,
2026-06-05,2026-05-22,0010571,work_stopped,,2025-03-26,
2026-06-05,2026-05-22,0010574,awarded,,2018-07-23,
2026-06-05,2026-05-22,0010588,awarded,,2021-08-13,
2026-06-05,2026-05-22,0010593,awarded,,2018-11-20,
2026-06-05,2026-05-22,0010598,awarded,,2018-07-30,
2026-06-05,2026-05-22,0010601,awarded,,2020-01-13,
2026-06-05,2026-05-22,0010604,awarded,,2019-04-23,
2026-06-05,2026-05-22,0010606,awarded,,2018-07-30,
2026-06-05,2026-05-22,0010611,awarded,,2019-08-07,
2026-06-05,2026-05-22,0010613,awarded,,2018-04-05,
2026-06-05,2026-05-22,0010615,awarded,,2019-07-05,
2026-06-05,2026-05-22,0010620,awarded,,2017-12-19,
2026-06-05,2026-05-22,0010621,awarded,,2019-09-16,
2026-06-05,2026-05-22,0010624,awarded,,2019-12-18,
2026-06-05,2026-05-22,0010633,awarded,,2018-12-26,
2026-06-05,2026-05-22,0010636,awarded,,2017-07-03,
2026-06-05,2026-05-22,0010638,awarded,,2019-12-31,
2026-06-05,2026-05-22,0010639,awarded,,2019-09-09,
2026-06-05,2026-05-22,0010643,awarded,,2018-09-18,
2026-06-05,2026-05-22,0010648,awarded,,2018-06-01,
2026-06-05,2026-05-22,0010649,awarded,,2018-10-25,
2026-06-05,2026-05-22,0010669,awarded,,2020-10-14,
2026-06-05,2026-05-22,0010671,awarded,,2018-06-05,
2026-06-05,2026-05-22,0010673,awarded,,2019-10-08,
2026-06-05,2026-05-22,0010676,awarded,,2021-01-13,
2026-06-05,2026-05-22,0010677,awarded,,2019-06-25,
2026-06-05,2026-05-22,0010678,awarded,,2020-06-09,
2026-06-05,2026-05-22,0010679,awarded,,2019-08-22,
2026-06-05,2026-05-22,0010688,awarded,,2019-09-09,
2026-06-05,2026-05-22,0010692,awarded,,2019-07-31,
2026-06-05,2026-05-22,0010698,awarded,,2019-08-22,
2026-06-05,2026-05-22,0010702,awarded,,2018-10-02,
2026-06-05,2026-05-22,0010705,awarded,,2019-12-04,
2026-06-05,2026-05-22,0010706,awarded,,2019-07-12,
2026-06-05,2026-05-22,0010711,awarded,,2018-12-26,
2026-06-05,2026-05-22,0010712,awarded,,2021-07-29,
2026-06-05,2026-05-22,0010715,awarded,,2018-03-13,
2026-06-05,2026-05-22,0010716,awarded,,2019-02-05,
2026-06-05,2026-05-22,0010719,awarded,,2018-03-02,
2026-06-05,2026-05-22,0010721,awarded,,2019-11-14,
2026-06-05,2026-05-22,0010724,awarded,,2020-11-02,
2026-06-05,2026-05-22,0010725,awarded,,2020-04-29,
2026-06-05,2026-05-22,0010731,awarded,,2019-09-03,
2026-06-05,2026-05-22,0010739,awarded,,2019-04-19,
2026-06-05,2026-05-22,0010768,awarded,,2019-02-14,
2026-06-05,2026-05-22,0010844,awarded,,2019-12-20,
2026-06-05,2026-05-22,0010926,awarded,,2018-11-30,
2026-06-05,2026-05-22,0010943,awarded,,2016-12-16,
2026-06-05,2026-05-22,0011372,awarded,,2021-12-31,
2026-06-05,2026-05-22,0011373,awarded,,2020-01-17,
2026-06-05,2026-05-22,0011377,awarded,,2020-10-16,
2026-06-05,2026-05-22,0011378,awarded,,2020-10-16,
2026-06-05,2026-05-22,0011429,awarded,,2019-03-22,
2026-06-05,2026-05-22,0011430,awarded,,2017-07-21,
2026-06-05,2026-05-22,0011431,awarded,,2018-06-22,
2026-06-05,2026-05-22,0011434,awarded,,2022-11-04,
2026-06-05,2026-05-22,0011439,awarded,,2018-12-14,
2026-06-05,2026-05-22,0011443,awarded,,2018-07-20,
2026-06-05,2026-05-22,0011584,awarded,,2019-07-19,
2026-06-05,2026-05-22,0011600,awarded,,2019-07-19,
2026-06-05,2026-05-22,0011611,awarded,,2019-07-19,
2026-06-05,2026-05-22,0011612,awarded,,2019-07-19,
2026-06-05,2026-05-22,0011613,awarded,,2019-07-19,
2026-06-05,2026-05-22,0011614,awarded,,2019-07-19,
2026-06-05,2026-05-22,0011615,awarded,,2019-07-19,
2026-06-05,2026-05-22,0011616,awarded,,2019-07-19,
2026-06-05,2026-05-22,0011617,awarded,,2019-07-19,
2026-06-05,2026-05-22,0011618,awarded,,2019-07-19,
2026-06-05,2026-05-22,0011619,awarded,,2019-07-19,
2026-06-05,2026-05-22,0011620,awarded,,2019-07-19,
2026-06-05,2026-05-22,0011621,awarded,,2019-07-19,
2026-06-05,2026-05-22,0011622,awarded,,2019-07-19,
2026-06-05,2026-05-22,0011623,awarded,,2019-07-19,
2026-06-05,2026-05-22,0011624,awarded,,2019-07-19,
2026-06-05,2026-05-22,0011625,awarded,,2019-07-19,
2026-06-05,2026-05-22,0011626,awarded,,2019-07-19,
2026-06-05,2026-05-22,0011627,awarded,,2019-07-19,
2026-06-05,2026-05-22,0011639,awarded,,2017-08-18,
2026-06-05,2026-05-22,0011640,awarded,,2018-03-16,
2026-06-05,2026-05-22,0011641,awarded,,2018-06-14,
2026-06-05,2026-05-22,0011660,awarded,,2020-09-18,
2026-06-05,2026-05-22,0011677,awarded,,2016-12-16,
2026-06-05,2026-05-22,0011678,awarded,,2019-06-21,
2026-06-05,2026-05-22,0011679,awarded,,2019-06-21,
2026-06-05,2026-05-22,0011680,awarded,,2019-06-21,
2026-06-05,2026-05-22,0011683,awarded,,2019-05-17,
2026-06-05,2026-05-22,0011684,awarded,,2017-12-15,
2026-06-05,2026-05-22,0011685,awarded,,2018-05-18,
2026-06-05,2026-05-22,0011686,awarded,,2018-09-21,
2026-06-05,2026-05-22,0011688,awarded,,2018-09-21,
2026-06-05,2026-05-22,0011690,awarded,,2018-08-17,
2026-06-05,2026-05-22,0011691,awarded,,2018-08-17,
2026-06-05,2026-05-22,0011727,awarded,,2022-09-30,
2026-06-05,2026-05-22,0011727,work_stopped,,2024-07-10,
2026-06-05,2026-05-22,0011730,awarded,,2022-02-04,
2026-06-05,2026-05-22,0011733,awarded,,2021-02-02,
2026-06-05,2026-05-22,0011747,awarded,,2019-11-15,
2026-06-05,2026-05-22,0011833,cost_change,12797497.81,12849633.47,52135.66
2026-06-05,2026-05-22,0011845,awarded,,2023-10-06,
2026-06-05,2026-05-22,0011899,awarded,,2021-01-22,
2026-06-05,2026-05-22,0011900,awarded,,2021-01-22,
2026-06-05,2026-05-22,0011908,awarded,,2019-10-18,
2026-06-05,2026-05-22,0011909,awarded,,2019-10-18,
2026-06-05,2026-05-22,0011910,awarded,,2019-10-18,
2026-06-05,2026-05-22,0012045,awarded,,2021-11-05,
2026-06-05,2026-05-22,0012049,awarded,,2019-04-19,
2026-06-05,2026-05-22,0012050,awarded,,2021-11-05,
2026-06-05,2026-05-22,0012092,awarded,,2021-01-22,
2026-06-05,2026-05-22,0012093,awarded,,2021-01-22,
2026-06-05,2026-05-22,0012094,awarded,,2021-01-22,
2026-06-05,2026-05-22,0012110,awarded,,2021-01-22,
2026-06-05,2026-05-22,0012111,awarded,,2021-01-22,
2026-06-05,2026-05-22,0012112,awarded,,2021-01-22,
2026-06-05,2026-05-22,0012113,awarded,,2021-01-22,
2026-06-05,2026-05-22,0012114,awarded,,2021-01-22,
2026-06-05,2026-05-22,0012115,awarded,,2021-01-22,
2026-06-05,2026-05-22,0012116,awarded,,2021-01-22,
2026-06-05,2026-05-22,0012117,awarded,,2021-01-22,
2026-06-05,2026-05-22,0012120,awarded,,2021-01-22,
2026-06-05,2026-05-22,0012156,awarded,,2020-03-20,
2026-06-05,2026-05-22,0012157,awarded,,2020-03-20,
2026-06-05,2026-05-22,0012158,awarded,,2020-03-20,
2026-06-05,2026-05-22,0012159,awarded,,2020-03-20,
2026-06-05,2026-05-22,0012160,awarded,,2020-03-20,
2026-06-05,2026-05-22,0012170,awarded,,2019-11-22,
2026-06-05,2026-05-22,0012174,awarded,,2021-02-19,
2026-06-05,2026-05-22,0012215,awarded,,2021-02-19,
2026-06-05,2026-05-22,0012225,awarded,,2021-02-19,
2026-06-05,2026-05-22,0012239,awarded,,2021-02-19,
2026-06-05,2026-05-22,0012254,awarded,,2021-02-19,
2026-06-05,2026-05-22,0012255,awarded,,2021-02-19,
2026-06-05,2026-05-22,0012256,awarded,,2021-02-19,
2026-06-05,2026-05-22,0012257,awarded,,2021-02-19,
2026-06-05,2026-05-22,0012258,awarded,,2021-02-19,
2026-06-05,2026-05-22,0012259,awarded,,2021-02-19,
2026-06-05,2026-05-22,0012261,awarded,,2021-02-19,
2026-06-05,2026-05-22,0012262,awarded,,2021-02-19,
2026-06-05,2026-05-22,0012270,awarded,,2021-02-19,
2026-06-05,2026-05-22,0012275,awarded,,2019-11-22,
2026-06-05,2026-05-22,0012283,awarded,,2019-05-17,
2026-06-05,2026-05-22,0012292,awarded,,2019-05-17,
2026-06-05,2026-05-22,0012294,awarded,,2019-05-17,
2026-06-05,2026-05-22,0012297,awarded,,2019-05-17,
2026-06-05,2026-05-22,0012298,awarded,,2019-05-17,
2026-06-05,2026-05-22,0012299,awarded,,2019-05-17,
2026-06-05,2026-05-22,0012313,awarded,,2021-01-22,
2026-06-05,2026-05-22,0012315,awarded,,2021-01-22,
2026-06-05,2026-05-22,0012381,awarded,,2020-03-20,
2026-06-05,2026-05-22,0012383,awarded,,2020-03-20,
2026-06-05,2026-05-22,0012386,awarded,,2020-03-20,
2026-06-05,2026-05-22,0012390,awarded,,2020-03-20,
2026-06-05,2026-05-22,0012392,awarded,,2020-03-20,
2026-06-05,2026-05-22,0012432,awarded,,2022-08-05,
2026-06-05,2026-05-22,0012452,awarded,,2019-11-22,
2026-06-05,2026-05-22,0012453,awarded,,2019-11-22,
2026-06-05,2026-05-22,0012454,awarded,,2019-11-22,
2026-06-05,2026-05-22,0012455,awarded,,2019-11-22,
2026-06-05,2026-05-22,0012456,awarded,,2019-11-22,
2026-06-05,2026-05-22,0012489,awarded,,2018-11-30,
2026-06-05,2026-05-22,0012503,awarded,,2023-03-03,
2026-06-05,2026-05-22,0012503,work_stopped,,2024-09-10,
2026-06-05,2026-05-22,0012504,awarded,,2018-11-30,
2026-06-05,2026-05-22,0012505,awarded,,2023-03-03,
2026-06-05,2026-05-22,0012505,work_stopped,,2024-09-10,
2026-06-05,2026-05-22,0012510,awarded,,2023-03-03,
2026-06-05,2026-05-22,0012510,work_stopped,,2024-09-10,
2026-06-05,2026-05-22,0012525,awarded,,2019-05-17,
2026-06-05,2026-05-22,0012526,awarded,,2019-05-17,
2026-06-05,2026-05-22,0012527,awarded,,2019-05-17,
2026-06-05,2026-05-22,0012528,awarded,,2019-05-17,
2026-06-05,2026-05-22,0012533,awarded,,2019-05-17,
2026-06-05,2026-05-22,0012534,awarded,,2019-05-17,
2026-06-05,2026-05-22,0012535,awarded,,2019-05-17,
2026-06-05,2026-05-22,0012574,awarded,,2017-01-20,
2026-06-05,2026-05-22,0012575,awarded,,2019-11-22,
2026-06-05,2026-05-22,0012576,awarded,,2020-11-20,
2026-06-05,2026-05-22,0012577,awarded,,2020-05-22,
2026-06-05,2026-05-22,0012586,awarded,,2023-07-25,
2026-06-05,2026-05-22,0012596,awarded,,2025-05-02,
2026-06-05,2026-05-22,0012597,cost_change,8346137.46,13376137.46,5030000.0
2026-06-05,2026-05-22,0012599,awarded,,2019-01-03,
2026-06-05,2026-05-22,0012600,awarded,,2019-01-31,
2026-06-05,2026-05-22,0012601,awarded,,2020-02-05,
2026-06-05,2026-05-22,0012603,awarded,,2019-07-16,
2026-06-05,2026-05-22,0012603,work_stopped,,2025-04-30,
2026-06-05,2026-05-22,0012607,awarded,,2018-08-29,
2026-06-05,2026-05-22,0012609,awarded,,2020-07-27,
2026-06-05,2026-05-22,0012610,awarded,,2019-10-21,
2026-06-05,2026-05-22,0012617,awarded,,2019-09-23,
2026-06-05,2026-05-22,0012618,awarded,,2018-11-16,
2026-06-05,2026-05-22,0012621,awarded,,2020-04-29,
2026-06-05,2026-05-22,0012622,awarded,,2018-08-29,
2026-06-05,2026-05-22,0012624,awarded,,2022-06-15,
2026-06-05,2026-05-22,0012634,awarded,,2021-01-13,
2026-06-05,2026-05-22,0012636,awarded,,2020-06-30,
2026-06-05,2026-05-22,0012637,awarded,,2024-09-30,
2026-06-05,2026-05-22,0012638,awarded,,2025-04-30,
2026-06-05,2026-05-22,0012640,awarded,,2019-03-26,
2026-06-05,2026-05-22,0012641,awarded,,2019-02-05,
2026-06-05,2026-05-22,0012642,awarded,,2018-10-24,
2026-06-05,2026-05-22,0012646,awarded,,2018-11-20,
2026-06-05,2026-05-22,0012659,awarded,,2018-05-18,
2026-06-05,2026-05-22,0012669,awarded,,2017-01-20,
2026-06-05,2026-05-22,0012670,awarded,,2017-11-17,
2026-06-05,2026-05-22,0012672,awarded,,2017-01-20,
2026-06-05,2026-05-22,0012673,awarded,,2017-01-20,
2026-06-05,2026-05-22,0012674,awarded,,2019-08-16,
2026-06-05,2026-05-22,0012676,awarded,,2017-07-21,
2026-06-05,2026-05-22,0012677,awarded,,2017-07-21,
2026-06-05,2026-05-22,0012698,awarded,,2019-11-26,
2026-06-05,2026-05-22,0012700,awarded,,2017-03-03,
2026-06-05,2026-05-22,0012701,awarded,,2021-03-05,
2026-06-05,2026-05-22,0012788,awarded,,2025-12-19,
2026-06-05,2026-05-22,0012789,awarded,,2019-10-15,
2026-06-05,2026-05-22,0012798,awarded,,2017-04-21,
2026-06-05,2026-05-22,0012808,awarded,,2023-09-06,
2026-06-05,2026-05-22,0012814,awarded,,2018-06-22,
2026-06-05,2026-05-22,0012815,awarded,,2018-04-20,
2026-06-05,2026-05-22,0012816,awarded,,2020-07-17,
2026-06-05,2026-05-22,0012817,awarded,,2022-04-01,
2026-06-05,2026-05-22,0012818,awarded,,2018-11-30,
2026-06-05,2026-05-22,0012819,awarded,,2018-12-14,
2026-06-05,2026-05-22,0012820,awarded,,2018-11-02,
2026-06-05,2026-05-22,0012821,awarded,,2022-07-01,
2026-06-05,2026-05-22,0012821,work_stopped,,2026-04-15,
2026-06-05,2026-05-22,0012822,awarded,,2018-06-22,
2026-06-05,2026-05-22,0012823,awarded,,2023-05-19,
2026-06-05,2026-05-22,0012823,work_stopped,,2025-10-28,
2026-06-05,2026-05-22,0012824,awarded,,2019-01-18,
2026-06-05,2026-05-22,0012825,awarded,,2019-04-19,
2026-06-05,2026-05-22,0012826,awarded,,2018-06-22,
2026-06-05,2026-05-22,0012827,awarded,,2022-09-30,
2026-06-05,2026-05-22,0012833,awarded,,2020-04-17,
2026-06-05,2026-05-22,0012843,awarded,,2018-11-02,
2026-06-05,2026-05-22,0012845,awarded,,2015-07-02,
2026-06-05,2026-05-22,0012846,awarded,,2017-11-17,
2026-06-05,2026-05-22,0012847,awarded,,2020-06-23,
2026-06-05,2026-05-22,0012866,awarded,,2025-07-28,
2026-06-05,2026-05-22,0012867,awarded,,2026-03-02,
2026-06-05,2026-05-22,0012868,awarded,,2024-04-16,
2026-06-05,2026-05-22,0012875,awarded,,2021-11-05,
2026-06-05,2026-05-22,0012875,work_stopped,,2026-03-31,
2026-06-05,2026-05-22,0012878,awarded,,2022-04-25,
2026-06-05,2026-05-22,0012879,awarded,,2020-09-10,
2026-06-05,2026-05-22,0012883,awarded,,2022-05-04,
2026-06-05,2026-05-22,0012885,awarded,,2022-09-12,
2026-06-05,2026-05-22,0012885,work_stopped,,2025-09-19,
2026-06-05,2026-05-22,0013061,awarded,,2019-09-20,
2026-06-05,2026-05-22,0013062,awarded,,2018-11-26,
2026-06-05,2026-05-22,0013068,awarded,,2020-03-20,
2026-06-05,2026-05-22,0013095,awarded,,2025-10-03,
2026-06-05,2026-05-22,0013104,awarded,,2023-08-04,
2026-06-05,2026-05-22,0013104,work_stopped,,2026-05-31,
2026-06-05,2026-05-22,0013110,awarded,,2018-05-18,
2026-06-05,2026-05-22,0013111,awarded,,2018-08-17,
2026-06-05,2026-05-22,0013119,awarded,,2021-10-01,
2026-06-05,2026-05-22,0013120,awarded,,2025-01-31,
2026-06-05,2026-05-22,0013138,awarded,,2020-09-10,
2026-06-05,2026-05-22,0013141,awarded,,2018-08-29,
2026-06-05,2026-05-22,0013142,awarded,,2018-04-20,
2026-06-05,2026-05-22,0013143,awarded,,2018-10-02,
2026-06-05,2026-05-22,0013147,awarded,,2020-04-13,
2026-06-05,2026-05-22,0013148,awarded,,2020-04-13,
2026-06-05,2026-05-22,0013163,awarded,,2021-08-27,
2026-06-05,2026-05-22,0013163,work_stopped,,2025-12-05,
2026-06-05,2026-05-22,0013174,awarded,,2019-05-17,
2026-06-05,2026-05-22,0013175,awarded,,2019-01-18,
2026-06-05,2026-05-22,0013194,awarded,,2019-01-18,
2026-06-05,2026-05-22,0013195,awarded,,2025-12-15,
2026-06-05,2026-05-22,0013196,awarded,,2022-05-06,
2026-06-05,2026-05-22,0013197,awarded,,2023-08-04,
2026-06-05,2026-05-22,0013197,work_stopped,,2025-05-05,
2026-06-05,2026-05-22,0013198,awarded,,2018-07-20,
2026-06-05,2026-05-22,0013204,awarded,,2024-03-01,
2026-06-05,2026-05-22,0013207,awarded,,2024-03-01,
2026-06-05,2026-05-22,0013208,awarded,,2022-08-05,
2026-06-05,2026-05-22,0013208,work_stopped,,2024-10-16,
2026-06-05,2026-05-22,0013209,awarded,,2019-06-21,
2026-06-05,2026-05-22,0013211,awarded,,2022-08-05,
2026-06-05,2026-05-22,0013212,awarded,,2023-06-02,
2026-06-05,2026-05-22,0013213,awarded,,2022-12-02,
2026-06-05,2026-05-22,0013213,work_stopped,,2025-09-18,
2026-06-05,2026-05-22,0013214,awarded,,2019-01-18,
2026-06-05,2026-05-22,0013229,awarded,,2020-07-17,
2026-06-05,2026-05-22,0013230,awarded,,2022-05-06,
2026-06-05,2026-05-22,0013231,awarded,,2021-02-19,
2026-06-05,2026-05-22,0013239,awarded,,2022-09-28,
2026-06-05,2026-05-22,0013248,awarded,,2018-03-16,
2026-06-05,2026-05-22,0013258,awarded,,2023-08-04,
2026-06-05,2026-05-22,0013258,work_stopped,,2025-02-03,
2026-06-05,2026-05-22,0013259,awarded,,2023-06-30,
2026-06-05,2026-05-22,0013259,work_stopped,,2025-03-05,
2026-06-05,2026-05-22,0013260,cost_change,1624000.0,1330000.0,-294000.0
2026-06-05,2026-05-22,0013282,awarded,,2019-02-22,
2026-06-05,2026-05-22,0013294,awarded,,2020-07-31,
2026-06-05,2026-05-22,0013295,awarded,,2019-01-18,
2026-06-05,2026-05-22,0013296,awarded,,2021-07-16,
2026-06-05,2026-05-22,0013297,status_change,UNDER-CONSTRUCTION,COMPLETED-CONSTRUCTION,
2026-06-05,2026-05-22,0013297,awarded,,2024-08-02,
2026-06-05,2026-05-22,0013297,work_stopped,,2026-05-16,
2026-06-05,2026-05-22,0013298,awarded,,2018-11-02,
2026-06-05,2026-05-22,0013319,awarded,,2020-06-08,
2026-06-05,2026-05-22,0013322,awarded,,2019-07-19,
2026-06-05,2026-05-22,0013323,awarded,,2018-08-29,
2026-06-05,2026-05-22,0013324,awarded,,2018-10-02,
2026-06-05,2026-05-22,0013325,awarded,,2018-10-02,
2026-06-05,2026-05-22,0013332,awarded,,2020-12-31,
2026-06-05,2026-05-22,0013333,awarded,,2023-07-11,
2026-06-05,2026-05-22,0013333,work_stopped,,2025-10-30,
2026-06-05,2026-05-22,0013335,awarded,,2020-12-18,
2026-06-05,2026-05-22,0013337,awarded,,2018-03-16,
2026-06-05,2026-05-22,0013339,awarded,,2018-04-20,
2026-06-05,2026-05-22,0013363,awarded,,2020-07-17,
2026-06-05,2026-05-22,0013368,awarded,,2020-10-22,
2026-06-05,2026-05-22,0013369,awarded,,2020-12-01,
2026-06-05,2026-05-22,0013373,awarded,,2022-07-01,
2026-06-05,2026-05-22,0013375,awarded,,2023-08-07,
2026-06-05,2026-05-22,0013379,awarded,,2024-07-05,
2026-06-05,2026-05-22,0013390,awarded,,2025-05-02,
2026-06-05,2026-05-22,0013525,awarded,,2025-05-02,
2026-06-05,2026-05-22,0013526,awarded,,2025-02-20,
2026-06-05,2026-05-22,0013531,awarded,,2022-12-14,
2026-06-05,2026-05-22,0013532,awarded,,2018-02-27,
2026-06-05,2026-05-22,0013539,awarded,,2026-01-09,
2026-06-05,2026-05-22,0013545,awarded,,2020-05-28,
2026-06-05,2026-05-22,0013578,cost_change,66479848.94,71830885.6,5351036.66
2026-06-05,2026-05-22,0013595,awarded,,2022-07-01,
2026-06-05,2026-05-22,0013595,work_stopped,,2023-10-31,
2026-06-05,2026-05-22,0013596,awarded,,2022-09-30,
2026-06-05,2026-05-22,0013596,work_stopped,,2024-09-02,
2026-06-05,2026-05-22,0013597,awarded,,2020-01-17,
2026-06-05,2026-05-22,0013598,awarded,,2021-07-16,
2026-06-05,2026-05-22,0013600,awarded,,2023-06-02,
2026-06-05,2026-05-22,0013600,work_stopped,,2024-11-05,
2026-06-05,2026-05-22,0013601,awarded,,2021-07-02,
2026-06-05,2026-05-22,0013602,awarded,,2021-04-16,
2026-06-05,2026-05-22,0013603,awarded,,2023-03-31,
2026-06-05,2026-05-22,0013603,work_stopped,,2026-04-03,
2026-06-05,2026-05-22,0013604,awarded,,2020-07-17,
2026-06-05,2026-05-22,0013605,awarded,,2024-03-01,
2026-06-05,2026-05-22,0013606,awarded,,2021-06-18,
2026-06-05,2026-05-22,0013607,awarded,,2020-11-20,
2026-06-05,2026-05-22,0013608,awarded,,2020-11-20,
2026-06-05,2026-05-22,0013609,awarded,,2020-05-22,
2026-06-05,2026-05-22,0013610,awarded,,2023-10-06,
2026-06-05,2026-05-22,0013611,awarded,,2022-02-04,
2026-06-05,2026-05-22,0013614,awarded,,2020-12-18,
2026-06-05,2026-05-22,0013615,awarded,,2021-12-31,
2026-06-05,2026-05-22,0013616,cost_change,69629064.97,78479461.92,8850396.95
2026-06-05,2026-05-22,0013617,cost_change,100673904.01,102279607.35,1605703.34
2026-06-05,2026-05-22,0013618,awarded,,2021-05-21,
2026-06-05,2026-05-22,0013618,work_stopped,,2025-07-17,
2026-06-05,2026-05-22,0013620,awarded,,2022-07-01,
2026-06-05,2026-05-22,0013620,work_stopped,,2024-02-25,
2026-06-05,2026-05-22,0013627,awarded,,2019-09-20,
2026-06-05,2026-05-22,0013628,awarded,,2024-08-02,
2026-06-05,2026-05-22,0013632,awarded,,2019-10-18,
2026-06-05,2026-05-22,0013638,awarded,,2019-10-18,
2026-06-05,2026-05-22,0013643,awarded,,2018-01-19,
2026-06-05,2026-05-22,0013647,awarded,,2019-10-18,
2026-06-05,2026-05-22,0013650,awarded,,2017-12-15,
2026-06-05,2026-05-22,0013654,awarded,,2019-10-18,
2026-06-05,2026-05-22,0013682,awarded,,2019-09-20,
2026-06-05,2026-05-22,0013684,awarded,,2021-01-22,
2026-06-05,2026-05-22,0013685,awarded,,2023-06-02,
2026-06-05,2026-05-22,0013685,work_stopped,,2026-02-17,
2026-06-05,2026-05-22,0013686,awarded,,2021-04-05,
2026-06-05,2026-05-22,0013687,awarded,,2019-06-21,
2026-06-05,2026-05-22,0013689,awarded,,2021-12-31,
2026-06-05,2026-05-22,0013691,cost_change,4018514.4,4025498.19,6983.79
2026-06-05,2026-05-22,0013692,awarded,,2024-08-30,
2026-06-05,2026-05-22,0013693,awarded,,2024-08-02,
2026-06-05,2026-05-22,0013693,work_stopped,,2026-02-28,
2026-06-05,2026-05-22,0013694,awarded,,2024-08-02,
2026-06-05,2026-05-22,0013696,cost_change,7043913.57,7141178.8100000005,97265.24
2026-06-05,2026-05-22,0013697,awarded,,2022-06-03,
2026-06-05,2026-05-22,0013702,cost_change,102584286.28,96277959.22,-6306327.06
2026-06-05,2026-05-22,0013705,awarded,,2019-07-15,
2026-06-05,2026-05-22,0013707,awarded,,2025-03-27,
2026-06-05,2026-05-22,0013709,awarded,,2021-11-05,
2026-06-05,2026-05-22,0013710,awarded,,2021-08-10,
2026-06-05,2026-05-22,0013711,awarded,,2020-03-20,
2026-06-05,2026-05-22,0013712,awarded,,2024-11-01,
2026-06-05,2026-05-22,0013713,awarded,,2021-06-18,
2026-06-05,2026-05-22,0013715,awarded,,2023-05-08,
2026-06-05,2026-05-22,0013716,awarded,,2021-06-18,
2026-06-05,2026-05-22,0013717,awarded,,2024-08-02,
2026-06-05,2026-05-22,0013719,awarded,,2023-11-03,
2026-06-05,2026-05-22,0013719,work_stopped,,2026-02-02,
2026-06-05,2026-05-22,0013721,awarded,,2021-09-03,
2026-06-05,2026-05-22,0013723,awarded,,2023-02-03,
2026-06-05,2026-05-22,0013723,work_stopped,,2024-04-24,
2026-06-05,2026-05-22,0013724,awarded,,2024-08-02,
2026-06-05,2026-05-22,0013726,awarded,,2023-12-08,
2026-06-05,2026-05-22,0013727,awarded,,2020-06-12,
2026-06-05,2026-05-22,0013732,awarded,,2021-06-18,
2026-06-05,2026-05-22,0013733,cost_change,4744150.0,3355000.0,-1389150.0
2026-06-05,2026-05-22,0013734,awarded,,2022-08-05,
2026-06-05,2026-05-22,0013735,awarded,,2021-06-18,
2026-06-05,2026-05-22,0013736,awarded,,2020-08-21,
2026-06-05,2026-05-22,0013737,awarded,,2020-05-22,
2026-06-05,2026-05-22,0013740,awarded,,2024-02-02,
2026-06-05,2026-05-22,0013740,work_stopped,,2026-04-10,
2026-06-05,2026-05-22,0013741,awarded,,2021-10-04,
2026-06-05,2026-05-22,0013742,awarded,,2021-10-04,
2026-06-05,2026-05-22,0013744,awarded,,2020-02-21,
2026-06-05,2026-05-22,0013746,awarded,,2023-05-05,
2026-06-05,2026-05-22,0013747,awarded,,2022-05-06,
2026-06-05,2026-05-22,0013748,awarded,,2022-03-04,
2026-06-05,2026-05-22,0013749,awarded,,2020-08-21,
2026-06-05,2026-05-22,0013750,awarded,,2022-05-06,
2026-06-05,2026-05-22,0013751,awarded,,2024-10-04,
2026-06-05,2026-05-22,0013752,awarded,,2022-09-30,
2026-06-05,2026-05-22,0013752,work_stopped,,2024-04-30,
2026-06-05,2026-05-22,0013758,awarded,,2021-07-30,
2026-06-05,2026-05-22,0013763,awarded,,2026-02-05,
2026-06-05,2026-05-22,0013801,awarded,,2021-06-18,
2026-06-05,2026-05-22,0013802,awarded,,2022-09-30,
2026-06-05,2026-05-22,0013802,work_stopped,,2024-09-05,
2026-06-05,2026-05-22,0013803,awarded,,2020-02-21,
2026-06-05,2026-05-22,0013804,awarded,,2025-08-01,
2026-06-05,2026-05-22,0013806,awarded,,2024-05-03,
2026-06-05,2026-05-22,0013807,awarded,,2022-05-06,
2026-06-05,2026-05-22,0013808,awarded,,2025-10-03,
2026-06-05,2026-05-22,0013809,awarded,,2024-08-02,
2026-06-05,2026-05-22,0013810,awarded,,2024-12-06,
2026-06-05,2026-05-22,0013811,awarded,,2023-03-03,
2026-06-05,2026-05-22,0013811,work_stopped,,2024-12-04,
2026-06-05,2026-05-22,0013812,awarded,,2023-03-03,
2026-06-05,2026-05-22,0013812,work_stopped,,2024-12-04,
2026-06-05,2026-05-22,0013813,awarded,,2024-04-05,
2026-06-05,2026-05-22,0013815,awarded,,2020-08-21,
2026-06-05,2026-05-22,0013816,awarded,,2021-04-16,
2026-06-05,2026-05-22,0013817,awarded,,2023-02-03,
2026-06-05,2026-05-22,0013817,work_stopped,,2025-06-30,
2026-06-05,2026-05-22,0013818,awarded,,2021-05-21,
2026-06-05,2026-05-22,0013819,awarded,,2022-06-03,
2026-06-05,2026-05-22,0013820,awarded,,2022-05-06,
2026-06-05,2026-05-22,0013821,awarded,,2021-05-21,
2026-06-05,2026-05-22,0013822,awarded,,2021-02-19,
2026-06-05,2026-05-22,0013823,awarded,,2020-10-16,
2026-06-05,2026-05-22,0013824,awarded,,2020-10-16,
2026-06-05,2026-05-22,0013825,awarded,,2020-02-21,
2026-06-05,2026-05-22,0013826,awarded,,2020-03-20,
2026-06-05,2026-05-22,0013827,awarded,,2025-05-02,
2026-06-05,2026-05-22,0013828,awarded,,2021-05-21,
2026-06-05,2026-05-22,0013859,awarded,,2022-07-01,
2026-06-05,2026-05-22,0013859,work_stopped,,2024-10-25,
2026-06-05,2026-05-22,0013860,awarded,,2023-08-04,
2026-06-05,2026-05-22,0013860,work_stopped,,2025-07-12,
2026-06-05,2026-05-22,0013861,awarded,,2023-06-02,
2026-06-05,2026-05-22,0013861,work_stopped,,2025-07-28,
2026-06-05,2026-05-22,0013886,awarded,,2023-11-03,
2026-06-05,2026-05-22,0013887,awarded,,2022-08-05,
2026-06-05,2026-05-22,0013887,work_stopped,,2024-09-06,
2026-06-05,2026-05-22,0013888,awarded,,2026-03-13,
2026-06-05,2026-05-22,0013893,awarded,,2025-06-13,
2026-06-05,2026-05-22,0013894,awarded,,2024-03-01,
2026-06-05,2026-05-22,0013894,work_stopped,,2025-11-19,
2026-06-05,2026-05-22,0013895,awarded,,2025-10-03,
2026-06-05,2026-05-22,0013896,awarded,,2025-10-03,
2026-06-05,2026-05-22,0013897,awarded,,2025-10-03,
2026-06-05,2026-05-22,0013911,awarded,,2018-07-20,
2026-06-05,2026-05-22,0013921,awarded,,2023-09-01,
2026-06-05,2026-05-22,0013922,awarded,,2022-07-01,
2026-06-05,2026-05-22,0013922,work_stopped,,2024-05-30,
2026-06-05,2026-05-22,0013924,awarded,,2023-08-04,
2026-06-05,2026-05-22,0013924,work_stopped,,2025-01-27,
2026-06-05,2026-05-22,0013925,awarded,,2022-02-04,
2026-06-05,2026-05-22,0013926,awarded,,2022-09-30,
2026-06-05,2026-05-22,0013928,awarded,,2023-01-06,
2026-06-05,2026-05-22,0013928,work_stopped,,2025-03-31,
2026-06-05,2026-05-22,0013930,awarded,,2022-06-03,
2026-06-05,2026-05-22,0013935,awarded,,2020-12-18,
2026-06-05,2026-05-22,0013936,awarded,,2020-10-16,
2026-06-05,2026-05-22,0013937,awarded,,2023-10-06,
2026-06-05,2026-05-22,0013938,awarded,,2021-03-19,
2026-06-05,2026-05-22,0013939,awarded,,2021-01-22,
2026-06-05,2026-05-22,0013941,awarded,,2022-04-01,
2026-06-05,2026-05-22,0013942,awarded,,2022-05-06,
2026-06-05,2026-05-22,0013943,awarded,,2021-06-18,
2026-06-05,2026-05-22,0013944,awarded,,2020-07-17,
2026-06-05,2026-05-22,0013945,awarded,,2021-04-16,
2026-06-05,2026-05-22,0013947,awarded,,2021-12-15,
2026-06-05,2026-05-22,0013947,work_stopped,,2024-08-13,
2026-06-05,2026-05-22,0013948,awarded,,2023-03-03,
2026-06-05,2026-05-22,0013949,awarded,,2023-03-03,
2026-06-05,2026-05-22,0013956,awarded,,2020-05-22,
2026-06-05,2026-05-22,0013960,awarded,,2023-01-06,
2026-06-05,2026-05-22,0013967,awarded,,2020-04-18,
2026-06-05,2026-05-22,0013971,awarded,,2021-06-18,
2026-06-05,2026-05-22,0013987,awarded,,2021-07-16,
2026-06-05,2026-05-22,0013988,awarded,,2022-07-01,
2026-06-05,2026-05-22,0013990,awarded,,2023-07-25,
2026-06-05,2026-05-22,0013991,awarded,,2022-08-05,
2026-06-05,2026-05-22,0013992,awarded,,2024-10-04,
2026-06-05,2026-05-22,0013994,awarded,,2023-06-02,
2026-06-05,2026-05-22,0013996,awarded,,2021-05-21,
2026-06-05,2026-05-22,0013997,awarded,,2022-02-04,
2026-06-05,2026-05-22,0013999,awarded,,2021-07-02,
2026-06-05,2026-05-22,0014016,awarded,,2018-05-18,
2026-06-05,2026-05-22,0014072,awarded,,2024-08-30,
2026-06-05,2026-05-22,0014073,awarded,,2021-12-03,
2026-06-05,2026-05-22,0014074,awarded,,2020-11-20,
2026-06-05,2026-05-22,0014075,awarded,,2021-06-18,
2026-06-05,2026-05-22,0014076,awarded,,2021-08-26,
2026-06-05,2026-05-22,0014077,cost_change,50020166.57,10373447.94,-39646718.63
2026-06-05,2026-05-22,0014082,awarded,,2025-01-16,
2026-06-05,2026-05-22,0014083,awarded,,2021-06-04,
2026-06-05,2026-05-22,0014085,awarded,,2019-11-22,
2026-06-05,2026-05-22,0014086,awarded,,2020-08-21,
2026-06-05,2026-05-22,0014087,awarded,,2021-02-19,
2026-06-05,2026-05-22,0014088,awarded,,2018-08-17,
2026-06-05,2026-05-22,0014089,awarded,,2021-07-02,
2026-06-05,2026-05-22,0014090,awarded,,2021-07-02,
2026-06-05,2026-05-22,0014091,awarded,,2020-08-21,
2026-06-05,2026-05-22,0014123,awarded,,2020-01-17,
2026-06-05,2026-05-22,0014131,awarded,,2021-10-08,
2026-06-05,2026-05-22,0014132,cost_change,53608641.28,45710000.0,-7898641.28
2026-06-05,2026-05-22,0014133,awarded,,2026-03-20,
2026-06-05,2026-05-22,0014134,awarded,,2024-10-31,
2026-06-05,2026-05-22,0014159,awarded,,2021-07-30,
2026-06-05,2026-05-22,0014160,awarded,,2021-02-19,
2026-06-05,2026-05-22,0014167,awarded,,2022-12-02,
2026-06-05,2026-05-22,0014167,work_stopped,,2024-09-22,
2026-06-05,2026-05-22,0014168,awarded,,2023-10-27,
2026-06-05,2026-05-22,0014169,awarded,,2022-02-04,
2026-06-05,2026-05-22,0014170,awarded,,2022-04-01,
2026-06-05,2026-05-22,0014175,awarded,,2016-06-17,
2026-06-05,2026-05-22,0014176,awarded,,2016-06-17,
2026-06-05,2026-05-22,0014177,awarded,,2016-06-17,
2026-06-05,2026-05-22,0014178,awarded,,2016-06-17,
2026-06-05,2026-05-22,0014482,awarded,,2024-07-05,
2026-06-05,2026-05-22,0014485,awarded,,2023-12-01,
2026-06-05,2026-05-22,0014485,work_stopped,,2026-01-02,
2026-06-05,2026-05-22,0014895,awarded,,2019-09-19,
2026-06-05,2026-05-22,0014896,awarded,,2022-12-02,
2026-06-05,2026-05-22,0014896,work_stopped,,2025-12-02,
2026-06-05,2026-05-22,0014897,awarded,,2023-06-30,
2026-06-05,2026-05-22,0014899,awarded,,2019-09-19,
2026-06-05,2026-05-22,0014900,awarded,,2022-05-06,
2026-06-05,2026-05-22,0014901,awarded,,2021-06-18,
2026-06-05,2026-05-22,0014902,awarded,,2026-01-06,
2026-06-05,2026-05-22,0014903,awarded,,2022-08-05,
2026-06-05,2026-05-22,0014903,work_stopped,,2025-01-30,
2026-06-05,2026-05-22,0014904,awarded,,2021-01-22,
2026-06-05,2026-05-22,0014905,awarded,,2023-12-20,
2026-06-05,2026-05-22,0014905,work_stopped,,2025-04-18,
2026-06-05,2026-05-22,0014906,awarded,,2023-06-06,
2026-06-05,2026-05-22,0014907,awarded,,2021-06-18,
2026-06-05,2026-05-22,0014908,awarded,,2021-05-21,
2026-06-05,2026-05-22,0014935,awarded,,2018-04-12,
2026-06-05,2026-05-22,0015000,awarded,,2023-12-01,
2026-06-05,2026-05-22,0015019,awarded,,2024-06-13,
2026-06-05,2026-05-22,0015023,awarded,,2025-12-17,
2026-06-05,2026-05-22,0015042,awarded,,2026-03-11,
2026-06-05,2026-05-22,0015051,awarded,,2021-06-18,
2026-06-05,2026-05-22,0015071,awarded,,2024-04-10,
2026-06-05,2026-05-22,0015072,awarded,,2021-08-25,
2026-06-05,2026-05-22,0015080,awarded,,2022-08-15,
2026-06-05,2026-05-22,0015088,awarded,,2025-01-03,
2026-06-05,2026-05-22,0015089,status_change,PRE-CONSTRUCTION,UNDER-CONSTRUCTION,
2026-06-05,2026-05-22,0015089,cost_change,11970000.0,52795778.59,40825778.59
2026-06-05,2026-05-22,0015090,awarded,,2025-11-19,
2026-06-05,2026-05-22,0015095,awarded,,2023-08-02,
2026-06-05,2026-05-22,0015096,awarded,,2023-06-29,
2026-06-05,2026-05-22,0015097,awarded,,2022-12-16,
2026-06-05,2026-05-22,0015099,awarded,,2020-04-29,
2026-06-05,2026-05-22,0015100,awarded,,2024-07-05,
2026-06-05,2026-05-22,0015114,awarded,,2025-08-01,
2026-06-05,2026-05-22,0015143,awarded,,2018-10-15,
2026-06-05,2026-05-22,0015151,cost_change,4431571.01,4767196.18,335625.17
2026-06-05,2026-05-22,0015158,awarded,,2018-02-27,
2026-06-05,2026-05-22,0015159,awarded,,2018-02-27,
2026-06-05,2026-05-22,0015160,awarded,,2018-02-27,
2026-06-05,2026-05-22,0015161,awarded,,2018-02-27,
2026-06-05,2026-05-22,0015194,awarded,,2019-12-20,
2026-06-05,2026-05-22,0015242,awarded,,2018-12-07,
2026-06-05,2026-05-22,0015243,awarded,,2021-12-20,
2026-06-05,2026-05-22,0015245,awarded,,2021-08-26,
2026-06-05,2026-05-22,0015269,awarded,,2019-09-20,
2026-06-05,2026-05-22,0015271,awarded,,2019-09-20,
2026-06-05,2026-05-22,0015279,awarded,,2022-03-22,
2026-06-05,2026-05-22,0015285,awarded,,2025-12-11,
2026-06-05,2026-05-22,0015288,awarded,,2025-10-31,
2026-06-05,2026-05-22,0015292,awarded,,2017-07-21,
2026-06-05,2026-05-22,0015306,awarded,,2024-07-17,
2026-06-05,2026-05-22,0015314,awarded,,2021-12-31,
2026-06-05,2026-05-22,0015318,awarded,,2022-06-03,
2026-06-05,2026-05-22,0015382,cost_change,73184545.50999999,73255945.50999999,71400.0
2026-06-05,2026-05-22,0015391,awarded,,2024-05-02,
2026-06-05,2026-05-22,0015391,work_stopped,,2025-08-27,
2026-06-05,2026-05-22,0015392,awarded,,2022-11-18,
2026-06-05,2026-05-22,0015392,work_stopped,,2024-06-07,
2026-06-05,2026-05-22,0015394,awarded,,2025-06-02,
2026-06-05,2026-05-22,0015410,awarded,,2022-04-10,
2026-06-05,2026-05-22,0015411,awarded,,2021-04-10,
2026-06-05,2026-05-22,0015412,awarded,,2020-05-22,
2026-06-05,2026-05-22,0015414,awarded,,2021-05-21,
2026-06-05,2026-05-22,0015415,awarded,,2022-03-04,
2026-06-05,2026-05-22,0015416,awarded,,2022-03-04,
2026-06-05,2026-05-22,0015417,awarded,,2022-07-01,
2026-06-05,2026-05-22,0015417,work_stopped,,2023-08-30,
2026-06-05,2026-05-22,0015418,awarded,,2022-03-04,
2026-06-05,2026-05-22,0015419,awarded,,2022-07-01,
2026-06-05,2026-05-22,0015419,work_stopped,,2023-10-31,
2026-06-05,2026-05-22,0015420,awarded,,2022-07-01,
2026-06-05,2026-05-22,0015420,work_stopped,,2023-06-30,
2026-06-05,2026-05-22,0015421,awarded,,2023-01-30,
2026-06-05,2026-05-22,0015421,work_stopped,,2024-10-31,
2026-06-05,2026-05-22,0015425,awarded,,2024-04-05,
2026-06-05,2026-05-22,0015427,awarded,,2018-04-20,
2026-06-05,2026-05-22,0015428,awarded,,2018-04-20,
2026-06-05,2026-05-22,0015429,awarded,,2018-04-20,
2026-06-05,2026-05-22,0015430,awarded,,2018-04-20,
2026-06-05,2026-05-22,0015432,awarded,,2023-09-01,
2026-06-05,2026-05-22,0015435,awarded,,2019-06-21,
2026-06-05,2026-05-22,0015436,awarded,,2017-06-16,
2026-06-05,2026-05-22,0015439,awarded,,2024-05-03,
2026-06-05,2026-05-22,0015440,awarded,,2018-06-22,
2026-06-05,2026-05-22,0015441,awarded,,2018-04-20,
2026-06-05,2026-05-22,0015445,awarded,,2025-07-04,
2026-06-05,2026-05-22,0015447,awarded,,2019-10-18,
2026-06-05,2026-05-22,0015478,awarded,,2025-07-03,
2026-06-05,2026-05-22,0015519,awarded,,2018-11-30,
2026-06-05,2026-05-22,0015520,awarded,,2018-11-30,
2026-06-05,2026-05-22,0015522,awarded,,2018-06-22,
2026-06-05,2026-05-22,0015523,awarded,,2017-07-21,
2026-06-05,2026-05-22,0015524,awarded,,2017-07-21,
2026-06-05,2026-05-22,0015530,awarded,,2025-09-17,
2026-06-05,2026-05-22,0015532,awarded,,2022-06-03,
2026-06-05,2026-05-22,0015533,awarded,,2021-06-18,
2026-06-05,2026-05-22,0015534,awarded,,2023-05-09,
2026-06-05,2026-05-22,0015535,awarded,,2023-05-09,
2026-06-05,2026-05-22,0015536,awarded,,2022-08-05,
2026-06-05,2026-05-22,0015536,work_stopped,,2024-11-15,
2026-06-05,2026-05-22,0015537,awarded,,2022-04-01,
2026-06-05,2026-05-22,0015538,awarded,,2023-11-03,
2026-06-05,2026-05-22,0015538,work_stopped,,2026-04-30,
2026-06-05,2026-05-22,0015539,awarded,,2022-07-01,
2026-06-05,2026-05-22,0015539,work_stopped,,2024-04-02,
2026-06-05,2026-05-22,0015540,awarded,,2023-08-04,
2026-06-05,2026-05-22,0015540,work_stopped,,2024-12-27,
2026-06-05,2026-05-22,0015541,awarded,,2024-02-02,
2026-06-05,2026-05-22,0015543,awarded,,2023-01-13,
2026-06-05,2026-05-22,0015544,awarded,,2023-04-14,
2026-06-05,2026-05-22,0015547,awarded,,2023-05-04,
2026-06-05,2026-05-22,0015547,work_stopped,,2025-07-11,
2026-06-05,2026-05-22,0015553,awarded,,2025-08-01,
2026-06-05,2026-05-22,0015554,awarded,,2022-04-01,
2026-06-05,2026-05-22,0015556,awarded,,2023-03-31,
2026-06-05,2026-05-22,0015556,work_stopped,,2024-11-20,
2026-06-05,2026-05-22,0015557,awarded,,2023-12-29,
2026-06-05,2026-05-22,0015557,work_stopped,,2026-02-18,
2026-06-05,2026-05-22,0015558,awarded,,2022-09-02,
2026-06-05,2026-05-22,0015558,work_stopped,,2024-05-01,
2026-06-05,2026-05-22,0015559,cost_change,45339997.2,49242066.33,3902069.13
2026-06-05,2026-05-22,0015561,awarded,,2022-08-05,
2026-06-05,2026-05-22,0015561,work_stopped,,2024-07-24,
2026-06-05,2026-05-22,0015563,awarded,,2022-02-04,
2026-06-05,2026-05-22,0015564,awarded,,2022-02-04,
2026-06-05,2026-05-22,0015565,awarded,,2022-02-04,
2026-06-05,2026-05-22,0015566,awarded,,2023-10-06,
2026-06-05,2026-05-22,0015566,work_stopped,,2024-11-29,
2026-06-05,2026-05-22,0015567,awarded,,2023-04-26,
2026-06-05,2026-05-22,0015567,work_stopped,,2025-05-30,
2026-06-05,2026-05-22,0015568,awarded,,2023-06-30,
2026-06-05,2026-05-22,0015568,work_stopped,,2024-12-17,
2026-06-05,2026-05-22,0015581,awarded,,2019-05-17,
2026-06-05,2026-05-22,0015582,awarded,,2019-01-18,
2026-06-05,2026-05-22,0015583,awarded,,2019-05-17,
2026-06-05,2026-05-22,0015589,awarded,,2020-11-20,
2026-06-05,2026-05-22,0015590,awarded,,2019-05-17,
2026-06-05,2026-05-22,0015591,awarded,,2025-04-04,
2026-06-05,2026-05-22,0015592,awarded,,2023-09-01,
2026-06-05,2026-05-22,0015592,work_stopped,,2025-03-19,
2026-06-05,2026-05-22,0015593,awarded,,2025-07-04,
2026-06-05,2026-05-22,0015598,awarded,,2023-06-30,
2026-06-05,2026-05-22,0015598,work_stopped,,2025-09-30,
2026-06-05,2026-05-22,0015601,awarded,,2023-10-06,
2026-06-05,2026-05-22,0015601,work_stopped,,2025-01-17,
2026-06-05,2026-05-22,0015602,awarded,,2024-02-02,
2026-06-05,2026-05-22,0015602,work_stopped,,2026-04-15,
2026-06-05,2026-05-22,0015603,awarded,,2023-11-03,
2026-06-05,2026-05-22,0015603,work_stopped,,2025-04-30,
2026-06-05,2026-05-22,0015604,awarded,,2024-12-06,
2026-06-05,2026-05-22,0015606,awarded,,2018-07-30,
2026-06-05,2026-05-22,0015608,awarded,,2024-04-05,
2026-06-05,2026-05-22,0015608,work_stopped,,2025-07-30,
2026-06-05,2026-05-22,0015609,awarded,,2023-06-30,
2026-06-05,2026-05-22,0015609,work_stopped,,2024-09-10,
2026-06-05,2026-05-22,0015610,awarded,,2023-08-04,
2026-06-05,2026-05-22,0015610,work_stopped,,2024-06-25,
2026-06-05,2026-05-22,0015611,awarded,,2023-11-03,
2026-06-05,2026-05-22,0015611,work_stopped,,2025-03-31,
2026-06-05,2026-05-22,0015613,awarded,,2023-12-29,
2026-06-05,2026-05-22,0015613,work_stopped,,2026-04-02,
2026-06-05,2026-05-22,0015614,awarded,,2025-12-05,
2026-06-05,2026-05-22,0015615,awarded,,2023-11-03,
2026-06-05,2026-05-22,0015615,work_stopped,,2025-12-17,
2026-06-05,2026-05-22,0015617,awarded,,2024-06-05,
2026-06-05,2026-05-22,0015618,awarded,,2024-05-31,
2026-06-05,2026-05-22,0015619,awarded,,2023-05-05,
2026-06-05,2026-05-22,0015619,work_stopped,,2024-05-23,
2026-06-05,2026-05-22,0015620,awarded,,2023-09-01,
2026-06-05,2026-05-22,0015620,work_stopped,,2024-12-30,
2026-06-05,2026-05-22,0015621,awarded,,2023-12-29,
2026-06-05,2026-05-22,0015621,work_stopped,,2026-03-17,
2026-06-05,2026-05-22,0015622,awarded,,2023-09-01,
2026-06-05,2026-05-22,0015622,work_stopped,,2025-03-26,
2026-06-05,2026-05-22,0015623,awarded,,2023-06-02,
2026-06-05,2026-05-22,0015623,work_stopped,,2024-05-31,
2026-06-05,2026-05-22,0015624,awarded,,2026-03-06,
2026-06-05,2026-05-22,0015629,awarded,,2022-08-10,
2026-06-05,2026-05-22,0015629,work_stopped,,2025-02-28,
2026-06-05,2026-05-22,0015631,awarded,,2022-12-02,
2026-06-05,2026-05-22,0015631,work_stopped,,2025-04-29,
2026-06-05,2026-05-22,0015636,awarded,,2024-08-02,
2026-06-05,2026-05-22,0015636,work_stopped,,2025-09-22,
2026-06-05,2026-05-22,0015640,awarded,,2024-08-02,
2026-06-05,2026-05-22,0015640,work_stopped,,2025-10-31,
2026-06-05,2026-05-22,0015641,awarded,,2023-12-29,
2026-06-05,2026-05-22,0015641,work_stopped,,2025-02-28,
2026-06-05,2026-05-22,0015642,awarded,,2023-01-06,
2026-06-05,2026-05-22,0015645,awarded,,2024-11-01,
2026-06-05,2026-05-22,0015645,work_stopped,,2026-03-31,
2026-06-05,2026-05-22,0015646,awarded,,2023-06-30,
2026-06-05,2026-05-22,0015647,awarded,,2023-08-04,
2026-06-05,2026-05-22,0015647,work_stopped,,2025-08-14,
2026-06-05,2026-05-22,0015651,awarded,,2023-10-06,
2026-06-05,2026-05-22,0015651,work_stopped,,2024-11-27,
2026-06-05,2026-05-22,0015652,awarded,,2023-12-01,
2026-06-05,2026-05-22,0015653,awarded,,2025-10-31,
2026-06-05,2026-05-22,0015656,awarded,,2024-08-02,
2026-06-05,2026-05-22,0015656,work_stopped,,2025-12-31,
2026-06-05,2026-05-22,0015658,cost_change,3582305.58,3549483.59,-32821.99
2026-06-05,2026-05-22,0015668,awarded,,2020-10-16,
2026-06-05,2026-05-22,0015670,awarded,,2022-08-05,
2026-06-05,2026-05-22,0015670,work_stopped,,2026-02-09,
2026-06-05,2026-05-22,0015672,awarded,,2023-06-30,
2026-06-05,2026-05-22,0015672,work_stopped,,2025-01-31,
2026-06-05,2026-05-22,0015675,awarded,,2026-02-06,
2026-06-05,2026-05-22,0015678,awarded,,2022-06-03,
2026-06-05,2026-05-22,0015679,awarded,,2023-10-06,
2026-06-05,2026-05-22,0015686,awarded,,2022-09-30,
2026-06-05,2026-05-22,0015686,work_stopped,,2025-10-10,
2026-06-05,2026-05-22,0015687,awarded,,2024-11-01,
2026-06-05,2026-05-22,0015688,awarded,,2024-08-30,
2026-06-05,2026-05-22,0015689,awarded,,2024-08-30,
2026-06-05,2026-05-22,0015692,awarded,,2023-06-30,
2026-06-05,2026-05-22,0015692,work_stopped,,2025-09-04,
2026-06-05,2026-05-22,0015694,awarded,,2024-08-30,
2026-06-05,2026-05-22,0015696,cost_change,4345903.21,4760903.21,415000.0
2026-06-05,2026-05-22,0015699,awarded,,2020-07-27,
2026-06-05,2026-05-22,0015701,cost_change,1810300.0,1628000.0,-182300.0
2026-06-05,2026-05-22,0015702,awarded,,2025-03-07,
2026-06-05,2026-05-22,0015703,awarded,,2022-02-04,
2026-06-05,2026-05-22,0015724,awarded,,2021-10-22,
2026-06-05,2026-05-22,0015729,awarded,,2018-06-22,
2026-06-05,2026-05-22,0015730,awarded,,2018-05-18,
2026-06-05,2026-05-22,0015737,awarded,,2019-01-18,
2026-06-05,2026-05-22,0015738,awarded,,2019-01-18,
2026-06-05,2026-05-22,0015739,awarded,,2019-01-18,
2026-06-05,2026-05-22,0015740,awarded,,2018-06-22,
2026-06-05,2026-05-22,0015744,awarded,,2019-06-21,
2026-06-05,2026-05-22,0015745,awarded,,2018-06-22,
2026-06-05,2026-05-22,0015746,awarded,,2019-06-21,
2026-06-05,2026-05-22,0015747,awarded,,2018-06-22,
2026-06-05,2026-05-22,0015748,awarded,,2019-06-21,
2026-06-05,2026-05-22,0015749,awarded,,2018-06-22,
2026-06-05,2026-05-22,0015751,awarded,,2021-02-19,
2026-06-05,2026-05-22,0015759,awarded,,2019-08-16,
2026-06-05,2026-05-22,0015760,awarded,,2018-10-05,
2026-06-05,2026-05-22,0015764,awarded,,2019-06-21,
2026-06-05,2026-05-22,0015765,awarded,,2019-06-21,
2026-06-05,2026-05-22,0015766,awarded,,2019-06-21,
2026-06-05,2026-05-22,0015767,awarded,,2019-02-22,
2026-06-05,2026-05-22,0015773,awarded,,2019-02-22,
2026-06-05,2026-05-22,0015774,awarded,,2021-02-19,
2026-06-05,2026-05-22,0015779,awarded,,2019-05-17,
2026-06-05,2026-05-22,0015780,awarded,,2019-05-17,
2026-06-05,2026-05-22,0015781,awarded,,2019-05-17,
2026-06-05,2026-05-22,0015782,awarded,,2019-10-18,
2026-06-05,2026-05-22,0015783,awarded,,2019-12-20,
2026-06-05,2026-05-22,0015784,awarded,,2019-05-17,
2026-06-05,2026-05-22,0015786,awarded,,2020-11-20,
2026-06-05,2026-05-22,0015802,awarded,,2021-03-11,
2026-06-05,2026-05-22,0015803,awarded,,2019-12-20,
2026-06-05,2026-05-22,0015804,awarded,,2019-11-22,
2026-06-05,2026-05-22,0015805,awarded,,2019-12-20,
2026-06-05,2026-05-22,0015806,awarded,,2020-04-17,
2026-06-05,2026-05-22,0015814,awarded,,2021-05-21,
2026-06-05,2026-05-22,0015823,awarded,,2022-08-05,
2026-06-05,2026-05-22,0015823,work_stopped,,2024-12-08,
2026-06-05,2026-05-22,0015878,awarded,,2022-04-06,
2026-06-05,2026-05-22,0015882,awarded,,2025-05-30,
2026-06-05,2026-05-22,0015883,awarded,,2020-08-21,
2026-06-05,2026-05-22,0015890,awarded,,2024-06-04,
2026-06-05,2026-05-22,0015912,awarded,,2018-07-06,
2026-06-05,2026-05-22,0015913,awarded,,2018-07-06,
2026-06-05,2026-05-22,0015916,awarded,,2025-08-01,
2026-06-05,2026-05-22,0015918,cost_change,6874235.55,7080260.33,206024.78
2026-06-05,2026-05-22,0015920,awarded,,2020-04-17,
2026-06-05,2026-05-22,0015922,awarded,,2021-02-19,
2026-06-05,2026-05-22,0015926,awarded,,2019-11-22,
2026-06-05,2026-05-22,0015927,awarded,,2020-09-18,
2026-06-05,2026-05-22,0015928,awarded,,2020-09-18,
2026-06-05,2026-05-22,0015929,awarded,,2019-09-20,
2026-06-05,2026-05-22,0015930,awarded,,2020-08-21,
2026-06-05,2026-05-22,0015948,awarded,,2020-02-21,
2026-06-05,2026-05-22,0015955,awarded,,2024-10-09,
2026-06-05,2026-05-22,0015962,awarded,,2020-01-17,
2026-06-05,2026-05-22,0015963,awarded,,2019-09-20,
2026-06-05,2026-05-22,0015983,awarded,,2024-08-02,
2026-06-05,2026-05-22,0015997,awarded,,2023-03-06,
2026-06-05,2026-05-22,0015998,awarded,,2024-03-01,
2026-06-05,2026-05-22,0015998,work_stopped,,2025-08-30,
2026-06-05,2026-05-22,0015999,awarded,,2025-05-28,
2026-06-05,2026-05-22,0016000,awarded,,2022-08-05,
2026-06-05,2026-05-22,0016000,work_stopped,,2026-02-09,
2026-06-05,2026-05-22,0016004,awarded,,2019-06-21,
2026-06-05,2026-05-22,0016006,awarded,,2019-06-21,
2026-06-05,2026-05-22,0016014,awarded,,2019-06-21,
2026-06-05,2026-05-22,0016015,awarded,,2024-07-24,
2026-06-05,2026-05-22,0016023,awarded,,2020-02-11,
2026-06-05,2026-05-22,0016046,awarded,,2019-05-17,
2026-06-05,2026-05-22,0016050,awarded,,2019-05-17,
2026-06-05,2026-05-22,0016051,awarded,,2019-06-21,
2026-06-05,2026-05-22,0016054,awarded,,2023-04-13,
2026-06-05,2026-05-22,0016054,work_stopped,,2026-02-01,
2026-06-05,2026-05-22,0016057,awarded,,2019-05-17,
2026-06-05,2026-05-22,0016058,awarded,,2021-02-10,
2026-06-05,2026-05-22,0016059,awarded,,2019-05-17,
2026-06-05,2026-05-22,0016060,awarded,,2019-06-21,
2026-06-05,2026-05-22,0016064,awarded,,2019-05-17,
2026-06-05,2026-05-22,0016065,awarded,,2023-03-03,
2026-06-05,2026-05-22,0016065,work_stopped,,2025-04-04,
2026-06-05,2026-05-22,0016066,awarded,,2024-10-16,
2026-06-05,2026-05-22,0016067,cost_change,13340590.43,13455590.43,115000.0
2026-06-05,2026-05-22,0016069,awarded,,2024-10-08,
2026-06-05,2026-05-22,0016069,work_stopped,,2025-10-24,
2026-06-05,2026-05-22,0016070,awarded,,2022-08-22,
2026-06-05,2026-05-22,0016070,work_stopped,,2024-11-13,
2026-06-05,2026-05-22,0016072,awarded,,2020-11-04,
2026-06-05,2026-05-22,0016074,awarded,,2025-06-13,
2026-06-05,2026-05-22,0016078,awarded,,2024-08-30,
2026-06-05,2026-05-22,0016083,awarded,,2021-06-06,
2026-06-05,2026-05-22,0016089,awarded,,2026-02-06,
2026-06-05,2026-05-22,0016105,awarded,,2022-12-02,
2026-06-05,2026-05-22,0016105,work_stopped,,2024-09-18,
2026-06-05,2026-05-22,0016106,awarded,,2023-06-02,
2026-06-05,2026-05-22,0016107,awarded,,2023-05-05,
2026-06-05,2026-05-22,0016107,work_stopped,,2024-01-08,
2026-06-05,2026-05-22,0016108,awarded,,2023-02-03,
2026-06-05,2026-05-22,0016110,awarded,,2024-11-01,
2026-06-05,2026-05-22,0016111,awarded,,2021-06-04,
2026-06-05,2026-05-22,0016112,awarded,,2025-08-01,
2026-06-05,2026-05-22,0016113,awarded,,2023-06-02,
2026-06-05,2026-05-22,0016113,work_stopped,,2025-03-25,
2026-06-05,2026-05-22,0016116,awarded,,2025-08-01,
2026-06-05,2026-05-22,0016117,awarded,,2023-06-02,
2026-06-05,2026-05-22,0016117,work_stopped,,2025-07-10,
2026-06-05,2026-05-22,0016118,awarded,,2024-08-02,
2026-06-05,2026-05-22,0016118,work_stopped,,2025-08-01,
2026-06-05,2026-05-22,0016122,awarded,,2024-01-31,
2026-06-05,2026-05-22,0016123,awarded,,2023-04-14,
2026-06-05,2026-05-22,0016123,work_stopped,,2025-02-28,
2026-06-05,2026-05-22,0016124,awarded,,2019-06-21,
2026-06-05,2026-05-22,0016126,awarded,,2025-05-02,
2026-06-05,2026-05-22,0016127,awarded,,2025-05-02,
2026-06-05,2026-05-22,0016128,awarded,,2025-10-03,
2026-06-05,2026-05-22,0016129,cost_change,6435041.25,6455041.25,20000.0
2026-06-05,2026-05-22,0016161,awarded,,2019-11-22,
2026-06-05,2026-05-22,0016162,awarded,,2019-10-18,
2026-06-05,2026-05-22,0016163,awarded,,2020-02-21,
2026-06-05,2026-05-22,0016166,awarded,,2025-01-31,
2026-06-05,2026-05-22,0016172,awarded,,2020-01-17,
2026-06-05,2026-05-22,0016173,awarded,,2020-01-17,
2026-06-05,2026-05-22,0016174,awarded,,2020-01-17,
2026-06-05,2026-05-22,0016179,awarded,,2019-11-22,
2026-06-05,2026-05-22,0016180,awarded,,2019-11-22,
2026-06-05,2026-05-22,0016182,awarded,,2023-12-01,
2026-06-05,2026-05-22,0016182,work_stopped,,2025-12-21,
2026-06-05,2026-05-22,0016183,awarded,,2020-10-16,
2026-06-05,2026-05-22,0016184,awarded,,2020-10-16,
2026-06-05,2026-05-22,0016185,awarded,,2020-10-16,
2026-06-05,2026-05-22,0016191,awarded,,2019-09-20,
2026-06-05,2026-05-22,0016201,awarded,,2023-06-02,
2026-06-05,2026-05-22,0016201,work_stopped,,2024-08-31,
2026-06-05,2026-05-22,0016202,awarded,,2022-09-30,
2026-06-05,2026-05-22,0016202,work_stopped,,2024-03-31,
2026-06-05,2026-05-22,0016203,awarded,,2022-09-30,
2026-06-05,2026-05-22,0016203,work_stopped,,2024-03-29,
2026-06-05,2026-05-22,0016204,awarded,,2022-09-30,
2026-06-05,2026-05-22,0016204,work_stopped,,2024-03-29,
2026-06-05,2026-05-22,0016205,awarded,,2022-09-30,
2026-06-05,2026-05-22,0016205,work_stopped,,2024-03-29,
2026-06-05,2026-05-22,0016206,awarded,,2022-09-30,
2026-06-05,2026-05-22,0016206,work_stopped,,2024-03-29,
2026-06-05,2026-05-22,0016211,awarded,,2020-09-18,
2026-06-05,2026-05-22,0016212,awarded,,2020-09-18,
2026-06-05,2026-05-22,0016213,awarded,,2020-09-18,
2026-06-05,2026-05-22,0016215,awarded,,2025-10-31,
2026-06-05,2026-05-22,0016216,awarded,,2019-05-17,
2026-06-05,2026-05-22,0016217,awarded,,2019-05-17,
2026-06-05,2026-05-22,0016236,awarded,,2020-04-17,
2026-06-05,2026-05-22,0016237,awarded,,2019-07-19,
2026-06-05,2026-05-22,0016238,awarded,,2019-07-19,
2026-06-05,2026-05-22,0016239,awarded,,2020-04-17,
2026-06-05,2026-05-22,0016240,awarded,,2025-12-05,
2026-06-05,2026-05-22,0016241,awarded,,2022-06-03,
2026-06-05,2026-05-22,0016242,awarded,,2019-07-19,
2026-06-05,2026-05-22,0016243,awarded,,2020-04-17,
2026-06-05,2026-05-22,0016252,awarded,,2020-04-17,
2026-06-05,2026-05-22,0016256,awarded,,2019-12-20,
2026-06-05,2026-05-22,0016257,awarded,,2022-06-03,
2026-06-05,2026-05-22,0016263,awarded,,2019-08-16,
2026-06-05,2026-05-22,0016264,awarded,,2019-08-16,
2026-06-05,2026-05-22,0016267,awarded,,2019-06-21,
2026-06-05,2026-05-22,0016268,awarded,,2020-12-18,
2026-06-05,2026-05-22,0016269,awarded,,2020-12-18,
2026-06-05,2026-05-22,0016280,status_change,PRE-CONSTRUCTION,UNDER-CONSTRUCTION,
2026-06-05,2026-05-22,0016286,awarded,,2024-07-05,
2026-06-05,2026-05-22,0016288,awarded,,2024-07-05,
2026-06-05,2026-05-22,0016291,awarded,,2020-04-17,
2026-06-05,2026-05-22,0016293,awarded,,2022-06-03,
2026-06-05,2026-05-22,0016294,awarded,,2019-04-19,
2026-06-05,2026-05-22,0016295,awarded,,2020-07-17,
2026-06-05,2026-05-22,0016297,awarded,,2024-05-31,
2026-06-05,2026-05-22,0016302,awarded,,2022-09-02,
2026-06-05,2026-05-22,0016302,work_stopped,,2023-11-17,
2026-06-05,2026-05-22,0016303,awarded,,2020-08-21,
2026-06-05,2026-05-22,0016315,awarded,,2020-08-21,
2026-06-05,2026-05-22,0016316,awarded,,2020-02-21,
2026-06-05,2026-05-22,0016319,awarded,,2024-08-02,
2026-06-05,2026-05-22,0016319,work_stopped,,2026-03-31,
2026-06-05,2026-05-22,0016320,awarded,,2019-07-19,
2026-06-05,2026-05-22,0016330,awarded,,2019-06-21,
2026-06-05,2026-05-22,0016331,awarded,,2019-05-17,
2026-06-05,2026-05-22,0016332,awarded,,2019-05-17,
2026-06-05,2026-05-22,0016333,awarded,,2019-06-21,
2026-06-05,2026-05-22,0016339,awarded,,2019-05-17,
2026-06-05,2026-05-22,0016344,awarded,,2019-06-21,
2026-06-05,2026-05-22,0016347,cost_change,2442105.75,2100000.0,-342105.75
2026-06-05,2026-05-22,0016348,awarded,,2024-08-02,
2026-06-05,2026-05-22,0016351,cost_change,9373571.21,3021550.63,-6352020.58
2026-06-05,2026-05-22,0016353,awarded,,2021-05-21,
2026-06-05,2026-05-22,0016354,awarded,,2021-05-21,
2026-06-05,2026-05-22,0016355,awarded,,2021-05-21,
2026-06-05,2026-05-22,0016356,awarded,,2025-01-31,
2026-06-05,2026-05-22,0016357,awarded,,2023-06-30,
2026-06-05,2026-05-22,0016357,work_stopped,,2025-02-20,
2026-06-05,2026-05-22,0016361,awarded,,2021-07-16,
2026-06-05,2026-05-22,0016363,awarded,,2024-08-02,
2026-06-05,2026-05-22,0016365,awarded,,2026-01-16,
2026-06-05,2026-05-22,0016378,awarded,,2019-11-22,
2026-06-05,2026-05-22,0016379,awarded,,2019-09-20,
2026-06-05,2026-05-22,0016380,awarded,,2019-10-18,
2026-06-05,2026-05-22,0016381,awarded,,2019-10-18,
2026-06-05,2026-05-22,0016384,awarded,,2019-10-18,
2026-06-05,2026-05-22,0016386,awarded,,2026-01-02,
2026-06-05,2026-05-22,0016387,cost_change,43127945.96,16218705.4,-26909240.56
2026-06-05,2026-05-22,0016396,awarded,,2020-07-17,
2026-06-05,2026-05-22,0016404,awarded,,2022-04-14,
2026-06-05,2026-05-22,0016405,awarded,,2022-04-14,
2026-06-05,2026-05-22,0016406,awarded,,2022-04-14,
2026-06-05,2026-05-22,0016407,awarded,,2022-04-14,
2026-06-05,2026-05-22,0016410,cost_change,19888961.93,17364961.93,-2524000.0
2026-06-05,2026-05-22,0016413,awarded,,2020-10-16,
2026-06-05,2026-05-22,0016414,awarded,,2021-04-16,
2026-06-05,2026-05-22,0016415,awarded,,2020-04-17,
2026-06-05,2026-05-22,0016416,awarded,,2020-04-17,
2026-06-05,2026-05-22,0016417,awarded,,2020-10-16,
2026-06-05,2026-05-22,0016418,awarded,,2020-11-20,
2026-06-05,2026-05-22,0016432,awarded,,2019-06-21,
2026-06-05,2026-05-22,0016433,awarded,,2019-06-21,
2026-06-05,2026-05-22,0016434,awarded,,2019-12-20,
2026-06-05,2026-05-22,0016435,awarded,,2019-10-18,
2026-06-05,2026-05-22,0016436,awarded,,2019-10-18,
2026-06-05,2026-05-22,0016437,awarded,,2019-06-21,
2026-06-05,2026-05-22,0016438,awarded,,2019-06-21,
2026-06-05,2026-05-22,0016439,awarded,,2019-06-21,
2026-06-05,2026-05-22,0016440,awarded,,2022-02-04,
2026-06-05,2026-05-22,0016441,awarded,,2021-07-16,
2026-06-05,2026-05-22,0016442,awarded,,2022-02-04,
2026-06-05,2026-05-22,0016443,awarded,,2022-09-02,
2026-06-05,2026-05-22,0016443,work_stopped,,2024-11-21,
2026-06-05,2026-05-22,0016466,cost_change,10938563.47,12411563.47,1473000.0
2026-06-05,2026-05-22,0016468,awarded,,2020-08-21,
2026-06-05,2026-05-22,0016504,awarded,,2024-11-01,
2026-06-05,2026-05-22,0016504,work_stopped,,2026-03-31,
2026-06-05,2026-05-22,0016505,awarded,,2024-11-01,
2026-06-05,2026-05-22,0016505,work_stopped,,2026-03-31,
2026-06-05,2026-05-22,0016506,awarded,,2025-04-04,
2026-06-05,2026-05-22,0016509,awarded,,2025-12-05,
2026-06-05,2026-05-22,0016510,cost_change,1516000.0,1420000.0,-96000.0
2026-06-05,2026-05-22,0016512,awarded,,2025-05-30,
2026-06-05,2026-05-22,0016513,awarded,,2025-10-03,
2026-06-05,2026-05-22,0016514,awarded,,2026-01-02,
2026-06-05,2026-05-22,0016523,awarded,,2023-06-30,
2026-06-05,2026-05-22,0016523,work_stopped,,2024-09-30,
2026-06-05,2026-05-22,0016525,awarded,,2026-01-02,
2026-06-05,2026-05-22,0016526,awarded,,2025-10-03,
2026-06-05,2026-05-22,0016527,awarded,,2025-05-02,
2026-06-05,2026-05-22,0016567,awarded,,2025-05-02,
2026-06-05,2026-05-22,0016567,work_stopped,,2025-07-28,
2026-06-05,2026-05-22,0016572,status_change,PRE-CONSTRUCTION,UNDER-CONSTRUCTION,
2026-06-05,2026-05-22,0016573,cost_change,4401293.279999999,4569094.32,167801.04
2026-06-05,2026-05-22,0016576,awarded,,2025-08-01,
2026-06-05,2026-05-22,0016577,awarded,,2025-10-03,
2026-06-05,2026-05-22,0016578,awarded,,2025-10-03,
2026-06-05,2026-05-22,0016582,awarded,,2025-07-04,
2026-06-05,2026-05-22,0016584,awarded,,2025-05-02,
2026-06-05,2026-05-22,0016584,work_stopped,,2026-02-20,
2026-06-05,2026-05-22,0016585,awarded,,2025-11-14,
2026-06-05,2026-05-22,0016586,awarded,,2025-11-14,
2026-06-05,2026-05-22,0016591,awarded,,2024-08-02,
2026-06-05,2026-05-22,0016591,work_stopped,,2025-08-29,
2026-06-05,2026-05-22,0016595,awarded,,2025-01-31,
2026-06-05,2026-05-22,0016597,cost_change,4224337.55,4411972.18,187634.63
2026-06-05,2026-05-22,0016599,awarded,,2025-05-30,
2026-06-05,2026-05-22,0016600,awarded,,2025-05-02,
2026-06-05,2026-05-22,0016601,awarded,,2025-05-02,
2026-06-05,2026-05-22,0016602,awarded,,2025-05-30,
2026-06-05,2026-05-22,0016605,awarded,,2025-09-05,
2026-06-05,2026-05-22,0016610,awarded,,2025-05-30,
2026-06-05,2026-05-22,0016615,awarded,,2023-12-29,
2026-06-05,2026-05-22,0016615,work_stopped,,2026-01-29,
2026-06-05,2026-05-22,0016616,awarded,,2021-07-16,
2026-06-05,2026-05-22,0016618,awarded,,2023-09-06,
2026-06-05,2026-05-22,0016627,awarded,,2023-11-03,
2026-06-05,2026-05-22,0016627,work_stopped,,2025-12-15,
2026-06-05,2026-05-22,0016628,awarded,,2024-11-06,
2026-06-05,2026-05-22,0016629,awarded,,2025-04-24,
2026-06-05,2026-05-22,0016630,awarded,,2025-08-29,
2026-06-05,2026-05-22,0016633,awarded,,2026-03-27,
2026-06-05,2026-05-22,0016638,awarded,,2024-02-02,
2026-06-05,2026-05-22,0016638,work_stopped,,2025-01-17,
2026-06-05,2026-05-22,0016639,awarded,,2025-12-09,
2026-06-05,2026-05-22,0016650,awarded,,2020-08-21,
2026-06-05,2026-05-22,0016651,awarded,,2021-05-21,
2026-06-05,2026-05-22,0016652,awarded,,2020-10-16,
2026-06-05,2026-05-22,0016653,awarded,,2020-09-18,
2026-06-05,2026-05-22,0016654,awarded,,2021-02-19,
2026-06-05,2026-05-22,0016784,awarded,,2020-03-20,
2026-06-05,2026-05-22,0016794,awarded,,2021-05-21,
2026-06-05,2026-05-22,0016802,awarded,,2021-02-19,
2026-06-05,2026-05-22,0016803,awarded,,2021-01-22,
2026-06-05,2026-05-22,0016804,awarded,,2021-01-22,
2026-06-05,2026-05-22,0016805,awarded,,2021-06-18,
2026-06-05,2026-05-22,0016806,awarded,,2020-09-18,
2026-06-05,2026-05-22,0016824,awarded,,2022-08-05,
2026-06-05,2026-05-22,0016824,work_stopped,,2024-06-30,
2026-06-05,2026-05-22,0016825,awarded,,2020-12-18,
2026-06-05,2026-05-22,0016826,awarded,,2020-11-20,
2026-06-05,2026-05-22,0016827,awarded,,2021-04-30,
2026-06-05,2026-05-22,0016828,awarded,,2021-07-02,
2026-06-05,2026-05-22,0016840,awarded,,2021-04-16,
2026-06-05,2026-05-22,0016841,awarded,,2021-11-05,
2026-06-05,2026-05-22,0016842,awarded,,2021-11-05,
2026-06-05,2026-05-22,0016843,awarded,,2021-05-21,
2026-06-05,2026-05-22,0016844,awarded,,2021-10-01,
2026-06-05,2026-05-22,0016845,awarded,,2021-03-19,
2026-06-05,2026-05-22,0016847,awarded,,2020-05-22,
2026-06-05,2026-05-22,0016848,awarded,,2020-08-21,
2026-06-05,2026-05-22,0016849,awarded,,2020-05-22,
2026-06-05,2026-05-22,0016850,awarded,,2020-05-22,
2026-06-05,2026-05-22,0016851,awarded,,2020-08-21,
2026-06-05,2026-05-22,0016852,awarded,,2020-05-22,
2026-06-05,2026-05-22,0016853,awarded,,2020-08-21,
2026-06-05,2026-05-22,0016854,awarded,,2020-08-21,
2026-06-05,2026-05-22,0016855,awarded,,2020-08-21,
2026-06-05,2026-05-22,0016856,awarded,,2020-08-21,
2026-06-05,2026-05-22,0016857,awarded,,2020-08-21,
2026-06-05,2026-05-22,0016858,awarded,,2020-05-22,
2026-06-05,2026-05-22,0016859,awarded,,2021-02-19,
2026-06-05,2026-05-22,0016860,awarded,,2020-05-22,
2026-06-05,2026-05-22,0016879,awarded,,2020-08-21,
2026-06-05,2026-05-22,0016880,awarded,,2020-08-21,
2026-06-05,2026-05-22,0016881,awarded,,2020-05-22,
2026-06-05,2026-05-22,0016885,awarded,,2020-08-21,
2026-06-05,2026-05-22,0016886,awarded,,2020-05-22,
2026-06-05,2026-05-22,0016887,awarded,,2021-02-19,
2026-06-05,2026-05-22,0016888,awarded,,2020-08-21,
2026-06-05,2026-05-22,0016903,awarded,,2021-06-18,
2026-06-05,2026-05-22,0016904,awarded,,2021-06-18,
2026-06-05,2026-05-22,0016905,awarded,,2021-06-18,
2026-06-05,2026-05-22,0016906,awarded,,2021-07-02,
2026-06-05,2026-05-22,0016907,awarded,,2021-06-18,
2026-06-05,2026-05-22,0016908,awarded,,2021-06-18,
2026-06-05,2026-05-22,0016909,awarded,,2021-06-18,
2026-06-05,2026-05-22,0016910,awarded,,2021-06-18,
2026-06-05,2026-05-22,0016911,awarded,,2021-06-18,
2026-06-05,2026-05-22,0016912,awarded,,2021-06-18,
2026-06-05,2026-05-22,0016913,awarded,,2021-03-19,
2026-06-05,2026-05-22,0016914,awarded,,2025-12-05,
2026-06-05,2026-05-22,0016915,awarded,,2021-06-18,
2026-06-05,2026-05-22,0016916,awarded,,2021-06-18,
2026-06-05,2026-05-22,0016918,awarded,,2021-06-18,
2026-06-05,2026-05-22,0016921,awarded,,2023-10-06,
2026-06-05,2026-05-22,0016921,work_stopped,,2024-08-01,
2026-06-05,2026-05-22,0016923,awarded,,2020-08-21,
2026-06-05,2026-05-22,0016924,awarded,,2021-04-16,
2026-06-05,2026-05-22,0016926,awarded,,2023-08-04,
2026-06-05,2026-05-22,0016927,awarded,,2025-08-01,
2026-06-05,2026-05-22,0016928,awarded,,2022-09-30,
2026-06-05,2026-05-22,0016928,work_stopped,,2024-03-30,
2026-06-05,2026-05-22,0016929,awarded,,2021-06-18,
2026-06-05,2026-05-22,0016930,awarded,,2021-06-18,
2026-06-05,2026-05-22,0016983,awarded,,2021-06-18,
2026-06-05,2026-05-22,0016985,awarded,,2021-12-03,
2026-06-05,2026-05-22,0017000,awarded,,2021-06-18,
2026-06-05,2026-05-22,0017038,awarded,,2021-10-13,
2026-06-05,2026-05-22,0017040,awarded,,2025-05-22,
2026-06-05,2026-05-22,0017062,awarded,,2020-02-21,
2026-06-05,2026-05-22,0017063,awarded,,2021-06-18,
2026-06-05,2026-05-22,0017064,awarded,,2020-06-19,
2026-06-05,2026-05-22,0017065,awarded,,2020-06-19,
2026-06-05,2026-05-22,0017066,awarded,,2020-06-19,
2026-06-05,2026-05-22,0017067,awarded,,2020-07-17,
2026-06-05,2026-05-22,0017068,awarded,,2020-07-17,
2026-06-05,2026-05-22,0017069,awarded,,2020-07-17,
2026-06-05,2026-05-22,0017070,awarded,,2020-07-17,
2026-06-05,2026-05-22,0017071,awarded,,2020-07-17,
2026-06-05,2026-05-22,0017072,awarded,,2020-08-21,
2026-06-05,2026-05-22,0017073,awarded,,2020-08-21,
2026-06-05,2026-05-22,0017074,awarded,,2020-08-21,
2026-06-05,2026-05-22,0017075,awarded,,2020-08-21,
2026-06-05,2026-05-22,0017076,awarded,,2020-08-21,
2026-06-05,2026-05-22,0017077,awarded,,2020-08-21,
2026-06-05,2026-05-22,0017078,awarded,,2020-08-21,
2026-06-05,2026-05-22,0017079,awarded,,2020-09-18,
2026-06-05,2026-05-22,0017080,awarded,,2020-09-18,
2026-06-05,2026-05-22,0017081,awarded,,2020-09-18,
2026-06-05,2026-05-22,0017082,awarded,,2020-09-18,
2026-06-05,2026-05-22,0017083,awarded,,2020-09-18,
2026-06-05,2026-05-22,0017084,awarded,,2020-09-18,
2026-06-05,2026-05-22,0017085,awarded,,2020-09-18,
2026-06-05,2026-05-22,0017086,awarded,,2020-09-18,
2026-06-05,2026-05-22,0017087,awarded,,2020-09-18,
2026-06-05,2026-05-22,0017088,awarded,,2025-05-02,
2026-06-05,2026-05-22,0017089,awarded,,2020-10-16,
2026-06-05,2026-05-22,0017090,awarded,,2020-10-16,
2026-06-05,2026-05-22,0017091,awarded,,2020-10-16,
2026-06-05,2026-05-22,0017092,awarded,,2020-10-16,
2026-06-05,2026-05-22,0017093,awarded,,2020-06-19,
2026-06-05,2026-05-22,0017097,awarded,,2020-06-19,
2026-06-05,2026-05-22,0017098,awarded,,2020-07-17,
2026-06-05,2026-05-22,0017099,awarded,,2020-09-04,
2026-06-05,2026-05-22,0017100,awarded,,2020-09-18,
2026-06-05,2026-05-22,0017101,awarded,,2020-11-20,
2026-06-05,2026-05-22,0017102,awarded,,2020-06-19,
2026-06-05,2026-05-22,0017103,awarded,,2020-06-19,
2026-06-05,2026-05-22,0017104,awarded,,2020-06-19,
2026-06-05,2026-05-22,0017105,awarded,,2020-06-19,
2026-06-05,2026-05-22,0017106,awarded,,2020-06-19,
2026-06-05,2026-05-22,0017111,awarded,,2021-05-21,
2026-06-05,2026-05-22,0017112,awarded,,2021-11-05,
2026-06-05,2026-05-22,0017114,awarded,,2024-08-02,
2026-06-05,2026-05-22,0017115,awarded,,2024-08-02,
2026-06-05,2026-05-22,0017115,work_stopped,,2026-02-04,
2026-06-05,2026-05-22,0017122,awarded,,2022-09-30,
2026-06-05,2026-05-22,0017122,work_stopped,,2023-06-23,
2026-06-05,2026-05-22,0017126,awarded,,2021-03-17,
2026-06-05,2026-05-22,0017129,awarded,,2021-04-15,
2026-06-05,2026-05-22,0017172,awarded,,2021-09-02,
2026-06-05,2026-05-22,0017173,awarded,,2021-09-02,
2026-06-05,2026-05-22,0017174,awarded,,2022-04-01,
2026-06-05,2026-05-22,0017175,awarded,,2021-11-05,
2026-06-05,2026-05-22,0017176,awarded,,2021-11-05,
2026-06-05,2026-05-22,0017177,awarded,,2024-04-05,
2026-06-05,2026-05-22,0017177,work_stopped,,2025-09-30,
2026-06-05,2026-05-22,0017178,awarded,,2021-08-24,
2026-06-05,2026-05-22,0017179,awarded,,2021-02-19,
2026-06-05,2026-05-22,0017180,awarded,,2021-06-18,
2026-06-05,2026-05-22,0017185,awarded,,2024-11-08,
2026-06-05,2026-05-22,0017185,work_stopped,,2026-01-07,
2026-06-05,2026-05-22,0017187,awarded,,2026-01-02,
2026-06-05,2026-05-22,0017189,awarded,,2023-01-23,
2026-06-05,2026-05-22,0017219,awarded,,2022-10-24,
2026-06-05,2026-05-22,0017219,work_stopped,,2024-09-28,
2026-06-05,2026-05-22,0017229,awarded,,2024-05-03,
2026-06-05,2026-05-22,0017229,work_stopped,,2025-06-16,
2026-06-05,2026-05-22,0017246,awarded,,2022-05-26,
2026-06-05,2026-05-22,0017311,awarded,,2022-02-04,
2026-06-05,2026-05-22,0017312,awarded,,2022-06-03,
2026-06-05,2026-05-22,0017313,awarded,,2022-01-19,
2026-06-05,2026-05-22,0017314,awarded,,2022-06-03,
2026-06-05,2026-05-22,0017315,awarded,,2021-12-31,
2026-06-05,2026-05-22,0017316,awarded,,2021-12-31,
2026-06-05,2026-05-22,0017389,awarded,,2021-01-21,
2026-06-05,2026-05-22,0017390,awarded,,2021-09-02,
2026-06-05,2026-05-22,0017391,status_change,UNDER-CONSTRUCTION,COMPLETED-CONSTRUCTION,
2026-06-05,2026-05-22,0017391,awarded,,2023-09-01,
2026-06-05,2026-05-22,0017391,work_stopped,,2026-06-01,
2026-06-05,2026-05-22,0017395,cost_change,9129604.67,5252981.88,-3876622.79
2026-06-05,2026-05-22,0017398,cost_change,12936999.84,12156999.84,-780000.0
2026-06-05,2026-05-22,0017401,cost_change,7293305.57,4446642.5,-2846663.07
2026-06-05,2026-05-22,0017403,awarded,,2024-08-02,
2026-06-05,2026-05-22,0017403,work_stopped,,2026-03-06,
2026-06-05,2026-05-22,0017404,awarded,,2025-12-05,
2026-06-05,2026-05-22,0017405,cost_change,3186718.57,790000.0,-2396718.57
2026-06-05,2026-05-22,0017418,awarded,,2023-01-06,
2026-06-05,2026-05-22,0017418,work_stopped,,2024-03-31,
2026-06-05,2026-05-22,0017419,awarded,,2023-01-06,
2026-06-05,2026-05-22,0017419,work_stopped,,2024-06-24,
2026-06-05,2026-05-22,0017420,awarded,,2022-03-04,
2026-06-05,2026-05-22,0017421,awarded,,2022-03-04,
2026-06-05,2026-05-22,0017422,awarded,,2022-02-04,
2026-06-05,2026-05-22,0017423,awarded,,2022-11-04,
2026-06-05,2026-05-22,0017423,work_stopped,,2024-04-04,
2026-06-05,2026-05-22,0017424,awarded,,2023-03-03,
2026-06-05,2026-05-22,0017424,work_stopped,,2024-04-29,
2026-06-05,2026-05-22,0017425,awarded,,2023-01-06,
2026-06-05,2026-05-22,0017425,work_stopped,,2024-03-12,
2026-06-05,2026-05-22,0017430,awarded,,2024-12-06,
2026-06-05,2026-05-22,0017462,awarded,,2023-09-01,
2026-06-05,2026-05-22,0017515,cost_change,51407724.18,52326320.62,918596.44
2026-06-05,2026-05-22,0017595,awarded,,2026-01-02,
2026-06-05,2026-05-22,0017602,awarded,,2025-01-03,
2026-06-05,2026-05-22,0017602,work_stopped,,2026-01-15,
2026-06-05,2026-05-22,0017603,awarded,,2025-01-03,
2026-06-05,2026-05-22,0017603,work_stopped,,2026-01-15,
2026-06-05,2026-05-22,0017604,awarded,,2025-01-03,
2026-06-05,2026-05-22,0017604,work_stopped,,2026-01-15,
2026-06-05,2026-05-22,0017605,awarded,,2025-01-03,
2026-06-05,2026-05-22,0017605,work_stopped,,2026-01-15,
2026-06-05,2026-05-22,0017606,awarded,,2025-01-03,
2026-06-05,2026-05-22,0017606,work_stopped,,2026-01-15,
2026-06-05,2026-05-22,0017678,awarded,,2024-07-05,
2026-06-05,2026-05-22,0017678,work_stopped,,2025-09-30,
2026-06-05,2026-05-22,0017694,awarded,,2023-10-06,
2026-06-05,2026-05-22,0017694,work_stopped,,2024-09-30,
2026-06-05,2026-05-22,0017698,awarded,,2023-06-30,
2026-06-05,2026-05-22,0017698,work_stopped,,2024-12-31,
2026-06-05,2026-05-22,0017699,awarded,,2021-12-31,
2026-06-05,2026-05-22,0017700,awarded,,2022-04-01,
2026-06-05,2026-05-22,0017701,awarded,,2021-04-01,
2026-06-05,2026-05-22,0017702,awarded,,2021-10-01,
2026-06-05,2026-05-22,0017703,awarded,,2022-07-01,
2026-06-05,2026-05-22,0017703,work_stopped,,2023-07-22,
2026-06-05,2026-05-22,0017704,awarded,,2021-10-01,
2026-06-05,2026-05-22,0017705,awarded,,2021-12-31,
2026-06-05,2026-05-22,0017706,awarded,,2021-12-31,
2026-06-05,2026-05-22,0017707,awarded,,2022-04-01,
2026-06-05,2026-05-22,0017708,awarded,,2022-07-01,
2026-06-05,2026-05-22,0017708,work_stopped,,2023-08-31,
2026-06-05,2026-05-22,0017709,awarded,,2021-12-31,
2026-06-05,2026-05-22,0017710,awarded,,2022-04-01,
2026-06-05,2026-05-22,0017711,awarded,,2022-04-01,
2026-06-05,2026-05-22,0017712,awarded,,2022-04-01,
2026-06-05,2026-05-22,0017713,awarded,,2021-12-31,
2026-06-05,2026-05-22,0017714,awarded,,2022-07-01,
2026-06-05,2026-05-22,0017714,work_stopped,,2023-06-29,
2026-06-05,2026-05-22,0017715,awarded,,2022-07-01,
2026-06-05,2026-05-22,0017715,work_stopped,,2023-08-31,
2026-06-05,2026-05-22,0017716,awarded,,2021-10-01,
2026-06-05,2026-05-22,0017718,awarded,,2024-08-02,
2026-06-05,2026-05-22,0017718,work_stopped,,2025-08-26,
2026-06-05,2026-05-22,0017719,awarded,,2026-03-06,
2026-06-05,2026-05-22,0017726,awarded,,2021-06-18,
2026-06-05,2026-05-22,0017727,awarded,,2021-06-18,
2026-06-05,2026-05-22,0017728,awarded,,2021-10-01,
2026-06-05,2026-05-22,0017740,awarded,,2023-06-21,
2026-06-05,2026-05-22,0017740,work_stopped,,2024-03-31,
2026-06-05,2026-05-22,0017742,awarded,,2022-07-01,
2026-06-05,2026-05-22,0017742,work_stopped,,2023-08-31,
2026-06-05,2026-05-22,0017743,awarded,,2022-07-01,
2026-06-05,2026-05-22,0017743,work_stopped,,2023-08-31,
2026-06-05,2026-05-22,0017753,awarded,,2022-07-01,
2026-06-05,2026-05-22,0017753,work_stopped,,2023-04-18,
2026-06-05,2026-05-22,0017771,awarded,,2024-04-05,
2026-06-05,2026-05-22,0017771,work_stopped,,2025-01-31,
2026-06-05,2026-05-22,0017772,awarded,,2023-11-03,
2026-06-05,2026-05-22,0017772,work_stopped,,2024-09-18,
2026-06-05,2026-05-22,0017773,awarded,,2024-07-05,
2026-06-05,2026-05-22,0017773,work_stopped,,2025-06-24,
2026-06-05,2026-05-22,0017774,awarded,,2023-10-06,
2026-06-05,2026-05-22,0017774,work_stopped,,2025-02-22,
2026-06-05,2026-05-22,0017775,awarded,,2024-11-01,
2026-06-05,2026-05-22,0017776,awarded,,2022-11-04,
2026-06-05,2026-05-22,0017776,work_stopped,,2023-10-26,
2026-06-05,2026-05-22,0017777,awarded,,2023-02-03,
2026-06-05,2026-05-22,0017777,work_stopped,,2024-03-31,
2026-06-05,2026-05-22,0017778,awarded,,2023-03-03,
2026-06-05,2026-05-22,0017778,work_stopped,,2024-08-05,
2026-06-05,2026-05-22,0017779,awarded,,2023-03-03,
2026-06-05,2026-05-22,0017779,work_stopped,,2024-06-04,
2026-06-05,2026-05-22,0017780,awarded,,2023-06-30,
2026-06-05,2026-05-22,0017782,awarded,,2023-05-05,
2026-06-05,2026-05-22,0017784,cost_change,175312.0,0.0,-175312.0
2026-06-05,2026-05-22,0017805,awarded,,2021-09-21,
2026-06-05,2026-05-22,0017811,cost_change,9257000.5,9702000.5,445000.0
2026-06-05,2026-05-22,0017812,awarded,,2025-04-09,
2026-06-05,2026-05-22,0017813,cost_change,23278421.69,21303580.18,-1974841.51
2026-06-05,2026-05-22,0017818,awarded,,2021-09-24,
2026-06-05,2026-05-22,0017830,awarded,,2025-10-20,
2026-06-05,2026-05-22,0017844,awarded,,2026-04-03,
2026-06-05,2026-05-22,0017876,awarded,,2023-06-02,
2026-06-05,2026-05-22,0017876,work_stopped,,2024-05-31,
2026-06-05,2026-05-22,0017878,awarded,,2023-05-05,
2026-06-05,2026-05-22,0017878,work_stopped,,2024-03-31,
2026-06-05,2026-05-22,0017907,awarded,,2025-08-01,
2026-06-05,2026-05-22,0017917,awarded,,2021-12-31,
2026-06-05,2026-05-22,0017922,awarded,,2023-01-06,
2026-06-05,2026-05-22,0017926,awarded,,2023-08-21,
2026-06-05,2026-05-22,0017926,work_stopped,,2024-08-21,
2026-06-05,2026-05-22,0017955,awarded,,2022-11-04,
2026-06-05,2026-05-22,0017955,work_stopped,,2023-09-30,
2026-06-05,2026-05-22,0017956,cost_change,2500000.0,5898230.21,3398230.21
2026-06-05,2026-05-22,0017957,awarded,,2024-08-02,
2026-06-05,2026-05-22,0017964,cost_change,4515368.66,4568923.74,53555.08
2026-06-05,2026-05-22,0017966,awarded,,2023-06-30,
2026-06-05,2026-05-22,0017966,work_stopped,,2024-06-30,
2026-06-05,2026-05-22,0017971,awarded,,2022-04-01,
2026-06-05,2026-05-22,0017980,awarded,,2025-08-11,
2026-06-05,2026-05-22,0017982,cost_change,7937442.08,8076027.08,138585.0
2026-06-05,2026-05-22,0017995,cost_change,650000.0,1045000.0,395000.0
2026-06-05,2026-05-22,0018036,awarded,,2023-03-31,
2026-06-05,2026-05-22,0018036,work_stopped,,2024-01-31,
2026-06-05,2026-05-22,0018037,awarded,,2023-08-04,
2026-06-05,2026-05-22,0018037,work_stopped,,2024-07-31,
2026-06-05,2026-05-22,0018038,awarded,,2022-09-30,
2026-06-05,2026-05-22,0018038,work_stopped,,2024-04-18,
2026-06-05,2026-05-22,0018039,awarded,,2023-01-06,
2026-06-05,2026-05-22,0018039,work_stopped,,2024-02-16,
2026-06-05,2026-05-22,0018040,awarded,,2023-03-31,
2026-06-05,2026-05-22,0018040,work_stopped,,2024-01-31,
2026-06-05,2026-05-22,0018041,awarded,,2023-08-04,
2026-06-05,2026-05-22,0018041,work_stopped,,2024-07-20,
2026-06-05,2026-05-22,0018042,awarded,,2023-03-31,
2026-06-05,2026-05-22,0018042,work_stopped,,2024-05-21,
2026-06-05,2026-05-22,0018043,awarded,,2022-09-30,
2026-06-05,2026-05-22,0018043,work_stopped,,2023-09-29,
2026-06-05,2026-05-22,0018046,awarded,,2023-01-06,
2026-06-05,2026-05-22,0018046,work_stopped,,2023-12-07,
2026-06-05,2026-05-22,0018048,awarded,,2023-03-31,
2026-06-05,2026-05-22,0018048,work_stopped,,2024-03-18,
2026-06-05,2026-05-22,0018049,awarded,,2022-09-30,
2026-06-05,2026-05-22,0018049,work_stopped,,2023-09-30,
2026-06-05,2026-05-22,0018050,awarded,,2023-01-06,
2026-06-05,2026-05-22,0018050,work_stopped,,2023-07-31,
2026-06-05,2026-05-22,0018051,awarded,,2023-08-04,
2026-06-05,2026-05-22,0018051,work_stopped,,2024-05-31,
2026-06-05,2026-05-22,0018052,awarded,,2022-09-30,
2026-06-05,2026-05-22,0018052,work_stopped,,2023-09-30,
2026-06-05,2026-05-22,0018053,awarded,,2023-01-06,
2026-06-05,2026-05-22,0018053,work_stopped,,2023-11-30,
2026-06-05,2026-05-22,0018054,awarded,,2024-07-05,
2026-06-05,2026-05-22,0018054,work_stopped,,2025-10-07,
2026-06-05,2026-05-22,0018055,awarded,,2023-10-06,
2026-06-05,2026-05-22,0018055,work_stopped,,2024-12-11,
2026-06-05,2026-05-22,0018056,awarded,,2024-05-03,
2026-06-05,2026-05-22,0018056,work_stopped,,2025-05-09,
2026-06-05,2026-05-22,0018057,awarded,,2024-07-05,
2026-06-05,2026-05-22,0018057,work_stopped,,2025-07-31,
2026-06-05,2026-05-22,0018058,awarded,,2024-07-05,
2026-06-05,2026-05-22,0018058,work_stopped,,2025-05-23,
2026-06-05,2026-05-22,0018092,awarded,,2022-09-30,
2026-06-05,2026-05-22,0018092,work_stopped,,2023-06-23,
2026-06-05,2026-05-22,0018173,awarded,,2024-05-03,
2026-06-05,2026-05-22,0018173,work_stopped,,2025-03-28,
2026-06-05,2026-05-22,0018174,awarded,,2025-06-27,
2026-06-05,2026-05-22,0018174,work_stopped,,2026-03-23,
2026-06-05,2026-05-22,0018177,awarded,,2023-06-30,
2026-06-05,2026-05-22,0018177,work_stopped,,2024-05-30,
2026-06-05,2026-05-22,0018178,awarded,,2024-07-05,
2026-06-05,2026-05-22,0018191,awarded,,2025-10-10,
2026-06-05,2026-05-22,0018192,awarded,,2025-10-10,
2026-06-05,2026-05-22,0018193,awarded,,2025-10-10,
2026-06-05,2026-05-22,0018207,awarded,,2023-05-05,
2026-06-05,2026-05-22,0018207,work_stopped,,2024-04-10,
2026-06-05,2026-05-22,0018211,awarded,,2022-05-06,
2026-06-05,2026-05-22,0018212,awarded,,2023-06-30,
2026-06-05,2026-05-22,0018212,work_stopped,,2024-01-19,
2026-06-05,2026-05-22,0018218,awarded,,2021-10-15,
2026-06-05,2026-05-22,0018221,awarded,,2023-06-30,
2026-06-05,2026-05-22,0018221,work_stopped,,2024-12-10,
2026-06-05,2026-05-22,0018235,cost_change,3235000.0,3453676.15,218676.15
2026-06-05,2026-05-22,0018238,cost_change,1635000.0,2696086.08,1061086.08
2026-06-05,2026-05-22,0018239,cost_change,3235000.0,3648837.16,413837.16
2026-06-05,2026-05-22,0018240,cost_change,3235000.0,4872198.640000001,1637198.64
2026-06-05,2026-05-22,0018245,cost_change,3397860.12,3315860.12,-82000.0
2026-06-05,2026-05-22,0018249,cost_change,4272956.79,4260956.79,-12000.0
2026-06-05,2026-05-22,0018254,cost_change,3658107.12,3463107.12,-195000.0
2026-06-05,2026-05-22,0018260,awarded,,2022-09-02,
2026-06-05,2026-05-22,0018260,work_stopped,,2023-08-31,
2026-06-05,2026-05-22,0018274,awarded,,2022-08-05,
2026-06-05,2026-05-22,0018283,cost_change,1685350.58,2108492.12,423141.54
2026-06-05,2026-05-22,0018326,cost_change,140000.0,100000.0,-40000.0
2026-06-05,2026-05-22,0018328,cost_change,2450000.0,5133452.3,2683452.3
2026-06-05,2026-05-22,0018334,cost_change,7595848.45,8209848.45,614000.0
2026-06-05,2026-05-22,0018359,cost_change,3700000.0,3953000.0,253000.0
2026-06-05,2026-05-22,0018361,awarded,,2023-11-02,
2026-06-05,2026-05-22,0018362,awarded,,2022-08-01,
2026-06-05,2026-05-22,0018363,awarded,,2022-10-24,
2026-06-05,2026-05-22,0018363,work_stopped,,2024-09-28,
2026-06-05,2026-05-22,0018365,awarded,,2022-07-01,
2026-06-05,2026-05-22,0018365,work_stopped,,2023-09-18,
2026-06-05,2026-05-22,0018367,awarded,,2024-09-11,
2026-06-05,2026-05-22,0018367,work_stopped,,2026-01-30,
2026-06-05,2026-05-22,0018372,awarded,,2025-05-02,
2026-06-05,2026-05-22,0018373,awarded,,2022-11-04,
2026-06-05,2026-05-22,0018374,awarded,,2024-07-05,
2026-06-05,2026-05-22,0018374,work_stopped,,2025-09-30,
2026-06-05,2026-05-22,0018383,awarded,,2023-10-06,
2026-06-05,2026-05-22,0018383,work_stopped,,2025-04-17,
2026-06-05,2026-05-22,0018389,awarded,,2023-02-03,
2026-06-05,2026-05-22,0018389,work_stopped,,2024-03-31,
2026-06-05,2026-05-22,0018392,cost_change,5371000.0,6091115.45,720115.45
2026-06-05,2026-05-22,0018397,cost_change,4750000.0,5556234.37,806234.37
2026-06-05,2026-05-22,0018494,awarded,,2025-03-07,
2026-06-05,2026-05-22,0018494,work_stopped,,2026-01-31,
2026-06-05,2026-05-22,0018540,awarded,,2024-05-31,
2026-06-05,2026-05-22,0018540,work_stopped,,2025-04-30,
2026-06-05,2026-05-22,0018546,status_change,PRE-CONSTRUCTION,UNDER-CONSTRUCTION,
2026-06-05,2026-05-22,0018547,status_change,PRE-CONSTRUCTION,UNDER-CONSTRUCTION,
2026-06-05,2026-05-22,0018548,status_change,PRE-CONSTRUCTION,UNDER-CONSTRUCTION,
2026-06-05,2026-05-22,0018549,status_change,PRE-CONSTRUCTION,UNDER-CONSTRUCTION,
2026-06-05,2026-05-22,0018550,status_change,PRE-CONSTRUCTION,UNDER-CONSTRUCTION,
2026-06-05,2026-05-22,0018551,status_change,PRE-CONSTRUCTION,UNDER-CONSTRUCTION,
2026-06-05,2026-05-22,0018552,status_change,PRE-CONSTRUCTION,UNDER-CONSTRUCTION,
2026-06-05,2026-05-22,0018553,status_change,PRE-CONSTRUCTION,UNDER-CONSTRUCTION,
2026-06-05,2026-05-22,0018554,status_change,PRE-CONSTRUCTION,UNDER-CONSTRUCTION,
2026-06-05,2026-05-22,0018555,status_change,PRE-CONSTRUCTION,UNDER-CONSTRUCTION,
2026-06-05,2026-05-22,0018659,status_change,PRE-CONSTRUCTION,UNDER-CONSTRUCTION,
2026-06-05,2026-05-22,0018660,status_change,PRE-CONSTRUCTION,UNDER-CONSTRUCTION,
2026-06-05,2026-05-22,0018661,status_change,PRE-CONSTRUCTION,UNDER-CONSTRUCTION,
2026-06-05,2026-05-22,0018662,status_change,PRE-CONSTRUCTION,UNDER-CONSTRUCTION,
2026-06-05,2026-05-22,0018846,cost_change,75480.0,0.0,-75480.0
2026-06-05,2026-05-22,0018933,cost_change,60000.0,0.0,-60000.0
2026-06-05,2026-05-22,0018997,status_change,PRE-CONSTRUCTION,UNDER-CONSTRUCTION,
2026-06-05,2026-05-22,0018998,status_change,PRE-CONSTRUCTION,UNDER-CONSTRUCTION,
2026-06-05,2026-05-22,0019017,awarded,,2025-10-03,
2026-06-05,2026-05-22,0019018,awarded,,2025-10-31,
2026-06-05,2026-05-22,0019019,awarded,,2026-02-06,
2026-06-05,2026-05-22,0019020,awarded,,2025-09-05,
2026-06-05,2026-05-22,0019022,awarded,,2024-07-16,
2026-06-05,2026-05-22,0019023,awarded,,2025-01-03,
2026-06-05,2026-05-22,0019028,awarded,,2023-06-30,
2026-06-05,2026-05-22,0019028,work_stopped,,2024-12-07,
2026-06-05,2026-05-22,0019029,awarded,,2023-08-04,
2026-06-05,2026-05-22,0019029,work_stopped,,2024-12-25,
2026-06-05,2026-05-22,0019030,awarded,,2023-08-04,
2026-06-05,2026-05-22,0019030,work_stopped,,2024-10-19,
2026-06-05,2026-05-22,0019031,awarded,,2023-08-04,
2026-06-05,2026-05-22,0019031,work_stopped,,2024-07-31,
2026-06-05,2026-05-22,0019032,awarded,,2024-10-04,
2026-06-05,2026-05-22,0019033,awarded,,2023-08-04,
2026-06-05,2026-05-22,0019033,work_stopped,,2024-09-27,
2026-06-05,2026-05-22,0019040,cost_change,5593777.27,5305277.27,-288500.0
2026-06-05,2026-05-22,0019043,awarded,,2024-05-31,
2026-06-05,2026-05-22,0019043,work_stopped,,2025-04-30,
2026-06-05,2026-05-22,0019045,cost_change,4800000.0,5518132.09,718132.09
2026-06-05,2026-05-22,0019048,cost_change,2974121.08,2977121.08,3000.0
2026-06-05,2026-05-22,0019049,awarded,,2023-06-30,
2026-06-05,2026-05-22,0019052,cost_change,3505000.0,3658000.0,153000.0
2026-06-05,2026-05-22,0019059,cost_change,1600000.0,2016166.85,416166.85
2026-06-05,2026-05-22,0019060,cost_change,4391572.46,4442556.27,50983.81
2026-06-05,2026-05-22,0019069,cost_change,3290942.55,3314916.48,23973.93
2026-06-05,2026-05-22,0019073,cost_change,2655521.17,2783848.6399999997,128327.47
2026-06-05,2026-05-22,0019083,cost_change,12500000.0,32422711.67,19922711.67
2026-06-05,2026-05-22,0019097,cost_change,7425000.0,8248000.0,823000.0
2026-06-05,2026-05-22,0019098,cost_change,6900000.0,7380049.47,480049.47
2026-06-05,2026-05-22,0019099,cost_change,1560000.0,7232408.12,5672408.12
2026-06-05,2026-05-22,0019115,cost_change,3150000.0,4913510.0,1763510.0
2026-06-05,2026-05-22,0019116,cost_change,1875000.0,2902242.38,1027242.38
2026-06-05,2026-05-22,0019130,awarded,,2023-06-30,
2026-06-05,2026-05-22,0019137,cost_change,2368109.31,0.0,-2368109.31
2026-06-05,2026-05-22,0019177,awarded,,2023-05-05,
2026-06-05,2026-05-22,0019177,work_stopped,,2024-10-19,
2026-06-05,2026-05-22,0019178,awarded,,2023-05-05,
2026-06-05,2026-05-22,0019178,work_stopped,,2024-04-30,
2026-06-05,2026-05-22,0019179,awarded,,2023-02-03,
2026-06-05,2026-05-22,0019179,work_stopped,,2024-03-01,
2026-06-05,2026-05-22,0019181,awarded,,2026-04-03,
2026-06-05,2026-05-22,0019196,cost_change,1883000.0,2551075.71,668075.71
2026-06-05,2026-05-22,0019197,awarded,,2023-06-30,
2026-06-05,2026-05-22,0019198,awarded,,2024-08-30,
2026-06-05,2026-05-22,0019198,work_stopped,,2025-06-04,
2026-06-05,2026-05-22,0019212,cost_change,26501477.2,29039477.2,2538000.0
2026-06-05,2026-05-22,0019215,cost_change,8436946.0,14274921.15,5837975.15
2026-06-05,2026-05-22,0019218,awarded,,2024-05-03,
2026-06-05,2026-05-22,0019223,awarded,,2024-08-02,
2026-06-05,2026-05-22,0019223,work_stopped,,2025-06-29,
2026-06-05,2026-05-22,0019224,awarded,,2024-08-02,
2026-06-05,2026-05-22,0019224,work_stopped,,2025-06-30,
2026-06-05,2026-05-22,0019225,awarded,,2023-10-06,
2026-06-05,2026-05-22,0019225,work_stopped,,2024-04-30,
2026-06-05,2026-05-22,0019226,awarded,,2024-12-06,
2026-06-05,2026-05-22,0019226,work_stopped,,2025-12-30,
2026-06-05,2026-05-22,0019227,awarded,,2024-11-01,
2026-06-05,2026-05-22,0019227,work_stopped,,2025-07-31,
2026-06-05,2026-05-22,0019228,awarded,,2024-12-06,
2026-06-05,2026-05-22,0019228,work_stopped,,2025-10-28,
2026-06-05,2026-05-22,0019229,awarded,,2024-08-02,
2026-06-05,2026-05-22,0019229,work_stopped,,2025-01-29,
2026-06-05,2026-05-22,0019230,awarded,,2024-08-30,
2026-06-05,2026-05-22,0019230,work_stopped,,2025-03-28,
2026-06-05,2026-05-22,0019231,awarded,,2023-10-06,
2026-06-05,2026-05-22,0019231,work_stopped,,2024-09-26,
2026-06-05,2026-05-22,0019232,awarded,,2024-08-30,
2026-06-05,2026-05-22,0019232,work_stopped,,2025-06-30,
2026-06-05,2026-05-22,0019233,awarded,,2024-11-01,
2026-06-05,2026-05-22,0019233,work_stopped,,2025-03-26,
2026-06-05,2026-05-22,0019234,awarded,,2023-10-06,
2026-06-05,2026-05-22,0019234,work_stopped,,2024-10-11,
2026-06-05,2026-05-22,0019235,awarded,,2024-08-30,
2026-06-05,2026-05-22,0019235,work_stopped,,2025-09-29,
2026-06-05,2026-05-22,0019236,awarded,,2024-08-02,
2026-06-05,2026-05-22,0019236,work_stopped,,2025-05-15,
2026-06-05,2026-05-22,0019237,awarded,,2024-08-02,
2026-06-05,2026-05-22,0019237,work_stopped,,2024-12-22,
2026-06-05,2026-05-22,0019238,awarded,,2023-10-06,
2026-06-05,2026-05-22,0019238,work_stopped,,2024-06-28,
2026-06-05,2026-05-22,0019239,awarded,,2024-12-06,
2026-06-05,2026-05-22,0019240,awarded,,2024-11-01,
2026-06-05,2026-05-22,0019240,work_stopped,,2026-04-20,
2026-06-05,2026-05-22,0019241,awarded,,2024-08-30,
2026-06-05,2026-05-22,0019241,work_stopped,,2025-09-26,
2026-06-05,2026-05-22,0019242,awarded,,2024-08-02,
2026-06-05,2026-05-22,0019242,work_stopped,,2025-05-30,
2026-06-05,2026-05-22,0019243,awarded,,2024-12-06,
2026-06-05,2026-05-22,0019243,work_stopped,,2025-07-31,
2026-06-05,2026-05-22,0019244,awarded,,2024-11-01,
2026-06-05,2026-05-22,0019244,work_stopped,,2025-06-24,
2026-06-05,2026-05-22,0019253,cost_change,21591049.11,3891049.11,-17700000.0
2026-06-05,2026-05-22,0019256,awarded,,2025-06-27,
2026-06-05,2026-05-22,0019257,awarded,,2025-10-03,
2026-06-05,2026-05-22,0019258,awarded,,2025-12-05,
2026-06-05,2026-05-22,0019259,awarded,,2025-09-05,
2026-06-05,2026-05-22,0019260,awarded,,2025-09-05,
2026-06-05,2026-05-22,0019261,awarded,,2026-04-03,
2026-06-05,2026-05-22,0019262,awarded,,2025-12-05,
2026-06-05,2026-05-22,0019263,awarded,,2026-02-06,
2026-06-05,2026-05-22,0019277,awarded,,2025-01-31,
2026-06-05,2026-05-22,0019277,work_stopped,,2026-03-31,
2026-06-05,2026-05-22,0019278,awarded,,2023-08-04,
2026-06-05,2026-05-22,0019278,work_stopped,,2024-11-01,
2026-06-05,2026-05-22,0019279,awarded,,2023-06-30,
2026-06-05,2026-05-22,0019279,work_stopped,,2024-09-30,
2026-06-05,2026-05-22,0019280,awarded,,2023-08-04,
2026-06-05,2026-05-22,0019280,work_stopped,,2024-07-31,
2026-06-05,2026-05-22,0019281,awarded,,2023-08-04,
2026-06-05,2026-05-22,0019281,work_stopped,,2024-11-26,
2026-06-05,2026-05-22,0019282,awarded,,2023-08-04,
2026-06-05,2026-05-22,0019282,work_stopped,,2024-07-31,
2026-06-05,2026-05-22,0019283,awarded,,2023-08-04,
2026-06-05,2026-05-22,0019283,work_stopped,,2024-07-31,
2026-06-05,2026-05-22,0019284,awarded,,2023-08-04,
2026-06-05,2026-05-22,0019284,work_stopped,,2024-08-31,
2026-06-05,2026-05-22,0019285,awarded,,2023-11-03,
2026-06-05,2026-05-22,0019285,work_stopped,,2024-10-31,
2026-06-05,2026-05-22,0019286,cost_change,7637622.85,7671622.85,34000.0
2026-06-05,2026-05-22,0019290,awarded,,2023-08-04,
2026-06-05,2026-05-22,0019290,work_stopped,,2024-07-31,
2026-06-05,2026-05-22,0019291,awarded,,2023-08-04,
2026-06-05,2026-05-22,0019291,work_stopped,,2024-10-09,
2026-06-05,2026-05-22,0019292,awarded,,2023-08-04,
2026-06-05,2026-05-22,0019292,work_stopped,,2024-09-11,
2026-06-05,2026-05-22,0019293,awarded,,2023-08-04,
2026-06-05,2026-05-22,0019293,work_stopped,,2024-07-30,
2026-06-05,2026-05-22,0019294,cost_change,7151091.53,8593368.780000001,1442277.25
2026-06-05,2026-05-22,0019333,awarded,,2023-08-04,
2026-06-05,2026-05-22,0019333,work_stopped,,2024-07-17,
2026-06-05,2026-05-22,0019334,awarded,,2024-05-31,
2026-06-05,2026-05-22,0019334,work_stopped,,2024-05-31,
2026-06-05,2026-05-22,0019335,awarded,,2023-08-04,
2026-06-05,2026-05-22,0019335,work_stopped,,2024-07-18,
2026-06-05,2026-05-22,0019336,awarded,,2024-02-02,
2026-06-05,2026-05-22,0019336,work_stopped,,2025-04-30,
2026-06-05,2026-05-22,0019348,awarded,,2025-08-01,
2026-06-05,2026-05-22,0019349,awarded,,2025-05-30,
2026-06-05,2026-05-22,0019355,cost_change,9898738.78,21479205.64,11580466.86
2026-06-05,2026-05-22,0019452,awarded,,2023-06-22,
2026-06-05,2026-05-22,0019452,work_stopped,,2025-05-14,
2026-06-05,2026-05-22,0019453,awarded,,2025-10-20,
2026-06-05,2026-05-22,0019453,work_stopped,,2026-10-15,
2026-06-05,2026-05-22,0019503,awarded,,2025-01-03,
2026-06-05,2026-05-22,0019503,work_stopped,,2025-11-30,
2026-06-05,2026-05-22,0019504,awarded,,2026-01-02,
2026-06-05,2026-05-22,0019505,awarded,,2026-01-02,
2026-06-05,2026-05-22,0019506,awarded,,2026-01-02,
2026-06-05,2026-05-22,0019507,awarded,,2026-01-02,
2026-06-05,2026-05-22,0019513,awarded,,2026-04-03,
2026-06-05,2026-05-22,0019514,awarded,,2024-07-05,
2026-06-05,2026-05-22,0019514,work_stopped,,2025-06-30,
2026-06-05,2026-05-22,0019518,awarded,,2025-08-01,
2026-06-05,2026-05-22,0019518,work_stopped,,2026-04-30,
2026-06-05,2026-05-22,0019541,awarded,,2024-04-05,
2026-06-05,2026-05-22,0019541,work_stopped,,2025-02-28,
2026-06-05,2026-05-22,0019545,awarded,,2023-09-01,
2026-06-05,2026-05-22,0019546,awarded,,2024-03-01,
2026-06-05,2026-05-22,0019554,awarded,,2025-04-04,
2026-06-05,2026-05-22,0019555,awarded,,2026-03-06,
2026-06-05,2026-05-22,0019558,awarded,,2025-09-05,
2026-06-05,2026-05-22,0019559,awarded,,2025-08-01,
2026-06-05,2026-05-22,0019611,awarded,,2025-08-01,
2026-06-05,2026-05-22,0019616,cost_change,16900000.0,17891152.45,991152.45
2026-06-05,2026-05-22,0019617,cost_change,9125000.0,10468911.58,1343911.58
2026-06-05,2026-05-22,0019624,awarded,,2023-08-04,
2026-06-05,2026-05-22,0019624,work_stopped,,2024-09-20,
2026-06-05,2026-05-22,0019631,cost_change,12974120.45,14025861.25,1051740.8
2026-06-05,2026-05-22,0019637,cost_change,34811000.0,55839900.0,21028900.0
2026-06-05,2026-05-22,0019654,cost_change,5165714.0,8004661.22,2838947.22
2026-06-05,2026-05-22,0019657,cost_change,5790204.82,0.0,-5790204.82
2026-06-05,2026-05-22,0019659,cost_change,5025519.07,0.0,-5025519.07
2026-06-05,2026-05-22,0019660,cost_change,4260714.0,0.0,-4260714.0
2026-06-05,2026-05-22,0019666,awarded,,2025-05-30,
2026-06-05,2026-05-22,0019667,awarded,,2024-07-05,
2026-06-05,2026-05-22,0019675,cost_change,1550893.0,4174839.33,2623946.33
2026-06-05,2026-05-22,0019678,awarded,,2025-05-30,
2026-06-05,2026-05-22,0019678,work_stopped,,2026-03-31,
2026-06-05,2026-05-22,0019683,cost_change,2810000.0,1096802.0699999998,-1713197.93
2026-06-05,2026-05-22,0019691,awarded,,2025-05-02,
2026-06-05,2026-05-22,0019696,awarded,,2025-07-07,
2026-06-05,2026-05-22,0019704,cost_change,1105000.0,1358031.33,253031.33
2026-06-05,2026-05-22,0019706,cost_change,3708000.0,6848737.05,3140737.05
2026-06-05,2026-05-22,0019709,awarded,,2026-01-02,
2026-06-05,2026-05-22,0019710,awarded,,2025-10-31,
2026-06-05,2026-05-22,0019711,awarded,,2026-01-02,
2026-06-05,2026-05-22,0019715,awarded,,2023-11-03,
2026-06-05,2026-05-22,0019715,work_stopped,,2024-10-31,
2026-06-05,2026-05-22,0019779,awarded,,2024-11-21,
2026-06-05,2026-05-22,0019796,awarded,,2025-01-21,
2026-06-05,2026-05-22,0019834,awarded,,2025-09-05,
2026-06-05,2026-05-22,0019835,awarded,,2025-07-04,
2026-06-05,2026-05-22,0019838,cost_change,4862658.6,4954162.3,91503.7
2026-06-05,2026-05-22,0019841,cost_change,5592811.13,6366811.13,774000.0
2026-06-05,2026-05-22,0019855,cost_change,4765500.0,4761258.85,-4241.15
2026-06-05,2026-05-22,0019867,awarded,,2025-10-31,
2026-06-05,2026-05-22,0019868,awarded,,2025-10-31,
2026-06-05,2026-05-22,0019869,awarded,,2025-05-02,
2026-06-05,2026-05-22,0019870,awarded,,2025-10-31,
2026-06-05,2026-05-22,0019871,awarded,,2025-05-02,
2026-06-05,2026-05-22,0019928,awarded,,2025-04-04,
2026-06-05,2026-05-22,0019928,work_stopped,,2026-01-13,
2026-06-05,2026-05-22,0019929,awarded,,2025-04-04,
2026-06-05,2026-05-22,0019929,work_stopped,,2026-01-23,
2026-06-05,2026-05-22,0019930,awarded,,2024-10-04,
2026-06-05,2026-05-22,0019930,work_stopped,,2025-05-31,
2026-06-05,2026-05-22,0019935,cost_change,29000000.0,37329747.94,8329747.94
2026-06-05,2026-05-22,0019936,cost_change,13000000.0,22551079.27,9551079.27
2026-06-05,2026-05-22,0019938,cost_change,6745000.0,12473286.78,5728286.78
2026-06-05,2026-05-22,0019939,cost_change,10290000.0,14760565.53,4470565.53
2026-06-05,2026-05-22,0019946,awarded,,2024-10-04,
2026-06-05,2026-05-22,0019946,work_stopped,,2025-05-31,
2026-06-05,2026-05-22,0019947,awarded,,2024-10-04,
2026-06-05,2026-05-22,0019947,work_stopped,,2025-03-21,
2026-06-05,2026-05-22,0019948,awarded,,2025-01-03,
2026-06-05,2026-05-22,0019948,work_stopped,,2025-06-25,
2026-06-05,2026-05-22,0019949,awarded,,2025-04-04,
2026-06-05,2026-05-22,0019949,work_stopped,,2025-11-28,
2026-06-05,2026-05-22,0019950,awarded,,2025-07-04,
2026-06-05,2026-05-22,0019951,awarded,,2025-01-03,
2026-06-05,2026-05-22,0019951,work_stopped,,2025-09-04,
2026-06-05,2026-05-22,0019952,awarded,,2025-04-04,
2026-06-05,2026-05-22,0019952,work_stopped,,2025-11-30,
2026-06-05,2026-05-22,0019953,awarded,,2025-01-03,
2026-06-05,2026-05-22,0019953,work_stopped,,2025-11-29,
2026-06-05,2026-05-22,0019954,status_change,UNDER-CONSTRUCTION,COMPLETED-CONSTRUCTION,
2026-06-05,2026-05-22,0019954,awarded,,2025-07-04,
2026-06-05,2026-05-22,0019954,work_stopped,,2026-04-30,
2026-06-05,2026-05-22,0019955,awarded,,2025-07-04,
2026-06-05,2026-05-22,0019956,awarded,,2025-04-04,
2026-06-05,2026-05-22,0019956,work_stopped,,2025-10-28,
2026-06-05,2026-05-22,0019957,awarded,,2024-10-04,
2026-06-05,2026-05-22,0019957,work_stopped,,2025-05-31,
2026-06-05,2026-05-22,0019960,awarded,,2025-01-03,
2026-06-05,2026-05-22,0019960,work_stopped,,2025-06-13,
2026-06-05,2026-05-22,0019961,awarded,,2025-07-04,
2026-06-05,2026-05-22,0019961,work_stopped,,2026-04-30,
2026-06-05,2026-05-22,0019962,awarded,,2025-07-04,
2026-06-05,2026-05-22,0019962,work_stopped,,2026-04-30,
2026-06-05,2026-05-22,0019964,awarded,,2025-12-05,
2026-06-05,2026-05-22,0020000,awarded,,2025-10-03,
2026-06-05,2026-05-22,0020014,awarded,,2024-12-06,
2026-06-05,2026-05-22,0020014,work_stopped,,2025-08-28,
2026-06-05,2026-05-22,0020015,awarded,,2025-01-03,
2026-06-05,2026-05-22,0020015,work_stopped,,2026-02-18,
2026-06-05,2026-05-22,0020046,cost_change,17475000.0,17178080.0,-296920.0
2026-06-05,2026-05-22,0020047,awarded,,2024-07-05,
2026-06-05,2026-05-22,0020047,work_stopped,,2025-08-25,
2026-06-05,2026-05-22,0020050,cost_change,30367562.32,398200.0,-29969362.32
2026-06-05,2026-05-22,0020053,awarded,,2025-04-02,
2026-06-05,2026-05-22,0020053,work_stopped,,2025-04-30,
2026-06-05,2026-05-22,0020107,awarded,,2025-07-04,
2026-06-05,2026-05-22,0020111,cost_change,1630000.0,1847357.46,217357.46
2026-06-05,2026-05-22,0020143,cost_change,6900000.0,7071961.15,171961.15
2026-06-05,2026-05-22,0020166,awarded,,2026-03-06,
2026-06-05,2026-05-22,0020167,cost_change,1549771.29,400000.0,-1149771.29
2026-06-05,2026-05-22,0020198,awarded,,2025-08-01,
2026-06-05,2026-05-22,0020200,cost_change,1620000.0,1770000.0,150000.0
2026-06-05,2026-05-22,0020260,cost_change,500000.0,2000000.0,1500000.0
2026-06-05,2026-05-22,0020261,cost_change,500000.0,2000000.0,1500000.0
2026-06-05,2026-05-22,0020263,awarded,,2026-05-21,
2026-06-05,2026-05-22,0020264,awarded,,2026-05-21,
2026-06-05,2026-05-22,0020274,cost_change,2889000.0,350000.0,-2539000.0
2026-06-05,2026-05-22,0020293,awarded,,2025-06-27,
2026-06-05,2026-05-22,0020382,awarded,,2025-09-05,
2026-06-05,2026-05-22,0020383,awarded,,2025-09-05,
2026-06-05,2026-05-22,0020395,cost_change,2300000.0,2270000.0,-30000.0
2026-06-05,2026-05-22,0020420,cost_change,1167000.0,0.0,-1167000.0
2026-06-05,2026-05-22,0020421,cost_change,3500000.0,0.0,-3500000.0
2026-06-05,2026-05-22,0020634,awarded,,2025-10-22,
2026-06-05,2026-05-22,0020635,awarded,,2025-04-04,
2026-06-05,2026-05-22,0020635,work_stopped,,2026-02-28,
2026-06-05,2026-05-22,0020727,cost_change,911811.78,0.0,-911811.78
2026-06-05,2026-05-22,0020728,awarded,,2026-03-06,
2026-06-05,2026-05-22,0020729,awarded,,2025-09-05,
2026-06-05,2026-05-22,0020737,awarded,,2025-08-01,
2026-06-05,2026-05-22,0020738,awarded,,2025-09-05,
2026-06-05,2026-05-22,0020745,awarded,,2025-08-01,
2026-06-05,2026-05-22,0020748,awarded,,2025-12-05,
2026-06-05,2026-05-22,0020758,awarded,,2025-12-05,
2026-06-05,2026-05-22,0020759,cost_change,2265005.0,2269342.98,4337.98
2026-06-05,2026-05-22,0020760,cost_change,4634926.0,4637926.0,3000.0
2026-06-05,2026-05-22,0020761,awarded,,2026-03-06,
2026-06-05,2026-05-22,0020764,awarded,,2025-09-05,
2026-06-05,2026-05-22,0020766,awarded,,2025-10-03,
2026-06-05,2026-05-22,0020767,awarded,,2025-10-03,
2026-06-05,2026-05-22,0020774,awarded,,2026-03-06,
2026-06-05,2026-05-22,0020793,awarded,,2026-03-06,
2026-06-05,2026-05-22,0020795,awarded,,2026-01-02,
2026-06-05,2026-05-22,0020951,awarded,,2025-07-04,
2026-06-05,2026-05-22,0020952,awarded,,2025-07-04,
2026-06-05,2026-05-22,0020953,awarded,,2025-07-04,
2026-06-05,2026-05-22,0020954,awarded,,2025-08-01,
2026-06-05,2026-05-22,0020955,awarded,,2025-09-05,
2026-06-05,2026-05-22,0021192,awarded,,2025-09-05,
2026-06-05,2026-05-22,0021205,cost_change,6000000.0,6700000.0,700000.0
2026-06-05,2026-05-22,0021255,cost_change,14878000.0,16245471.5,1367471.5
2026-06-05,2026-05-22,0021308,awarded,,2025-10-03,
2026-06-05,2026-05-22,0021309,awarded,,2025-10-30,
2026-06-05,2026-05-22,0021310,awarded,,2025-10-31,
2026-06-05,2026-05-22,0021311,awarded,,2025-10-31,
2026-06-05,2026-05-22,0021417,cost_change,1400000.0,1800000.0,400000.0
2026-06-05,2026-05-22,0021697,cost_change,3109660.9,3079660.9,-30000.0
2026-06-05,2026-05-22,121340-,awarded,,2016-04-22,
2026-06-05,2026-05-22,121690-,awarded,,2024-05-07,
2026-06-05,2026-05-22,122012-,awarded,,2017-10-20,
2026-06-05,2026-05-22,122017-,awarded,,2017-04-21,
2026-06-05,2026-05-22,122060-,cost_change,92641131.42,99680031.42,7038900.0
2026-06-05,2026-05-22,122064-,awarded,,2017-05-19,
2026-06-05,2026-05-22,122066-,awarded,,2017-05-19,
2026-06-05,2026-05-22,122150-,awarded,,2016-04-22,
2026-06-05,2026-05-22,122600-,awarded,,2020-10-16,
2026-06-05,2026-05-22,122890-,awarded,,2023-09-01,
2026-06-05,2026-05-22,122900-,awarded,,2025-01-16,
2026-06-05,2026-05-22,132950-,awarded,,2016-06-17,
2026-06-05,2026-05-22,132980-,awarded,,2018-01-19,
2026-06-05,2026-05-22,132981-,awarded,,2019-07-19,
2026-06-05,2026-05-22,132985-,awarded,,2013-04-15,
2026-06-05,2026-05-22,132986-,awarded,,2019-09-20,
2026-06-05,2026-05-22,142060-,awarded,,2014-08-01,
2026-06-05,2026-05-22,170940-,awarded,,2021-06-18,
2026-06-05,2026-05-22,210327-,awarded,,2018-10-19,
2026-06-05,2026-05-22,220680-,awarded,,2019-06-21,
2026-06-05,2026-05-22,222120-,awarded,,2021-05-21,
2026-06-05,2026-05-22,222150-,awarded,,2019-09-20,
2026-06-05,2026-05-22,222160-,awarded,,2021-04-16,
2026-06-05,2026-05-22,222170-,awarded,,2021-05-21,
2026-06-05,2026-05-22,222250-,awarded,,2015-06-19,
2026-06-05,2026-05-22,222255-,awarded,,2015-09-04,
2026-06-05,2026-05-22,222410-,awarded,,2017-08-18,
2026-06-05,2026-05-22,227815-,awarded,,2015-06-19,
2026-06-05,2026-05-22,227816-,awarded,,2015-06-19,
2026-06-05,2026-05-22,231210-,awarded,,2024-08-02,
2026-06-05,2026-05-22,231630-,awarded,,2016-11-18,
2026-06-05,2026-05-22,231635-,awarded,,2016-11-18,
2026-06-05,2026-05-22,242230-,awarded,,2016-09-30,
2026-06-05,2026-05-22,245090-,awarded,,2018-07-20,
2026-06-05,2026-05-22,245320-,awarded,,2015-12-18,
2026-06-05,2026-05-22,245325-,awarded,,2015-12-18,
2026-06-05,2026-05-22,262027-,awarded,,2024-02-29,
2026-06-05,2026-05-22,270900-,awarded,,2022-02-04,
2026-06-05,2026-05-22,311000-,awarded,,2017-02-03,
2026-06-05,2026-05-22,311005-,awarded,,2021-03-05,
2026-06-05,2026-05-22,311400-,awarded,,2025-08-20,
2026-06-05,2026-05-22,311410-,awarded,,2017-03-03,
2026-06-05,2026-05-22,311665-,awarded,,2015-10-16,
2026-06-05,2026-05-22,321530-,awarded,,2017-06-30,
2026-06-05,2026-05-22,321880-,awarded,,2017-10-06,
2026-06-05,2026-05-22,322050-,awarded,,2023-09-01,
2026-06-05,2026-05-22,322250-,awarded,,2022-11-15,
2026-06-05,2026-05-22,322470-,awarded,,2022-07-01,
2026-06-05,2026-05-22,331900-,awarded,,2025-01-31,
2026-06-05,2026-05-22,331910-,awarded,,2020-03-06,
2026-06-05,2026-05-22,332180-,awarded,,2023-06-02,
2026-06-05,2026-05-22,332820-,awarded,,2014-06-20,
2026-06-05,2026-05-22,333171-,awarded,,2018-08-17,
2026-06-05,2026-05-22,333176-,awarded,,2019-01-18,
2026-06-05,2026-05-22,342080-,awarded,,2018-08-10,
2026-06-05,2026-05-22,342880-,cost_change,5396087.09,5675132.0,279044.91
2026-06-05,2026-05-22,343455-,awarded,,2018-06-22,
2026-06-05,2026-05-22,350730-,awarded,,2016-06-17,
2026-06-05,2026-05-22,351090-,awarded,,2018-08-10,
2026-06-05,2026-05-22,351095-,awarded,,2018-08-10,
2026-06-05,2026-05-22,370860-,awarded,,2021-07-02,
2026-06-05,2026-05-22,371070-,cost_change,2350000.0,2300000.0,-50000.0
2026-06-05,2026-05-22,371121-,awarded,,2023-11-03,
2026-06-05,2026-05-22,371121-,work_stopped,,2025-05-17,
2026-06-05,2026-05-22,371150-,awarded,,2020-07-06,
2026-06-05,2026-05-22,421345-,awarded,,2020-03-20,
2026-06-05,2026-05-22,422120-,awarded,,2015-07-31,
2026-06-05,2026-05-22,422125-,awarded,,2015-07-31,
2026-06-05,2026-05-22,422380-,awarded,,2022-09-02,
2026-06-05,2026-05-22,422390-,awarded,,2025-08-01,
2026-06-05,2026-05-22,422470-,awarded,,2020-08-21,
2026-06-05,2026-05-22,431830-,awarded,,2016-03-18,
2026-06-05,2026-05-22,442951-,awarded,,2017-11-17,
2026-06-05,2026-05-22,521855-,awarded,,2023-05-05,
2026-06-05,2026-05-22,521855-,work_stopped,,2024-06-10,
2026-06-05,2026-05-22,522180-,awarded,,2020-10-16,
2026-06-05,2026-05-22,522190-,awarded,,2020-06-19,
2026-06-05,2026-05-22,522200-,awarded,,2024-05-07,
2026-06-05,2026-05-22,522220-,awarded,,2020-04-17,
2026-06-05,2026-05-22,522460-,awarded,,2018-08-17,
2026-06-05,2026-05-22,522570-,awarded,,2024-11-01,
2026-06-05,2026-05-22,522770-,awarded,,2015-07-02,
2026-06-05,2026-05-22,522775-,awarded,,2015-07-02,
2026-06-05,2026-05-22,522780-,awarded,,2015-11-20,
2026-06-05,2026-05-22,522790-,awarded,,2017-07-21,
2026-06-05,2026-05-22,532370-,awarded,,2018-04-20,
2026-06-05,2026-05-22,532650-,awarded,,2023-10-06,
2026-06-05,2026-05-22,570720-,awarded,,2020-06-19,
2026-06-05,2026-05-22,570940-,awarded,,2019-05-17,
2026-06-05,2026-05-22,570943-,awarded,,2021-02-19,
2026-06-05,2026-05-22,610890-,awarded,,2015-10-16,
2026-06-05,2026-05-22,621410-,awarded,,2020-06-19,
2026-06-05,2026-05-22,621530-,awarded,,2017-03-17,
2026-06-05,2026-05-22,621595-,awarded,,2018-09-21,
2026-06-05,2026-05-22,631260-,awarded,,2019-04-19,
2026-06-05,2026-05-22,631490-,awarded,,2022-05-26,
2026-06-05,2026-05-22,632885-,awarded,,2021-02-19,
2026-06-05,2026-05-22,642170-,awarded,,2022-04-06,
2026-06-05,2026-05-22,650540-,awarded,,2023-05-05,
2026-06-05,2026-05-22,662510-,awarded,,2016-04-22,
2026-06-05,2026-05-22,713210-,awarded,,2019-04-19,
2026-06-05,2026-05-22,713300-,awarded,,2022-05-06,
2026-06-05,2026-05-22,720970-,awarded,,2014-05-02,
2026-06-05,2026-05-22,721290-,awarded,,2023-06-02,
2026-06-05,2026-05-22,721440-,awarded,,2017-02-17,
2026-06-05,2026-05-22,721780-,awarded,,2020-11-20,
2026-06-05,2026-05-22,721790-,awarded,,2020-11-20,
2026-06-05,2026-05-22,722030-,awarded,,2019-09-20,
2026-06-05,2026-05-22,731048-,awarded,,2024-07-05,
2026-06-05,2026-05-22,731830-,awarded,,2019-04-19,
2026-06-05,2026-05-22,731865-,awarded,,2018-12-14,
2026-06-05,2026-05-22,751770-,awarded,,2021-08-20,
2026-06-05,2026-05-22,751775-,awarded,,2021-08-20,
2026-06-05,2026-05-22,751810-,awarded,,2017-02-21,
2026-06-05,2026-05-22,M003308,awarded,,2016-04-22,
2026-06-05,2026-05-22,M004417,awarded,,2023-12-29,
2026-06-05,2026-05-22,M004417,work_stopped,,2025-02-23,
2026-06-05,2026-05-22,M004721,awarded,,2018-12-14,
2026-06-05,2026-05-22,M004804,awarded,,2021-06-18,
2026-06-05,2026-05-22,M004805,awarded,,2018-05-18,
2026-06-05,2026-05-22,M004808,awarded,,2020-02-21,
2026-06-05,2026-05-22,M004819,awarded,,2023-02-03,
2026-06-05,2026-05-22,M004819,work_stopped,,2024-01-13,
2026-06-05,2026-05-22,M004828,awarded,,2021-11-05,
2026-06-05,2026-05-22,M004842,awarded,,2022-04-01,
2026-06-05,2026-05-22,M004845,awarded,,2019-08-16,
2026-06-05,2026-05-22,M004853,awarded,,2020-04-17,
2026-06-05,2026-05-22,M004879,awarded,,2020-02-21,
2026-06-05,2026-05-22,M004921,awarded,,2018-12-14,
2026-06-05,2026-05-22,M004922,awarded,,2018-04-20,
2026-06-05,2026-05-22,M004935,awarded,,2019-06-21,
2026-06-05,2026-05-22,M004941,awarded,,2021-02-19,
2026-06-05,2026-05-22,M004952,awarded,,2021-01-22,
2026-06-05,2026-05-22,M004959,awarded,,2018-12-14,
2026-06-05,2026-05-22,M004960,awarded,,2019-06-21,
2026-06-05,2026-05-22,M004962,awarded,,2022-07-01,
2026-06-05,2026-05-22,M004962,work_stopped,,2023-09-12,
2026-06-05,2026-05-22,M004965,awarded,,2022-11-04,
2026-06-05,2026-05-22,M004965,work_stopped,,2023-09-30,
2026-06-05,2026-05-22,M004967,awarded,,2019-03-22,
2026-06-05,2026-05-22,M004974,awarded,,2022-03-04,
2026-06-05,2026-05-22,M004990,awarded,,2019-06-16,
2026-06-05,2026-05-22,M004997,awarded,,2019-03-22,
2026-06-05,2026-05-22,M005001,awarded,,2021-02-05,
2026-06-05,2026-05-22,M005002,awarded,,2023-03-03,
2026-06-05,2026-05-22,M005002,work_stopped,,2024-01-31,
2026-06-05,2026-05-22,M005003,awarded,,2018-07-20,
2026-06-05,2026-05-22,M005004,awarded,,2018-11-30,
2026-06-05,2026-05-22,M005033,awarded,,2022-07-01,
2026-06-05,2026-05-22,M005033,work_stopped,,2023-05-31,
2026-06-05,2026-05-22,M005037,awarded,,2020-05-22,
2026-06-05,2026-05-22,M005044,awarded,,2023-01-06,
2026-06-05,2026-05-22,M005044,work_stopped,,2023-11-30,
2026-06-05,2026-05-22,M005046,awarded,,2020-01-17,
2026-06-05,2026-05-22,M005051,awarded,,2019-08-16,
2026-06-05,2026-05-22,M005056,awarded,,2018-04-20,
2026-06-05,2026-05-22,M005059,awarded,,2020-08-21,
2026-06-05,2026-05-22,M005065,awarded,,2018-12-14,
2026-06-05,2026-05-22,M005066,awarded,,2021-11-05,
2026-06-05,2026-05-22,M005070,awarded,,2018-09-21,
2026-06-05,2026-05-22,M005071,awarded,,2018-11-02,
2026-06-05,2026-05-22,M005074,awarded,,2025-08-01,
2026-06-05,2026-05-22,M005075,awarded,,2017-12-15,
2026-06-05,2026-05-22,M005081,awarded,,2019-03-22,
2026-06-05,2026-05-22,M005085,awarded,,2018-08-17,
2026-06-05,2026-05-22,M005086,awarded,,2019-12-20,
2026-06-05,2026-05-22,M005091,awarded,,2024-05-31,
2026-06-05,2026-05-22,M005091,work_stopped,,2025-07-06,
2026-06-05,2026-05-22,M005099,awarded,,2023-05-05,
2026-06-05,2026-05-22,M005099,work_stopped,,2024-03-31,
2026-06-05,2026-05-22,M005103,awarded,,2020-05-22,
2026-06-05,2026-05-22,M005104,awarded,,2020-08-21,
2026-06-05,2026-05-22,M005130,awarded,,2025-01-03,
2026-06-05,2026-05-22,M005130,work_stopped,,2025-11-30,
2026-06-05,2026-05-22,M005133,awarded,,2021-03-05,
2026-06-05,2026-05-22,M005142,awarded,,2019-11-22,
2026-06-05,2026-05-22,M005150,awarded,,2021-04-16,
2026-06-05,2026-05-22,M005151,awarded,,2021-12-03,
2026-06-05,2026-05-22,M005154,awarded,,2021-03-19,
2026-06-05,2026-05-22,M005157,awarded,,2020-12-31,
2026-06-05,2026-05-22,M005158,awarded,,2021-04-30,
2026-06-05,2026-05-22,M005159,awarded,,2025-10-31,
2026-06-05,2026-05-22,M005160,awarded,,2022-04-01,
2026-06-05,2026-05-22,M005161,cost_change,115283.0,0.0,-115283.0
2026-06-05,2026-05-22,M005166,awarded,,2021-07-16,
2026-06-05,2026-05-22,M005167,awarded,,2018-09-21,
2026-06-05,2026-05-22,M005173,awarded,,2022-07-01,
2026-06-05,2026-05-22,M005173,work_stopped,,2023-09-13,
2026-06-05,2026-05-22,M005176,awarded,,2025-06-27,
2026-06-05,2026-05-22,M005186,awarded,,2020-11-20,
2026-06-05,2026-05-22,M005190,awarded,,2019-07-19,
2026-06-05,2026-05-22,M005193,awarded,,2018-11-30,
2026-06-05,2026-05-22,M005199,awarded,,2019-01-18,
2026-06-05,2026-05-22,M005204,awarded,,2022-02-04,
2026-06-05,2026-05-22,M005209,awarded,,2018-08-17,
2026-06-05,2026-05-22,M005210,awarded,,2025-05-02,
2026-06-05,2026-05-22,M005215,awarded,,2021-06-04,
2026-06-05,2026-05-22,M005216,awarded,,2025-12-05,
2026-06-05,2026-05-22,M005218,awarded,,2020-03-20,
2026-06-05,2026-05-22,M005220,awarded,,2019-06-21,
2026-06-05,2026-05-22,M005241,awarded,,2019-10-18,
2026-06-05,2026-05-22,M005243,awarded,,2021-01-22,
2026-06-05,2026-05-22,M005245,awarded,,2021-03-05,
2026-06-05,2026-05-22,M005246,awarded,,2017-08-18,
2026-06-05,2026-05-22,M005247,awarded,,2019-06-21,
2026-06-05,2026-05-22,M005248,awarded,,2019-04-19,
2026-06-05,2026-05-22,M005251,awarded,,2019-06-21,
2026-06-05,2026-05-22,M005252,awarded,,2021-09-02,
2026-06-05,2026-05-22,M005253,awarded,,2019-10-18,
2026-06-05,2026-05-22,M005256,awarded,,2020-05-22,
2026-06-05,2026-05-22,M005261,awarded,,2021-04-05,
2026-06-05,2026-05-22,M005262,awarded,,2022-11-04,
2026-06-05,2026-05-22,M005262,work_stopped,,2023-09-30,
2026-06-05,2026-05-22,M005263,awarded,,2020-07-17,
2026-06-05,2026-05-22,M005264,awarded,,2021-12-03,
2026-06-05,2026-05-22,M005267,awarded,,2024-02-02,
2026-06-05,2026-05-22,M005267,work_stopped,,2024-08-13,
2026-06-05,2026-05-22,M005275,awarded,,2020-11-20,
2026-06-05,2026-05-22,M005283,awarded,,2024-12-06,
2026-06-05,2026-05-22,M005283,work_stopped,,2025-10-15,
2026-06-05,2026-05-22,M005285,awarded,,2019-12-20,
2026-06-05,2026-05-22,M005287,awarded,,2018-02-16,
2026-06-05,2026-05-22,M005288,awarded,,2023-10-06,
2026-06-05,2026-05-22,M005288,work_stopped,,2024-08-27,
2026-06-05,2026-05-22,M005289,awarded,,2026-04-03,
2026-06-05,2026-05-22,M005291,awarded,,2026-04-03,
2026-06-05,2026-05-22,M005292,awarded,,2018-09-21,
2026-06-05,2026-05-22,M005293,awarded,,2018-08-17,
2026-06-05,2026-05-22,M005297,awarded,,2019-06-21,
2026-06-05,2026-05-22,M005300,awarded,,2020-05-22,
2026-06-05,2026-05-22,M005312,awarded,,2019-08-16,
2026-06-05,2026-05-22,M005332,awarded,,2019-11-22,
2026-06-05,2026-05-22,M005333,awarded,,2019-09-20,
2026-06-05,2026-05-22,M005337,awarded,,2021-05-21,
2026-06-05,2026-05-22,M005339,awarded,,2018-12-14,
2026-06-05,2026-05-22,M005340,awarded,,2019-10-18,
2026-06-05,2026-05-22,M005347,awarded,,2018-12-14,
2026-06-05,2026-05-22,M005351,awarded,,2021-12-03,
2026-06-05,2026-05-22,M005360,awarded,,2019-03-22,
2026-06-05,2026-05-22,M005365,awarded,,2019-08-16,
2026-06-05,2026-05-22,M005366,awarded,,2016-05-20,
2026-06-05,2026-05-22,M005367,awarded,,2020-05-22,
2026-06-05,2026-05-22,M005395,awarded,,2019-06-21,
2026-06-05,2026-05-22,M005396,awarded,,2019-08-16,
2026-06-05,2026-05-22,M005401,awarded,,2020-03-20,
2026-06-05,2026-05-22,M005411,awarded,,2019-08-16,
2026-06-05,2026-05-22,M005430,awarded,,2017-10-20,
2026-06-05,2026-05-22,M005432,awarded,,2017-11-17,
2026-06-05,2026-05-22,M005451,awarded,,2018-09-21,
2026-06-05,2026-05-22,M005540,awarded,,2017-03-17,
2026-06-05,2026-05-22,M005568,awarded,,2017-07-21,
2026-06-05,2026-05-22,M005569,awarded,,2018-08-17,
2026-06-05,2026-05-22,M005570,awarded,,2021-01-22,
2026-06-05,2026-05-22,M005571,awarded,,2018-07-20,
2026-06-05,2026-05-22,M005572,awarded,,2019-08-16,
2026-06-05,2026-05-22,M005573,awarded,,2019-09-20,
2026-06-05,2026-05-22,M005575,awarded,,2018-11-02,
2026-06-05,2026-05-22,M005578,awarded,,2018-08-17,
2026-06-05,2026-05-22,M005584,awarded,,2019-05-17,
2026-06-05,2026-05-22,M005586,awarded,,2018-08-17,
2026-06-05,2026-05-22,M005587,awarded,,2019-06-21,
2026-06-05,2026-05-22,M005588,awarded,,2018-07-20,
2026-06-05,2026-05-22,M005590,awarded,,2021-01-22,
2026-06-05,2026-05-22,M005595,awarded,,2018-09-21,
2026-06-05,2026-05-22,M005599,awarded,,2024-12-06,
2026-06-05,2026-05-22,M005599,work_stopped,,2025-09-19,
2026-06-05,2026-05-22,M005601,awarded,,2023-02-03,
2026-06-05,2026-05-22,M005601,work_stopped,,2023-12-31,
2026-06-05,2026-05-22,M005603,awarded,,2019-04-19,
2026-06-05,2026-05-22,M005607,awarded,,2019-06-21,
2026-06-05,2026-05-22,M005609,awarded,,2017-07-25,
2026-06-05,2026-05-22,M005610,awarded,,2020-03-18,
2026-06-05,2026-05-22,M005613,awarded,,2019-11-22,
2026-06-05,2026-05-22,M005614,awarded,,2020-08-21,
2026-06-05,2026-05-22,M005616,awarded,,2020-02-21,
2026-06-05,2026-05-22,M005626,awarded,,2017-12-15,
2026-06-05,2026-05-22,M005634,awarded,,2021-06-18,
2026-06-05,2026-05-22,M005637,awarded,,2018-08-17,
2026-06-05,2026-05-22,M005638,awarded,,2019-03-22,
2026-06-05,2026-05-22,M005639,awarded,,2018-04-20,
2026-06-05,2026-05-22,M005642,awarded,,2020-12-18,
2026-06-05,2026-05-22,M005645,awarded,,2019-03-22,
2026-06-05,2026-05-22,M005647,awarded,,2018-01-19,
2026-06-05,2026-05-22,M005649,awarded,,2017-11-17,
2026-06-05,2026-05-22,M005652,awarded,,2018-01-19,
2026-06-05,2026-05-22,M005653,awarded,,2019-03-22,
2026-06-05,2026-05-22,M005658,awarded,,2018-04-20,
2026-06-05,2026-05-22,M005663,awarded,,2018-09-21,
2026-06-05,2026-05-22,M005664,awarded,,2019-11-22,
2026-06-05,2026-05-22,M005667,awarded,,2017-12-15,
2026-06-05,2026-05-22,M005668,awarded,,2018-05-18,
2026-06-05,2026-05-22,M005669,awarded,,2020-01-01,
2026-06-05,2026-05-22,M005670,awarded,,2017-09-22,
2026-06-05,2026-05-22,M005674,awarded,,2018-11-30,
2026-06-05,2026-05-22,M005675,awarded,,2019-08-16,
2026-06-05,2026-05-22,M005676,awarded,,2018-09-21,
2026-06-05,2026-05-22,M005677,awarded,,2019-08-16,
2026-06-05,2026-05-22,M005678,awarded,,2019-08-16,
2026-06-05,2026-05-22,M005682,awarded,,2018-06-22,
2026-06-05,2026-05-22,M005685,awarded,,2018-10-05,
2026-06-05,2026-05-22,M005686,awarded,,2018-07-20,
2026-06-05,2026-05-22,M005687,awarded,,2018-11-30,
2026-06-05,2026-05-22,M005689,awarded,,2018-09-21,
2026-06-05,2026-05-22,M005690,awarded,,2018-11-30,
2026-06-05,2026-05-22,M005699,awarded,,2018-12-14,
2026-06-05,2026-05-22,M005700,awarded,,2020-01-17,
2026-06-05,2026-05-22,M005701,awarded,,2018-04-20,
2026-06-05,2026-05-22,M005704,awarded,,2018-08-17,
2026-06-05,2026-05-22,M005705,awarded,,2018-11-02,
2026-06-05,2026-05-22,M005708,awarded,,2018-07-20,
2026-06-05,2026-05-22,M005709,awarded,,2019-06-21,
2026-06-05,2026-05-22,M005710,awarded,,2019-08-16,
2026-06-05,2026-05-22,M005713,awarded,,2018-03-16,
2026-06-05,2026-05-22,M005716,awarded,,2019-07-19,
2026-06-05,2026-05-22,M005719,awarded,,2017-12-15,
2026-06-05,2026-05-22,M005721,awarded,,2018-08-17,
2026-06-05,2026-05-22,M005722,awarded,,2018-10-05,
2026-06-05,2026-05-22,M005724,awarded,,2018-07-20,
2026-06-05,2026-05-22,M005725,awarded,,2020-05-22,
2026-06-05,2026-05-22,M005727,awarded,,2019-08-16,
2026-06-05,2026-05-22,M005728,awarded,,2018-12-14,
2026-06-05,2026-05-22,M005729,awarded,,2018-11-30,
2026-06-05,2026-05-22,M005730,awarded,,2018-08-17,
2026-06-05,2026-05-22,M005731,awarded,,2018-07-20,
2026-06-05,2026-05-22,M005732,awarded,,2018-08-17,
2026-06-05,2026-05-22,M005733,awarded,,2018-11-02,
2026-06-05,2026-05-22,M005734,awarded,,2018-09-21,
2026-06-05,2026-05-22,M005735,awarded,,2018-12-14,
2026-06-05,2026-05-22,M005736,awarded,,2018-11-30,
2026-06-05,2026-05-22,M005737,awarded,,2019-06-21,
2026-06-05,2026-05-22,M005738,awarded,,2018-09-21,
2026-06-05,2026-05-22,M005740,awarded,,2019-11-22,
2026-06-05,2026-05-22,M005741,awarded,,2019-12-20,
2026-06-05,2026-05-22,M005742,awarded,,2020-01-17,
2026-06-05,2026-05-22,M005743,awarded,,2019-10-18,
2026-06-05,2026-05-22,M005744,awarded,,2021-06-18,
2026-06-05,2026-05-22,M005745,awarded,,2021-09-02,
2026-06-05,2026-05-22,M005746,awarded,,2025-08-01,
2026-06-05,2026-05-22,M005747,awarded,,2021-12-31,
2026-06-05,2026-05-22,M005748,awarded,,2023-12-01,
2026-06-05,2026-05-22,M005748,work_stopped,,2024-10-30,
2026-06-05,2026-05-22,M005750,awarded,,2025-08-01,
2026-06-05,2026-05-22,M005751,awarded,,2021-10-01,
2026-06-05,2026-05-22,M005752,awarded,,2022-07-01,
2026-06-05,2026-05-22,M005752,work_stopped,,2023-06-09,
2026-06-05,2026-05-22,M005753,awarded,,2019-04-19,
2026-06-05,2026-05-22,M005754,awarded,,2019-03-22,
2026-06-05,2026-05-22,M005757,awarded,,2022-04-01,
2026-06-05,2026-05-22,M005758,awarded,,2019-06-21,
2026-06-05,2026-05-22,M005759,awarded,,2019-03-22,
2026-06-05,2026-05-22,M005761,awarded,,2020-07-17,
2026-06-05,2026-05-22,M005762,awarded,,2020-07-17,
2026-06-05,2026-05-22,M005763,awarded,,2018-07-20,
2026-06-05,2026-05-22,M005764,awarded,,2018-08-17,
2026-06-05,2026-05-22,M005766,awarded,,2018-11-13,
2026-06-05,2026-05-22,M005767,awarded,,2018-12-14,
2026-06-05,2026-05-22,M005768,awarded,,2018-06-22,
2026-06-05,2026-05-22,M005769,awarded,,2018-12-14,
2026-06-05,2026-05-22,M005770,awarded,,2019-03-22,
2026-06-05,2026-05-22,M005771,awarded,,2019-06-21,
2026-06-05,2026-05-22,M005772,awarded,,2020-05-22,
2026-06-05,2026-05-22,M005773,awarded,,2019-06-21,
2026-06-05,2026-05-22,M005774,awarded,,2018-06-22,
2026-06-05,2026-05-22,M005775,awarded,,2019-06-21,
2026-06-05,2026-05-22,M005776,awarded,,2019-03-22,
2026-06-05,2026-05-22,M005777,awarded,,2019-07-19,
2026-06-05,2026-05-22,M005778,awarded,,2019-08-16,
2026-06-05,2026-05-22,M005779,awarded,,2019-11-22,
2026-06-05,2026-05-22,M005780,awarded,,2019-06-21,
2026-06-05,2026-05-22,M005781,awarded,,2019-12-20,
2026-06-05,2026-05-22,M005782,awarded,,2019-12-20,
2026-06-05,2026-05-22,M005783,awarded,,2020-01-17,
2026-06-05,2026-05-22,M005784,awarded,,2018-07-20,
2026-06-05,2026-05-22,M005785,awarded,,2020-02-21,
2026-06-05,2026-05-22,M005786,awarded,,2020-02-21,
2026-06-05,2026-05-22,M005788,awarded,,2018-12-14,
2026-06-05,2026-05-22,M005789,awarded,,2019-03-22,
2026-06-05,2026-05-22,M005790,awarded,,2018-08-17,
2026-06-05,2026-05-22,M005791,awarded,,2019-06-21,
2026-06-05,2026-05-22,M005792,awarded,,2019-07-19,
2026-06-05,2026-05-22,M005793,awarded,,2019-08-16,
2026-06-05,2026-05-22,M005794,awarded,,2020-02-21,
2026-06-05,2026-05-22,M005796,awarded,,2019-03-22,
2026-06-05,2026-05-22,M005797,awarded,,2020-03-20,
2026-06-05,2026-05-22,M005798,awarded,,2018-08-17,
2026-06-05,2026-05-22,M005799,awarded,,2019-06-21,
2026-06-05,2026-05-22,M005800,awarded,,2018-09-21,
2026-06-05,2026-05-22,M005801,awarded,,2018-09-21,
2026-06-05,2026-05-22,M005802,awarded,,2020-04-17,
2026-06-05,2026-05-22,M005803,awarded,,2018-12-14,
2026-06-05,2026-05-22,M005805,awarded,,2019-03-22,
2026-06-05,2026-05-22,M005806,awarded,,2019-12-20,
2026-06-05,2026-05-22,M005807,awarded,,2019-11-22,
2026-06-05,2026-05-22,M005808,awarded,,2020-02-21,
2026-06-05,2026-05-22,M005809,awarded,,2019-03-22,
2026-06-05,2026-05-22,M005810,awarded,,2019-06-21,
2026-06-05,2026-05-22,M005811,awarded,,2019-10-18,
2026-06-05,2026-05-22,M005812,awarded,,2019-03-22,
2026-06-05,2026-05-22,M005813,awarded,,2020-02-21,
2026-06-05,2026-05-22,M005814,awarded,,2019-09-20,
2026-06-05,2026-05-22,M005815,awarded,,2019-03-22,
2026-06-05,2026-05-22,M005817,awarded,,2019-03-22,
2026-06-05,2026-05-22,M005818,awarded,,2019-12-20,
2026-06-05,2026-05-22,M005819,awarded,,2019-08-16,
2026-06-05,2026-05-22,M005820,awarded,,2019-06-21,
2026-06-05,2026-05-22,M005822,awarded,,2019-07-19,
2026-06-05,2026-05-22,M005823,awarded,,2019-06-21,
2026-06-05,2026-05-22,M005824,awarded,,2021-01-22,
2026-06-05,2026-05-22,M005825,awarded,,2021-06-04,
2026-06-05,2026-05-22,M005826,awarded,,2020-03-20,
2026-06-05,2026-05-22,M005827,awarded,,2018-09-21,
2026-06-05,2026-05-22,M005829,awarded,,2020-11-20,
2026-06-05,2026-05-22,M005830,awarded,,2020-07-17,
2026-06-05,2026-05-22,M005831,awarded,,2018-04-20,
2026-06-05,2026-05-22,M005833,awarded,,2023-02-03,
2026-06-05,2026-05-22,M005833,work_stopped,,2023-12-30,
2026-06-05,2026-05-22,M005834,awarded,,2020-04-17,
2026-06-05,2026-05-22,M005838,awarded,,2019-11-22,
2026-06-05,2026-05-22,M005839,awarded,,2020-07-17,
2026-06-05,2026-05-22,M005840,awarded,,2019-07-19,
2026-06-05,2026-05-22,M005841,awarded,,2019-08-16,
2026-06-05,2026-05-22,M005842,awarded,,2019-08-16,
2026-06-05,2026-05-22,M005843,awarded,,2018-06-22,
2026-06-05,2026-05-22,M005844,awarded,,2018-06-22,
2026-06-05,2026-05-22,M005845,awarded,,2018-07-20,
2026-06-05,2026-05-22,M005846,awarded,,2018-07-20,
2026-06-05,2026-05-22,M005847,awarded,,2018-07-20,
2026-06-05,2026-05-22,M005848,awarded,,2018-07-20,
2026-06-05,2026-05-22,M005853,awarded,,2018-07-20,
2026-06-05,2026-05-22,M005855,awarded,,2018-09-21,
2026-06-05,2026-05-22,M005856,awarded,,2019-06-21,
2026-06-05,2026-05-22,M005857,awarded,,2018-11-30,
2026-06-05,2026-05-22,M005858,awarded,,2019-04-19,
2026-06-05,2026-05-22,M005859,awarded,,2019-03-22,
2026-06-05,2026-05-22,M005860,awarded,,2019-03-22,
2026-06-05,2026-05-22,M005861,awarded,,2019-05-17,
2026-06-05,2026-05-22,M005862,awarded,,2020-07-31,
2026-06-05,2026-05-22,M005864,awarded,,2019-03-22,
2026-06-05,2026-05-22,M005865,awarded,,2018-12-14,
2026-06-05,2026-05-22,M005866,awarded,,2019-11-22,
2026-06-05,2026-05-22,M005867,awarded,,2020-01-17,
2026-06-05,2026-05-22,M005869,awarded,,2020-02-21,
2026-06-05,2026-05-22,M005870,awarded,,2020-08-21,
2026-06-05,2026-05-22,M005871,awarded,,2020-07-17,
2026-06-05,2026-05-22,M005872,awarded,,2020-11-20,
2026-06-05,2026-05-22,M005873,awarded,,2020-03-20,
2026-06-05,2026-05-22,M005874,awarded,,2020-02-21,
2026-06-05,2026-05-22,M005875,awarded,,2020-12-18,
2026-06-05,2026-05-22,M005876,awarded,,2021-07-16,
2026-06-05,2026-05-22,M005877,awarded,,2019-07-19,
2026-06-05,2026-05-22,M005878,awarded,,2025-10-31,
2026-06-05,2026-05-22,M005879,awarded,,2019-08-16,
2026-06-05,2026-05-22,M005880,awarded,,2020-09-18,
2026-06-05,2026-05-22,M005881,awarded,,2024-12-06,
2026-06-05,2026-05-22,M005881,work_stopped,,2025-11-17,
2026-06-05,2026-05-22,M005882,awarded,,2020-07-17,
2026-06-05,2026-05-22,M005883,awarded,,2020-01-17,
2026-06-05,2026-05-22,M005884,awarded,,2019-03-22,
2026-06-05,2026-05-22,M005885,awarded,,2019-04-19,
2026-06-05,2026-05-22,M005886,awarded,,2019-04-19,
2026-06-05,2026-05-22,M005887,awarded,,2019-11-22,
2026-06-05,2026-05-22,M005888,awarded,,2019-06-21,
2026-06-05,2026-05-22,M005889,awarded,,2019-05-17,
2026-06-05,2026-05-22,M005890,awarded,,2019-07-19,
2026-06-05,2026-05-22,M005891,awarded,,2020-05-22,
2026-06-05,2026-05-22,M005892,awarded,,2019-08-16,
2026-06-05,2026-05-22,M005894,awarded,,2019-06-21,
2026-06-05,2026-05-22,M005895,awarded,,2019-11-22,
2026-06-05,2026-05-22,M005896,awarded,,2019-11-22,
2026-06-05,2026-05-22,M005897,awarded,,2020-04-17,
2026-06-05,2026-05-22,M005898,awarded,,2020-04-17,
2026-06-05,2026-05-22,M005899,awarded,,2019-06-21,
2026-06-05,2026-05-22,M005900,awarded,,2019-11-22,
2026-06-05,2026-05-22,M005901,awarded,,2020-02-21,
2026-06-05,2026-05-22,M005902,awarded,,2019-12-20,
2026-06-05,2026-05-22,M005903,awarded,,2020-01-17,
2026-06-05,2026-05-22,M005904,awarded,,2019-11-22,
2026-06-05,2026-05-22,M005905,awarded,,2020-07-17,
2026-06-05,2026-05-22,M005906,awarded,,2020-09-18,
2026-06-05,2026-05-22,M005907,awarded,,2020-12-18,
2026-06-05,2026-05-22,M005908,awarded,,2020-05-22,
2026-06-05,2026-05-22,M005909,awarded,,2021-04-30,
2026-06-05,2026-05-22,M005910,awarded,,2021-04-30,
2026-06-05,2026-05-22,M005911,awarded,,2019-06-21,
2026-06-05,2026-05-22,M005912,awarded,,2020-03-20,
2026-06-05,2026-05-22,M005913,awarded,,2019-03-22,
2026-06-05,2026-05-22,M005914,awarded,,2019-03-22,
2026-06-05,2026-05-22,M005915,awarded,,2021-02-19,
2026-06-05,2026-05-22,M005916,awarded,,2021-05-21,
2026-06-05,2026-05-22,M005917,awarded,,2020-09-18,
2026-06-05,2026-05-22,M005918,awarded,,2021-01-22,
2026-06-05,2026-05-22,M005919,awarded,,2020-04-17,
2026-06-05,2026-05-22,M005920,awarded,,2020-05-22,
2026-06-05,2026-05-22,M005921,awarded,,2020-10-16,
2026-06-05,2026-05-22,M005922,awarded,,2020-05-22,
2026-06-05,2026-05-22,M005923,awarded,,2020-07-17,
2026-06-05,2026-05-22,M005924,awarded,,2020-08-21,
2026-06-05,2026-05-22,M005925,awarded,,2020-07-17,
2026-06-05,2026-05-22,M005926,awarded,,2020-10-16,
2026-06-05,2026-05-22,M005927,awarded,,2020-11-20,
2026-06-05,2026-05-22,M005928,awarded,,2020-03-20,
2026-06-05,2026-05-22,M005929,awarded,,2019-03-22,
2026-06-05,2026-05-22,M005930,awarded,,2019-04-19,
2026-06-05,2026-05-22,M005931,awarded,,2019-02-22,
2026-06-05,2026-05-22,M005932,awarded,,2019-05-17,
2026-06-05,2026-05-22,M005933,awarded,,2019-04-19,
2026-06-05,2026-05-22,M005934,awarded,,2019-03-22,
2026-06-05,2026-05-22,M005935,awarded,,2019-05-17,
2026-06-05,2026-05-22,M005936,awarded,,2019-05-17,
2026-06-05,2026-05-22,M005938,awarded,,2019-04-19,
2026-06-05,2026-05-22,M005939,awarded,,2019-05-17,
2026-06-05,2026-05-22,M005940,awarded,,2019-03-22,
2026-06-05,2026-05-22,M005942,awarded,,2019-03-22,
2026-06-05,2026-05-22,M005943,awarded,,2020-04-17,
2026-06-05,2026-05-22,M005946,awarded,,2019-03-22,
2026-06-05,2026-05-22,M005947,awarded,,2019-10-18,
2026-06-05,2026-05-22,M005949,awarded,,2019-12-20,
2026-06-05,2026-05-22,M005950,awarded,,2020-01-17,
2026-06-05,2026-05-22,M005952,awarded,,2020-03-20,
2026-06-05,2026-05-22,M005953,awarded,,2021-09-03,
2026-06-05,2026-05-22,M005954,awarded,,2021-10-01,
2026-06-05,2026-05-22,M005955,awarded,,2022-08-05,
2026-06-05,2026-05-22,M005955,work_stopped,,2024-12-07,
2026-06-05,2026-05-22,M005956,awarded,,2020-01-17,
2026-06-05,2026-05-22,M005957,awarded,,2020-01-17,
2026-06-05,2026-05-22,M005958,awarded,,2020-01-17,
2026-06-05,2026-05-22,M005959,awarded,,2020-01-17,
2026-06-05,2026-05-22,M005960,awarded,,2020-01-17,
2026-06-05,2026-05-22,M005961,awarded,,2020-09-18,
2026-06-05,2026-05-22,M005962,awarded,,2021-07-16,
2026-06-05,2026-05-22,M005963,awarded,,2020-04-17,
2026-06-05,2026-05-22,M005964,awarded,,2021-06-18,
2026-06-05,2026-05-22,M005965,awarded,,2019-11-22,
2026-06-05,2026-05-22,M005966,awarded,,2021-06-18,
2026-06-05,2026-05-22,M005967,awarded,,2019-11-22,
2026-06-05,2026-05-22,M005968,awarded,,2020-03-20,
2026-06-05,2026-05-22,M005969,awarded,,2020-10-16,
2026-06-05,2026-05-22,M005970,awarded,,2021-07-16,
2026-06-05,2026-05-22,M005971,awarded,,2020-12-18,
2026-06-05,2026-05-22,M005972,awarded,,2020-07-17,
2026-06-05,2026-05-22,M005973,awarded,,2020-09-18,
2026-06-05,2026-05-22,M005974,awarded,,2020-07-17,
2026-06-05,2026-05-22,M005975,awarded,,2020-08-21,
2026-06-05,2026-05-22,M005976,awarded,,2021-10-01,
2026-06-05,2026-05-22,M005978,awarded,,2020-09-18,
2026-06-05,2026-05-22,M005979,awarded,,2020-11-20,
2026-06-05,2026-05-22,M005980,awarded,,2020-10-16,
2026-06-05,2026-05-22,M005981,awarded,,2021-07-16,
2026-06-05,2026-05-22,M005982,awarded,,2021-09-02,
2026-06-05,2026-05-22,M005983,awarded,,2021-10-01,
2026-06-05,2026-05-22,M005985,awarded,,2021-05-21,
2026-06-05,2026-05-22,M005986,awarded,,2021-09-03,
2026-06-05,2026-05-22,M005987,awarded,,2021-01-22,
2026-06-05,2026-05-22,M005988,awarded,,2020-09-18,
2026-06-05,2026-05-22,M005989,awarded,,2021-01-22,
2026-06-05,2026-05-22,M005990,awarded,,2021-12-31,
2026-06-05,2026-05-22,M005991,awarded,,2020-05-22,
2026-06-05,2026-05-22,M005992,awarded,,2020-10-16,
2026-06-05,2026-05-22,M005993,awarded,,2020-12-18,
2026-06-05,2026-05-22,M005994,awarded,,2020-09-18,
2026-06-05,2026-05-22,M005996,awarded,,2021-04-16,
2026-06-05,2026-05-22,M005997,awarded,,2020-09-18,
2026-06-05,2026-05-22,M005998,awarded,,2020-09-18,
2026-06-05,2026-05-22,M005999,awarded,,2021-02-19,
2026-06-05,2026-05-22,M006000,awarded,,2020-09-18,
2026-06-05,2026-05-22,M006001,awarded,,2020-09-18,
2026-06-05,2026-05-22,M006002,awarded,,2021-01-22,
2026-06-05,2026-05-22,M006003,awarded,,2020-08-21,
2026-06-05,2026-05-22,M006004,awarded,,2020-08-21,
2026-06-05,2026-05-22,M006005,awarded,,2021-01-22,
2026-06-05,2026-05-22,M006006,awarded,,2021-02-19,
2026-06-05,2026-05-22,M006007,awarded,,2020-09-18,
2026-06-05,2026-05-22,M006008,awarded,,2020-09-18,
2026-06-05,2026-05-22,M006009,awarded,,2021-01-22,
2026-06-05,2026-05-22,M006010,awarded,,2020-02-21,
2026-06-05,2026-05-22,M006011,awarded,,2020-02-21,
2026-06-05,2026-05-22,M006012,awarded,,2020-03-20,
2026-06-05,2026-05-22,M006013,awarded,,2020-09-18,
2026-06-05,2026-05-22,M006014,awarded,,2020-05-22,
2026-06-05,2026-05-22,M006015,awarded,,2020-04-17,
2026-06-05,2026-05-22,M006016,awarded,,2020-02-21,
2026-06-05,2026-05-22,M006017,awarded,,2020-07-31,
2026-06-05,2026-05-22,M006018,awarded,,2020-06-19,
2026-06-05,2026-05-22,M006019,awarded,,2021-07-16,
2026-06-05,2026-05-22,M006020,awarded,,2020-05-22,
2026-06-05,2026-05-22,M006021,awarded,,2021-02-19,
2026-06-05,2026-05-22,M006022,awarded,,2020-08-21,
2026-06-05,2026-05-22,M006024,awarded,,2021-09-02,
2026-06-05,2026-05-22,M006025,awarded,,2021-03-19,
2026-06-05,2026-05-22,M006026,awarded,,2021-03-19,
2026-06-05,2026-05-22,M006027,awarded,,2021-03-19,
2026-06-05,2026-05-22,M006028,awarded,,2020-06-05,
2026-06-05,2026-05-22,M006029,awarded,,2021-09-03,
2026-06-05,2026-05-22,M006029,work_stopped,,2023-11-06,
2026-06-05,2026-05-22,M006030,awarded,,2021-02-05,
2026-06-05,2026-05-22,M006031,awarded,,2021-09-02,
2026-06-05,2026-05-22,M006032,awarded,,2021-02-05,
2026-06-05,2026-05-22,M006033,awarded,,2021-01-22,
2026-06-05,2026-05-22,M006035,awarded,,2020-12-18,
2026-06-05,2026-05-22,M006036,awarded,,2020-05-22,
2026-06-05,2026-05-22,M006037,awarded,,2020-05-22,
2026-06-05,2026-05-22,M006038,awarded,,2020-05-22,
2026-06-05,2026-05-22,M006039,awarded,,2021-07-16,
2026-06-05,2026-05-22,M006040,awarded,,2020-06-19,
2026-06-05,2026-05-22,M006041,awarded,,2020-06-19,
2026-06-05,2026-05-22,M006043,awarded,,2020-06-19,
2026-06-05,2026-05-22,M006044,awarded,,2021-05-21,
2026-06-05,2026-05-22,M006045,awarded,,2021-04-16,
2026-06-05,2026-05-22,M006046,awarded,,2021-04-16,
2026-06-05,2026-05-22,M006049,awarded,,2022-12-02,
2026-06-05,2026-05-22,M006049,work_stopped,,2024-07-02,
2026-06-05,2026-05-22,M006050,awarded,,2022-03-04,
2026-06-05,2026-05-22,M006051,awarded,,2021-12-31,
2026-06-05,2026-05-22,M006053,awarded,,2021-03-19,
2026-06-05,2026-05-22,M006054,awarded,,2021-10-01,
2026-06-05,2026-05-22,M006055,awarded,,2020-05-22,
2026-06-05,2026-05-22,M006056,awarded,,2020-07-06,
2026-06-05,2026-05-22,M006057,awarded,,2020-05-22,
2026-06-05,2026-05-22,M006058,awarded,,2023-01-06,
2026-06-05,2026-05-22,M006058,work_stopped,,2023-11-30,
2026-06-05,2026-05-22,M006059,awarded,,2022-12-02,
2026-06-05,2026-05-22,M006059,work_stopped,,2023-10-31,
2026-06-05,2026-05-22,M006060,awarded,,2023-03-31,
2026-06-05,2026-05-22,M006060,work_stopped,,2024-02-28,
2026-06-05,2026-05-22,M006061,awarded,,2023-06-02,
2026-06-05,2026-05-22,M006061,work_stopped,,2024-10-31,
2026-06-05,2026-05-22,M006062,awarded,,2023-03-03,
2026-06-05,2026-05-22,M006062,work_stopped,,2024-01-31,
2026-06-05,2026-05-22,M006063,awarded,,2023-08-04,
2026-06-05,2026-05-22,M006063,work_stopped,,2025-01-08,
2026-06-05,2026-05-22,M006066,awarded,,2023-08-04,
2026-06-05,2026-05-22,M006066,work_stopped,,2024-08-18,
2026-06-05,2026-05-22,M006067,awarded,,2023-08-04,
2026-06-05,2026-05-22,M006067,work_stopped,,2024-06-07,
2026-06-05,2026-05-22,M006068,awarded,,2023-09-01,
2026-06-05,2026-05-22,M006068,work_stopped,,2024-07-30,
2026-06-05,2026-05-22,M006069,awarded,,2021-04-16,
2026-06-05,2026-05-22,M006075,awarded,,2022-08-05,
2026-06-05,2026-05-22,M006075,work_stopped,,2024-12-05,
2026-06-05,2026-05-22,M006076,awarded,,2021-10-01,
2026-06-05,2026-05-22,M006077,awarded,,2020-10-16,
2026-06-05,2026-05-22,M006078,awarded,,2021-07-16,
2026-06-05,2026-05-22,M006079,awarded,,2021-10-01,
2026-06-05,2026-05-22,M006080,awarded,,2022-09-30,
2026-06-05,2026-05-22,M006080,work_stopped,,2024-11-19,
2026-06-05,2026-05-22,M006081,awarded,,2022-04-01,
2026-06-05,2026-05-22,M006082,awarded,,2021-12-31,
2026-06-05,2026-05-22,M006083,awarded,,2022-03-04,
2026-06-05,2026-05-22,M006084,awarded,,2021-05-21,
2026-06-05,2026-05-22,M006085,awarded,,2022-05-06,
2026-06-05,2026-05-22,M006086,awarded,,2021-05-21,
2026-06-05,2026-05-22,M006087,awarded,,2020-04-17,
2026-06-05,2026-05-22,M006088,awarded,,2021-02-19,
2026-06-05,2026-05-22,M006089,awarded,,2021-02-19,
2026-06-05,2026-05-22,M006090,awarded,,2022-12-02,
2026-06-05,2026-05-22,M006090,work_stopped,,2024-04-26,
2026-06-05,2026-05-22,M006091,awarded,,2021-02-19,
2026-06-05,2026-05-22,M006092,awarded,,2021-03-19,
2026-06-05,2026-05-22,M006093,awarded,,2021-04-05,
2026-06-05,2026-05-22,M006094,awarded,,2021-07-02,
2026-06-05,2026-05-22,M006095,awarded,,2021-07-02,
2026-06-05,2026-05-22,M006096,awarded,,2022-02-04,
2026-06-05,2026-05-22,M006097,awarded,,2021-11-05,
2026-06-05,2026-05-22,M006098,awarded,,2020-09-03,
2026-06-05,2026-05-22,M006099,awarded,,2021-11-05,
2026-06-05,2026-05-22,M006100,awarded,,2022-11-04,
2026-06-05,2026-05-22,M006100,work_stopped,,2023-09-30,
2026-06-05,2026-05-22,M006101,awarded,,2021-12-31,
2026-06-05,2026-05-22,M006102,awarded,,2022-11-04,
2026-06-05,2026-05-22,M006102,work_stopped,,2023-12-04,
2026-06-05,2026-05-22,M006103,awarded,,2022-11-04,
2026-06-05,2026-05-22,M006103,work_stopped,,2023-09-29,
2026-06-05,2026-05-22,M006104,awarded,,2023-06-02,
2026-06-05,2026-05-22,M006104,work_stopped,,2024-04-30,
2026-06-05,2026-05-22,M006105,awarded,,2023-12-29,
2026-06-05,2026-05-22,M006105,work_stopped,,2024-11-05,
2026-06-05,2026-05-22,M006106,awarded,,2020-12-18,
2026-06-05,2026-05-22,M006107,awarded,,2020-12-18,
2026-06-05,2026-05-22,M006108,awarded,,2021-12-31,
2026-06-05,2026-05-22,M006109,awarded,,2023-08-04,
2026-06-05,2026-05-22,M006109,work_stopped,,2024-11-26,
2026-06-05,2026-05-22,M006110,awarded,,2022-08-05,
2026-06-05,2026-05-22,M006111,awarded,,2020-12-18,
2026-06-05,2026-05-22,M006112,awarded,,2020-12-18,
2026-06-05,2026-05-22,M006113,awarded,,2021-02-19,
2026-06-05,2026-05-22,M006114,awarded,,2021-05-21,
2026-06-05,2026-05-22,M006115,awarded,,2021-06-18,
2026-06-05,2026-05-22,M006116,awarded,,2021-09-03,
2026-06-05,2026-05-22,M006117,awarded,,2021-10-01,
2026-06-05,2026-05-22,M006118,awarded,,2021-07-16,
2026-06-05,2026-05-22,M006119,awarded,,2021-04-16,
2026-06-05,2026-05-22,M006120,awarded,,2021-02-19,
2026-06-05,2026-05-22,M006121,awarded,,2021-05-21,
2026-06-05,2026-05-22,M006122,awarded,,2021-03-19,
2026-06-05,2026-05-22,M006123,awarded,,2021-03-19,
2026-06-05,2026-05-22,M006124,awarded,,2025-08-01,
2026-06-05,2026-05-22,M006125,awarded,,2021-05-21,
2026-06-05,2026-05-22,M006126,awarded,,2021-01-22,
2026-06-05,2026-05-22,M006127,awarded,,2021-12-03,
2026-06-05,2026-05-22,M006128,awarded,,2021-05-21,
2026-06-05,2026-05-22,M006129,awarded,,2021-09-03,
2026-06-05,2026-05-22,M006130,awarded,,2021-10-01,
2026-06-05,2026-05-22,M006131,awarded,,2021-06-18,
2026-06-05,2026-05-22,M006132,awarded,,2021-03-19,
2026-06-05,2026-05-22,M006133,awarded,,2021-05-21,
2026-06-05,2026-05-22,M006134,awarded,,2021-05-21,
2026-06-05,2026-05-22,M006135,awarded,,2021-09-03,
2026-06-05,2026-05-22,M006136,awarded,,2022-06-03,
2026-06-05,2026-05-22,M006137,awarded,,2021-09-03,
2026-06-05,2026-05-22,M006138,awarded,,2023-03-03,
2026-06-05,2026-05-22,M006138,work_stopped,,2024-01-31,
2026-06-05,2026-05-22,M006139,awarded,,2021-06-18,
2026-06-05,2026-05-22,M006140,awarded,,2021-06-18,
2026-06-05,2026-05-22,M006141,awarded,,2021-12-31,
2026-06-05,2026-05-22,M006142,awarded,,2021-07-16,
2026-06-05,2026-05-22,M006143,awarded,,2021-06-18,
2026-06-05,2026-05-22,M006144,awarded,,2021-07-16,
2026-06-05,2026-05-22,M006145,awarded,,2021-07-16,
2026-06-05,2026-05-22,M006146,awarded,,2021-07-16,
2026-06-05,2026-05-22,M006147,awarded,,2022-03-04,
2026-06-05,2026-05-22,M006148,awarded,,2021-09-02,
2026-06-05,2026-05-22,M006149,awarded,,2021-10-01,
2026-06-05,2026-05-22,M006150,awarded,,2021-07-16,
2026-06-05,2026-05-22,M006151,awarded,,2021-04-16,
2026-06-05,2026-05-22,M006152,awarded,,2021-01-22,
2026-06-05,2026-05-22,M006153,awarded,,2021-07-16,
2026-06-05,2026-05-22,M006154,awarded,,2021-12-03,
2026-06-05,2026-05-22,M006155,awarded,,2021-10-01,
2026-06-05,2026-05-22,M006156,awarded,,2022-09-02,
2026-06-05,2026-05-22,M006156,work_stopped,,2024-10-31,
2026-06-05,2026-05-22,M006157,awarded,,2021-04-16,
2026-06-05,2026-05-22,M006158,awarded,,2021-04-30,
2026-06-05,2026-05-22,M006160,awarded,,2023-01-06,
2026-06-05,2026-05-22,M006160,work_stopped,,2023-10-12,
2026-06-05,2026-05-22,M006161,awarded,,2023-06-30,
2026-06-05,2026-05-22,M006161,work_stopped,,2024-11-30,
2026-06-05,2026-05-22,M006162,awarded,,2022-09-30,
2026-06-05,2026-05-22,M006162,work_stopped,,2023-08-31,
2026-06-05,2026-05-22,M006163,awarded,,2022-09-02,
2026-06-05,2026-05-22,M006163,work_stopped,,2023-10-31,
2026-06-05,2026-05-22,M006164,awarded,,2022-09-02,
2026-06-05,2026-05-22,M006164,work_stopped,,2023-10-31,
2026-06-05,2026-05-22,M006165,awarded,,2021-05-21,
2026-06-05,2026-05-22,M006166,awarded,,2024-12-06,
2026-06-05,2026-05-22,M006166,work_stopped,,2025-10-31,
2026-06-05,2026-05-22,M006167,awarded,,2024-02-02,
2026-06-05,2026-05-22,M006167,work_stopped,,2025-03-31,
2026-06-05,2026-05-22,M006170,cost_change,3416837.37,0.0,-3416837.37
2026-06-05,2026-05-22,M006171,awarded,,2026-04-03,
2026-06-05,2026-05-22,M006173,awarded,,2021-11-05,
2026-06-05,2026-05-22,M006175,awarded,,2022-03-04,
2026-06-05,2026-05-22,M006176,awarded,,2023-02-03,
2026-06-05,2026-05-22,M006176,work_stopped,,2024-05-10,
2026-06-05,2026-05-22,M006177,awarded,,2022-03-04,
2026-06-05,2026-05-22,M006178,awarded,,2022-06-03,
2026-06-05,2026-05-22,M006179,awarded,,2025-12-05,
2026-06-05,2026-05-22,M006180,awarded,,2022-04-01,
2026-06-05,2026-05-22,M006182,cost_change,1815000.71,0.0,-1815000.71
2026-06-05,2026-05-22,M006183,awarded,,2022-06-03,
2026-06-05,2026-05-22,M006184,awarded,,2023-03-31,
2026-06-05,2026-05-22,M006184,work_stopped,,2024-01-11,
2026-06-05,2026-05-22,M006185,awarded,,2023-05-05,
2026-06-05,2026-05-22,M006185,work_stopped,,2024-03-31,
2026-06-05,2026-05-22,M006186,awarded,,2023-03-03,
2026-06-05,2026-05-22,M006186,work_stopped,,2024-02-09,
2026-06-05,2026-05-22,M006187,awarded,,2023-11-03,
2026-06-05,2026-05-22,M006187,work_stopped,,2025-01-02,
2026-06-05,2026-05-22,M006188,awarded,,2021-12-03,
2026-06-05,2026-05-22,M006189,awarded,,2021-12-03,
2026-06-05,2026-05-22,M006190,awarded,,2021-12-03,
2026-06-05,2026-05-22,M006191,awarded,,2021-12-31,
2026-06-05,2026-05-22,M006192,awarded,,2022-11-04,
2026-06-05,2026-05-22,M006192,work_stopped,,2023-09-28,
2026-06-05,2026-05-22,M006193,awarded,,2023-01-06,
2026-06-05,2026-05-22,M006193,work_stopped,,2023-11-30,
2026-06-05,2026-05-22,M006194,awarded,,2022-02-04,
2026-06-05,2026-05-22,M006196,awarded,,2022-04-01,
2026-06-05,2026-05-22,M006197,awarded,,2023-02-03,
2026-06-05,2026-05-22,M006197,work_stopped,,2024-09-30,
2026-06-05,2026-05-22,M006198,awarded,,2023-09-01,
2026-06-05,2026-05-22,M006198,work_stopped,,2024-07-31,
2026-06-05,2026-05-22,M006199,awarded,,2021-09-03,
2026-06-05,2026-05-22,M006201,awarded,,2024-08-02,
2026-06-05,2026-05-22,M006201,work_stopped,,2025-08-26,
2026-06-05,2026-05-22,M006202,awarded,,2024-08-30,
2026-06-05,2026-05-22,M006202,work_stopped,,2026-03-31,
2026-06-05,2026-05-22,M006203,awarded,,2021-04-16,
2026-06-05,2026-05-22,M006204,awarded,,2022-08-05,
2026-06-05,2026-05-22,M006204,work_stopped,,2024-03-16,
2026-06-05,2026-05-22,M006205,awarded,,2024-08-30,
2026-06-05,2026-05-22,M006205,work_stopped,,2025-06-03,
2026-06-05,2026-05-22,M006206,awarded,,2024-08-30,
2026-06-05,2026-05-22,M006207,awarded,,2022-11-04,
2026-06-05,2026-05-22,M006207,work_stopped,,2024-05-08,
2026-06-05,2026-05-22,M006208,awarded,,2023-08-04,
2026-06-05,2026-05-22,M006208,work_stopped,,2025-08-27,
2026-06-05,2026-05-22,M006209,awarded,,2023-08-04,
2026-06-05,2026-05-22,M006209,work_stopped,,2025-03-31,
2026-06-05,2026-05-22,M006210,awarded,,2023-10-06,
2026-06-05,2026-05-22,M006210,work_stopped,,2024-12-14,
2026-06-05,2026-05-22,M006212,awarded,,2022-06-03,
2026-06-05,2026-05-22,M006213,awarded,,2022-06-03,
2026-06-05,2026-05-22,M006214,awarded,,2023-02-03,
2026-06-05,2026-05-22,M006215,awarded,,2023-01-06,
2026-06-05,2026-05-22,M006215,work_stopped,,2023-11-30,
2026-06-05,2026-05-22,M006216,awarded,,2023-03-03,
2026-06-05,2026-05-22,M006216,work_stopped,,2024-05-03,
2026-06-05,2026-05-22,M006217,awarded,,2023-06-02,
2026-06-05,2026-05-22,M006217,work_stopped,,2024-04-30,
2026-06-05,2026-05-22,M006218,awarded,,2022-11-04,
2026-06-05,2026-05-22,M006218,work_stopped,,2024-11-11,
2026-06-05,2026-05-22,M006219,awarded,,2022-11-04,
2026-06-05,2026-05-22,M006219,work_stopped,,2023-09-30,
2026-06-05,2026-05-22,M006220,awarded,,2023-02-03,
2026-06-05,2026-05-22,M006220,work_stopped,,2023-11-20,
2026-06-05,2026-05-22,M006221,awarded,,2023-01-06,
2026-06-05,2026-05-22,M006221,work_stopped,,2024-09-06,
2026-06-05,2026-05-22,M006222,awarded,,2021-02-04,
2026-06-05,2026-05-22,M006223,awarded,,2022-05-06,
2026-06-05,2026-05-22,M006224,awarded,,2022-06-03,
2026-06-05,2026-05-22,M006225,awarded,,2022-04-01,
2026-06-05,2026-05-22,M006226,awarded,,2021-11-05,
2026-06-05,2026-05-22,M006227,awarded,,2022-04-01,
2026-06-05,2026-05-22,M006229,awarded,,2024-05-31,
2026-06-05,2026-05-22,M006229,work_stopped,,2025-10-27,
2026-06-05,2026-05-22,M006230,awarded,,2022-11-04,
2026-06-05,2026-05-22,M006230,work_stopped,,2023-09-30,
2026-06-05,2026-05-22,M006231,awarded,,2021-12-03,
2026-06-05,2026-05-22,M006232,awarded,,2022-11-04,
2026-06-05,2026-05-22,M006232,work_stopped,,2023-09-30,
2026-06-05,2026-05-22,M006233,awarded,,2022-11-04,
2026-06-05,2026-05-22,M006233,work_stopped,,2023-09-30,
2026-06-05,2026-05-22,M006234,awarded,,2021-12-31,
2026-06-05,2026-05-22,M006235,awarded,,2022-12-02,
2026-06-05,2026-05-22,M006235,work_stopped,,2024-02-09,
2026-06-05,2026-05-22,M006236,awarded,,2022-06-03,
2026-06-05,2026-05-22,M006237,awarded,,2022-06-03,
2026-06-05,2026-05-22,M006238,awarded,,2021-12-03,
2026-06-05,2026-05-22,M006239,awarded,,2022-11-04,
2026-06-05,2026-05-22,M006239,work_stopped,,2024-01-23,
2026-06-05,2026-05-22,M006240,awarded,,2022-12-02,
2026-06-05,2026-05-22,M006240,work_stopped,,2023-12-01,
2026-06-05,2026-05-22,M006241,awarded,,2022-12-02,
2026-06-05,2026-05-22,M006241,work_stopped,,2023-10-31,
2026-06-05,2026-05-22,M006242,awarded,,2023-10-06,
2026-06-05,2026-05-22,M006242,work_stopped,,2024-08-27,
2026-06-05,2026-05-22,M006243,awarded,,2023-01-06,
2026-06-05,2026-05-22,M006243,work_stopped,,2024-07-19,
2026-06-05,2026-05-22,M006244,awarded,,2022-03-04,
2026-06-05,2026-05-22,M006245,awarded,,2022-12-02,
2026-06-05,2026-05-22,M006245,work_stopped,,2023-08-22,
2026-06-05,2026-05-22,M006246,awarded,,2022-12-02,
2026-06-05,2026-05-22,M006246,work_stopped,,2023-08-31,
2026-06-05,2026-05-22,M006247,awarded,,2022-12-02,
2026-06-05,2026-05-22,M006247,work_stopped,,2023-10-31,
2026-06-05,2026-05-22,M006248,awarded,,2022-12-02,
2026-06-05,2026-05-22,M006248,work_stopped,,2023-10-31,
2026-06-05,2026-05-22,M006249,awarded,,2022-12-02,
2026-06-05,2026-05-22,M006249,work_stopped,,2023-10-31,
2026-06-05,2026-05-22,M006250,awarded,,2023-01-06,
2026-06-05,2026-05-22,M006250,work_stopped,,2023-11-30,
2026-06-05,2026-05-22,M006251,awarded,,2023-03-03,
2026-06-05,2026-05-22,M006251,work_stopped,,2024-06-24,
2026-06-05,2026-05-22,M006252,awarded,,2023-02-03,
2026-06-05,2026-05-22,M006252,work_stopped,,2024-08-09,
2026-06-05,2026-05-22,M006253,awarded,,2022-12-02,
2026-06-05,2026-05-22,M006253,work_stopped,,2023-10-31,
2026-06-05,2026-05-22,M006254,awarded,,2023-01-06,
2026-06-05,2026-05-22,M006254,work_stopped,,2023-11-30,
2026-06-05,2026-05-22,M006255,awarded,,2023-01-06,
2026-06-05,2026-05-22,M006255,work_stopped,,2023-11-30,
2026-06-05,2026-05-22,M006256,awarded,,2023-03-31,
2026-06-05,2026-05-22,M006256,work_stopped,,2024-08-16,
2026-06-05,2026-05-22,M006257,awarded,,2022-12-02,
2026-06-05,2026-05-22,M006257,work_stopped,,2023-11-07,
2026-06-05,2026-05-22,M006258,awarded,,2023-01-06,
2026-06-05,2026-05-22,M006258,work_stopped,,2024-01-22,
2026-06-05,2026-05-22,M006259,awarded,,2024-03-01,
2026-06-05,2026-05-22,M006259,work_stopped,,2025-01-29,
2026-06-05,2026-05-22,M006260,awarded,,2024-10-04,
2026-06-05,2026-05-22,M006260,work_stopped,,2025-08-31,
2026-06-05,2026-05-22,M006261,awarded,,2022-07-01,
2026-06-05,2026-05-22,M006261,work_stopped,,2024-08-01,
2026-06-05,2026-05-22,M006262,awarded,,2023-09-01,
2026-06-05,2026-05-22,M006263,awarded,,2023-08-04,
2026-06-05,2026-05-22,M006263,work_stopped,,2025-04-02,
2026-06-05,2026-05-22,M006264,awarded,,2025-09-05,
2026-06-05,2026-05-22,M006265,awarded,,2023-06-30,
2026-06-05,2026-05-22,M006265,work_stopped,,2024-10-15,
2026-06-05,2026-05-22,M006266,awarded,,2022-11-04,
2026-06-05,2026-05-22,M006266,work_stopped,,2024-06-06,
2026-06-05,2026-05-22,M006267,awarded,,2022-05-06,
2026-06-05,2026-05-22,M006268,awarded,,2022-04-01,
2026-06-05,2026-05-22,M006269,awarded,,2023-02-03,
2026-06-05,2026-05-22,M006269,work_stopped,,2023-12-29,
2026-06-05,2026-05-22,M006270,awarded,,2022-02-04,
2026-06-05,2026-05-22,M006271,awarded,,2022-06-03,
2026-06-05,2026-05-22,M006272,awarded,,2022-12-02,
2026-06-05,2026-05-22,M006272,work_stopped,,2023-10-31,
2026-06-05,2026-05-22,M006275,awarded,,2024-08-02,
2026-06-05,2026-05-22,M006276,awarded,,2022-12-02,
2026-06-05,2026-05-22,M006276,work_stopped,,2023-10-27,
2026-06-05,2026-05-22,M006277,awarded,,2022-12-02,
2026-06-05,2026-05-22,M006277,work_stopped,,2023-10-31,
2026-06-05,2026-05-22,M006278,awarded,,2022-12-02,
2026-06-05,2026-05-22,M006278,work_stopped,,2024-01-10,
2026-06-05,2026-05-22,M006279,awarded,,2022-06-03,
2026-06-05,2026-05-22,M006280,awarded,,2023-10-06,
2026-06-05,2026-05-22,M006280,work_stopped,,2024-08-30,
2026-06-05,2026-05-22,M006281,awarded,,2022-07-01,
2026-06-05,2026-05-22,M006281,work_stopped,,2023-05-31,
2026-06-05,2026-05-22,M006282,awarded,,2022-07-01,
2026-06-05,2026-05-22,M006282,work_stopped,,2023-05-31,
2026-06-05,2026-05-22,M006283,awarded,,2022-03-04,
2026-06-05,2026-05-22,M006284,awarded,,2022-03-04,
2026-06-05,2026-05-22,M006285,awarded,,2022-05-06,
2026-06-05,2026-05-22,M006286,awarded,,2021-12-31,
2026-06-05,2026-05-22,M006287,awarded,,1946-02-04,
2026-06-05,2026-05-22,M006289,awarded,,2025-01-03,
2026-06-05,2026-05-22,M006290,awarded,,2022-02-04,
2026-06-05,2026-05-22,M006291,awarded,,2025-08-01,
2026-06-05,2026-05-22,M006292,awarded,,2022-05-06,
2026-06-05,2026-05-22,M006293,awarded,,2023-03-03,
2026-06-05,2026-05-22,M006293,work_stopped,,2024-03-19,
2026-06-05,2026-05-22,M006295,awarded,,2023-06-02,
2026-06-05,2026-05-22,M006295,work_stopped,,2024-07-31,
2026-06-05,2026-05-22,M006296,awarded,,2022-11-04,
2026-06-05,2026-05-22,M006296,work_stopped,,2024-08-25,
2026-06-05,2026-05-22,M006298,awarded,,2024-08-02,
2026-06-05,2026-05-22,M006298,work_stopped,,2026-03-24,
2026-06-05,2026-05-22,M006300,awarded,,2022-09-30,
2026-06-05,2026-05-22,M006300,work_stopped,,2024-04-30,
2026-06-05,2026-05-22,M006302,awarded,,2023-03-03,
2026-06-05,2026-05-22,M006302,work_stopped,,2024-05-23,
2026-06-05,2026-05-22,M006303,awarded,,2022-11-04,
2026-06-05,2026-05-22,M006303,work_stopped,,2023-06-19,
2026-06-05,2026-05-22,M006308,awarded,,2022-11-04,
2026-06-05,2026-05-22,M006308,work_stopped,,2023-12-01,
2026-06-05,2026-05-22,M006309,awarded,,2022-04-01,
2026-06-05,2026-05-22,M006310,awarded,,2023-06-30,
2026-06-05,2026-05-22,M006310,work_stopped,,2026-01-24,
2026-06-05,2026-05-22,M006311,awarded,,2023-10-06,
2026-06-05,2026-05-22,M006311,work_stopped,,2026-04-23,
2026-06-05,2026-05-22,M006312,awarded,,2023-06-30,
2026-06-05,2026-05-22,M006312,work_stopped,,2024-05-13,
2026-06-05,2026-05-22,M006313,awarded,,2022-11-04,
2026-06-05,2026-05-22,M006313,work_stopped,,2024-11-21,
2026-06-05,2026-05-22,M006314,awarded,,2022-11-04,
2026-06-05,2026-05-22,M006314,work_stopped,,2024-11-23,
2026-06-05,2026-05-22,M006315,awarded,,2022-12-02,
2026-06-05,2026-05-22,M006315,work_stopped,,2024-03-31,
2026-06-05,2026-05-22,M006316,awarded,,2023-03-31,
2026-06-05,2026-05-22,M006317,awarded,,2023-03-31,
2026-06-05,2026-05-22,M006317,work_stopped,,2024-10-01,
2026-06-05,2026-05-22,M006318,awarded,,2023-01-06,
2026-06-05,2026-05-22,M006318,work_stopped,,2023-11-22,
2026-06-05,2026-05-22,M006319,awarded,,2022-12-02,
2026-06-05,2026-05-22,M006319,work_stopped,,2023-10-31,
2026-06-05,2026-05-22,M006320,awarded,,2022-09-30,
2026-06-05,2026-05-22,M006320,work_stopped,,2023-10-16,
2026-06-05,2026-05-22,M006321,awarded,,2022-11-04,
2026-06-05,2026-05-22,M006321,work_stopped,,2023-10-04,
2026-06-05,2026-05-22,M006322,awarded,,2022-12-02,
2026-06-05,2026-05-22,M006322,work_stopped,,2023-11-22,
2026-06-05,2026-05-22,M006323,awarded,,2022-07-01,
2026-06-05,2026-05-22,M006323,work_stopped,,2023-07-22,
2026-06-05,2026-05-22,M006324,awarded,,2022-07-01,
2026-06-05,2026-05-22,M006324,work_stopped,,2023-05-31,
2026-06-05,2026-05-22,M006325,awarded,,2022-06-03,
2026-06-05,2026-05-22,M006326,awarded,,2022-12-02,
2026-06-05,2026-05-22,M006326,work_stopped,,2023-11-12,
2026-06-05,2026-05-22,M006327,awarded,,2022-07-01,
2026-06-05,2026-05-22,M006327,work_stopped,,2023-05-31,
2026-06-05,2026-05-22,M006328,awarded,,2022-12-02,
2026-06-05,2026-05-22,M006328,work_stopped,,2023-10-31,
2026-06-05,2026-05-22,M006329,awarded,,2023-03-03,
2026-06-05,2026-05-22,M006329,work_stopped,,2024-02-27,
2026-06-05,2026-05-22,M006330,awarded,,2023-03-31,
2026-06-05,2026-05-22,M006330,work_stopped,,2024-02-29,
2026-06-05,2026-05-22,M006331,awarded,,2023-01-06,
2026-06-05,2026-05-22,M006331,work_stopped,,2023-11-30,
2026-06-05,2026-05-22,M006332,awarded,,2023-02-03,
2026-06-05,2026-05-22,M006332,work_stopped,,2023-12-31,
2026-06-05,2026-05-22,M006333,awarded,,2023-03-31,
2026-06-05,2026-05-22,M006333,work_stopped,,2024-02-29,
2026-06-05,2026-05-22,M006335,awarded,,2023-12-01,
2026-06-05,2026-05-22,M006335,work_stopped,,2024-10-31,
2026-06-05,2026-05-22,M006336,awarded,,2022-07-01,
2026-06-05,2026-05-22,M006336,work_stopped,,2023-05-31,
2026-06-05,2026-05-22,M006337,awarded,,2023-01-06,
2026-06-05,2026-05-22,M006337,work_stopped,,2024-08-14,
2026-06-05,2026-05-22,M006338,awarded,,2022-12-02,
2026-06-05,2026-05-22,M006338,work_stopped,,2023-10-31,
2026-06-05,2026-05-22,M006339,awarded,,2023-03-03,
2026-06-05,2026-05-22,M006339,work_stopped,,2024-01-31,
2026-06-05,2026-05-22,M006340,awarded,,2022-09-30,
2026-06-05,2026-05-22,M006340,work_stopped,,2023-10-02,
2026-06-05,2026-05-22,M006341,awarded,,2023-10-06,
2026-06-05,2026-05-22,M006341,work_stopped,,2024-08-21,
2026-06-05,2026-05-22,M006342,awarded,,2022-07-01,
2026-06-05,2026-05-22,M006342,work_stopped,,2023-05-31,
2026-06-05,2026-05-22,M006343,awarded,,2022-07-01,
2026-06-05,2026-05-22,M006343,work_stopped,,2023-07-10,
2026-06-05,2026-05-22,M006344,awarded,,2024-02-02,
2026-06-05,2026-05-22,M006345,awarded,,2023-01-06,
2026-06-05,2026-05-22,M006345,work_stopped,,2025-04-30,
2026-06-05,2026-05-22,M006346,awarded,,2023-02-03,
2026-06-05,2026-05-22,M006346,work_stopped,,2024-06-30,
2026-06-05,2026-05-22,M006347,awarded,,2023-10-06,
2026-06-05,2026-05-22,M006347,work_stopped,,2024-08-31,
2026-06-05,2026-05-22,M006348,awarded,,2022-12-02,
2026-06-05,2026-05-22,M006348,work_stopped,,2024-02-15,
2026-06-05,2026-05-22,M006349,awarded,,2023-08-04,
2026-06-05,2026-05-22,M006349,work_stopped,,2024-09-10,
2026-06-05,2026-05-22,M006350,awarded,,2023-12-29,
2026-06-05,2026-05-22,M006351,awarded,,2023-10-06,
2026-06-05,2026-05-22,M006351,work_stopped,,2024-08-31,
2026-06-05,2026-05-22,M006352,awarded,,2023-03-31,
2026-06-05,2026-05-22,M006352,work_stopped,,2024-02-28,
2026-06-05,2026-05-22,M006353,awarded,,2023-05-05,
2026-06-05,2026-05-22,M006353,work_stopped,,2024-03-31,
2026-06-05,2026-05-22,M006354,awarded,,2023-03-03,
2026-06-05,2026-05-22,M006354,work_stopped,,2025-05-15,
2026-06-05,2026-05-22,M006355,awarded,,2023-05-05,
2026-06-05,2026-05-22,M006355,work_stopped,,2025-09-11,
2026-06-05,2026-05-22,M006356,awarded,,2025-08-01,
2026-06-05,2026-05-22,M006356,work_stopped,,2026-04-01,
2026-06-05,2026-05-22,M006357,awarded,,2025-09-05,
2026-06-05,2026-05-22,M006359,awarded,,2024-10-04,
2026-06-05,2026-05-22,M006361,awarded,,2023-12-01,
2026-06-05,2026-05-22,M006361,work_stopped,,2024-10-31,
2026-06-05,2026-05-22,M006362,awarded,,2023-02-03,
2026-06-05,2026-05-22,M006362,work_stopped,,2024-12-24,
2026-06-05,2026-05-22,M006363,awarded,,2023-11-03,
2026-06-05,2026-05-22,M006363,work_stopped,,2024-09-30,
2026-06-05,2026-05-22,M006364,awarded,,2022-09-30,
2026-06-05,2026-05-22,M006364,work_stopped,,2024-04-11,
2026-06-05,2026-05-22,M006365,awarded,,2023-01-06,
2026-06-05,2026-05-22,M006365,work_stopped,,2023-12-07,
2026-06-05,2026-05-22,M006366,awarded,,2023-02-03,
2026-06-05,2026-05-22,M006366,work_stopped,,2024-07-12,
2026-06-05,2026-05-22,M006367,awarded,,2023-01-06,
2026-06-05,2026-05-22,M006367,work_stopped,,2023-12-07,
2026-06-05,2026-05-22,M006368,awarded,,2023-03-03,
2026-06-05,2026-05-22,M006368,work_stopped,,2024-07-09,
2026-06-05,2026-05-22,M006369,awarded,,2023-03-31,
2026-06-05,2026-05-22,M006369,work_stopped,,2024-02-29,
2026-06-05,2026-05-22,M006370,awarded,,2023-02-03,
2026-06-05,2026-05-22,M006370,work_stopped,,2024-03-31,
2026-06-05,2026-05-22,M006371,awarded,,2023-03-31,
2026-06-05,2026-05-22,M006371,work_stopped,,2024-02-29,
2026-06-05,2026-05-22,M006372,awarded,,2023-10-06,
2026-06-05,2026-05-22,M006372,work_stopped,,2024-07-31,
2026-06-05,2026-05-22,M006373,awarded,,2023-12-01,
2026-06-05,2026-05-22,M006373,work_stopped,,2024-10-31,
2026-06-05,2026-05-22,M006374,awarded,,2023-11-03,
2026-06-05,2026-05-22,M006374,work_stopped,,2024-09-30,
2026-06-05,2026-05-22,M006375,awarded,,2023-03-03,
2026-06-05,2026-05-22,M006375,work_stopped,,2024-01-31,
2026-06-05,2026-05-22,M006376,awarded,,2023-11-03,
2026-06-05,2026-05-22,M006376,work_stopped,,2024-09-30,
2026-06-05,2026-05-22,M006377,awarded,,2024-03-01,
2026-06-05,2026-05-22,M006377,work_stopped,,2025-01-31,
2026-06-05,2026-05-22,M006378,awarded,,2023-09-01,
2026-06-05,2026-05-22,M006378,work_stopped,,2024-10-31,
2026-06-05,2026-05-22,M006379,awarded,,2023-03-31,
2026-06-05,2026-05-22,M006379,work_stopped,,2024-02-28,
2026-06-05,2026-05-22,M006380,awarded,,2023-10-06,
2026-06-05,2026-05-22,M006380,work_stopped,,2024-07-18,
2026-06-05,2026-05-22,M006382,awarded,,2023-08-04,
2026-06-05,2026-05-22,M006382,work_stopped,,2024-09-16,
2026-06-05,2026-05-22,M006383,awarded,,2023-08-04,
2026-06-05,2026-05-22,M006383,work_stopped,,2024-10-28,
2026-06-05,2026-05-22,M006384,awarded,,2023-09-01,
2026-06-05,2026-05-22,M006384,work_stopped,,2024-08-28,
2026-06-05,2026-05-22,M006385,awarded,,2023-09-01,
2026-06-05,2026-05-22,M006385,work_stopped,,2024-05-30,
2026-06-05,2026-05-22,M006386,awarded,,2023-12-29,
2026-06-05,2026-05-22,M006386,work_stopped,,2025-01-31,
2026-06-05,2026-05-22,M006387,awarded,,2023-09-01,
2026-06-05,2026-05-22,M006387,work_stopped,,2024-10-31,
2026-06-05,2026-05-22,M006388,awarded,,2025-10-03,
2026-06-05,2026-05-22,M006389,awarded,,2025-09-05,
2026-06-05,2026-05-22,M006391,awarded,,2023-08-04,
2026-06-05,2026-05-22,M006391,work_stopped,,2025-02-12,
2026-06-05,2026-05-22,M006392,awarded,,2023-08-04,
2026-06-05,2026-05-22,M006392,work_stopped,,2024-09-18,
2026-06-05,2026-05-22,M006393,awarded,,2025-09-05,
2026-06-05,2026-05-22,M006394,awarded,,2023-10-06,
2026-06-05,2026-05-22,M006394,work_stopped,,2024-09-13,
2026-06-05,2026-05-22,M006395,awarded,,2023-11-03,
2026-06-05,2026-05-22,M006395,work_stopped,,2024-10-17,
2026-06-05,2026-05-22,M006396,awarded,,2024-02-02,
2026-06-05,2026-05-22,M006396,work_stopped,,2025-02-14,
2026-06-05,2026-05-22,M006397,awarded,,2023-12-01,
2026-06-05,2026-05-22,M006397,work_stopped,,2024-10-24,
2026-06-05,2026-05-22,M006398,awarded,,2024-02-02,
2026-06-05,2026-05-22,M006398,work_stopped,,2025-01-04,
2026-06-05,2026-05-22,M006399,awarded,,2024-08-02,
2026-06-05,2026-05-22,M006399,work_stopped,,2025-06-26,
2026-06-05,2026-05-22,M006400,awarded,,2025-01-03,
2026-06-05,2026-05-22,M006401,awarded,,2023-08-04,
2026-06-05,2026-05-22,M006401,work_stopped,,2024-09-10,
2026-06-05,2026-05-22,M006402,awarded,,2024-10-04,
2026-06-05,2026-05-22,M006402,work_stopped,,2025-08-31,
2026-06-05,2026-05-22,M006403,awarded,,2023-12-01,
2026-06-05,2026-05-22,M006403,work_stopped,,2024-12-23,
2026-06-05,2026-05-22,M006404,awarded,,2025-03-07,
2026-06-05,2026-05-22,M006404,work_stopped,,2026-03-09,
2026-06-05,2026-05-22,M006405,awarded,,2024-12-06,
2026-06-05,2026-05-22,M006405,work_stopped,,2025-10-31,
2026-06-05,2026-05-22,M006406,awarded,,2025-03-07,
2026-06-05,2026-05-22,M006406,work_stopped,,2026-04-08,
2026-06-05,2026-05-22,M006407,awarded,,2023-12-01,
2026-06-05,2026-05-22,M006407,work_stopped,,2024-11-21,
2026-06-05,2026-05-22,M006408,awarded,,2023-11-03,
2026-06-05,2026-05-22,M006408,work_stopped,,2024-09-27,
2026-06-05,2026-05-22,M006410,awarded,,2024-02-02,
2026-06-05,2026-05-22,M006411,awarded,,2024-02-02,
2026-06-05,2026-05-22,M006411,work_stopped,,2024-12-11,
2026-06-05,2026-05-22,M006412,awarded,,2026-01-02,
2026-06-05,2026-05-22,M006413,awarded,,2026-01-02,
2026-06-05,2026-05-22,M006414,awarded,,2023-10-06,
2026-06-05,2026-05-22,M006414,work_stopped,,2025-10-29,
2026-06-05,2026-05-22,M006415,awarded,,2023-12-01,
2026-06-05,2026-05-22,M006415,work_stopped,,2024-10-30,
2026-06-05,2026-05-22,M006416,awarded,,2023-12-01,
2026-06-05,2026-05-22,M006416,work_stopped,,2024-10-31,
2026-06-05,2026-05-22,M006417,awarded,,2024-10-04,
2026-06-05,2026-05-22,M006417,work_stopped,,2025-08-31,
2026-06-05,2026-05-22,M006418,awarded,,2024-12-06,
2026-06-05,2026-05-22,M006419,awarded,,2025-01-03,
2026-06-05,2026-05-22,M006419,work_stopped,,2025-11-30,
2026-06-05,2026-05-22,M006420,awarded,,2024-12-06,
2026-06-05,2026-05-22,M006420,work_stopped,,2025-10-23,
2026-06-05,2026-05-22,M006421,status_change,UNDER-CONSTRUCTION,COMPLETED-CONSTRUCTION,
2026-06-05,2026-05-22,M006421,awarded,,2025-06-27,
2026-06-05,2026-05-22,M006421,work_stopped,,2026-05-29,
2026-06-05,2026-05-22,M006422,awarded,,2024-11-01,
2026-06-05,2026-05-22,M006423,awarded,,2025-01-03,
2026-06-05,2026-05-22,M006424,awarded,,2025-01-03,
2026-06-05,2026-05-22,M006424,work_stopped,,2025-11-13,
2026-06-05,2026-05-22,M006425,awarded,,2022-07-01,
2026-06-05,2026-05-22,M006425,work_stopped,,2023-05-31,
2026-06-05,2026-05-22,M006426,awarded,,2023-11-03,
2026-06-05,2026-05-22,M006426,work_stopped,,2024-09-30,
2026-06-05,2026-05-22,M006427,awarded,,2023-12-01,
2026-06-05,2026-05-22,M006427,work_stopped,,2025-06-27,
2026-06-05,2026-05-22,M006428,awarded,,2025-03-07,
2026-06-05,2026-05-22,M006428,work_stopped,,2026-02-27,
2026-06-05,2026-05-22,M006429,awarded,,2024-05-31,
2026-06-05,2026-05-22,M006429,work_stopped,,2024-12-26,
2026-06-05,2026-05-22,M006430,awarded,,2024-10-04,
2026-06-05,2026-05-22,M006430,work_stopped,,2025-08-31,
2026-06-05,2026-05-22,M006431,awarded,,2025-12-05,
2026-06-05,2026-05-22,M006432,awarded,,2025-08-01,
2026-06-05,2026-05-22,M006433,awarded,,2023-08-04,
2026-06-05,2026-05-22,M006433,work_stopped,,2025-03-18,
2026-06-05,2026-05-22,M006435,awarded,,2023-03-03,
2026-06-05,2026-05-22,M006435,work_stopped,,2024-01-31,
2026-06-05,2026-05-22,M006437,awarded,,2023-11-03,
2026-06-05,2026-05-22,M006437,work_stopped,,2024-09-01,
2026-06-05,2026-05-22,M006438,awarded,,2025-12-05,
2026-06-05,2026-05-22,M006439,awarded,,2023-12-01,
2026-06-05,2026-05-22,M006439,work_stopped,,2025-02-12,
2026-06-05,2026-05-22,M006440,awarded,,2023-12-01,
2026-06-05,2026-05-22,M006440,work_stopped,,2024-10-31,
2026-06-05,2026-05-22,M006441,awarded,,2023-12-01,
2026-06-05,2026-05-22,M006441,work_stopped,,2024-10-31,
2026-06-05,2026-05-22,M006442,awarded,,2023-11-03,
2026-06-05,2026-05-22,M006442,work_stopped,,2024-09-30,
2026-06-05,2026-05-22,M006443,awarded,,2023-11-03,
2026-06-05,2026-05-22,M006443,work_stopped,,2024-09-30,
2026-06-05,2026-05-22,M006445,awarded,,2024-10-04,
2026-06-05,2026-05-22,M006445,work_stopped,,2025-09-12,
2026-06-05,2026-05-22,M006446,awarded,,2024-10-04,
2026-06-05,2026-05-22,M006446,work_stopped,,2025-08-31,
2026-06-05,2026-05-22,M006448,awarded,,2024-05-31,
2026-06-05,2026-05-22,M006448,work_stopped,,2025-11-05,
2026-06-05,2026-05-22,M006450,awarded,,2024-02-02,
2026-06-05,2026-05-22,M006453,awarded,,2024-05-03,
2026-06-05,2026-05-22,M006454,awarded,,2023-10-06,
2026-06-05,2026-05-22,M006455,awarded,,2025-10-03,
2026-06-05,2026-05-22,M006457,awarded,,2023-08-04,
2026-06-05,2026-05-22,M006457,work_stopped,,2024-10-02,
2026-06-05,2026-05-22,M006461,awarded,,2024-05-31,
2026-06-05,2026-05-22,M006461,work_stopped,,2025-04-30,
2026-06-05,2026-05-22,M006462,awarded,,2024-11-01,
2026-06-05,2026-05-22,M006463,awarded,,2024-05-03,
2026-06-05,2026-05-22,M006463,work_stopped,,2025-03-28,
2026-06-05,2026-05-22,M006464,awarded,,2024-12-06,
2026-06-05,2026-05-22,M006465,awarded,,2024-05-31,
2026-06-05,2026-05-22,M006465,work_stopped,,2025-04-30,
2026-06-05,2026-05-22,M006466,awarded,,2024-10-04,
2026-06-05,2026-05-22,M006466,work_stopped,,2025-05-07,
2026-06-05,2026-05-22,M006467,awarded,,2024-11-01,
2026-06-05,2026-05-22,M006467,work_stopped,,2025-10-31,
2026-06-05,2026-05-22,M006468,awarded,,2025-01-03,
2026-06-05,2026-05-22,M006468,work_stopped,,2026-02-16,
2026-06-05,2026-05-22,M006470,awarded,,2025-08-01,
2026-06-05,2026-05-22,M006472,awarded,,2024-10-04,
2026-06-05,2026-05-22,M006472,work_stopped,,2025-07-31,
2026-06-05,2026-05-22,M006473,awarded,,2024-11-01,
2026-06-05,2026-05-22,M006473,work_stopped,,2025-09-15,
2026-06-05,2026-05-22,M006474,awarded,,2024-11-01,
2026-06-05,2026-05-22,M006475,awarded,,2024-12-06,
2026-06-05,2026-05-22,M006475,work_stopped,,2026-01-31,
2026-06-05,2026-05-22,M006477,awarded,,2024-12-06,
2026-06-05,2026-05-22,M006478,awarded,,2024-02-02,
2026-06-05,2026-05-22,M006478,work_stopped,,2024-12-30,
2026-06-05,2026-05-22,M006479,awarded,,2024-07-05,
2026-06-05,2026-05-22,M006479,work_stopped,,2025-10-13,
2026-06-05,2026-05-22,M006480,awarded,,2025-01-03,
2026-06-05,2026-05-22,M006481,awarded,,2024-05-31,
2026-06-05,2026-05-22,M006481,work_stopped,,2025-04-02,
2026-06-05,2026-05-22,M006482,awarded,,2024-02-02,
2026-06-05,2026-05-22,M006482,work_stopped,,2025-11-30,
2026-06-05,2026-05-22,M006483,awarded,,2023-12-01,
2026-06-05,2026-05-22,M006483,work_stopped,,2024-10-31,
2026-06-05,2026-05-22,M006484,awarded,,2025-08-01,
2026-06-05,2026-05-22,M006485,awarded,,2025-10-03,
2026-06-05,2026-05-22,M006487,awarded,,2025-10-31,
2026-06-05,2026-05-22,M006488,awarded,,2024-11-01,
2026-06-05,2026-05-22,M006489,awarded,,2024-10-04,
2026-06-05,2026-05-22,M006489,work_stopped,,2025-11-10,
2026-06-05,2026-05-22,M006492,awarded,,2025-01-03,
2026-06-05,2026-05-22,M006492,work_stopped,,2026-03-21,
2026-06-05,2026-05-22,M006493,awarded,,2024-10-04,
2026-06-05,2026-05-22,M006495,awarded,,2025-04-21,
2026-06-05,2026-05-22,M006495,work_stopped,,2026-04-20,
2026-06-05,2026-05-22,M006496,awarded,,2025-10-31,
2026-06-05,2026-05-22,M006497,awarded,,2025-01-03,
2026-06-05,2026-05-22,M006497,work_stopped,,2025-11-30,
2026-06-05,2026-05-22,M006499,awarded,,2024-10-04,
2026-06-05,2026-05-22,M006499,work_stopped,,2025-10-13,
2026-06-05,2026-05-22,M006500,awarded,,2025-10-31,
2026-06-05,2026-05-22,M006501,awarded,,2024-12-06,
2026-06-05,2026-05-22,M006501,work_stopped,,2025-10-31,
2026-06-05,2026-05-22,M006502,awarded,,2024-05-31,
2026-06-05,2026-05-22,M006502,work_stopped,,2025-07-06,
2026-06-05,2026-05-22,M006503,awarded,,2024-11-01,
2026-06-05,2026-05-22,M006503,work_stopped,,2025-09-08,
2026-06-05,2026-05-22,M006504,awarded,,2024-12-06,
2026-06-05,2026-05-22,M006504,work_stopped,,2025-10-31,
2026-06-05,2026-05-22,M006505,awarded,,2025-08-01,
2026-06-05,2026-05-22,M006506,awarded,,2026-05-01,
2026-06-05,2026-05-22,M006507,awarded,,2025-12-05,
2026-06-05,2026-05-22,M006508,awarded,,2024-08-02,
2026-06-05,2026-05-22,M006510,awarded,,2025-09-05,
2026-06-05,2026-05-22,M006511,awarded,,2025-10-03,
2026-06-05,2026-05-22,M006513,awarded,,2024-03-01,
2026-06-05,2026-05-22,M006513,work_stopped,,2025-03-12,
2026-06-05,2026-05-22,M006515,awarded,,2025-10-31,
2026-06-05,2026-05-22,M006519,awarded,,2026-01-02,
2026-06-05,2026-05-22,M006520,cost_change,1500000.0,0.0,-1500000.0
2026-06-05,2026-05-22,M006523,awarded,,2024-05-31,
2026-06-05,2026-05-22,M006523,work_stopped,,2025-04-30,
2026-06-05,2026-05-22,M006524,awarded,,2024-10-04,
2026-06-05,2026-05-22,M006524,work_stopped,,2025-09-16,
2026-06-05,2026-05-22,M006525,awarded,,2025-03-07,
2026-06-05,2026-05-22,M006525,work_stopped,,2025-07-14,
2026-06-05,2026-05-22,M006526,awarded,,2024-05-31,
2026-06-05,2026-05-22,M006526,work_stopped,,2025-04-30,
2026-06-05,2026-05-22,M006528,awarded,,2024-11-01,
2026-06-05,2026-05-22,M006528,work_stopped,,2025-09-23,
2026-06-05,2026-05-22,M006529,awarded,,2026-01-02,
2026-06-05,2026-05-22,M006531,awarded,,2025-10-27,
2026-06-05,2026-05-22,M006534,cost_change,1900000.0,0.0,-1900000.0
2026-06-05,2026-05-22,M006536,awarded,,2024-10-04,
2026-06-05,2026-05-22,M006536,work_stopped,,2025-09-05,
2026-06-05,2026-05-22,M006537,awarded,,2024-11-01,
2026-06-05,2026-05-22,M006537,work_stopped,,2025-10-29,
2026-06-05,2026-05-22,M006538,awarded,,2025-08-01,
2026-06-05,2026-05-22,M006539,awarded,,2024-11-01,
2026-06-05,2026-05-22,M006539,work_stopped,,2025-12-22,
2026-06-05,2026-05-22,M006540,awarded,,2025-01-03,
2026-06-05,2026-05-22,M006541,awarded,,2024-11-01,
2026-06-05,2026-05-22,M006541,work_stopped,,2025-09-30,
2026-06-05,2026-05-22,M006542,awarded,,2025-03-07,
2026-06-05,2026-05-22,M006542,work_stopped,,2026-01-29,
2026-06-05,2026-05-22,M006543,awarded,,2025-08-01,
2026-06-05,2026-05-22,M006544,awarded,,2025-07-04,
2026-06-05,2026-05-22,M006545,awarded,,2024-10-04,
2026-06-05,2026-05-22,M006545,work_stopped,,2025-08-29,
2026-06-05,2026-05-22,M006546,status_change,UNDER-CONSTRUCTION,COMPLETED-CONSTRUCTION,
2026-06-05,2026-05-22,M006546,awarded,,2025-06-27,
2026-06-05,2026-05-22,M006546,work_stopped,,2026-05-28,
2026-06-05,2026-05-22,M006547,awarded,,2024-12-06,
2026-06-05,2026-05-22,M006547,work_stopped,,2025-10-31,
2026-06-05,2026-05-22,M006548,awarded,,2024-10-04,
2026-06-05,2026-05-22,M006548,work_stopped,,2025-12-12,
2026-06-05,2026-05-22,M006549,awarded,,2024-10-04,
2026-06-05,2026-05-22,M006549,work_stopped,,2025-10-18,
2026-06-05,2026-05-22,M006550,awarded,,2025-03-07,
2026-06-05,2026-05-22,M006550,work_stopped,,2026-03-06,
2026-06-05,2026-05-22,M006551,awarded,,2025-07-04,
2026-06-05,2026-05-22,M006552,awarded,,2024-11-01,
2026-06-05,2026-05-22,M006552,work_stopped,,2025-10-05,
2026-06-05,2026-05-22,M006553,awarded,,2025-08-01,
2026-06-05,2026-05-22,M006554,awarded,,2025-03-07,
2026-06-05,2026-05-22,M006555,awarded,,2025-12-05,
2026-06-05,2026-05-22,M006556,awarded,,2025-08-01,
2026-06-05,2026-05-22,M006562,awarded,,2026-04-03,
2026-06-05,2026-05-22,M006563,awarded,,2025-03-07,
2026-06-05,2026-05-22,M006563,work_stopped,,2026-04-06,
2026-06-05,2026-05-22,M006564,awarded,,2026-03-06,
2026-06-05,2026-05-22,M006566,awarded,,2026-04-03,
2026-06-05,2026-05-22,M006567,awarded,,2025-01-03,
2026-06-05,2026-05-22,M006567,work_stopped,,2025-11-30,
2026-06-05,2026-05-22,M006568,awarded,,2025-03-07,
2026-06-05,2026-05-22,M006569,awarded,,2025-06-27,
2026-06-05,2026-05-22,M006570,awarded,,2025-09-05,
2026-06-05,2026-05-22,M006571,awarded,,2025-03-07,
2026-06-05,2026-05-22,M006571,work_stopped,,2026-04-06,
2026-06-05,2026-05-22,M006572,awarded,,2025-01-03,
2026-06-05,2026-05-22,M006572,work_stopped,,2026-01-05,
2026-06-05,2026-05-22,M006573,awarded,,2025-10-27,
2026-06-05,2026-05-22,M006574,awarded,,2025-05-02,
2026-06-05,2026-05-22,M006579,awarded,,2025-08-01,
2026-06-05,2026-05-22,M006580,awarded,,2026-03-06,
2026-06-05,2026-05-22,M006583,awarded,,2026-02-06,
2026-06-05,2026-05-22,M006584,status_change,UNDER-CONSTRUCTION,COMPLETED-CONSTRUCTION,
2026-06-05,2026-05-22,M006584,awarded,,2024-11-01,
2026-06-05,2026-05-22,M006584,work_stopped,,2025-09-30,
2026-06-05,2026-05-22,M006585,awarded,,2025-10-31,
2026-06-05,2026-05-22,M006588,awarded,,2025-12-05,
2026-06-05,2026-05-22,M006592,awarded,,2025-10-03,
2026-06-05,2026-05-22,M006593,awarded,,2025-10-03,
2026-06-05,2026-05-22,M006599,awarded,,2026-01-02,
2026-06-05,2026-05-22,M006605,awarded,,2025-12-05,
2026-06-05,2026-05-22,M006606,awarded,,2025-01-03,
2026-06-05,2026-05-22,M006606,work_stopped,,2025-11-30,
2026-06-05,2026-05-22,M006607,awarded,,2025-08-01,
2026-06-05,2026-05-22,M006609,awarded,,2026-02-06,
2026-06-05,2026-05-22,M006610,awarded,,2026-02-06,
2026-06-05,2026-05-22,M006611,awarded,,2025-08-01,
2026-06-05,2026-05-22,M006612,awarded,,2026-01-02,
2026-06-05,2026-05-22,M006613,awarded,,2025-06-27,
2026-06-05,2026-05-22,M006614,awarded,,2026-01-02,
2026-06-05,2026-05-22,M006616,awarded,,2025-12-05,
2026-06-05,2026-05-22,M006623,awarded,,2026-03-06,
2026-06-05,2026-05-22,M006625,awarded,,2025-08-01,
2026-06-05,2026-05-22,M006626,awarded,,2026-03-06,
2026-06-05,2026-05-22,M006627,awarded,,2025-07-04,
2026-06-05,2026-05-22,M006629,awarded,,2025-08-01,
2026-06-05,2026-05-22,M006630,awarded,,2025-08-01,
2026-06-05,2026-05-22,M006631,awarded,,2025-08-01,
2026-06-05,2026-05-22,M006632,awarded,,2025-10-31,
2026-06-05,2026-05-22,M006633,awarded,,2025-12-05,
2026-06-05,2026-05-22,M006634,awarded,,2026-03-06,
2026-06-05,2026-05-22,M006635,awarded,,2026-01-02,
2026-06-05,2026-05-22,M006636,awarded,,2026-04-03,
2026-06-05,2026-05-22,M006639,awarded,,2026-04-03,
2026-06-05,2026-05-22,M006640,awarded,,2025-08-01,
2026-06-05,2026-05-22,M006641,awarded,,2026-03-06,
2026-06-05,2026-05-22,M006642,awarded,,2026-04-03,
2026-06-05,2026-05-22,M006643,awarded,,2026-03-06,
2026-06-05,2026-05-22,M006646,awarded,,2025-10-31,
2026-06-05,2026-05-22,M006647,awarded,,2025-12-05,
2026-06-05,2026-05-22,M006648,awarded,,2026-02-06,
2026-06-05,2026-05-22,M006650,awarded,,2025-03-07,
2026-06-05,2026-05-22,M006650,work_stopped,,2026-04-05,
2026-06-05,2026-05-22,M006651,awarded,,2026-01-02,
2026-06-05,2026-05-22,M006652,awarded,,2025-10-31,
2026-06-05,2026-05-22,M006653,awarded,,2026-02-06,
2026-06-05,2026-05-22,M006654,awarded,,2025-12-05,
2026-06-05,2026-05-22,M006656,awarded,,2025-08-01,
2026-06-05,2026-05-22,M006658,awarded,,2025-09-05,
2026-06-05,2026-05-22,M006660,awarded,,2026-04-03,
2026-06-05,2026-05-22,M006662,awarded,,2025-10-03,
2026-06-05,2026-05-22,M006664,awarded,,2024-12-06,
2026-06-05,2026-05-22,M006664,work_stopped,,2025-10-28,
2026-06-05,2026-05-22,M006665,awarded,,2026-01-02,
2026-06-05,2026-05-22,M006666,awarded,,2026-04-03,
2026-06-05,2026-05-22,M006667,awarded,,2026-04-03,
2026-06-05,2026-05-22,M006668,status_change,PRE-CONSTRUCTION,UNDER-CONSTRUCTION,
2026-06-05,2026-05-22,M006669,awarded,,2025-10-31,
2026-06-05,2026-05-22,M006670,awarded,,2026-01-02,
2026-06-05,2026-05-22,M006676,awarded,,2026-04-03,
2026-06-05,2026-05-22,M006677,awarded,,2026-02-06,
2026-06-05,2026-05-22,M006678,awarded,,2026-03-06,
2026-06-05,2026-05-22,M006680,status_change,PRE-CONSTRUCTION,UNDER-CONSTRUCTION,
2026-06-05,2026-05-22,M006682,awarded,,2025-04-04,
2026-06-05,2026-05-22,M006683,awarded,,2025-10-03,
2026-06-05,2026-05-22,M006684,awarded,,2025-04-04,
2026-06-05,2026-05-22,M006685,awarded,,2025-05-30,
2026-06-05,2026-05-22,M006688,cost_change,2850763.0,0.0,-2850763.0
2026-06-05,2026-05-22,M006689,awarded,,2026-03-06,
2026-06-05,2026-05-22,M006690,awarded,,2026-05-01,
2026-06-05,2026-05-22,M006692,awarded,,2025-08-01,
2026-06-05,2026-05-22,M006694,awarded,,2025-08-01,
2026-06-05,2026-05-22,M006695,awarded,,2025-12-05,
2026-06-05,2026-05-22,M006697,awarded,,2025-10-03,
2026-06-05,2026-05-22,M006701,awarded,,2025-08-01,
2026-06-05,2026-05-22,M006704,awarded,,2025-10-31,
2026-06-05,2026-05-22,M006709,awarded,,2025-12-05,
2026-06-05,2026-05-22,M006710,awarded,,2026-03-06,
2026-06-05,2026-05-22,M006711,awarded,,2026-01-02,
2026-06-05,2026-05-22,M006715,awarded,,2025-08-01,
2026-06-05,2026-05-22,M006721,awarded,,2026-05-01,
2026-06-05,2026-05-22,M006722,awarded,,2026-05-01,
2026-06-05,2026-05-22,M006723,awarded,,2026-05-01,
2026-06-05,2026-05-22,M006727,awarded,,2026-04-03,
2026-06-05,2026-05-22,M006731,awarded,,2026-05-01,
2026-06-05,2026-05-22,M006737,status_change,PRE-CONSTRUCTION,UNDER-CONSTRUCTION,
2026-06-05,2026-05-22,M006742,cost_change,3067875.38,0.0,-3067875.38
2026-06-05,2026-05-22,M006746,cost_change,1912533.24,0.0,-1912533.24
2026-06-05,2026-05-22,M006772,status_change,PRE-CONSTRUCTION,UNDER-CONSTRUCTION,
2026-06-05,2026-05-22,M006775,cost_change,1811697.0,0.0,-1811697.0
2026-06-05,2026-05-22,M006782,cost_change,3102098.0,0.0,-3102098.0
2026-06-05,2026-05-22,M006785,cost_change,1790000.0,0.0,-1790000.0
2026-06-05,2026-05-22,M006813,cost_change,670000.0,0.0,-670000.0
2026-06-05,2026-05-22,M006814,awarded,,2026-04-03,
2026-06-05,2026-05-22,M006823,cost_change,1822690.72,0.0,-1822690.72
2026-06-05,2026-05-22,M006824,awarded,,2026-04-03,
2026-06-05,2026-05-22,M006828,cost_change,2010000.0,0.0,-2010000.0
2026-06-05,2026-05-22,M006837,cost_change,2381710.21,2581710.21,200000.0
2026-06-05,2026-05-22,M006838,cost_change,2952998.48,0.0,-2952998.48
2026-06-05,2026-05-22,M006840,cost_change,2392372.14,0.0,-2392372.14
2026-06-25,2026-06-05,0017958,new_project,,,
2026-06-25,2026-06-05,0021225,new_project,,,
2026-06-25,2026-06-05,0021767,new_project,,,
2026-06-25,2026-06-05,0021768,new_project,,,
2026-06-25,2026-06-05,M007056,new_project,,,
2026-06-25,2026-06-05,M007057,new_project,,,
2026-06-25,2026-06-05,M007058,new_project,,,
2026-06-25,2026-06-05,M007059,new_project,,,
2026-06-25,2026-06-05,M007060,new_project,,,
2026-06-25,2026-06-05,M007061,new_project,,,
2026-06-25,2026-06-05,M007062,new_project,,,
2026-06-25,2026-06-05,M007063,new_project,,,
2026-06-25,2026-06-05,M007064,new_project,,,
2026-06-25,2026-06-05,M007065,new_project,,,
2026-06-25,2026-06-05,M007066,new_project,,,
2026-06-25,2026-06-05,M007067,new_project,,,
2026-06-25,2026-06-05,M007068,new_project,,,
2026-06-25,2026-06-05,M007069,new_project,,,
2026-06-25,2026-06-05,M007070,new_project,,,
2026-06-25,2026-06-05,M007071,new_project,,,
2026-06-25,2026-06-05,M007072,new_project,,,
2026-06-25,2026-06-05,M007073,new_project,,,
2026-06-25,2026-06-05,M007074,new_project,,,
2026-06-25,2026-06-05,M007075,new_project,,,
2026-06-25,2026-06-05,M007077,new_project,,,
2026-06-25,2026-06-05,M007078,new_project,,,
2026-06-25,2026-06-05,M007079,new_project,,,
2026-06-25,2026-06-05,M007080,new_project,,,
2026-06-25,2026-06-05,M007081,new_project,,,
2026-06-25,2026-06-05,M007082,new_project,,,
2026-06-25,2026-06-05,0000305,dropped,,,
2026-06-25,2026-06-05,0002882,dropped,,,
2026-06-25,2026-06-05,0008542,dropped,,,
2026-06-25,2026-06-05,0008986,dropped,,,
2026-06-25,2026-06-05,0012642,dropped,,,
2026-06-25,2026-06-05,0013856,dropped,,,
2026-06-25,2026-06-05,0015390,dropped,,,
2026-06-25,2026-06-05,0015441,dropped,,,
2026-06-25,2026-06-05,0015729,dropped,,,
2026-06-25,2026-06-05,0017930,dropped,,,
2026-06-25,2026-06-05,0018353,dropped,,,
2026-06-25,2026-06-05,0018377,dropped,,,
2026-06-25,2026-06-05,0018388,dropped,,,
2026-06-25,2026-06-05,0018394,dropped,,,
2026-06-25,2026-06-05,0019252,dropped,,,
2026-06-25,2026-06-05,0019253,dropped,,,
2026-06-25,2026-06-05,0019617,dropped,,,
2026-06-25,2026-06-05,0021600,dropped,,,
2026-06-25,2026-06-05,132985-,dropped,,,
2026-06-25,2026-06-05,231450-,dropped,,,
2026-06-25,2026-06-05,M005287,dropped,,,
2026-06-25,2026-06-05,M005674,dropped,,,
2026-06-25,2026-06-05,M005763,dropped,,,
2026-06-25,2026-06-05,M005774,dropped,,,
2026-06-25,2026-06-05,M005784,dropped,,,
2026-06-25,2026-06-05,0003682,pct_increase,27.95,28.69,0.74
2026-06-25,2026-06-05,0006328,pct_decrease,99.77,99.02,-0.75
2026-06-25,2026-06-05,0006446,pct_decrease,59.28,58.95,-0.33
2026-06-25,2026-06-05,0006700,pct_increase,83.15,86.52,3.37
2026-06-25,2026-06-05,0006857,pct_decrease,56.19,56.04,-0.15
2026-06-25,2026-06-05,0006866,pct_decrease,56.19,56.04,-0.15
2026-06-25,2026-06-05,0006921,cost_change,64110853.1,68114853.1,4004000.0
2026-06-25,2026-06-05,0007055,pct_decrease,42.03,36.22,-5.81
2026-06-25,2026-06-05,0007526,pct_increase,87.39,88.84,1.45
2026-06-25,2026-06-05,0007535,completion_date_slip,2026-04-30,2026-11-01,185
2026-06-25,2026-06-05,0007692,cost_change,88587143.64,88684843.64,97700.0
2026-06-25,2026-06-05,0007841,pct_increase,15.8,17.06,1.26
2026-06-25,2026-06-05,0007843,completion_date_slip,2026-05-03,2026-05-06,3
2026-06-25,2026-06-05,0007856,cost_change,0.0,89524936.28999999,89524936.29
2026-06-25,2026-06-05,0008016,status_change,UNDER-CONSTRUCTION,COMPLETED-CONSTRUCTION,
2026-06-25,2026-06-05,0008016,work_stopped,,2026-06-13,
2026-06-25,2026-06-05,0008384,awarded,,2026-03-05,
2026-06-25,2026-06-05,0010601,pct_increase,86.59,100.0,13.41
2026-06-25,2026-06-05,0012577,pct_increase,85.60000000000001,87.13,1.53
2026-06-25,2026-06-05,0012596,pct_increase,23.9,25.55,1.65
2026-06-25,2026-06-05,0012808,pct_increase,97.55,97.6,0.05
2026-06-25,2026-06-05,0012817,pct_decrease,87.12,85.97,-1.15
2026-06-25,2026-06-05,0013095,pct_decrease,30.62,29.93,-0.69
2026-06-25,2026-06-05,0013104,completion_date_pulled_in,2026-05-31,2026-04-30,-31
2026-06-25,2026-06-05,0013212,pct_increase,96.57,98.09,1.52
2026-06-25,2026-06-05,0013239,pct_increase,89.33,96.82,7.49
2026-06-25,2026-06-05,0013311,cost_change,157258778.67000002,157160917.76,-97860.91
2026-06-25,2026-06-05,0013389,cost_change,70714691.82000001,70806318.77000001,91626.95
2026-06-25,2026-06-05,0013525,pct_increase,22.8,25.94,3.14
2026-06-25,2026-06-05,0013526,pct_increase,21.23,24.2,2.97
2026-06-25,2026-06-05,0013553,cost_change,22430000.0,22470000.0,40000.0
2026-06-25,2026-06-05,0013615,pct_increase,89.96000000000001,90.29,0.33
2026-06-25,2026-06-05,0013628,pct_increase,25.77,25.8,0.03
2026-06-25,2026-06-05,0013692,pct_increase,80.49,80.76,0.27
2026-06-25,2026-06-05,0013702,cost_change,96277959.22,100337959.22,4060000.0
2026-06-25,2026-06-05,0013715,pct_increase,65.2,66.2,1.0
2026-06-25,2026-06-05,0013717,pct_increase,85.43,94.06,8.63
2026-06-25,2026-06-05,0013726,pct_increase,76.12,78.99,2.87
2026-06-25,2026-06-05,0013745,cost_change,157828798.65,159178798.65,1350000.0
2026-06-25,2026-06-05,0013766,cost_change,16755304.25,17157293.740000002,401989.49
2026-06-25,2026-06-05,0013806,pct_increase,32.37,33.980000000000004,1.61
2026-06-25,2026-06-05,0013808,pct_decrease,22.56,22.49,-0.07
2026-06-25,2026-06-05,0013809,pct_increase,18.74,19.01,0.27
2026-06-25,2026-06-05,0013810,pct_increase,61.97,63.78,1.81
2026-06-25,2026-06-05,0013813,pct_increase,80.97,84.28,3.31
2026-06-25,2026-06-05,0013827,pct_increase,34.44,36.37,1.93
2026-06-25,2026-06-05,0013886,pct_increase,93.54,94.3,0.76
2026-06-25,2026-06-05,0013888,pct_now_reporting,,4.99,
2026-06-25,2026-06-05,0013893,pct_increase,21.69,22.3,0.61
2026-06-25,2026-06-05,0013937,pct_increase,94.75,94.81,0.06
2026-06-25,2026-06-05,0013948,pct_increase,41.48,42.28,0.8
2026-06-25,2026-06-05,0013949,pct_increase,41.48,42.28,0.8
2026-06-25,2026-06-05,0013960,status_change,UNDER-CONSTRUCTION,COMPLETED-CONSTRUCTION,
2026-06-25,2026-06-05,0013960,work_stopped,,2025-03-11,
2026-06-25,2026-06-05,0013971,pct_increase,39.48,41.24,1.76
2026-06-25,2026-06-05,0013991,cost_change,12091222.91,12073677.91,-17545.0
2026-06-25,2026-06-05,0014077,cost_change,10373447.94,50020166.57,39646718.63
2026-06-25,2026-06-05,0014078,cost_change,47592630.05,46792630.05,-800000.0
2026-06-25,2026-06-05,0014133,pct_now_reporting,,5.92,
2026-06-25,2026-06-05,0014897,pct_decrease,98.97,98.23,-0.74
2026-06-25,2026-06-05,0015071,pct_increase,80.45,94.51,14.06
2026-06-25,2026-06-05,0015100,pct_increase,98.11,99.57,1.46
2026-06-25,2026-06-05,0015555,cost_change,2476184.77,21806079.36,19329894.59
2026-06-25,2026-06-05,0015593,pct_increase,4.67,13.08,8.41
2026-06-25,2026-06-05,0015604,pct_increase,70.08,83.56,13.48
2026-06-25,2026-06-05,0015618,pct_increase,38.19,41.59,3.4
2026-06-25,2026-06-05,0015646,pct_increase,9.0,17.92,8.92
2026-06-25,2026-06-05,0015646,completion_date_slip,2024-12-31,2027-09-14,987
2026-06-25,2026-06-05,0015679,status_change,UNDER-CONSTRUCTION,COMPLETED-CONSTRUCTION,
2026-06-25,2026-06-05,0015679,work_stopped,,2026-05-15,
2026-06-25,2026-06-05,0015999,pct_now_reporting,,100.0,
2026-06-25,2026-06-05,0016074,pct_decrease,21.04,20.9,-0.14
2026-06-25,2026-06-05,0016078,pct_increase,23.41,26.56,3.15
2026-06-25,2026-06-05,0016108,pct_increase,93.32,93.54,0.22
2026-06-25,2026-06-05,0016110,pct_decrease,98.27,88.37,-9.9
2026-06-25,2026-06-05,0016116,pct_increase,43.54,51.66,8.12
2026-06-25,2026-06-05,0016128,pct_increase,43.78,44.93,1.15
2026-06-25,2026-06-05,0016240,pct_now_reporting,,6.5600000000000005,
2026-06-25,2026-06-05,0016286,completion_date_slip,2026-06-07,2027-01-06,213
2026-06-25,2026-06-05,0016288,completion_date_slip,2026-06-07,2027-01-06,213
2026-06-25,2026-06-05,0016297,status_change,UNDER-CONSTRUCTION,COMPLETED-CONSTRUCTION,
2026-06-25,2026-06-05,0016297,work_stopped,,2026-03-06,
2026-06-25,2026-06-05,0016356,pct_increase,29.15,30.13,0.98
2026-06-25,2026-06-05,0016386,pct_increase,3.9,6.51,2.61
2026-06-25,2026-06-05,0016387,cost_change,16218705.4,47824189.42,31605484.02
2026-06-25,2026-06-05,0016506,pct_increase,18.07,18.34,0.27
2026-06-25,2026-06-05,0016507,cost_change,1910000.0,12021115.56,10111115.56
2026-06-25,2026-06-05,0016508,cost_change,2496000.0,5944693.26,3448693.26
2026-06-25,2026-06-05,0016525,pct_increase,4.3100000000000005,8.040000000000001,3.73
2026-06-25,2026-06-05,0016526,pct_decrease,22.56,22.49,-0.07
2026-06-25,2026-06-05,0016629,pct_now_reporting,,60.03,
2026-06-25,2026-06-05,0016920,status_change,PRE-CONSTRUCTION,UNDER-CONSTRUCTION,
2026-06-25,2026-06-05,0017187,pct_increase,3.53,3.54,0.01
2026-06-25,2026-06-05,0017399,cost_change,10736004.27,10297877.55,-438126.72
2026-06-25,2026-06-05,0017430,pct_decrease,40.04,33.19,-6.85
2026-06-25,2026-06-05,0017528,cost_change,6442800.0,6459050.0,16250.0
2026-06-25,2026-06-05,0017843,cost_change,2211500.0,1936500.0,-275000.0
2026-06-25,2026-06-05,0017922,status_change,UNDER-CONSTRUCTION,COMPLETED-CONSTRUCTION,
2026-06-25,2026-06-05,0017922,work_stopped,,2025-09-30,
2026-06-25,2026-06-05,0017957,pct_decrease,90.66,83.86,-6.8
2026-06-25,2026-06-05,0017962,cost_change,965000.0,865000.0,-100000.0
2026-06-25,2026-06-05,0018193,pct_increase,5.33,7.52,2.19
2026-06-25,2026-06-05,0018361,pct_increase,98.97,99.5,0.53
2026-06-25,2026-06-05,0018429,status_change,UNDER-CONSTRUCTION,COMPLETED-CONSTRUCTION,
2026-06-25,2026-06-05,0018431,status_change,UNDER-CONSTRUCTION,COMPLETED-CONSTRUCTION,
2026-06-25,2026-06-05,0018846,cost_change,0.0,75480.0,75480.0
2026-06-25,2026-06-05,0018933,cost_change,0.0,60000.0,60000.0
2026-06-25,2026-06-05,0019020,pct_decrease,83.26,82.43,-0.83
2026-06-25,2026-06-05,0019059,cost_change,2016166.85,3077275.99,1061109.14
2026-06-25,2026-06-05,0019137,cost_change,0.0,2368109.31,2368109.31
2026-06-25,2026-06-05,0019139,cost_change,64800.0,40000.0,-24800.0
2026-06-25,2026-06-05,0019218,pct_decrease,41.36,10.79,-30.57
2026-06-25,2026-06-05,0019239,pct_increase,82.08,92.01,9.93
2026-06-25,2026-06-05,0019257,pct_increase,20.81,35.04,14.23
2026-06-25,2026-06-05,0019349,pct_increase,13.17,41.62,28.45
2026-06-25,2026-06-05,0019528,cost_change,10100000.0,10102500.0,2500.0
2026-06-25,2026-06-05,0019601,cost_change,117400.0,25000.0,-92400.0
2026-06-25,2026-06-05,0019639,cost_change,598944.21,568742.89,-30201.32
2026-06-25,2026-06-05,0019657,cost_change,0.0,5790204.82,5790204.82
2026-06-25,2026-06-05,0019659,cost_change,0.0,5025519.07,5025519.07
2026-06-25,2026-06-05,0019660,cost_change,0.0,4806459.17,4806459.17
2026-06-25,2026-06-05,0019664,awarded,,2026-05-01,
2026-06-25,2026-06-05,0019666,pct_increase,85.58,91.47,5.89
2026-06-25,2026-06-05,0019667,pct_increase,37.18,46.87,9.69
2026-06-25,2026-06-05,0019670,awarded,,2026-04-23,
2026-06-25,2026-06-05,0019697,awarded,,2026-03-06,
2026-06-25,2026-06-05,0019706,cost_change,6848737.05,7318737.05,470000.0
2026-06-25,2026-06-05,0019710,pct_increase,4.98,21.19,16.21
2026-06-25,2026-06-05,0019711,pct_increase,24.75,37.37,12.62
2026-06-25,2026-06-05,0019789,cost_change,3776000.0,4610331.25,834331.25
2026-06-25,2026-06-05,0019835,pct_increase,82.44,85.33,2.89
2026-06-25,2026-06-05,0019855,cost_change,4761258.85,4931258.85,170000.0
2026-06-25,2026-06-05,0019856,cost_change,3610000.0,3766897.76,156897.76
2026-06-25,2026-06-05,0019857,cost_change,3610000.0,3643511.0,33511.0
2026-06-25,2026-06-05,0019867,pct_increase,4.65,11.02,6.37
2026-06-25,2026-06-05,0019871,pct_increase,97.83,98.39,0.56
2026-06-25,2026-06-05,0019889,cost_change,23416751.65,27446751.65,4030000.0
2026-06-25,2026-06-05,0019955,status_change,UNDER-CONSTRUCTION,COMPLETED-CONSTRUCTION,
2026-06-25,2026-06-05,0019955,work_stopped,,2026-04-30,
2026-06-25,2026-06-05,0020000,pct_increase,8.26,24.95,16.69
2026-06-25,2026-06-05,0020050,cost_change,398200.0,30367562.32,29969362.32
2026-06-25,2026-06-05,0020107,pct_increase,13.07,26.46,13.39
2026-06-25,2026-06-05,0020173,cost_change,64762710.0,64659063.54,-103646.46
2026-06-25,2026-06-05,0020260,cost_change,2000000.0,2040000.0,40000.0
2026-06-25,2026-06-05,0020261,cost_change,2000000.0,2020000.0,20000.0
2026-06-25,2026-06-05,0020274,cost_change,350000.0,2889000.0,2539000.0
2026-06-25,2026-06-05,0020293,pct_increase,65.74,78.41,12.67
2026-06-25,2026-06-05,0020383,pct_now_reporting,,21.76,
2026-06-25,2026-06-05,0020394,cost_change,2400000.0,2550000.0,150000.0
2026-06-25,2026-06-05,0020420,cost_change,0.0,1167000.0,1167000.0
2026-06-25,2026-06-05,0020421,cost_change,0.0,3500000.0,3500000.0
2026-06-25,2026-06-05,0020678,cost_change,1000000.0,1250000.0,250000.0
2026-06-25,2026-06-05,0020680,cost_change,575000.0,775000.0,200000.0
2026-06-25,2026-06-05,0020745,pct_now_reporting,,57.18,
2026-06-25,2026-06-05,0020766,pct_increase,28.8,58.51,29.71
2026-06-25,2026-06-05,0020767,pct_increase,42.39,65.51,23.12
2026-06-25,2026-06-05,0020775,awarded,,2026-04-03,
2026-06-25,2026-06-05,0021192,status_change,UNDER-CONSTRUCTION,COMPLETED-CONSTRUCTION,
2026-06-25,2026-06-05,0021192,work_stopped,,2026-04-15,
2026-06-25,2026-06-05,0021308,pct_increase,41.53,56.73,15.2
2026-06-25,2026-06-05,0021309,pct_increase,14.71,28.13,13.42
2026-06-25,2026-06-05,0021588,cost_change,1589668.0,1789668.0,200000.0
2026-06-25,2026-06-05,0021601,cost_change,1860250.0,1930250.0,70000.0
2026-06-25,2026-06-05,0021612,cost_change,1900000.0,2700000.0,800000.0
2026-06-25,2026-06-05,122600-,pct_decrease,99.86,88.52,-11.34
2026-06-25,2026-06-05,231210-,pct_increase,25.77,25.8,0.03
2026-06-25,2026-06-05,311400-,pct_increase,9.54,10.1,0.56
2026-06-25,2026-06-05,322250-,pct_increase,63.83,66.95,3.12
2026-06-25,2026-06-05,332180-,pct_increase,90.22,90.54,0.32
2026-06-25,2026-06-05,371077-,cost_change,2350000.0,2420000.0,70000.0
2026-06-25,2026-06-05,522190-,pct_increase,82.35000000000001,87.28,4.93
2026-06-25,2026-06-05,532650-,pct_increase,70.69,71.01,0.32
2026-06-25,2026-06-05,621410-,pct_increase,92.7,94.08,1.38
2026-06-25,2026-06-05,621490-,cost_change,63008224.05,69408224.05,6400000.0
2026-06-25,2026-06-05,621720-,cost_change,90087339.48,90439861.48,352522.0
2026-06-25,2026-06-05,713300-,pct_increase,51.03,53.64,2.61
2026-06-25,2026-06-05,721290-,pct_increase,44.65,46.52,1.87
2026-06-25,2026-06-05,731048-,pct_decrease,21.71,21.7,-0.01
2026-06-25,2026-06-05,M005161,cost_change,0.0,115283.0,115283.0
2026-06-25,2026-06-05,M005750,pct_now_reporting,,90.68,
2026-06-25,2026-06-05,M005878,pct_increase,53.68,82.28,28.6
2026-06-25,2026-06-05,M006124,pct_increase,60.58,85.82000000000001,25.24
2026-06-25,2026-06-05,M006179,status_change,UNDER-CONSTRUCTION,COMPLETED-CONSTRUCTION,
2026-06-25,2026-06-05,M006179,work_stopped,,2026-06-23,
2026-06-25,2026-06-05,M006289,pct_decrease,93.19,77.8,-15.39
2026-06-25,2026-06-05,M006357,pct_decrease,98.01,95.86,-2.15
2026-06-25,2026-06-05,M006432,pct_increase,93.08,93.2,0.12
2026-06-25,2026-06-05,M006474,status_change,UNDER-CONSTRUCTION,COMPLETED-CONSTRUCTION,
2026-06-25,2026-06-05,M006474,work_stopped,,2025-09-30,
2026-06-25,2026-06-05,M006487,pct_increase,10.25,23.11,12.86
2026-06-25,2026-06-05,M006496,pct_now_reporting,,6.44,
2026-06-25,2026-06-05,M006498,awarded,,2026-05-01,
2026-06-25,2026-06-05,M006510,pct_increase,88.76,97.47,8.71
2026-06-25,2026-06-05,M006511,pct_increase,87.46000000000001,89.17,1.71
2026-06-25,2026-06-05,M006556,pct_increase,63.01,79.61,16.6
2026-06-25,2026-06-05,M006558,awarded,,2026-04-03,
2026-06-25,2026-06-05,M006568,status_change,UNDER-CONSTRUCTION,COMPLETED-CONSTRUCTION,
2026-06-25,2026-06-05,M006568,work_stopped,,2026-05-12,
2026-06-25,2026-06-05,M006569,pct_increase,24.57,24.58,0.01
2026-06-25,2026-06-05,M006585,pct_increase,10.3,16.45,6.15
2026-06-25,2026-06-05,M006592,pct_increase,13.77,24.48,10.71
2026-06-25,2026-06-05,M006593,pct_increase,13.77,24.48,10.71
2026-06-25,2026-06-05,M006605,pct_now_reporting,,18.27,
2026-06-25,2026-06-05,M006610,pct_now_reporting,,78.0,
2026-06-25,2026-06-05,M006613,status_change,UNDER-CONSTRUCTION,COMPLETED-CONSTRUCTION,
2026-06-25,2026-06-05,M006613,work_stopped,,2026-05-31,
2026-06-25,2026-06-05,M006615,awarded,,2026-05-01,
2026-06-25,2026-06-05,M006625,pct_increase,15.33,43.94,28.61
2026-06-25,2026-06-05,M006628,awarded,,2026-05-01,
2026-06-25,2026-06-05,M006638,awarded,,2026-05-01,
2026-06-25,2026-06-05,M006646,pct_increase,49.11,60.76,11.65
2026-06-25,2026-06-05,M006647,pct_increase,35.61,47.05,11.44
2026-06-25,2026-06-05,M006648,pct_increase,2.63,3.69,1.06
2026-06-25,2026-06-05,M006653,pct_increase,9.67,30.73,21.06
2026-06-25,2026-06-05,M006654,pct_increase,35.61,47.05,11.44
2026-06-25,2026-06-05,M006656,pct_now_reporting,,71.10000000000001,
2026-06-25,2026-06-05,M006657,awarded,,2026-04-03,
2026-06-25,2026-06-05,M006659,cost_change,952495.65,1142843.54,190347.89
2026-06-25,2026-06-05,M006685,pct_increase,14.34,35.480000000000004,21.14
2026-06-25,2026-06-05,M006693,awarded,,2026-05-01,
2026-06-25,2026-06-05,M006696,awarded,,2026-05-01,
2026-06-25,2026-06-05,M006725,awarded,,2026-05-01,
2026-06-25,2026-06-05,M006726,awarded,,2026-05-01,
2026-06-25,2026-06-05,M006730,awarded,,2026-05-01,
2026-06-25,2026-06-05,M006740,awarded,,2026-05-01,
2026-06-25,2026-06-05,M006748,awarded,,2026-05-01,
2026-06-25,2026-06-05,M006777,awarded,,2026-05-01,
2026-06-25,2026-06-05,M006813,cost_change,0.0,670000.0,670000.0
2026-08-21,2026-06-25,0013718,new_project,,,
2026-08-21,2026-06-25,0013814,new_project,,,
2026-08-21,2026-06-25,0015398,new_project,,,
2026-08-21,2026-06-25,0018331,new_project,,,
2026-08-21,2026-06-25,0018353,new_project,,,
2026-08-21,2026-06-25,0018386,new_project,,,
2026-08-21,2026-06-25,0019016,new_project,,,
2026-08-21,2026-06-25,0019252,new_project,,,
2026-08-21,2026-06-25,0019603,new_project,,,
2026-08-21,2026-06-25,0020179,new_project,,,
2026-08-21,2026-06-25,0020794,new_project,,,
2026-08-21,2026-06-25,0021215,new_project,,,
2026-08-21,2026-06-25,0021229,new_project,,,
2026-08-21,2026-06-25,0021720,new_project,,,
2026-08-21,2026-06-25,0021746,new_project,,,
2026-08-21,2026-06-25,0021754,new_project,,,
2026-08-21,2026-06-25,0021802,new_project,,,
2026-08-21,2026-06-25,0021803,new_project,,,
2026-08-21,2026-06-25,0021843,new_project,,,
2026-08-21,2026-06-25,231450-,new_project,,,
2026-08-21,2026-06-25,M006023,new_project,,,
2026-08-21,2026-06-25,M006561,new_project,,,
2026-08-21,2026-06-25,M006595,new_project,,,
2026-08-21,2026-06-25,M006596,new_project,,,
2026-08-21,2026-06-25,M006601,new_project,,,
2026-08-21,2026-06-25,M006962,new_project,,,
2026-08-21,2026-06-25,M006981,new_project,,,
2026-08-21,2026-06-25,M007083,new_project,,,
2026-08-21,2026-06-25,M007084,new_project,,,
2026-08-21,2026-06-25,M007086,new_project,,,
2026-08-21,2026-06-25,M007087,new_project,,,
2026-08-21,2026-06-25,M007088,new_project,,,
2026-08-21,2026-06-25,M007089,new_project,,,
2026-08-21,2026-06-25,M007090,new_project,,,
2026-08-21,2026-06-25,M007091,new_project,,,
2026-08-21,2026-06-25,M007092,new_project,,,
2026-08-21,2026-06-25,M007093,new_project,,,
2026-08-21,2026-06-25,M007094,new_project,,,
2026-08-21,2026-06-25,M007095,new_project,,,
2026-08-21,2026-06-25,M007096,new_project,,,
2026-08-21,2026-06-25,M007097,new_project,,,
2026-08-21,2026-06-25,M007098,new_project,,,
2026-08-21,2026-06-25,M007099,new_project,,,
2026-08-21,2026-06-25,M007100,new_project,,,
2026-08-21,2026-06-25,M007101,new_project,,,
2026-08-21,2026-06-25,M007102,new_project,,,
2026-08-21,2026-06-25,M007103,new_project,,,
2026-08-21,2026-06-25,M007104,new_project,,,
2026-08-21,2026-06-25,M007105,new_project,,,
2026-08-21,2026-06-25,M007106,new_project,,,
2026-08-21,2026-06-25,M007107,new_project,,,
2026-08-21,2026-06-25,M007108,new_project,,,
2026-08-21,2026-06-25,M007109,new_project,,,
2026-08-21,2026-06-25,M007110,new_project,,,
2026-08-21,2026-06-25,M007111,new_project,,,
2026-08-21,2026-06-25,M007112,new_project,,,
2026-08-21,2026-06-25,M007113,new_project,,,
2026-08-21,2026-06-25,M007114,new_project,,,
2026-08-21,2026-06-25,M007115,new_project,,,
2026-08-21,2026-06-25,M007116,new_project,,,
2026-08-21,2026-06-25,M007117,new_project,,,
2026-08-21,2026-06-25,M007118,new_project,,,
2026-08-21,2026-06-25,M007119,new_project,,,
2026-08-21,2026-06-25,M007120,new_project,,,
2026-08-21,2026-06-25,M007121,new_project,,,
2026-08-21,2026-06-25,M007122,new_project,,,
2026-08-21,2026-06-25,M007123,new_project,,,
2026-08-21,2026-06-25,M007124,new_project,,,
2026-08-21,2026-06-25,M007125,new_project,,,
2026-08-21,2026-06-25,M007126,new_project,,,
2026-08-21,2026-06-25,M007127,new_project,,,
2026-08-21,2026-06-25,M007128,new_project,,,
2026-08-21,2026-06-25,M007129,new_project,,,
2026-08-21,2026-06-25,M007130,new_project,,,
2026-08-21,2026-06-25,M007131,new_project,,,
2026-08-21,2026-06-25,M007132,new_project,,,
2026-08-21,2026-06-25,M007133,new_project,,,
2026-08-21,2026-06-25,M007134,new_project,,,
2026-08-21,2026-06-25,M007135,new_project,,,
2026-08-21,2026-06-25,M007136,new_project,,,
2026-08-21,2026-06-25,M007137,new_project,,,
2026-08-21,2026-06-25,M007138,new_project,,,
2026-08-21,2026-06-25,M007139,new_project,,,
2026-08-21,2026-06-25,M007140,new_project,,,
2026-08-21,2026-06-25,M007141,new_project,,,
2026-08-21,2026-06-25,M007142,new_project,,,
2026-08-21,2026-06-25,M007143,new_project,,,
2026-08-21,2026-06-25,M007144,new_project,,,
2026-08-21,2026-06-25,M007145,new_project,,,
2026-08-21,2026-06-25,M007146,new_project,,,
2026-08-21,2026-06-25,M007147,new_project,,,
2026-08-21,2026-06-25,M007148,new_project,,,
2026-08-21,2026-06-25,M007149,new_project,,,
2026-08-21,2026-06-25,M007150,new_project,,,
2026-08-21,2026-06-25,M007151,new_project,,,
2026-08-21,2026-06-25,M007152,new_project,,,
2026-08-21,2026-06-25,M007154,new_project,,,
2026-08-21,2026-06-25,M007156,new_project,,,
2026-08-21,2026-06-25,0005314,dropped,,,
2026-08-21,2026-06-25,0006294,dropped,,,
2026-08-21,2026-06-25,0006416,dropped,,,
2026-08-21,2026-06-25,0006644,dropped,,,
2026-08-21,2026-06-25,0006658,dropped,,,
2026-08-21,2026-06-25,0007494,dropped,,,
2026-08-21,2026-06-25,0007532,dropped,,,
2026-08-21,2026-06-25,0007855,dropped,,,
2026-08-21,2026-06-25,0008019,dropped,,,
2026-08-21,2026-06-25,0008601,dropped,,,
2026-08-21,2026-06-25,0008614,dropped,,,
2026-08-21,2026-06-25,0009862,dropped,,,
2026-08-21,2026-06-25,0010009,dropped,,,
2026-08-21,2026-06-25,0010211,dropped,,,
2026-08-21,2026-06-25,0010648,dropped,,,
2026-08-21,2026-06-25,0011384,dropped,,,
2026-08-21,2026-06-25,0011386,dropped,,,
2026-08-21,2026-06-25,0011417,dropped,,,
2026-08-21,2026-06-25,0011430,dropped,,,
2026-08-21,2026-06-25,0011677,dropped,,,
2026-08-21,2026-06-25,0012155,dropped,,,
2026-08-21,2026-06-25,0012190,dropped,,,
2026-08-21,2026-06-25,0012196,dropped,,,
2026-08-21,2026-06-25,0012199,dropped,,,
2026-08-21,2026-06-25,0012387,dropped,,,
2026-08-21,2026-06-25,0012408,dropped,,,
2026-08-21,2026-06-25,0012487,dropped,,,
2026-08-21,2026-06-25,0012574,dropped,,,
2026-08-21,2026-06-25,0012600,dropped,,,
2026-08-21,2026-06-25,0012622,dropped,,,
2026-08-21,2026-06-25,0012670,dropped,,,
2026-08-21,2026-06-25,0012676,dropped,,,
2026-08-21,2026-06-25,0012759,dropped,,,
2026-08-21,2026-06-25,0012798,dropped,,,
2026-08-21,2026-06-25,0013339,dropped,,,
2026-08-21,2026-06-25,0013613,dropped,,,
2026-08-21,2026-06-25,0013617,dropped,,,
2026-08-21,2026-06-25,0013650,dropped,,,
2026-08-21,2026-06-25,0013696,dropped,,,
2026-08-21,2026-06-25,0013745,dropped,,,
2026-08-21,2026-06-25,0013766,dropped,,,
2026-08-21,2026-06-25,0013890,dropped,,,
2026-08-21,2026-06-25,0013927,dropped,,,
2026-08-21,2026-06-25,0013950,dropped,,,
2026-08-21,2026-06-25,0014175,dropped,,,
2026-08-21,2026-06-25,0014176,dropped,,,
2026-08-21,2026-06-25,0014177,dropped,,,
2026-08-21,2026-06-25,0014178,dropped,,,
2026-08-21,2026-06-25,0014914,dropped,,,
2026-08-21,2026-06-25,0015440,dropped,,,
2026-08-21,2026-06-25,0015522,dropped,,,
2026-08-21,2026-06-25,0015546,dropped,,,
2026-08-21,2026-06-25,0015559,dropped,,,
2026-08-21,2026-06-25,0015740,dropped,,,
2026-08-21,2026-06-25,0015745,dropped,,,
2026-08-21,2026-06-25,0015747,dropped,,,
2026-08-21,2026-06-25,0015749,dropped,,,
2026-08-21,2026-06-25,0016129,dropped,,,
2026-08-21,2026-06-25,0016130,dropped,,,
2026-08-21,2026-06-25,0016387,dropped,,,
2026-08-21,2026-06-25,0016515,dropped,,,
2026-08-21,2026-06-25,0016574,dropped,,,
2026-08-21,2026-06-25,0016579,dropped,,,
2026-08-21,2026-06-25,0017138,dropped,,,
2026-08-21,2026-06-25,0017731,dropped,,,
2026-08-21,2026-06-25,0017968,dropped,,,
2026-08-21,2026-06-25,0017981,dropped,,,
2026-08-21,2026-06-25,0017983,dropped,,,
2026-08-21,2026-06-25,0018223,dropped,,,
2026-08-21,2026-06-25,0018226,dropped,,,
2026-08-21,2026-06-25,0018227,dropped,,,
2026-08-21,2026-06-25,0018234,dropped,,,
2026-08-21,2026-06-25,0018235,dropped,,,
2026-08-21,2026-06-25,0018236,dropped,,,
2026-08-21,2026-06-25,0018238,dropped,,,
2026-08-21,2026-06-25,0018239,dropped,,,
2026-08-21,2026-06-25,0018240,dropped,,,
2026-08-21,2026-06-25,0018241,dropped,,,
2026-08-21,2026-06-25,0018245,dropped,,,
2026-08-21,2026-06-25,0018249,dropped,,,
2026-08-21,2026-06-25,0018251,dropped,,,
2026-08-21,2026-06-25,0018252,dropped,,,
2026-08-21,2026-06-25,0018256,dropped,,,
2026-08-21,2026-06-25,0018329,dropped,,,
2026-08-21,2026-06-25,0018343,dropped,,,
2026-08-21,2026-06-25,0018376,dropped,,,
2026-08-21,2026-06-25,0018384,dropped,,,
2026-08-21,2026-06-25,0018387,dropped,,,
2026-08-21,2026-06-25,0018395,dropped,,,
2026-08-21,2026-06-25,0019040,dropped,,,
2026-08-21,2026-06-25,0019042,dropped,,,
2026-08-21,2026-06-25,0019045,dropped,,,
2026-08-21,2026-06-25,0019048,dropped,,,
2026-08-21,2026-06-25,0019059,dropped,,,
2026-08-21,2026-06-25,0019069,dropped,,,
2026-08-21,2026-06-25,0019083,dropped,,,
2026-08-21,2026-06-25,0019090,dropped,,,
2026-08-21,2026-06-25,0019099,dropped,,,
2026-08-21,2026-06-25,0019110,dropped,,,
2026-08-21,2026-06-25,0019111,dropped,,,
2026-08-21,2026-06-25,0019115,dropped,,,
2026-08-21,2026-06-25,0019118,dropped,,,
2026-08-21,2026-06-25,0019119,dropped,,,
2026-08-21,2026-06-25,0019120,dropped,,,
2026-08-21,2026-06-25,0019121,dropped,,,
2026-08-21,2026-06-25,0019122,dropped,,,
2026-08-21,2026-06-25,0019123,dropped,,,
2026-08-21,2026-06-25,0019124,dropped,,,
2026-08-21,2026-06-25,0019126,dropped,,,
2026-08-21,2026-06-25,0019128,dropped,,,
2026-08-21,2026-06-25,0019129,dropped,,,
2026-08-21,2026-06-25,0019185,dropped,,,
2026-08-21,2026-06-25,0019190,dropped,,,
2026-08-21,2026-06-25,0019521,dropped,,,
2026-08-21,2026-06-25,0019535,dropped,,,
2026-08-21,2026-06-25,0019612,dropped,,,
2026-08-21,2026-06-25,0019630,dropped,,,
2026-08-21,2026-06-25,0019641,dropped,,,
2026-08-21,2026-06-25,0019642,dropped,,,
2026-08-21,2026-06-25,0019645,dropped,,,
2026-08-21,2026-06-25,0019646,dropped,,,
2026-08-21,2026-06-25,0019657,dropped,,,
2026-08-21,2026-06-25,0019659,dropped,,,
2026-08-21,2026-06-25,0019660,dropped,,,
2026-08-21,2026-06-25,0019683,dropped,,,
2026-08-21,2026-06-25,0019693,dropped,,,
2026-08-21,2026-06-25,0019704,dropped,,,
2026-08-21,2026-06-25,0019714,dropped,,,
2026-08-21,2026-06-25,0019787,dropped,,,
2026-08-21,2026-06-25,0019939,dropped,,,
2026-08-21,2026-06-25,0019941,dropped,,,
2026-08-21,2026-06-25,0019944,dropped,,,
2026-08-21,2026-06-25,0020051,dropped,,,
2026-08-21,2026-06-25,0020067,dropped,,,
2026-08-21,2026-06-25,0020084,dropped,,,
2026-08-21,2026-06-25,0020164,dropped,,,
2026-08-21,2026-06-25,0020211,dropped,,,
2026-08-21,2026-06-25,0020294,dropped,,,
2026-08-21,2026-06-25,0020296,dropped,,,
2026-08-21,2026-06-25,0020297,dropped,,,
2026-08-21,2026-06-25,0020369,dropped,,,
2026-08-21,2026-06-25,0020939,dropped,,,
2026-08-21,2026-06-25,0020948,dropped,,,
2026-08-21,2026-06-25,0021575,dropped,,,
2026-08-21,2026-06-25,0021618,dropped,,,
2026-08-21,2026-06-25,0021747,dropped,,,
2026-08-21,2026-06-25,0021748,dropped,,,
2026-08-21,2026-06-25,122200-,dropped,,,
2026-08-21,2026-06-25,270737-,dropped,,,
2026-08-21,2026-06-25,270739-,dropped,,,
2026-08-21,2026-06-25,270740-,dropped,,,
2026-08-21,2026-06-25,270741-,dropped,,,
2026-08-21,2026-06-25,270743-,dropped,,,
2026-08-21,2026-06-25,270744-,dropped,,,
2026-08-21,2026-06-25,270747-,dropped,,,
2026-08-21,2026-06-25,270780-,dropped,,,
2026-08-21,2026-06-25,270782-,dropped,,,
2026-08-21,2026-06-25,270783-,dropped,,,
2026-08-21,2026-06-25,331680-,dropped,,,
2026-08-21,2026-06-25,331690-,dropped,,,
2026-08-21,2026-06-25,331700-,dropped,,,
2026-08-21,2026-06-25,331720-,dropped,,,
2026-08-21,2026-06-25,332820-,dropped,,,
2026-08-21,2026-06-25,342860-,dropped,,,
2026-08-21,2026-06-25,370830-,dropped,,,
2026-08-21,2026-06-25,370836-,dropped,,,
2026-08-21,2026-06-25,370842-,dropped,,,
2026-08-21,2026-06-25,370851-,dropped,,,
2026-08-21,2026-06-25,370852-,dropped,,,
2026-08-21,2026-06-25,370881-,dropped,,,
2026-08-21,2026-06-25,370882-,dropped,,,
2026-08-21,2026-06-25,370883-,dropped,,,
2026-08-21,2026-06-25,370885-,dropped,,,
2026-08-21,2026-06-25,370886-,dropped,,,
2026-08-21,2026-06-25,370891-,dropped,,,
2026-08-21,2026-06-25,371050-,dropped,,,
2026-08-21,2026-06-25,371071-,dropped,,,
2026-08-21,2026-06-25,371091-,dropped,,,
2026-08-21,2026-06-25,371093-,dropped,,,
2026-08-21,2026-06-25,371095-,dropped,,,
2026-08-21,2026-06-25,371096-,dropped,,,
2026-08-21,2026-06-25,371171-,dropped,,,
2026-08-21,2026-06-25,371180-,dropped,,,
2026-08-21,2026-06-25,371181-,dropped,,,
2026-08-21,2026-06-25,610890-,dropped,,,
2026-08-21,2026-06-25,621720-,dropped,,,
2026-08-21,2026-06-25,662420-,dropped,,,
2026-08-21,2026-06-25,M004922,dropped,,,
2026-08-21,2026-06-25,M005003,dropped,,,
2026-08-21,2026-06-25,M005056,dropped,,,
2026-08-21,2026-06-25,M005071,dropped,,,
2026-08-21,2026-06-25,M005075,dropped,,,
2026-08-21,2026-06-25,M005085,dropped,,,
2026-08-21,2026-06-25,M005167,dropped,,,
2026-08-21,2026-06-25,M005293,dropped,,,
2026-08-21,2026-06-25,M005588,dropped,,,
2026-08-21,2026-06-25,M005637,dropped,,,
2026-08-21,2026-06-25,M005639,dropped,,,
2026-08-21,2026-06-25,M005647,dropped,,,
2026-08-21,2026-06-25,M005649,dropped,,,
2026-08-21,2026-06-25,M005658,dropped,,,
2026-08-21,2026-06-25,M005676,dropped,,,
2026-08-21,2026-06-25,M005686,dropped,,,
2026-08-21,2026-06-25,M005704,dropped,,,
2026-08-21,2026-06-25,M005713,dropped,,,
2026-08-21,2026-06-25,M005719,dropped,,,
2026-08-21,2026-06-25,M005724,dropped,,,
2026-08-21,2026-06-25,M005731,dropped,,,
2026-08-21,2026-06-25,M005733,dropped,,,
2026-08-21,2026-06-25,M005764,dropped,,,
2026-08-21,2026-06-25,M005790,dropped,,,
2026-08-21,2026-06-25,M005798,dropped,,,
2026-08-21,2026-06-25,M005831,dropped,,,
2026-08-21,2026-06-25,M005846,dropped,,,
2026-08-21,2026-06-25,M005853,dropped,,,
2026-08-21,2026-06-25,M006073,dropped,,,
2026-08-21,2026-06-25,M006409,dropped,,,
2026-08-21,2026-06-25,M006771,dropped,,,
2026-08-21,2026-06-25,M006775,dropped,,,
2026-08-21,2026-06-25,M006785,dropped,,,
2026-08-21,2026-06-25,0000473,pct_increase,76.51,81.26,4.75
2026-08-21,2026-06-25,0000519,pct_increase,69.48,72.14,2.66
2026-08-21,2026-06-25,0000821,cost_change,18100464.81,18641464.81,541000.0
2026-08-21,2026-06-25,0002525,cost_change,49285140.5,52849801.42,3564660.92
2026-08-21,2026-06-25,0002862,pct_increase,18.09,19.18,1.09
2026-08-21,2026-06-25,0002868,status_change,PRE-CONSTRUCTION,UNDER-CONSTRUCTION,
2026-08-21,2026-06-25,0002868,cost_change,47361441.31,111638209.39,64276768.08
2026-08-21,2026-06-25,0003626,pct_increase,42.66,51.870000000000005,9.21
2026-08-21,2026-06-25,0003682,pct_increase,28.69,29.82,1.13
2026-08-21,2026-06-25,0004634,pct_increase,9.68,16.91,7.23
2026-08-21,2026-06-25,0005317,pct_increase,45.28,47.21,1.93
2026-08-21,2026-06-25,0005317,completion_date_slip,2026-03-31,2026-11-30,244
2026-08-21,2026-06-25,0006049,pct_increase,99.31,99.61,0.3
2026-08-21,2026-06-25,0006328,pct_decrease,99.02,98.56,-0.46
2026-08-21,2026-06-25,0006446,pct_increase,58.95,61.21,2.26
2026-08-21,2026-06-25,0006700,pct_increase,86.52,93.44,6.92
2026-08-21,2026-06-25,0006857,pct_increase,56.04,58.82,2.78
2026-08-21,2026-06-25,0006866,pct_increase,56.04,58.82,2.78
2026-08-21,2026-06-25,0006915,cost_change,90271104.13,91557213.34,1286109.21
2026-08-21,2026-06-25,0006921,cost_change,68114853.1,68292485.78999999,177632.69
2026-08-21,2026-06-25,0007055,pct_increase,36.22,39.57,3.35
2026-08-21,2026-06-25,0007055,completion_date_slip,2026-12-31,2027-08-02,214
2026-08-21,2026-06-25,0007128,pct_decrease,81.88,81.62,-0.26
2026-08-21,2026-06-25,0007233,cost_change,119784201.26,123339939.74,3555738.48
2026-08-21,2026-06-25,0007526,pct_increase,88.84,94.22,5.38
2026-08-21,2026-06-25,0007836,cost_change,104420056.53,111214672.97,6794616.44
2026-08-21,2026-06-25,0007841,pct_increase,17.06,19.19,2.13
2026-08-21,2026-06-25,0007844,pct_increase,39.05,46.48,7.43
2026-08-21,2026-06-25,0008348,cost_change,39350000.0,44250000.0,4900000.0
2026-08-21,2026-06-25,0008357,pct_decrease,43.61,39.33,-4.28
2026-08-21,2026-06-25,0009397,pct_now_reporting,,72.29,
2026-08-21,2026-06-25,0009681,status_change,PRE-CONSTRUCTION,UNDER-CONSTRUCTION,
2026-08-21,2026-06-25,0009836,pct_now_reporting,,1.54,
2026-08-21,2026-06-25,0009836,awarded,,2026-03-06,
2026-08-21,2026-06-25,0009928,pct_increase,38.42,38.93,0.51
2026-08-21,2026-06-25,0010555,pct_increase,81.01,84.61,3.6
2026-08-21,2026-06-25,0010601,status_change,UNDER-CONSTRUCTION,COMPLETED-CONSTRUCTION,
2026-08-21,2026-06-25,0010814,cost_change,66431500.0,11500000.0,-54931500.0
2026-08-21,2026-06-25,0011434,pct_increase,86.43,88.97,2.54
2026-08-21,2026-06-25,0012432,status_change,UNDER-CONSTRUCTION,COMPLETED-CONSTRUCTION,
2026-08-21,2026-06-25,0012432,work_stopped,,2024-04-01,
2026-08-21,2026-06-25,0012577,pct_increase,87.13,91.19,4.06
2026-08-21,2026-06-25,0012596,pct_increase,25.55,26.21,0.66
2026-08-21,2026-06-25,0012597,cost_change,13376137.46,13388945.72,12808.26
2026-08-21,2026-06-25,0012700,pct_decrease,99.02,98.9,-0.12
2026-08-21,2026-06-25,0012701,pct_increase,91.95,93.28,1.33
2026-08-21,2026-06-25,0012808,status_change,UNDER-CONSTRUCTION,COMPLETED-CONSTRUCTION,
2026-08-21,2026-06-25,0012808,work_stopped,,2026-07-07,
2026-08-21,2026-06-25,0012827,status_change,UNDER-CONSTRUCTION,COMPLETED-CONSTRUCTION,
2026-08-21,2026-06-25,0012827,work_stopped,,2026-04-13,
2026-08-21,2026-06-25,0012877,cost_change,59996221.91,49091734.91,-10904487.0
2026-08-21,2026-06-25,0013095,pct_increase,29.93,42.42,12.49
2026-08-21,2026-06-25,0013120,pct_increase,65.99,71.81,5.82
2026-08-21,2026-06-25,0013157,cost_change,31732000.0,53476292.64,21744292.64
2026-08-21,2026-06-25,0013257,cost_change,3492078.56,3598621.14,106542.58
2026-08-21,2026-06-25,0013260,status_change,PRE-CONSTRUCTION,UNDER-CONSTRUCTION,
2026-08-21,2026-06-25,0013373,pct_increase,91.53,92.31,0.78
2026-08-21,2026-06-25,0013373,completion_date_slip,2026-02-03,2026-11-22,292
2026-08-21,2026-06-25,0013375,pct_increase,73.81,77.89,4.08
2026-08-21,2026-06-25,0013375,completion_date_slip,2025-09-05,2026-04-15,222
2026-08-21,2026-06-25,0013379,pct_increase,54.88,56.25,1.37
2026-08-21,2026-06-25,0013389,cost_change,70806318.77000001,152821957.12,82015638.35
2026-08-21,2026-06-25,0013390,pct_increase,57.46,67.18,9.72
2026-08-21,2026-06-25,0013525,pct_increase,25.94,33.95,8.01
2026-08-21,2026-06-25,0013526,pct_increase,24.2,31.63,7.43
2026-08-21,2026-06-25,0013531,pct_increase,57.76,66.95,9.19
2026-08-21,2026-06-25,0013539,pct_now_reporting,,5.32,
2026-08-21,2026-06-25,0013579,cost_change,27534594.97,28642047.39,1107452.42
2026-08-21,2026-06-25,0013601,pct_increase,95.14,95.75,0.61
2026-08-21,2026-06-25,0013605,pct_increase,73.96000000000001,78.52,4.56
2026-08-21,2026-06-25,0013610,status_change,UNDER-CONSTRUCTION,COMPLETED-CONSTRUCTION,
2026-08-21,2026-06-25,0013610,work_stopped,,2026-06-07,
2026-08-21,2026-06-25,0013615,status_change,UNDER-CONSTRUCTION,COMPLETED-CONSTRUCTION,
2026-08-21,2026-06-25,0013628,pct_increase,25.8,26.07,0.27
2026-08-21,2026-06-25,0013692,pct_increase,80.76,86.85000000000001,6.09
2026-08-21,2026-06-25,0013694,pct_increase,98.62,99.42,0.8
2026-08-21,2026-06-25,0013702,cost_change,100337959.22,100517959.22,180000.0
2026-08-21,2026-06-25,0013712,pct_increase,31.79,34.13,2.34
2026-08-21,2026-06-25,0013714,cost_change,26364471.75,4256936.93,-22107534.82
2026-08-21,2026-06-25,0013715,pct_increase,66.2,71.04,4.84
2026-08-21,2026-06-25,0013717,pct_increase,94.06,95.97,1.91
2026-08-21,2026-06-25,0013719,completion_date_slip,2025-12-05,2026-04-04,120
2026-08-21,2026-06-25,0013726,pct_increase,78.99,90.36,11.37
2026-08-21,2026-06-25,0013733,status_change,PRE-CONSTRUCTION,UNDER-CONSTRUCTION,
2026-08-21,2026-06-25,0013734,pct_increase,95.93,96.55,0.62
2026-08-21,2026-06-25,0013746,pct_increase,90.98,92.13,1.15
2026-08-21,2026-06-25,0013751,pct_increase,44.39,54.88,10.49
2026-08-21,2026-06-25,0013763,pct_increase,20.96,24.17,3.21
2026-08-21,2026-06-25,0013764,cost_change,10532049.989999998,11458890.46,926840.47
2026-08-21,2026-06-25,0013804,pct_increase,28.23,29.17,0.94
2026-08-21,2026-06-25,0013806,pct_increase,33.980000000000004,37.99,4.01
2026-08-21,2026-06-25,0013808,pct_increase,22.49,30.23,7.74
2026-08-21,2026-06-25,0013809,pct_increase,19.01,21.32,2.31
2026-08-21,2026-06-25,0013810,pct_increase,63.78,67.65,3.87
2026-08-21,2026-06-25,0013813,pct_increase,84.28,88.45,4.17
2026-08-21,2026-06-25,0013817,completion_date_slip,2024-08-31,2024-10-13,43
2026-08-21,2026-06-25,0013827,pct_increase,36.37,44.2,7.83
2026-08-21,2026-06-25,0013882,pct_now_reporting,,1.23,
2026-08-21,2026-06-25,0013882,awarded,,2026-05-01,
2026-08-21,2026-06-25,0013886,status_change,UNDER-CONSTRUCTION,COMPLETED-CONSTRUCTION,
2026-08-21,2026-06-25,0013886,work_stopped,,2026-08-12,
2026-08-21,2026-06-25,0013888,pct_increase,4.99,11.69,6.7
2026-08-21,2026-06-25,0013888,completion_date_slip,2028-03-31,2028-07-12,103
2026-08-21,2026-06-25,0013893,pct_increase,22.3,24.02,1.72
2026-08-21,2026-06-25,0013894,completion_date_slip,2025-11-04,2025-11-19,15
2026-08-21,2026-06-25,0013895,pct_increase,11.41,12.87,1.46
2026-08-21,2026-06-25,0013896,pct_increase,11.41,12.87,1.46
2026-08-21,2026-06-25,0013897,pct_increase,11.41,12.87,1.46
2026-08-21,2026-06-25,0013899,cost_change,14222062.83,8778062.83,-5444000.0
2026-08-21,2026-06-25,0013900,cost_change,42200143.57,47524143.56999999,5324000.0
2026-08-21,2026-06-25,0013901,cost_change,17309415.72,17950415.72,641000.0
2026-08-21,2026-06-25,0013921,pct_increase,90.85,93.46,2.61
2026-08-21,2026-06-25,0013926,pct_increase,72.85000000000001,77.19,4.34
2026-08-21,2026-06-25,0013937,pct_increase,94.81,94.84,0.03
2026-08-21,2026-06-25,0013948,pct_increase,42.28,43.48,1.2
2026-08-21,2026-06-25,0013949,pct_increase,42.28,43.48,1.2
2026-08-21,2026-06-25,0013971,pct_increase,41.24,42.81,1.57
2026-08-21,2026-06-25,0013988,pct_increase,94.29,95.67,1.38
2026-08-21,2026-06-25,0013992,pct_increase,56.11,77.60000000000001,21.49
2026-08-21,2026-06-25,0014072,pct_increase,48.82,54.9,6.08
2026-08-21,2026-06-25,0014077,cost_change,50020166.57,53318779.86,3298613.29
2026-08-21,2026-06-25,0014078,cost_change,46792630.05,45285630.05,-1507000.0
2026-08-21,2026-06-25,0014079,pct_now_reporting,,0.38,
2026-08-21,2026-06-25,0014079,awarded,,2026-05-01,
2026-08-21,2026-06-25,0014082,pct_increase,27.72,34.5,6.78
2026-08-21,2026-06-25,0014133,pct_increase,5.92,7.08,1.16
2026-08-21,2026-06-25,0014134,pct_increase,21.07,24.4,3.33
2026-08-21,2026-06-25,0014168,pct_increase,82.56,92.35,9.79
2026-08-21,2026-06-25,0014482,pct_increase,63.09,69.55,6.46
2026-08-21,2026-06-25,0014897,pct_increase,98.23,98.59,0.36
2026-08-21,2026-06-25,0014902,pct_increase,3.65,7.24,3.59
2026-08-21,2026-06-25,0014906,status_change,UNDER-CONSTRUCTION,COMPLETED-CONSTRUCTION,
2026-08-21,2026-06-25,0015000,pct_increase,38.94,39.83,0.89
2026-08-21,2026-06-25,0015078,status_change,PRE-CONSTRUCTION,UNDER-CONSTRUCTION,
2026-08-21,2026-06-25,0015080,pct_increase,98.13,100.0,1.87
2026-08-21,2026-06-25,0015089,awarded,,2026-05-28,
2026-08-21,2026-06-25,0015114,pct_increase,21.99,25.86,3.87
2026-08-21,2026-06-25,0015145,cost_change,41944478.21,38421234.9,-3523243.31
2026-08-21,2026-06-25,0015216,awarded,,2026-08-19,
2026-08-21,2026-06-25,0015323,cost_change,37087075.94,39247772.23,2160696.29
2026-08-21,2026-06-25,0015401,cost_change,6930009.140000001,8277166.58,1347157.44
2026-08-21,2026-06-25,0015403,status_change,PRE-CONSTRUCTION,UNDER-CONSTRUCTION,
2026-08-21,2026-06-25,0015413,cost_change,9350000.0,500000.0,-8850000.0
2026-08-21,2026-06-25,0015422,status_change,PRE-CONSTRUCTION,UNDER-CONSTRUCTION,
2026-08-21,2026-06-25,0015432,status_change,UNDER-CONSTRUCTION,COMPLETED-CONSTRUCTION,
2026-08-21,2026-06-25,0015432,work_stopped,,2024-08-31,
2026-08-21,2026-06-25,0015439,pct_increase,45.65,52.49,6.84
2026-08-21,2026-06-25,0015445,pct_increase,79.62,83.67,4.05
2026-08-21,2026-06-25,0015478,pct_increase,15.19,20.58,5.39
2026-08-21,2026-06-25,0015534,pct_increase,53.55,55.68,2.13
2026-08-21,2026-06-25,0015534,completion_date_slip,2027-04-25,2027-06-24,60
2026-08-21,2026-06-25,0015535,pct_increase,53.55,55.68,2.13
2026-08-21,2026-06-25,0015535,completion_date_slip,2027-04-25,2027-06-24,60
2026-08-21,2026-06-25,0015542,status_change,PRE-CONSTRUCTION,UNDER-CONSTRUCTION,
2026-08-21,2026-06-25,0015542,awarded,,2026-06-26,
2026-08-21,2026-06-25,0015543,status_change,UNDER-CONSTRUCTION,COMPLETED-CONSTRUCTION,
2026-08-21,2026-06-25,0015543,work_stopped,,2026-07-14,
2026-08-21,2026-06-25,0015544,pct_increase,91.08,92.06,0.98
2026-08-21,2026-06-25,0015544,completion_date_slip,2026-05-31,2026-06-05,5
2026-08-21,2026-06-25,0015553,pct_increase,11.88,15.72,3.84
2026-08-21,2026-06-25,0015591,pct_increase,6.38,16.03,9.65
2026-08-21,2026-06-25,0015593,pct_increase,13.08,19.08,6.0
2026-08-21,2026-06-25,0015602,completion_date_slip,2025-09-27,2025-11-08,42
2026-08-21,2026-06-25,0015604,pct_increase,83.56,96.34,12.78
2026-08-21,2026-06-25,0015613,completion_date_slip,2025-10-31,2025-11-20,20
2026-08-21,2026-06-25,0015614,pct_now_reporting,,3.54,
2026-08-21,2026-06-25,0015617,pct_increase,98.25,98.45,0.2
2026-08-21,2026-06-25,0015618,pct_increase,41.59,53.68,12.09
2026-08-21,2026-06-25,0015618,completion_date_slip,2026-05-31,2026-09-30,122
2026-08-21,2026-06-25,0015621,completion_date_slip,2025-03-31,2025-07-06,97
2026-08-21,2026-06-25,0015646,pct_increase,17.92,63.43,45.51
2026-08-21,2026-06-25,0015652,pct_increase,48.92,53.81,4.89
2026-08-21,2026-06-25,0015653,pct_increase,10.53,31.46,20.93
2026-08-21,2026-06-25,0015658,cost_change,3549483.59,995000.0,-2554483.59
2026-08-21,2026-06-25,0015664,cost_change,17238437.0,17288690.27,50253.27
2026-08-21,2026-06-25,0015667,cost_change,5567579.18,5595141.68,27562.5
2026-08-21,2026-06-25,0015670,completion_date_slip,2025-02-08,2026-05-13,459
2026-08-21,2026-06-25,0015675,pct_now_reporting,,12.75,
2026-08-21,2026-06-25,0015687,pct_increase,21.85,26.48,4.63
2026-08-21,2026-06-25,0015688,status_change,UNDER-CONSTRUCTION,COMPLETED-CONSTRUCTION,
2026-08-21,2026-06-25,0015688,work_stopped,,2026-05-31,
2026-08-21,2026-06-25,0015689,pct_increase,68.02,86.76,18.74
2026-08-21,2026-06-25,0015694,work_stopped,,2026-04-10,
2026-08-21,2026-06-25,0015696,cost_change,4760903.21,4536015.57,-224887.64
2026-08-21,2026-06-25,0015701,status_change,PRE-CONSTRUCTION,UNDER-CONSTRUCTION,
2026-08-21,2026-06-25,0015702,pct_increase,48.51,55.61,7.1
2026-08-21,2026-06-25,0015882,pct_increase,39.48,43.79,4.31
2026-08-21,2026-06-25,0015890,pct_now_reporting,,22.7,
2026-08-21,2026-06-25,0015916,pct_increase,14.29,17.38,3.09
2026-08-21,2026-06-25,0015951,status_change,PRE-CONSTRUCTION,UNDER-CONSTRUCTION,
2026-08-21,2026-06-25,0015951,awarded,,2026-06-26,
2026-08-21,2026-06-25,0015955,pct_increase,58.46,73.09,14.63
2026-08-21,2026-06-25,0015956,cost_change,10186885.53,13802885.53,3616000.0
2026-08-21,2026-06-25,0015983,pct_increase,36.44,42.64,6.2
2026-08-21,2026-06-25,0015983,completion_date_slip,2027-06-15,2027-06-24,9
2026-08-21,2026-06-25,0016000,completion_date_slip,2025-02-08,2026-05-13,459
2026-08-21,2026-06-25,0016066,pct_increase,48.3,52.82,4.52
2026-08-21,2026-06-25,0016067,status_change,PRE-CONSTRUCTION,UNDER-CONSTRUCTION,
2026-08-21,2026-06-25,0016074,pct_increase,20.9,28.24,7.34
2026-08-21,2026-06-25,0016074,completion_date_slip,2028-07-31,2028-09-14,45
2026-08-21,2026-06-25,0016078,pct_increase,26.56,30.8,4.24
2026-08-21,2026-06-25,0016089,pct_now_reporting,,0.58,
2026-08-21,2026-06-25,0016110,pct_increase,88.37,97.43,9.06
2026-08-21,2026-06-25,0016112,pct_increase,14.7,15.12,0.42
2026-08-21,2026-06-25,0016116,pct_increase,51.66,86.04,34.38
2026-08-21,2026-06-25,0016122,status_change,UNDER-CONSTRUCTION,COMPLETED-CONSTRUCTION,
2026-08-21,2026-06-25,0016122,work_stopped,,2025-06-30,
2026-08-21,2026-06-25,0016126,pct_increase,11.0,27.62,16.62
2026-08-21,2026-06-25,0016127,pct_increase,11.0,27.62,16.62
2026-08-21,2026-06-25,0016128,pct_increase,44.93,75.74,30.81
2026-08-21,2026-06-25,0016166,pct_increase,67.19,79.35000000000001,12.16
2026-08-21,2026-06-25,0016188,status_change,PRE-CONSTRUCTION,UNDER-CONSTRUCTION,
2026-08-21,2026-06-25,0016190,cost_change,5165192.0,5975788.9,810596.9
2026-08-21,2026-06-25,0016215,pct_increase,11.37,41.46,30.09
2026-08-21,2026-06-25,0016240,pct_increase,6.5600000000000005,9.23,2.67
2026-08-21,2026-06-25,0016244,status_change,PRE-CONSTRUCTION,UNDER-CONSTRUCTION,
2026-08-21,2026-06-25,0016244,cost_change,1341800.0,2141800.0,800000.0
2026-08-21,2026-06-25,0016279,status_change,UNDER-CONSTRUCTION,COMPLETED-CONSTRUCTION,
2026-08-21,2026-06-25,0016282,cost_change,10749640.46,3942559.0,-6807081.46
2026-08-21,2026-06-25,0016283,cost_change,20390000.0,25118015.48,4728015.48
2026-08-21,2026-06-25,0016286,pct_increase,41.32,50.28,8.96
2026-08-21,2026-06-25,0016288,pct_increase,41.32,50.28,8.96
2026-08-21,2026-06-25,0016297,completion_date_slip,2026-01-07,2026-03-03,55
2026-08-21,2026-06-25,0016347,status_change,PRE-CONSTRUCTION,UNDER-CONSTRUCTION,
2026-08-21,2026-06-25,0016348,pct_decrease,84.33,83.85000000000001,-0.48
2026-08-21,2026-06-25,0016349,cost_change,5722937.5,6030739.4,307801.9
2026-08-21,2026-06-25,0016350,cost_change,6893418.100000001,7318408.67,424990.57
2026-08-21,2026-06-25,0016351,cost_change,3021550.63,2900000.0,-121550.63
2026-08-21,2026-06-25,0016352,cost_change,7413078.32,7574195.65,161117.33
2026-08-21,2026-06-25,0016356,pct_increase,30.13,30.27,0.14
2026-08-21,2026-06-25,0016363,pct_increase,78.56,90.3,11.74
2026-08-21,2026-06-25,0016386,pct_increase,6.51,12.26,5.75
2026-08-21,2026-06-25,0016390,cost_change,11356658.59,30883650.54,19526991.95
2026-08-21,2026-06-25,0016464,cost_change,10047621.22,10666370.63,618749.41
2026-08-21,2026-06-25,0016506,pct_increase,18.34,19.66,1.32
2026-08-21,2026-06-25,0016509,pct_increase,0.26,2.34,2.08
2026-08-21,2026-06-25,0016510,status_change,PRE-CONSTRUCTION,UNDER-CONSTRUCTION,
2026-08-21,2026-06-25,0016512,pct_increase,52.58,72.0,19.42
2026-08-21,2026-06-25,0016512,completion_date_slip,2027-03-31,2027-04-07,7
2026-08-21,2026-06-25,0016513,pct_increase,16.85,51.28,34.43
2026-08-21,2026-06-25,0016514,pct_increase,3.94,6.0600000000000005,2.12
2026-08-21,2026-06-25,0016525,pct_increase,8.040000000000001,8.83,0.79
2026-08-21,2026-06-25,0016526,pct_increase,22.49,30.23,7.74
2026-08-21,2026-06-25,0016527,pct_increase,59.2,95.79,36.59
2026-08-21,2026-06-25,0016529,awarded,,2026-04-03,
2026-08-21,2026-06-25,0016531,status_change,PRE-CONSTRUCTION,UNDER-CONSTRUCTION,
2026-08-21,2026-06-25,0016531,awarded,,2026-06-26,
2026-08-21,2026-06-25,0016564,status_change,PRE-CONSTRUCTION,UNDER-CONSTRUCTION,
2026-08-21,2026-06-25,0016564,awarded,,2026-06-26,
2026-08-21,2026-06-25,0016565,status_change,PRE-CONSTRUCTION,UNDER-CONSTRUCTION,
2026-08-21,2026-06-25,0016565,awarded,,2026-06-26,
2026-08-21,2026-06-25,0016568,status_change,PRE-CONSTRUCTION,UNDER-CONSTRUCTION,
2026-08-21,2026-06-25,0016568,awarded,,2026-06-26,
2026-08-21,2026-06-25,0016571,cost_change,2939865.59,3061839.8600000003,121974.27
2026-08-21,2026-06-25,0016572,awarded,,2026-05-29,
2026-08-21,2026-06-25,0016577,pct_increase,10.97,28.75,17.78
2026-08-21,2026-06-25,0016578,pct_increase,10.97,28.75,17.78
2026-08-21,2026-06-25,0016582,pct_increase,26.79,54.36,27.57
2026-08-21,2026-06-25,0016585,pct_increase,6.54,27.67,21.13
2026-08-21,2026-06-25,0016586,pct_increase,6.54,27.67,21.13
2026-08-21,2026-06-25,0016588,status_change,PRE-CONSTRUCTION,UNDER-CONSTRUCTION,
2026-08-21,2026-06-25,0016588,awarded,,2026-06-26,
2026-08-21,2026-06-25,0016595,status_change,UNDER-CONSTRUCTION,COMPLETED-CONSTRUCTION,
2026-08-21,2026-06-25,0016595,work_stopped,,2026-04-30,
2026-08-21,2026-06-25,0016599,pct_increase,16.94,18.33,1.39
2026-08-21,2026-06-25,0016600,pct_now_reporting,,16.36,
2026-08-21,2026-06-25,0016601,pct_now_reporting,,16.36,
2026-08-21,2026-06-25,0016602,pct_increase,5.58,9.37,3.79
2026-08-21,2026-06-25,0016604,status_change,PRE-CONSTRUCTION,UNDER-CONSTRUCTION,
2026-08-21,2026-06-25,0016604,awarded,,2026-06-26,
2026-08-21,2026-06-25,0016605,pct_increase,12.36,12.85,0.49
2026-08-21,2026-06-25,0016610,pct_increase,50.29,61.9,11.61
2026-08-21,2026-06-25,0016618,pct_increase,99.68,99.99,0.31
2026-08-21,2026-06-25,0016625,cost_change,3775132.22,6346692.22,2571560.0
2026-08-21,2026-06-25,0016628,status_change,UNDER-CONSTRUCTION,COMPLETED-CONSTRUCTION,
2026-08-21,2026-06-25,0016628,work_stopped,,2026-03-18,
2026-08-21,2026-06-25,0016629,pct_increase,60.03,66.66,6.63
2026-08-21,2026-06-25,0016632,cost_change,8286651.61,8874285.0,587633.39
2026-08-21,2026-06-25,0016635,status_change,PRE-CONSTRUCTION,UNDER-CONSTRUCTION,
2026-08-21,2026-06-25,0016635,cost_change,975000.0,4823496.41,3848496.41
2026-08-21,2026-06-25,0016637,cost_change,5076511.75,5194995.45,118483.7
2026-08-21,2026-06-25,0016818,cost_change,16460472.57,17617732.95,1157260.38
2026-08-21,2026-06-25,0016920,awarded,,2026-06-02,
2026-08-21,2026-06-25,0016927,pct_increase,39.29,45.5,6.21
2026-08-21,2026-06-25,0016985,pct_increase,76.21000000000001,80.99,4.78
2026-08-21,2026-06-25,0017040,pct_increase,18.08,21.07,2.99
2026-08-21,2026-06-25,0017088,status_change,UNDER-CONSTRUCTION,COMPLETED-CONSTRUCTION,
2026-08-21,2026-06-25,0017088,work_stopped,,2026-04-30,
2026-08-21,2026-06-25,0017114,pct_decrease,91.41,86.55,-4.86
2026-08-21,2026-06-25,0017114,completion_date_slip,2026-02-07,2026-10-22,257
2026-08-21,2026-06-25,0017186,status_change,PRE-CONSTRUCTION,UNDER-CONSTRUCTION,
2026-08-21,2026-06-25,0017186,awarded,,2026-06-26,
2026-08-21,2026-06-25,0017187,pct_increase,3.54,4.48,0.94
2026-08-21,2026-06-25,0017317,cost_change,9879536.64,12594196.61,2714659.97
2026-08-21,2026-06-25,0017395,cost_change,5252981.88,4830000.0,-422981.88
2026-08-21,2026-06-25,0017399,status_change,PRE-CONSTRUCTION,UNDER-CONSTRUCTION,
2026-08-21,2026-06-25,0017401,cost_change,4446642.5,3590000.0,-856642.5
2026-08-21,2026-06-25,0017404,pct_increase,1.77,3.45,1.68
2026-08-21,2026-06-25,0017405,cost_change,790000.0,560000.0,-230000.0
2026-08-21,2026-06-25,0017430,pct_increase,33.19,88.69,55.5
2026-08-21,2026-06-25,0017462,pct_increase,71.42,76.03,4.61
2026-08-21,2026-06-25,0017462,completion_date_slip,2026-11-04,2026-11-18,14
2026-08-21,2026-06-25,0017517,cost_change,6213644.9399999995,6228344.9399999995,14700.0
2026-08-21,2026-06-25,0017595,pct_increase,43.11,76.71000000000001,33.6
2026-08-21,2026-06-25,0017659,cost_change,2865000.0,2940000.0,75000.0
2026-08-21,2026-06-25,0017697,cost_change,11138000.0,11171000.0,33000.0
2026-08-21,2026-06-25,0017775,pct_increase,93.93,96.99,3.06
2026-08-21,2026-06-25,0017780,status_change,UNDER-CONSTRUCTION,COMPLETED-CONSTRUCTION,
2026-08-21,2026-06-25,0017780,work_stopped,,2024-08-02,
2026-08-21,2026-06-25,0017782,pct_increase,50.43,53.94,3.51
2026-08-21,2026-06-25,0017782,completion_date_slip,2027-09-18,2027-11-17,60
2026-08-21,2026-06-25,0017784,status_change,PRE-CONSTRUCTION,UNDER-CONSTRUCTION,
2026-08-21,2026-06-25,0017804,cost_change,12244793.9,13521670.3,1276876.4
2026-08-21,2026-06-25,0017811,cost_change,9702000.5,9285000.5,-417000.0
2026-08-21,2026-06-25,0017843,status_change,PRE-CONSTRUCTION,UNDER-CONSTRUCTION,
2026-08-21,2026-06-25,0017844,pct_now_reporting,,2.13,
2026-08-21,2026-06-25,0017907,pct_increase,76.33,85.47,9.14
2026-08-21,2026-06-25,0017957,status_change,UNDER-CONSTRUCTION,COMPLETED-CONSTRUCTION,
2026-08-21,2026-06-25,0017957,completion_date_slip,2025-05-31,2026-07-29,424
2026-08-21,2026-06-25,0017957,work_stopped,,2026-08-14,
2026-08-21,2026-06-25,0017958,cost_change,7077702.46,8268152.36,1190449.9
2026-08-21,2026-06-25,0017960,status_change,PRE-CONSTRUCTION,UNDER-CONSTRUCTION,
2026-08-21,2026-06-25,0017960,awarded,,2026-06-26,
2026-08-21,2026-06-25,0017961,cost_change,5975485.69,1290000.0,-4685485.69
2026-08-21,2026-06-25,0017962,status_change,PRE-CONSTRUCTION,UNDER-CONSTRUCTION,
2026-08-21,2026-06-25,0017964,cost_change,4568923.74,4550661.83,-18261.91
2026-08-21,2026-06-25,0017965,cost_change,6869716.53,7587545.28,717828.75
2026-08-21,2026-06-25,0017967,cost_change,5285262.890000001,5870352.56,585089.67
2026-08-21,2026-06-25,0017975,cost_change,31372307.36,29124187.61,-2248119.75
2026-08-21,2026-06-25,0017976,cost_change,15626175.22,17056262.78,1430087.56
2026-08-21,2026-06-25,0017995,status_change,PRE-CONSTRUCTION,UNDER-CONSTRUCTION,
2026-08-21,2026-06-25,0018025,cost_change,1139000.0,712000.0,-427000.0
2026-08-21,2026-06-25,0018185,status_change,PRE-CONSTRUCTION,UNDER-CONSTRUCTION,
2026-08-21,2026-06-25,0018191,pct_increase,10.03,17.990000000000002,7.96
2026-08-21,2026-06-25,0018192,pct_increase,10.03,17.990000000000002,7.96
2026-08-21,2026-06-25,0018193,pct_increase,7.52,9.41,1.89
2026-08-21,2026-06-25,0018229,cost_change,7523000.0,4917748.109999999,-2605251.89
2026-08-21,2026-06-25,0018230,cost_change,9280000.0,4768985.26,-4511014.74
2026-08-21,2026-06-25,0018297,cost_change,7891981.97,7512584.56,-379397.41
2026-08-21,2026-06-25,0018326,status_change,PRE-CONSTRUCTION,UNDER-CONSTRUCTION,
2026-08-21,2026-06-25,0018327,cost_change,2463000.0,4900440.45,2437440.45
2026-08-21,2026-06-25,0018334,cost_change,8209848.45,9008248.45,798400.0
2026-08-21,2026-06-25,0018372,pct_increase,30.59,38.04,7.45
2026-08-21,2026-06-25,0018381,cost_change,3334200.0,6262371.71,2928171.71
2026-08-21,2026-06-25,0018397,cost_change,5556234.37,7256234.37,1700000.0
2026-08-21,2026-06-25,0018463,status_change,UNDER-CONSTRUCTION,COMPLETED-CONSTRUCTION,
2026-08-21,2026-06-25,0018546,awarded,,2026-05-29,
2026-08-21,2026-06-25,0018547,awarded,,2026-05-29,
2026-08-21,2026-06-25,0018548,awarded,,2026-05-29,
2026-08-21,2026-06-25,0018549,awarded,,2026-05-29,
2026-08-21,2026-06-25,0018550,awarded,,2026-05-29,
2026-08-21,2026-06-25,0018551,awarded,,2026-05-29,
2026-08-21,2026-06-25,0018552,awarded,,2026-05-29,
2026-08-21,2026-06-25,0018553,awarded,,2026-05-29,
2026-08-21,2026-06-25,0018554,awarded,,2026-05-29,
2026-08-21,2026-06-25,0018555,awarded,,2026-05-29,
2026-08-21,2026-06-25,0018659,awarded,,2026-05-29,
2026-08-21,2026-06-25,0018660,awarded,,2026-05-29,
2026-08-21,2026-06-25,0018661,awarded,,2026-05-29,
2026-08-21,2026-06-25,0018662,awarded,,2026-05-29,
2026-08-21,2026-06-25,0018682,status_change,UNDER-CONSTRUCTION,COMPLETED-CONSTRUCTION,
2026-08-21,2026-06-25,0018683,status_change,UNDER-CONSTRUCTION,COMPLETED-CONSTRUCTION,
2026-08-21,2026-06-25,0018685,status_change,UNDER-CONSTRUCTION,COMPLETED-CONSTRUCTION,
2026-08-21,2026-06-25,0018695,status_change,UNDER-CONSTRUCTION,COMPLETED-CONSTRUCTION,
2026-08-21,2026-06-25,0018696,status_change,UNDER-CONSTRUCTION,COMPLETED-CONSTRUCTION,
2026-08-21,2026-06-25,0018697,status_change,UNDER-CONSTRUCTION,COMPLETED-CONSTRUCTION,
2026-08-21,2026-06-25,0018698,status_change,UNDER-CONSTRUCTION,COMPLETED-CONSTRUCTION,
2026-08-21,2026-06-25,0018699,cost_change,13979000.0,13982750.0,3750.0
2026-08-21,2026-06-25,0018713,status_change,UNDER-CONSTRUCTION,COMPLETED-CONSTRUCTION,
2026-08-21,2026-06-25,0018714,status_change,UNDER-CONSTRUCTION,COMPLETED-CONSTRUCTION,
2026-08-21,2026-06-25,0018715,status_change,UNDER-CONSTRUCTION,COMPLETED-CONSTRUCTION,
2026-08-21,2026-06-25,0018716,status_change,UNDER-CONSTRUCTION,COMPLETED-CONSTRUCTION,
2026-08-21,2026-06-25,0018717,status_change,UNDER-CONSTRUCTION,COMPLETED-CONSTRUCTION,
2026-08-21,2026-06-25,0018718,status_change,UNDER-CONSTRUCTION,COMPLETED-CONSTRUCTION,
2026-08-21,2026-06-25,0018719,status_change,UNDER-CONSTRUCTION,COMPLETED-CONSTRUCTION,
2026-08-21,2026-06-25,0018720,status_change,UNDER-CONSTRUCTION,COMPLETED-CONSTRUCTION,
2026-08-21,2026-06-25,0018721,status_change,UNDER-CONSTRUCTION,COMPLETED-CONSTRUCTION,
2026-08-21,2026-06-25,0018722,status_change,UNDER-CONSTRUCTION,COMPLETED-CONSTRUCTION,
2026-08-21,2026-06-25,0018723,status_change,UNDER-CONSTRUCTION,COMPLETED-CONSTRUCTION,
2026-08-21,2026-06-25,0018731,status_change,UNDER-CONSTRUCTION,COMPLETED-CONSTRUCTION,
2026-08-21,2026-06-25,0018951,status_change,UNDER-CONSTRUCTION,COMPLETED-CONSTRUCTION,
2026-08-21,2026-06-25,0018967,status_change,UNDER-CONSTRUCTION,COMPLETED-CONSTRUCTION,
2026-08-21,2026-06-25,0018974,status_change,UNDER-CONSTRUCTION,COMPLETED-CONSTRUCTION,
2026-08-21,2026-06-25,0018975,status_change,UNDER-CONSTRUCTION,COMPLETED-CONSTRUCTION,
2026-08-21,2026-06-25,0018977,status_change,UNDER-CONSTRUCTION,COMPLETED-CONSTRUCTION,
2026-08-21,2026-06-25,0019015,cost_change,4995663.58,6137120.140000001,1141456.56
2026-08-21,2026-06-25,0019017,pct_increase,66.19,96.29,30.1
2026-08-21,2026-06-25,0019018,pct_increase,54.98,83.64,28.66
2026-08-21,2026-06-25,0019020,status_change,UNDER-CONSTRUCTION,COMPLETED-CONSTRUCTION,
2026-08-21,2026-06-25,0019020,work_stopped,,2026-08-03,
2026-08-21,2026-06-25,0019022,pct_increase,45.78,47.38,1.6
2026-08-21,2026-06-25,0019023,pct_increase,26.29,28.43,2.14
2026-08-21,2026-06-25,0019026,cost_change,1975000.0,2723535.48,748535.48
2026-08-21,2026-06-25,0019052,cost_change,3658000.0,4038000.0,380000.0
2026-08-21,2026-06-25,0019057,cost_change,5678901.71,6034417.64,355515.93
2026-08-21,2026-06-25,0019095,cost_change,8750000.0,18159554.119999997,9409554.12
2026-08-21,2026-06-25,0019096,cost_change,17150000.0,15428640.59,-1721359.41
2026-08-21,2026-06-25,0019100,cost_change,1479710.51,1483710.51,4000.0
2026-08-21,2026-06-25,0019102,cost_change,1950000.0,2024250.84,74250.84
2026-08-21,2026-06-25,0019130,pct_decrease,97.94,81.69,-16.25
2026-08-21,2026-06-25,0019132,cost_change,1649861.18,30000.0,-1619861.18
2026-08-21,2026-06-25,0019133,cost_change,2071137.87,2159739.29,88601.42
2026-08-21,2026-06-25,0019135,cost_change,2891738.13,2934532.99,42794.86
2026-08-21,2026-06-25,0019139,status_change,PRE-CONSTRUCTION,UNDER-CONSTRUCTION,
2026-08-21,2026-06-25,0019181,pct_now_reporting,,0.64,
2026-08-21,2026-06-25,0019197,pct_increase,83.64,91.08,7.44
2026-08-21,2026-06-25,0019197,completion_date_slip,2026-07-16,2026-10-26,102
2026-08-21,2026-06-25,0019204,cost_change,2910000.0,6067743.09,3157743.09
2026-08-21,2026-06-25,0019207,cost_change,2105000.0,5587851.48,3482851.48
2026-08-21,2026-06-25,0019209,cost_change,4925000.0,13034138.71,8109138.71
2026-08-21,2026-06-25,0019210,cost_change,14000000.0,14752142.5,752142.5
2026-08-21,2026-06-25,0019218,pct_increase,10.79,20.17,9.38
2026-08-21,2026-06-25,0019218,completion_date_slip,2025-06-30,2027-11-30,883
2026-08-21,2026-06-25,0019256,pct_increase,55.41,83.32000000000001,27.91
2026-08-21,2026-06-25,0019257,pct_increase,35.04,89.16,54.12
2026-08-21,2026-06-25,0019258,pct_increase,37.83,69.33,31.5
2026-08-21,2026-06-25,0019259,pct_increase,47.4,62.04,14.64
2026-08-21,2026-06-25,0019260,pct_increase,47.4,62.04,14.64
2026-08-21,2026-06-25,0019263,pct_increase,9.22,20.36,11.14
2026-08-21,2026-06-25,0019348,pct_increase,66.53,92.98,26.45
2026-08-21,2026-06-25,0019349,pct_increase,41.62,61.61,19.99
2026-08-21,2026-06-25,0019360,cost_change,2128000.0,2353847.77,225847.77
2026-08-21,2026-06-25,0019465,cost_change,4010000.0,58214471.97,54204471.97
2026-08-21,2026-06-25,0019467,cost_change,3250000.0,5244467.65,1994467.65
2026-08-21,2026-06-25,0019468,cost_change,2704000.0,3766354.61,1062354.61
2026-08-21,2026-06-25,0019471,cost_change,2110000.0,4560308.73,2450308.73
2026-08-21,2026-06-25,0019534,cost_change,5956435.0,7128311.02,1171876.02
2026-08-21,2026-06-25,0019539,cost_change,3600000.0,1100000.0,-2500000.0
2026-08-21,2026-06-25,0019545,pct_increase,71.42,76.03,4.61
2026-08-21,2026-06-25,0019545,completion_date_slip,2026-11-04,2026-11-18,14
2026-08-21,2026-06-25,0019546,pct_increase,41.56,45.69,4.13
2026-08-21,2026-06-25,0019549,cost_change,3472770.26,3473364.26,594.0
2026-08-21,2026-06-25,0019554,pct_increase,59.28,82.78,23.5
2026-08-21,2026-06-25,0019559,status_change,UNDER-CONSTRUCTION,COMPLETED-CONSTRUCTION,
2026-08-21,2026-06-25,0019559,work_stopped,,2026-07-31,
2026-08-21,2026-06-25,0019591,cost_change,6610000.0,6985000.0,375000.0
2026-08-21,2026-06-25,0019601,status_change,PRE-CONSTRUCTION,UNDER-CONSTRUCTION,
2026-08-21,2026-06-25,0019611,status_change,UNDER-CONSTRUCTION,COMPLETED-CONSTRUCTION,
2026-08-21,2026-06-25,0019611,work_stopped,,2026-07-31,
2026-08-21,2026-06-25,0019616,cost_change,17891152.45,17391152.45,-500000.0
2026-08-21,2026-06-25,0019618,cost_change,5125000.0,16091311.05,10966311.05
2026-08-21,2026-06-25,0019631,cost_change,14025861.25,14951681.25,925820.0
2026-08-21,2026-06-25,0019638,cost_change,40783750.0,71557736.34,30773986.34
2026-08-21,2026-06-25,0019661,cost_change,2361188.2,2399419.1100000003,38230.91
2026-08-21,2026-06-25,0019664,pct_now_reporting,,3.77,
2026-08-21,2026-06-25,0019667,pct_decrease,46.87,45.39,-1.48
2026-08-21,2026-06-25,0019676,cost_change,2523047.0,412547.0,-2110500.0
2026-08-21,2026-06-25,0019678,completion_date_slip,2026-03-31,2026-05-14,44
2026-08-21,2026-06-25,0019691,pct_increase,82.72,93.81,11.09
2026-08-21,2026-06-25,0019696,pct_increase,17.17,21.33,4.16
2026-08-21,2026-06-25,0019697,pct_now_reporting,,5.51,
2026-08-21,2026-06-25,0019709,pct_increase,3.58,28.45,24.87
2026-08-21,2026-06-25,0019710,pct_increase,21.19,34.51,13.32
2026-08-21,2026-06-25,0019711,pct_increase,37.37,77.8,40.43
2026-08-21,2026-06-25,0019778,cost_change,19559455.0,21359455.0,1800000.0
2026-08-21,2026-06-25,0019780,cost_change,5100000.0,7414120.58,2314120.58
2026-08-21,2026-06-25,0019783,cost_change,3754716.25,9188670.15,5433953.9
2026-08-21,2026-06-25,0019785,cost_change,18507310.59,20171310.59,1664000.0
2026-08-21,2026-06-25,0019790,cost_change,5383806.0,7623309.62,2239503.62
2026-08-21,2026-06-25,0019834,pct_increase,21.42,27.9,6.48
2026-08-21,2026-06-25,0019835,pct_increase,85.33,93.96,8.63
2026-08-21,2026-06-25,0019836,cost_change,3918866.11,4541859.9,622993.79
2026-08-21,2026-06-25,0019855,cost_change,4931258.85,5031258.85,100000.0
2026-08-21,2026-06-25,0019856,cost_change,3766897.76,4477223.53,710325.77
2026-08-21,2026-06-25,0019864,cost_change,3610000.0,5500807.98,1890807.98
2026-08-21,2026-06-25,0019865,cost_change,7261866.73,6261866.7299999995,-1000000.0
2026-08-21,2026-06-25,0019867,pct_increase,11.02,40.17,29.15
2026-08-21,2026-06-25,0019868,pct_now_reporting,,22.01,
2026-08-21,2026-06-25,0019869,status_change,UNDER-CONSTRUCTION,COMPLETED-CONSTRUCTION,
2026-08-21,2026-06-25,0019869,work_stopped,,2026-06-26,
2026-08-21,2026-06-25,0019870,pct_increase,7.78,11.4,3.62
2026-08-21,2026-06-25,0019871,pct_increase,98.39,98.4,0.01
2026-08-21,2026-06-25,0019885,cost_change,8075000.0,15489386.0,7414386.0
2026-08-21,2026-06-25,0019887,cost_change,16226000.0,20094074.76,3868074.76
2026-08-21,2026-06-25,0019896,cost_change,3115000.0,4542858.359999999,1427858.36
2026-08-21,2026-06-25,0019931,cost_change,11000000.0,27036739.88,16036739.88
2026-08-21,2026-06-25,0019936,cost_change,22551079.27,22251079.27,-300000.0
2026-08-21,2026-06-25,0019937,cost_change,4600000.0,4300000.0,-300000.0
2026-08-21,2026-06-25,0019945,cost_change,13600000.0,19336061.39,5736061.39
2026-08-21,2026-06-25,0019950,status_change,UNDER-CONSTRUCTION,COMPLETED-CONSTRUCTION,
2026-08-21,2026-06-25,0019950,work_stopped,,2026-06-16,
2026-08-21,2026-06-25,0019955,completion_date_slip,2026-04-30,2026-09-21,144
2026-08-21,2026-06-25,0020000,pct_increase,24.95,63.53,38.58
2026-08-21,2026-06-25,0020028,status_change,PRE-CONSTRUCTION,UNDER-CONSTRUCTION,
2026-08-21,2026-06-25,0020028,awarded,,2026-06-26,
2026-08-21,2026-06-25,0020029,status_change,PRE-CONSTRUCTION,UNDER-CONSTRUCTION,
2026-08-21,2026-06-25,0020038,cost_change,128000000.0,102000000.0,-26000000.0
2026-08-21,2026-06-25,0020039,cost_change,52000000.0,102000000.0,50000000.0
2026-08-21,2026-06-25,0020043,cost_change,370000.0,475367.53,105367.53
2026-08-21,2026-06-25,0020098,cost_change,2650000.0,2610000.0,-40000.0
2026-08-21,2026-06-25,0020105,cost_change,2052355.05,2351572.15,299217.1
2026-08-21,2026-06-25,0020106,status_change,PRE-CONSTRUCTION,UNDER-CONSTRUCTION,
2026-08-21,2026-06-25,0020107,pct_increase,26.46,87.36,60.9
2026-08-21,2026-06-25,0020108,cost_change,4713000.0,4280000.0,-433000.0
2026-08-21,2026-06-25,0020111,cost_change,1847357.46,1900357.46,53000.0
2026-08-21,2026-06-25,0020137,cost_change,6575000.0,5278093.44,-1296906.56
2026-08-21,2026-06-25,0020142,cost_change,4650000.0,3402960.62,-1247039.38
2026-08-21,2026-06-25,0020143,cost_change,7071961.15,7281961.15,210000.0
2026-08-21,2026-06-25,0020150,cost_change,4775000.0,4823200.0,48200.0
2026-08-21,2026-06-25,0020153,cost_change,20232000.0,27271275.06,7039275.06
2026-08-21,2026-06-25,0020165,cost_change,3744985.84,454000.0,-3290985.84
2026-08-21,2026-06-25,0020166,pct_now_reporting,,0.45,
2026-08-21,2026-06-25,0020167,cost_change,400000.0,350000.0,-50000.0
2026-08-21,2026-06-25,0020169,status_change,PRE-CONSTRUCTION,UNDER-CONSTRUCTION,
2026-08-21,2026-06-25,0020169,cost_change,5250000.0,134440905.51999998,129190905.52
2026-08-21,2026-06-25,0020172,cost_change,113628000.0,123914753.73,10286753.73
2026-08-21,2026-06-25,0020173,cost_change,64659063.54,55605278.54,-9053785.0
2026-08-21,2026-06-25,0020192,cost_change,4950000.0,5549857.27,599857.27
2026-08-21,2026-06-25,0020194,status_change,PRE-CONSTRUCTION,UNDER-CONSTRUCTION,
2026-08-21,2026-06-25,0020195,status_change,PRE-CONSTRUCTION,UNDER-CONSTRUCTION,
2026-08-21,2026-06-25,0020196,status_change,PRE-CONSTRUCTION,UNDER-CONSTRUCTION,
2026-08-21,2026-06-25,0020198,pct_increase,47.2,67.36,20.16
2026-08-21,2026-06-25,0020198,completion_date_slip,2026-05-31,2026-11-28,181
2026-08-21,2026-06-25,0020199,cost_change,1613699.0,100000.0,-1513699.0
2026-08-21,2026-06-25,0020213,cost_change,22650000.0,20500271.55,-2149728.45
2026-08-21,2026-06-25,0020259,cost_change,1870000.0,2540488.67,670488.67
2026-08-21,2026-06-25,0020261,cost_change,2020000.0,2325438.85,305438.85
2026-08-21,2026-06-25,0020269,cost_change,4362969.0,750000.0,-3612969.0
2026-08-21,2026-06-25,0020279,cost_change,1920000.0,2653982.5,733982.5
2026-08-21,2026-06-25,0020280,cost_change,1800000.0,250000.0,-1550000.0
2026-08-21,2026-06-25,0020286,cost_change,17379900.0,13503124.97,-3876775.03
2026-08-21,2026-06-25,0020293,pct_increase,78.41,87.88,9.47
2026-08-21,2026-06-25,0020382,pct_increase,16.830000000000002,35.03,18.2
2026-08-21,2026-06-25,0020383,pct_increase,21.76,84.87,63.11
2026-08-21,2026-06-25,0020396,cost_change,2300000.0,2559213.1799999997,259213.18
2026-08-21,2026-06-25,0020397,cost_change,2990000.0,2048963.27,-941036.73
2026-08-21,2026-06-25,0020398,cost_change,15200000.0,16825000.0,1625000.0
2026-08-21,2026-06-25,0020459,status_change,PRE-CONSTRUCTION,UNDER-CONSTRUCTION,
2026-08-21,2026-06-25,0020470,status_change,PRE-CONSTRUCTION,UNDER-CONSTRUCTION,
2026-08-21,2026-06-25,0020475,status_change,PRE-CONSTRUCTION,UNDER-CONSTRUCTION,
2026-08-21,2026-06-25,0020476,status_change,PRE-CONSTRUCTION,UNDER-CONSTRUCTION,
2026-08-21,2026-06-25,0020527,status_change,PRE-CONSTRUCTION,UNDER-CONSTRUCTION,
2026-08-21,2026-06-25,0020528,status_change,PRE-CONSTRUCTION,UNDER-CONSTRUCTION,
2026-08-21,2026-06-25,0020616,status_change,PRE-CONSTRUCTION,UNDER-CONSTRUCTION,
2026-08-21,2026-06-25,0020616,awarded,,2026-06-26,
2026-08-21,2026-06-25,0020617,status_change,PRE-CONSTRUCTION,UNDER-CONSTRUCTION,
2026-08-21,2026-06-25,0020617,awarded,,2026-06-26,
2026-08-21,2026-06-25,0020618,status_change,PRE-CONSTRUCTION,UNDER-CONSTRUCTION,
2026-08-21,2026-06-25,0020618,awarded,,2026-06-26,
2026-08-21,2026-06-25,0020622,cost_change,285885.0,8000.0,-277885.0
2026-08-21,2026-06-25,0020663,cost_change,7750000.0,3621198.83,-4128801.17
2026-08-21,2026-06-25,0020671,cost_change,4710000.75,5797500.75,1087500.0
2026-08-21,2026-06-25,0020726,status_change,PRE-CONSTRUCTION,UNDER-CONSTRUCTION,
2026-08-21,2026-06-25,0020726,awarded,,2026-06-26,
2026-08-21,2026-06-25,0020729,status_change,UNDER-CONSTRUCTION,COMPLETED-CONSTRUCTION,
2026-08-21,2026-06-25,0020729,work_stopped,,2026-06-25,
2026-08-21,2026-06-25,0020737,status_change,UNDER-CONSTRUCTION,COMPLETED-CONSTRUCTION,
2026-08-21,2026-06-25,0020737,work_stopped,,2026-07-30,
2026-08-21,2026-06-25,0020738,pct_increase,66.62,88.07000000000001,21.45
2026-08-21,2026-06-25,0020745,pct_increase,57.18,59.54,2.36
2026-08-21,2026-06-25,0020749,awarded,,2026-05-01,
2026-08-21,2026-06-25,0020764,status_change,UNDER-CONSTRUCTION,COMPLETED-CONSTRUCTION,
2026-08-21,2026-06-25,0020764,completion_date_slip,2026-04-30,2026-05-30,30
2026-08-21,2026-06-25,0020764,work_stopped,,2026-07-30,
2026-08-21,2026-06-25,0020766,pct_increase,58.51,68.07000000000001,9.56
2026-08-21,2026-06-25,0020767,pct_increase,65.51,85.74,20.23
2026-08-21,2026-06-25,0020769,cost_change,178806680.0,28582823.0,-150223857.0
2026-08-21,2026-06-25,0020929,cost_change,3650000.0,3936388.66,286388.66
2026-08-21,2026-06-25,0020951,pct_decrease,97.63,93.41,-4.22
2026-08-21,2026-06-25,0020952,pct_increase,97.17,98.61,1.44
2026-08-21,2026-06-25,0020953,pct_increase,99.2,100.32,1.12
2026-08-21,2026-06-25,0020954,pct_increase,69.51,85.76,16.25
2026-08-21,2026-06-25,0020955,pct_increase,73.24,84.58,11.34
2026-08-21,2026-06-25,0021093,status_change,PRE-CONSTRUCTION,UNDER-CONSTRUCTION,
2026-08-21,2026-06-25,0021220,cost_change,23250000.0,39877911.2,16627911.2
2026-08-21,2026-06-25,0021224,cost_change,2950000.0,2910000.0,-40000.0
2026-08-21,2026-06-25,0021243,cost_change,2600000.0,2717832.71,117832.71
2026-08-21,2026-06-25,0021254,awarded,,2026-05-01,
2026-08-21,2026-06-25,0021256,cost_change,2700000.0,2979342.66,279342.66
2026-08-21,2026-06-25,0021257,cost_change,2600000.0,2666054.44,66054.44
2026-08-21,2026-06-25,0021304,cost_change,1165992.8,8000.0,-1157992.8
2026-08-21,2026-06-25,0021306,cost_change,630600.0,8000.0,-622600.0
2026-08-21,2026-06-25,0021307,cost_change,615200.0,8000.0,-607200.0
2026-08-21,2026-06-25,0021308,pct_increase,56.73,81.95,25.22
2026-08-21,2026-06-25,0021309,pct_increase,28.13,45.79,17.66
2026-08-21,2026-06-25,0021310,pct_increase,27.72,47.99,20.27
2026-08-21,2026-06-25,0021311,pct_increase,5.09,10.27,5.18
2026-08-21,2026-06-25,0021422,cost_change,1135000.0,1494329.57,359329.57
2026-08-21,2026-06-25,0021530,cost_change,507980.0,8000.0,-499980.0
2026-08-21,2026-06-25,121690-,pct_increase,20.0,21.69,1.69
2026-08-21,2026-06-25,122060-,cost_change,99680031.42,33621699.5,-66058331.92
2026-08-21,2026-06-25,122600-,pct_increase,88.52,94.75,6.23
2026-08-21,2026-06-25,122890-,pct_increase,47.69,51.83,4.14
2026-08-21,2026-06-25,122900-,pct_increase,23.23,27.96,4.73
2026-08-21,2026-06-25,222170-,status_change,UNDER-CONSTRUCTION,COMPLETED-CONSTRUCTION,
2026-08-21,2026-06-25,231210-,pct_increase,25.8,26.07,0.27
2026-08-21,2026-06-25,262027-,pct_increase,48.84,51.89,3.05
2026-08-21,2026-06-25,262027-,completion_date_slip,2027-06-14,2027-07-14,30
2026-08-21,2026-06-25,311005-,pct_increase,91.95,93.28,1.33
2026-08-21,2026-06-25,311400-,pct_increase,10.1,11.72,1.62
2026-08-21,2026-06-25,311410-,pct_decrease,99.02,98.9,-0.12
2026-08-21,2026-06-25,321715-,cost_change,64511921.45,69489972.76,4978051.31
2026-08-21,2026-06-25,321880-,pct_increase,73.78,77.36,3.58
2026-08-21,2026-06-25,322050-,pct_increase,34.08,36.23,2.15
2026-08-21,2026-06-25,322050-,completion_date_slip,2027-08-31,2028-03-07,189
2026-08-21,2026-06-25,322250-,pct_increase,66.95,72.23,5.28
2026-08-21,2026-06-25,322460-,status_change,PRE-CONSTRUCTION,UNDER-CONSTRUCTION,
2026-08-21,2026-06-25,322470-,pct_increase,52.25,56.9,4.65
2026-08-21,2026-06-25,331900-,pct_increase,91.5,94.54,3.04
2026-08-21,2026-06-25,422380-,pct_increase,75.45,78.84,3.39
2026-08-21,2026-06-25,422390-,pct_increase,3.83,5.96,2.13
2026-08-21,2026-06-25,422390-,completion_date_slip,2028-07-31,2028-09-14,45
2026-08-21,2026-06-25,522190-,pct_increase,87.28,88.45,1.17
2026-08-21,2026-06-25,522200-,pct_increase,74.14,86.78,12.64
2026-08-21,2026-06-25,522200-,completion_date_slip,2026-05-31,2026-10-26,148
2026-08-21,2026-06-25,522570-,pct_increase,55.34,61.33,5.99
2026-08-21,2026-06-25,532650-,pct_increase,71.01,72.11,1.1
2026-08-21,2026-06-25,621410-,pct_increase,94.08,95.9,1.82
2026-08-21,2026-06-25,650540-,pct_increase,30.49,30.92,0.43
2026-08-21,2026-06-25,713300-,pct_increase,53.64,56.1,2.46
2026-08-21,2026-06-25,721000-,cost_change,64175649.900000006,30680047.28,-33495602.62
2026-08-21,2026-06-25,721290-,pct_increase,46.52,49.86,3.34
2026-08-21,2026-06-25,721780-,pct_increase,81.89,83.59,1.7
2026-08-21,2026-06-25,721790-,pct_increase,81.89,83.59,1.7
2026-08-21,2026-06-25,731048-,pct_increase,21.7,23.91,2.21
2026-08-21,2026-06-25,751770-,pct_increase,37.76,45.09,7.33
2026-08-21,2026-06-25,751775-,pct_increase,44.03,49.94,5.91
2026-08-21,2026-06-25,M005074,pct_increase,89.41,94.22,4.81
2026-08-21,2026-06-25,M005746,status_change,UNDER-CONSTRUCTION,COMPLETED-CONSTRUCTION,
2026-08-21,2026-06-25,M005746,work_stopped,,2026-06-30,
2026-08-21,2026-06-25,M005749,cost_change,1039885.0,0.0,-1039885.0
2026-08-21,2026-06-25,M005750,status_change,UNDER-CONSTRUCTION,COMPLETED-CONSTRUCTION,
2026-08-21,2026-06-25,M005750,work_stopped,,2026-05-13,
2026-08-21,2026-06-25,M005878,pct_increase,82.28,91.85,9.57
2026-08-21,2026-06-25,M006064,cost_change,1960126.72,1885246.11,-74880.61
2026-08-21,2026-06-25,M006071,cost_change,246500.0,0.0,-246500.0
2026-08-21,2026-06-25,M006124,pct_increase,85.82000000000001,93.78,7.96
2026-08-21,2026-06-25,M006168,cost_change,2669585.0,0.0,-2669585.0
2026-08-21,2026-06-25,M006169,status_change,PRE-CONSTRUCTION,UNDER-CONSTRUCTION,
2026-08-21,2026-06-25,M006262,status_change,UNDER-CONSTRUCTION,COMPLETED-CONSTRUCTION,
2026-08-21,2026-06-25,M006262,work_stopped,,2026-07-28,
2026-08-21,2026-06-25,M006289,status_change,UNDER-CONSTRUCTION,COMPLETED-CONSTRUCTION,
2026-08-21,2026-06-25,M006289,completion_date_slip,2025-11-30,2026-04-29,150
2026-08-21,2026-06-25,M006289,work_stopped,,2026-06-23,
2026-08-21,2026-06-25,M006389,pct_increase,35.71,63.57,27.86
2026-08-21,2026-06-25,M006418,pct_increase,35.51,53.06,17.55
2026-08-21,2026-06-25,M006422,pct_increase,73.81,89.75,15.94
2026-08-21,2026-06-25,M006431,pct_increase,0.26,2.34,2.08
2026-08-21,2026-06-25,M006432,pct_increase,93.2,93.22,0.02
2026-08-21,2026-06-25,M006438,pct_increase,13.79,57.24,43.45
2026-08-21,2026-06-25,M006453,status_change,COMPLETED-CONSTRUCTION,UNDER-CONSTRUCTION,
2026-08-21,2026-06-25,M006455,pct_increase,68.84,85.08,16.24
2026-08-21,2026-06-25,M006470,pct_increase,53.47,101.31,47.84
2026-08-21,2026-06-25,M006480,pct_increase,79.82000000000001,89.53,9.71
2026-08-21,2026-06-25,M006484,pct_increase,12.81,57.19,44.38
2026-08-21,2026-06-25,M006485,pct_increase,27.67,41.76,14.09
2026-08-21,2026-06-25,M006487,pct_increase,23.11,30.43,7.32
2026-08-21,2026-06-25,M006488,status_change,UNDER-CONSTRUCTION,COMPLETED-CONSTRUCTION,
2026-08-21,2026-06-25,M006488,completion_date_slip,2025-09-30,2026-02-26,149
2026-08-21,2026-06-25,M006488,work_stopped,,2026-03-07,
2026-08-21,2026-06-25,M006493,status_change,UNDER-CONSTRUCTION,COMPLETED-CONSTRUCTION,
2026-08-21,2026-06-25,M006493,work_stopped,,2025-10-11,
2026-08-21,2026-06-25,M006496,pct_increase,6.44,59.55,53.11
2026-08-21,2026-06-25,M006499,completion_date_slip,2025-08-31,2025-10-13,43
2026-08-21,2026-06-25,M006500,pct_increase,45.61,99.98,54.37
2026-08-21,2026-06-25,M006505,pct_increase,93.53,95.2,1.67
2026-08-21,2026-06-25,M006508,status_change,UNDER-CONSTRUCTION,COMPLETED-CONSTRUCTION,
2026-08-21,2026-06-25,M006508,work_stopped,,2025-06-30,
2026-08-21,2026-06-25,M006510,pct_decrease,97.47,95.45,-2.02
2026-08-21,2026-06-25,M006521,cost_change,2000000.0,2021600.0,21600.0
2026-08-21,2026-06-25,M006522,cost_change,1100000.0,0.0,-1100000.0
2026-08-21,2026-06-25,M006529,pct_increase,20.46,48.78,28.32
2026-08-21,2026-06-25,M006531,pct_increase,2.81,5.23,2.42
2026-08-21,2026-06-25,M006532,cost_change,2012500.0,12500.0,-2000000.0
2026-08-21,2026-06-25,M006533,cost_change,1586000.0,0.0,-1586000.0
2026-08-21,2026-06-25,M006535,cost_change,830000.0,0.0,-830000.0
2026-08-21,2026-06-25,M006538,pct_increase,93.67,93.76,0.09
2026-08-21,2026-06-25,M006540,status_change,UNDER-CONSTRUCTION,COMPLETED-CONSTRUCTION,
2026-08-21,2026-06-25,M006540,work_stopped,,2026-06-30,
2026-08-21,2026-06-25,M006543,pct_increase,48.96,84.04,35.08
2026-08-21,2026-06-25,M006544,status_change,UNDER-CONSTRUCTION,COMPLETED-CONSTRUCTION,
2026-08-21,2026-06-25,M006544,work_stopped,,2026-05-31,
2026-08-21,2026-06-25,M006551,status_change,UNDER-CONSTRUCTION,COMPLETED-CONSTRUCTION,
2026-08-21,2026-06-25,M006551,work_stopped,,2026-05-31,
2026-08-21,2026-06-25,M006553,pct_increase,82.28,97.09,14.81
2026-08-21,2026-06-25,M006555,pct_increase,0.42,2.58,2.16
2026-08-21,2026-06-25,M006556,pct_increase,79.61,93.02,13.41
2026-08-21,2026-06-25,M006563,completion_date_slip,2026-04-06,2026-08-14,130
2026-08-21,2026-06-25,M006564,pct_now_reporting,,12.53,
2026-08-21,2026-06-25,M006565,cost_change,6255532.8,5938834.67,-316698.13
2026-08-21,2026-06-25,M006569,pct_increase,24.58,35.83,11.25
2026-08-21,2026-06-25,M006570,pct_increase,17.31,28.55,11.24
2026-08-21,2026-06-25,M006571,completion_date_slip,2026-04-06,2026-08-14,130
2026-08-21,2026-06-25,M006573,pct_increase,2.81,5.23,2.42
2026-08-21,2026-06-25,M006574,pct_increase,59.35,75.32000000000001,15.97
2026-08-21,2026-06-25,M006579,pct_increase,48.0,81.92,33.92
2026-08-21,2026-06-25,M006580,pct_now_reporting,,16.95,
2026-08-21,2026-06-25,M006585,pct_increase,16.45,45.66,29.21
2026-08-21,2026-06-25,M006588,status_change,UNDER-CONSTRUCTION,COMPLETED-CONSTRUCTION,
2026-08-21,2026-06-25,M006592,pct_increase,24.48,68.04,43.56
2026-08-21,2026-06-25,M006593,pct_increase,24.48,68.04,43.56
2026-08-21,2026-06-25,M006599,pct_decrease,17.5,17.21,-0.29
2026-08-21,2026-06-25,M006605,pct_increase,18.27,92.5,74.23
2026-08-21,2026-06-25,M006607,status_change,UNDER-CONSTRUCTION,COMPLETED-CONSTRUCTION,
2026-08-21,2026-06-25,M006607,work_stopped,,2026-07-29,
2026-08-21,2026-06-25,M006609,pct_increase,15.54,73.98,58.44
2026-08-21,2026-06-25,M006610,status_change,UNDER-CONSTRUCTION,COMPLETED-CONSTRUCTION,
2026-08-21,2026-06-25,M006610,work_stopped,,2026-08-04,
2026-08-21,2026-06-25,M006614,pct_now_reporting,,84.93,
2026-08-21,2026-06-25,M006616,pct_now_reporting,,73.8,
2026-08-21,2026-06-25,M006617,cost_change,69689.85,0.0,-69689.85
2026-08-21,2026-06-25,M006620,awarded,,2026-05-01,
2026-08-21,2026-06-25,M006625,status_change,UNDER-CONSTRUCTION,COMPLETED-CONSTRUCTION,
2026-08-21,2026-06-25,M006625,completion_date_slip,2026-06-30,2026-07-30,30
2026-08-21,2026-06-25,M006625,work_stopped,,2026-06-30,
2026-08-21,2026-06-25,M006627,status_change,UNDER-CONSTRUCTION,COMPLETED-CONSTRUCTION,
2026-08-21,2026-06-25,M006627,work_stopped,,2026-08-11,
2026-08-21,2026-06-25,M006630,pct_increase,54.45,91.41,36.96
2026-08-21,2026-06-25,M006631,status_change,UNDER-CONSTRUCTION,COMPLETED-CONSTRUCTION,
2026-08-21,2026-06-25,M006631,work_stopped,,2026-06-30,
2026-08-21,2026-06-25,M006632,status_change,UNDER-CONSTRUCTION,COMPLETED-CONSTRUCTION,
2026-08-21,2026-06-25,M006632,work_stopped,,2026-08-20,
2026-08-21,2026-06-25,M006635,pct_now_reporting,,18.73,
2026-08-21,2026-06-25,M006636,pct_now_reporting,,79.38,
2026-08-21,2026-06-25,M006637,status_change,PRE-CONSTRUCTION,UNDER-CONSTRUCTION,
2026-08-21,2026-06-25,M006639,pct_now_reporting,,25.72,
2026-08-21,2026-06-25,M006640,status_change,UNDER-CONSTRUCTION,COMPLETED-CONSTRUCTION,
2026-08-21,2026-06-25,M006640,work_stopped,,2026-06-30,
2026-08-21,2026-06-25,M006644,cost_change,7949452.0,8617048.09,667596.09
2026-08-21,2026-06-25,M006645,cost_change,10200185.0,10246730.69,46545.69
2026-08-21,2026-06-25,M006646,pct_increase,60.76,90.42,29.66
2026-08-21,2026-06-25,M006647,pct_increase,47.05,60.16,13.11
2026-08-21,2026-06-25,M006648,pct_increase,3.69,60.93,57.24
2026-08-21,2026-06-25,M006649,awarded,,2026-05-01,
2026-08-21,2026-06-25,M006650,completion_date_slip,2026-04-05,2026-04-19,14
2026-08-21,2026-06-25,M006651,pct_increase,49.27,82.32000000000001,33.05
2026-08-21,2026-06-25,M006652,pct_now_reporting,,10.55,
2026-08-21,2026-06-25,M006653,pct_increase,30.73,63.05,32.32
2026-08-21,2026-06-25,M006654,pct_increase,47.05,60.16,13.11
2026-08-21,2026-06-25,M006655,cost_change,3745000.0,2011422.26,-1733577.74
2026-08-21,2026-06-25,M006656,pct_increase,71.10000000000001,85.19,14.09
2026-08-21,2026-06-25,M006658,pct_now_reporting,,92.73,
2026-08-21,2026-06-25,M006662,pct_now_reporting,,5.53,
2026-08-21,2026-06-25,M006663,cost_change,2320000.0,456139.0,-1863861.0
2026-08-21,2026-06-25,M006665,pct_now_reporting,,33.87,
2026-08-21,2026-06-25,M006668,awarded,,2026-05-29,
2026-08-21,2026-06-25,M006678,pct_now_reporting,,23.48,
2026-08-21,2026-06-25,M006679,awarded,,2026-05-01,
2026-08-21,2026-06-25,M006680,awarded,,2026-05-29,
2026-08-21,2026-06-25,M006681,cost_change,1683171.12,0.0,-1683171.12
2026-08-21,2026-06-25,M006682,pct_increase,84.48,95.54,11.06
2026-08-21,2026-06-25,M006682,completion_date_slip,2026-05-09,2026-06-08,30
2026-08-21,2026-06-25,M006683,pct_increase,20.46,77.79,57.33
2026-08-21,2026-06-25,M006684,pct_decrease,61.83,55.76,-6.07
2026-08-21,2026-06-25,M006685,pct_increase,35.480000000000004,38.88,3.4
2026-08-21,2026-06-25,M006686,cost_change,7045461.33,0.0,-7045461.33
2026-08-21,2026-06-25,M006687,status_change,PRE-CONSTRUCTION,UNDER-CONSTRUCTION,
2026-08-21,2026-06-25,M006689,pct_now_reporting,,74.38,
2026-08-21,2026-06-25,M006692,pct_increase,81.27,91.16,9.89
2026-08-21,2026-06-25,M006694,pct_now_reporting,,37.73,
2026-08-21,2026-06-25,M006694,completion_date_slip,2026-06-30,2026-09-30,92
2026-08-21,2026-06-25,M006695,pct_increase,54.88,65.03,10.15
2026-08-21,2026-06-25,M006697,pct_increase,86.21000000000001,89.23,3.02
2026-08-21,2026-06-25,M006700,status_change,PRE-CONSTRUCTION,UNDER-CONSTRUCTION,
2026-08-21,2026-06-25,M006701,pct_increase,80.01,96.03,16.02
2026-08-21,2026-06-25,M006702,awarded,,2026-05-01,
2026-08-21,2026-06-25,M006703,cost_change,1858286.98,0.0,-1858286.98
2026-08-21,2026-06-25,M006709,pct_increase,83.32000000000001,89.03,5.71
2026-08-21,2026-06-25,M006724,cost_change,8553651.64,5404894.88,-3148756.76
2026-08-21,2026-06-25,M006728,status_change,PRE-CONSTRUCTION,UNDER-CONSTRUCTION,
2026-08-21,2026-06-25,M006732,status_change,PRE-CONSTRUCTION,UNDER-CONSTRUCTION,
2026-08-21,2026-06-25,M006737,awarded,,2026-05-29,
2026-08-21,2026-06-25,M006738,status_change,PRE-CONSTRUCTION,UNDER-CONSTRUCTION,
2026-08-21,2026-06-25,M006739,cost_change,1744448.41,0.0,-1744448.41
2026-08-21,2026-06-25,M006743,cost_change,5390446.84,3716449.4,-1673997.44
2026-08-21,2026-06-25,M006744,cost_change,2944209.0,0.0,-2944209.0
2026-08-21,2026-06-25,M006745,cost_change,2369741.81,0.0,-2369741.81
2026-08-21,2026-06-25,M006747,cost_change,4975000.0,6384437.85,1409437.85
2026-08-21,2026-06-25,M006749,status_change,PRE-CONSTRUCTION,UNDER-CONSTRUCTION,
2026-08-21,2026-06-25,M006766,cost_change,1975000.0,225000.0,-1750000.0
2026-08-21,2026-06-25,M006768,cost_change,2800000.0,300000.0,-2500000.0
2026-08-21,2026-06-25,M006772,awarded,,2026-05-29,
2026-08-21,2026-06-25,M006773,status_change,PRE-CONSTRUCTION,UNDER-CONSTRUCTION,
2026-08-21,2026-06-25,M006774,awarded,,2026-05-01,
2026-08-21,2026-06-25,M006778,status_change,PRE-CONSTRUCTION,UNDER-CONSTRUCTION,
2026-08-21,2026-06-25,M006779,status_change,PRE-CONSTRUCTION,UNDER-CONSTRUCTION,
2026-08-21,2026-06-25,M006791,cost_change,4521685.0,0.0,-4521685.0
2026-08-21,2026-06-25,M006792,cost_change,4013816.99,0.0,-4013816.99
2026-08-21,2026-06-25,M006793,cost_change,1836910.75,0.0,-1836910.75
2026-08-21,2026-06-25,M006795,cost_change,4013816.99,0.0,-4013816.99
2026-08-21,2026-06-25,M006799,status_change,PRE-CONSTRUCTION,UNDER-CONSTRUCTION,
2026-08-21,2026-06-25,M006799,awarded,,2026-06-26,
2026-08-21,2026-06-25,M006815,status_change,PRE-CONSTRUCTION,UNDER-CONSTRUCTION,
2026-08-21,2026-06-25,M006816,status_change,PRE-CONSTRUCTION,UNDER-CONSTRUCTION,
2026-08-21,2026-06-25,M006818,cost_change,874133.0,0.0,-874133.0
2026-08-21,2026-06-25,M006819,cost_change,1361613.0,0.0,-1361613.0
2026-08-21,2026-06-25,M006820,cost_change,1038543.0,3450052.38,2411509.38
2026-08-21,2026-06-25,M006821,status_change,PRE-CONSTRUCTION,UNDER-CONSTRUCTION,
2026-08-21,2026-06-25,M006822,status_change,PRE-CONSTRUCTION,UNDER-CONSTRUCTION,
2026-08-21,2026-06-25,M006822,cost_change,1524600.0,0.0,-1524600.0
2026-08-21,2026-06-25,M006825,awarded,,2026-04-03,
2026-08-21,2026-06-25,M006827,cost_change,2250000.0,0.0,-2250000.0
2026-08-21,2026-06-25,M006839,cost_change,2226121.1,0.0,-2226121.1
2026-08-21,2026-06-25,M006843,cost_change,2090581.0,0.0,-2090581.0
2026-08-21,2026-06-25,M006846,cost_change,3372968.31,0.0,-3372968.31
2026-08-21,2026-06-25,M006848,cost_change,3671666.95,0.0,-3671666.95
2026-08-21,2026-06-25,M006849,cost_change,2397086.73,0.0,-2397086.73
2026-08-21,2026-06-25,M006852,status_change,PRE-CONSTRUCTION,UNDER-CONSTRUCTION,
2026-08-21,2026-06-25,M006853,cost_change,1890149.25,0.0,-1890149.25
2026-08-21,2026-06-25,M006854,cost_change,2774976.41,0.0,-2774976.41
2026-08-21,2026-06-25,M006855,status_change,PRE-CONSTRUCTION,UNDER-CONSTRUCTION,
2026-08-21,2026-06-25,M006855,awarded,,2026-06-26,
2026-08-21,2026-06-25,M006874,cost_change,2201059.0,0.0,-2201059.0
2026-08-21,2026-06-25,M006895,cost_change,2902838.0,0.0,-2902838.0
2026-08-21,2026-06-25,M006896,cost_change,4441758.33,0.0,-4441758.33
2026-08-21,2026-06-25,M006898,cost_change,1800480.0,0.0,-1800480.0
2026-08-21,2026-06-25,M006900,cost_change,1589649.0,0.0,-1589649.0
2026-08-21,2026-06-25,M006901,cost_change,588381.0,0.0,-588381.0
2026-08-21,2026-06-25,M006902,cost_change,2970929.0,3930826.73,959897.73
2026-08-21,2026-06-25,M006903,cost_change,1230657.0,0.0,-1230657.0
2026-08-21,2026-06-25,M006904,cost_change,2841854.0,0.0,-2841854.0
2026-08-21,2026-06-25,M006905,cost_change,3100000.0,0.0,-3100000.0
2026-08-21,2026-06-25,M006907,status_change,PRE-CONSTRUCTION,UNDER-CONSTRUCTION,
2026-08-21,2026-06-25,M006922,status_change,PRE-CONSTRUCTION,UNDER-CONSTRUCTION,
2026-08-21,2026-06-25,M006923,cost_change,3040810.06,0.0,-3040810.06
2026-08-21,2026-06-25,M006924,cost_change,7463350.42,0.0,-7463350.42
2026-08-21,2026-06-25,M006925,cost_change,6186752.85,3097582.28,-3089170.57
2026-08-21,2026-06-25,M006926,cost_change,5346349.05,4187617.48,-1158731.57
2026-08-21,2026-06-25,M006945,cost_change,1325000.0,1375000.0,50000.0
