snapshot_date,ID,Status,Cost_estimate,Construction_pct_complete,Payment_pct_complete,Curr_completion_date,Programmed_completion_date,Award_date,Time_stopped_date,Substl_work_compl_date,Is_TIA,Contractor,Last_refresh
2026-05-22,0000197,UNKNOWN,125000.0,,,,,,,,,,
2026-05-22,0000265,COMPLETED-CONSTRUCTION,6086889.85,,,,,,,,,,
2026-05-22,0000293,PRE-CONSTRUCTION,46196838.87,,,,,,,,,,
2026-05-22,0000297,COMPLETED-CONSTRUCTION,34881555.61,,,,,,,,,,
2026-05-22,0000304,COMPLETED-CONSTRUCTION,8223041.0,,,,,,,,,,
2026-05-22,0000305,COMPLETED-CONSTRUCTION,5539684.859999999,,,,,,,,,,
2026-05-22,0000309,PRE-CONSTRUCTION,3794850.62,,,,,,,,,,
2026-05-22,0000315,COMPLETED-CONSTRUCTION,4051270.76,,,,,,,,,,
2026-05-22,0000316,PRE-CONSTRUCTION,1181030.16,,,,,,,,,,
2026-05-22,0000397,PRE-CONSTRUCTION,817000.0,,,,,,,,,,
2026-05-22,0000402,PRE-CONSTRUCTION,24850946.92,,,,,,,,,,
2026-05-22,0000405,PRE-CONSTRUCTION,54351253.0,,,,,,,,,,
2026-05-22,0000406,PRE-CONSTRUCTION,96463831.19,,,,,,,,,,
2026-05-22,0000411,UNDER-CONSTRUCTION,50285917.91,,,,,,,,,,
2026-05-22,0000414,PRE-CONSTRUCTION,115778027.68,,,,,,,,,,
2026-05-22,0000415,PRE-CONSTRUCTION,151540345.78,,,,,,,,,,
2026-05-22,0000416,PRE-CONSTRUCTION,69886390.02,,,,,,,,,,
2026-05-22,0000419,PRE-CONSTRUCTION,30897617.43,,,,,,,,,,
2026-05-22,0000420,PRE-CONSTRUCTION,71395734.75,,,,,,,,,,
2026-05-22,0000425,COMPLETED-CONSTRUCTION,50857474.53,,,,,,,,,,
2026-05-22,0000473,UNDER-CONSTRUCTION,73296743.13,,,,,,,,,,
2026-05-22,0000475,COMPLETED-CONSTRUCTION,37541660.8,,,,,,,,,,
2026-05-22,0000477,PRE-CONSTRUCTION,177339296.44,,,,,,,,,,
2026-05-22,0000519,UNDER-CONSTRUCTION,61891673.94,,,,,,,,,,
2026-05-22,0000520,COMPLETED-CONSTRUCTION,88254990.05,,,,,,,,,,
2026-05-22,0000534,PRE-CONSTRUCTION,685000.0,,,,,,,,,,
2026-05-22,0000544,COMPLETED-CONSTRUCTION,39834479.12,,,,,,,,,,
2026-05-22,0000562,PRE-CONSTRUCTION,20213000.0,,,,,,,,,,
2026-05-22,0000566,COMPLETED-CONSTRUCTION,78514926.94,,,,,,,,,,
2026-05-22,0000716,UNDER-CONSTRUCTION,0.0,,,,,,,,,,
2026-05-22,0000762,COMPLETED-CONSTRUCTION,76076851.52000001,,,,,,,,,,
2026-05-22,0000807,PRE-CONSTRUCTION,0.0,,,,,,,,,,
2026-05-22,0000821,PRE-CONSTRUCTION,18100464.81,,,,,,,,,,
2026-05-22,0000932,PRE-CONSTRUCTION,2800000.0,,,,,,,,,,
2026-05-22,0001040,PRE-CONSTRUCTION,52615020.92,,,,,,,,,,
2026-05-22,0001042,PRE-CONSTRUCTION,23300000.0,,,,,,,,,,
2026-05-22,0001043,PRE-CONSTRUCTION,15200000.0,,,,,,,,,,
2026-05-22,0001044,PRE-CONSTRUCTION,129839328.0,,,,,,,,,,
2026-05-22,0001047,PRE-CONSTRUCTION,21008113.6,,,,,,,,,,
2026-05-22,0001096,UNDER-CONSTRUCTION,4224484.0,,,,,,,,,,
2026-05-22,0001322,PRE-CONSTRUCTION,35000000.0,,,,,,,,,,
2026-05-22,0001323,PRE-CONSTRUCTION,40000000.0,,,,,,,,,,
2026-05-22,0001324,PRE-CONSTRUCTION,25000000.0,,,,,,,,,,
2026-05-22,0001325,PRE-CONSTRUCTION,50000000.0,,,,,,,,,,
2026-05-22,0001327,PRE-CONSTRUCTION,83000000.0,,,,,,,,,,
2026-05-22,0001328,PRE-CONSTRUCTION,32000000.0,,,,,,,,,,
2026-05-22,0001333,PRE-CONSTRUCTION,295200000.0,,,,,,,,,,
2026-05-22,0001334,PRE-CONSTRUCTION,188800000.0,,,,,,,,,,
2026-05-22,0001339,PRE-CONSTRUCTION,18479286.0,,,,,,,,,,
2026-05-22,0001572,COMPLETED-CONSTRUCTION,10994222.0,,,,,,,,,,
2026-05-22,0001757,COMPLETED-CONSTRUCTION,5939974820.26,,,,,,,,,,
2026-05-22,0001809,PRE-CONSTRUCTION,11374554.0,,,,,,,,,,
2026-05-22,0001810,COMPLETED-CONSTRUCTION,8361641.14,,,,,,,,,,
2026-05-22,0001812,COMPLETED-CONSTRUCTION,17690438.0,,,,,,,,,,
2026-05-22,0001815,PRE-CONSTRUCTION,6308000.0,,,,,,,,,,
2026-05-22,0001816,PRE-CONSTRUCTION,6308000.0,,,,,,,,,,
2026-05-22,0001817,COMPLETED-CONSTRUCTION,61687379.93,,,,,,,,,,
2026-05-22,0001820,PRE-CONSTRUCTION,4470333.9799999995,,,,,,,,,,
2026-05-22,0001821,PRE-CONSTRUCTION,50553940.0,,,,,,,,,,
2026-05-22,0001822,PRE-CONSTRUCTION,87260830.84,,,,,,,,,,
2026-05-22,0001823,PRE-CONSTRUCTION,4318077.28,,,,,,,,,,
2026-05-22,0002040,COMPLETED-CONSTRUCTION,2143068.2199999997,,,,,,,,,,
2026-05-22,0002377,COMPLETED-CONSTRUCTION,688719.97,,,,,,,,,,
2026-05-22,0002391,PRE-CONSTRUCTION,24954699.57,,,,,,,,,,
2026-05-22,0002392,COMPLETED-CONSTRUCTION,42835103.78999999,,,,,,,,,,
2026-05-22,0002393,PRE-CONSTRUCTION,119610925.99,,,,,,,,,,
2026-05-22,0002415,COMPLETED-CONSTRUCTION,8408482.59,,,,,,,,,,
2026-05-22,0002525,PRE-CONSTRUCTION,49285140.5,,,,,,,,,,
2026-05-22,0002626,COMPLETED-CONSTRUCTION,60389214.07,,,,,,,,,,
2026-05-22,0002861,COMPLETED-CONSTRUCTION,16904639.54,,,,,,,,,,
2026-05-22,0002862,UNDER-CONSTRUCTION,177218554.55,,,,,,,,,,
2026-05-22,0002863,PRE-CONSTRUCTION,28166450.12,,,,,,,,,,
2026-05-22,0002864,PRE-CONSTRUCTION,12589782.43,,,,,,,,,,
2026-05-22,0002865,PRE-CONSTRUCTION,68159972.88,,,,,,,,,,
2026-05-22,0002866,PRE-CONSTRUCTION,41095322.120000005,,,,,,,,,,
2026-05-22,0002868,PRE-CONSTRUCTION,47361441.31,,,,,,,,,,
2026-05-22,0002869,PRE-CONSTRUCTION,6215944.0,,,,,,,,,,
2026-05-22,0002882,COMPLETED-CONSTRUCTION,6400791.05,,,,,,,,,,
2026-05-22,0002923,COMPLETED-CONSTRUCTION,23386012.92,,,,,,,,,,
2026-05-22,0002981,PRE-CONSTRUCTION,23553426.01,,,,,,,,,,
2026-05-22,0003061,PRE-CONSTRUCTION,9437000.0,,,,,,,,,,
2026-05-22,0003081,COMPLETED-CONSTRUCTION,5872764.02,,,,,,,,,,
2026-05-22,0003625,COMPLETED-CONSTRUCTION,27074970.09,,,,,,,,,,
2026-05-22,0003626,UNDER-CONSTRUCTION,85549622.97,,,,,,,,,,
2026-05-22,0003627,PRE-CONSTRUCTION,6859308.63,,,,,,,,,,
2026-05-22,0003628,PRE-CONSTRUCTION,12482725.04,,,,,,,,,,
2026-05-22,0003682,UNDER-CONSTRUCTION,195129339.16,,,,,,,,,,
2026-05-22,0003701,PRE-CONSTRUCTION,29375280.0,,,,,,,,,,
2026-05-22,0003948,COMPLETED-CONSTRUCTION,4104734.87,,,,,,,,,,
2026-05-22,0004295,PRE-CONSTRUCTION,45900000.0,,,,,,,,,,
2026-05-22,0004296,PRE-CONSTRUCTION,75500000.0,,,,,,,,,,
2026-05-22,0004297,PRE-CONSTRUCTION,25000000.0,,,,,,,,,,
2026-05-22,0004298,PRE-CONSTRUCTION,132900000.0,,,,,,,,,,
2026-05-22,0004299,PRE-CONSTRUCTION,108276483.39,,,,,,,,,,
2026-05-22,0004300,PRE-CONSTRUCTION,58100000.0,,,,,,,,,,
2026-05-22,0004301,PRE-CONSTRUCTION,14200000.0,,,,,,,,,,
2026-05-22,0004302,PRE-CONSTRUCTION,5400000.0,,,,,,,,,,
2026-05-22,0004303,PRE-CONSTRUCTION,33800000.0,,,,,,,,,,
2026-05-22,0004304,PRE-CONSTRUCTION,33800000.0,,,,,,,,,,
2026-05-22,0004407,UNDER-CONSTRUCTION,0.0,,,,,,,,,,
2026-05-22,0004428,UNDER-CONSTRUCTION,31078812.86,,,,,,,,,,
2026-05-22,0004497,PRE-CONSTRUCTION,2000000.0,,,,,,,,,,
2026-05-22,0004634,UNDER-CONSTRUCTION,66790902.47,,,,,,,,,,
2026-05-22,0004748,PRE-CONSTRUCTION,11561189.7,,,,,,,,,,
2026-05-22,0004749,PRE-CONSTRUCTION,44826432.93,,,,,,,,,,
2026-05-22,0004750,PRE-CONSTRUCTION,63187436.84,,,,,,,,,,
2026-05-22,0004751,PRE-CONSTRUCTION,50613176.25,,,,,,,,,,
2026-05-22,0004752,PRE-CONSTRUCTION,76621723.99000001,,,,,,,,,,
2026-05-22,0004753,PRE-CONSTRUCTION,66491748.42,,,,,,,,,,
2026-05-22,0004754,PRE-CONSTRUCTION,104683534.59,,,,,,,,,,
2026-05-22,0004768,PRE-CONSTRUCTION,93294144.98,,,,,,,,,,
2026-05-22,0004769,PRE-CONSTRUCTION,136687173.28,,,,,,,,,,
2026-05-22,0004770,PRE-CONSTRUCTION,75134416.64,,,,,,,,,,
2026-05-22,0004771,PRE-CONSTRUCTION,97825233.29,,,,,,,,,,
2026-05-22,0004772,PRE-CONSTRUCTION,75944377.57000001,,,,,,,,,,
2026-05-22,0004773,PRE-CONSTRUCTION,64839444.07,,,,,,,,,,
2026-05-22,0004774,PRE-CONSTRUCTION,103744351.48,,,,,,,,,,
2026-05-22,0004775,PRE-CONSTRUCTION,60492782.11,,,,,,,,,,
2026-05-22,0004776,PRE-CONSTRUCTION,93148244.1,,,,,,,,,,
2026-05-22,0004777,PRE-CONSTRUCTION,38525866.8,,,,,,,,,,
2026-05-22,0004778,PRE-CONSTRUCTION,117190354.0,,,,,,,,,,
2026-05-22,0004779,PRE-CONSTRUCTION,95275456.0,,,,,,,,,,
2026-05-22,0004790,PRE-CONSTRUCTION,54445487.45,,,,,,,,,,
2026-05-22,0004791,PRE-CONSTRUCTION,42760902.8,,,,,,,,,,
2026-05-22,0004792,PRE-CONSTRUCTION,40581404.44,,,,,,,,,,
2026-05-22,0004793,PRE-CONSTRUCTION,25917888.46,,,,,,,,,,
2026-05-22,0004794,PRE-CONSTRUCTION,36017357.44,,,,,,,,,,
2026-05-22,0004795,PRE-CONSTRUCTION,26798909.71,,,,,,,,,,
2026-05-22,0004796,PRE-CONSTRUCTION,79028425.91,,,,,,,,,,
2026-05-22,0004797,PRE-CONSTRUCTION,26415269.729999997,,,,,,,,,,
2026-05-22,0004800,PRE-CONSTRUCTION,125914350.96,,,,,,,,,,
2026-05-22,0004801,PRE-CONSTRUCTION,74319311.45,,,,,,,,,,
2026-05-22,0004802,PRE-CONSTRUCTION,30787663.15,,,,,,,,,,
2026-05-22,0004803,PRE-CONSTRUCTION,34942969.55,,,,,,,,,,
2026-05-22,0004808,PRE-CONSTRUCTION,55162761.9,,,,,,,,,,
2026-05-22,0004809,PRE-CONSTRUCTION,83177487.98,,,,,,,,,,
2026-05-22,0004810,PRE-CONSTRUCTION,14523020.4,,,,,,,,,,
2026-05-22,0004811,PRE-CONSTRUCTION,99822893.84,,,,,,,,,,
2026-05-22,0004812,PRE-CONSTRUCTION,28656138.64,,,,,,,,,,
2026-05-22,0004813,PRE-CONSTRUCTION,63977266.93,,,,,,,,,,
2026-05-22,0004814,PRE-CONSTRUCTION,51346252.91,,,,,,,,,,
2026-05-22,0004911,PRE-CONSTRUCTION,1840910.78,,,,,,,,,,
2026-05-22,0004912,PRE-CONSTRUCTION,12448000.0,,,,,,,,,,
2026-05-22,0004914,PRE-CONSTRUCTION,5590000.0,,,,,,,,,,
2026-05-22,0004915,UNDER-CONSTRUCTION,90882122.76,,,,,,,,,,
2026-05-22,0005228,PRE-CONSTRUCTION,30152000.0,,,,,,,,,,
2026-05-22,0005248,PRE-CONSTRUCTION,18000000.0,,,,,,,,,,
2026-05-22,0005312,PRE-CONSTRUCTION,7877500.0,,,,,,,,,,
2026-05-22,0005313,PRE-CONSTRUCTION,51063524.74,,,,,,,,,,
2026-05-22,0005314,PRE-CONSTRUCTION,5478347.0,,,,,,,,,,
2026-05-22,0005317,UNDER-CONSTRUCTION,5407371.72,,,,,,,,,,
2026-05-22,0005529,PRE-CONSTRUCTION,1000000.0,,,,,,,,,,
2026-05-22,0005530,COMPLETED-CONSTRUCTION,8660834.280000001,,,,,,,,,,
2026-05-22,0005533,COMPLETED-CONSTRUCTION,6912622.640000001,,,,,,,,,,
2026-05-22,0005569,PRE-CONSTRUCTION,1000000.0,,,,,,,,,,
2026-05-22,0005749,PRE-CONSTRUCTION,3662032.52,,,,,,,,,,
2026-05-22,0005821,PRE-CONSTRUCTION,349300.0,,,,,,,,,,
2026-05-22,0005828,PRE-CONSTRUCTION,10000000.0,,,,,,,,,,
2026-05-22,0005829,COMPLETED-CONSTRUCTION,9026153.63,,,,,,,,,,
2026-05-22,0005941,PRE-CONSTRUCTION,6970548.66,,,,,,,,,,
2026-05-22,0005970,PRE-CONSTRUCTION,3154000.0,,,,,,,,,,
2026-05-22,0006019,PRE-CONSTRUCTION,34478134.489999995,,,,,,,,,,
2026-05-22,0006036,PRE-CONSTRUCTION,15180839.0,,,,,,,,,,
2026-05-22,0006037,PRE-CONSTRUCTION,7561031.0,,,,,,,,,,
2026-05-22,0006038,PRE-CONSTRUCTION,9328000.0,,,,,,,,,,
2026-05-22,0006039,PRE-CONSTRUCTION,47986595.08,,,,,,,,,,
2026-05-22,0006042,PRE-CONSTRUCTION,3921000.0,,,,,,,,,,
2026-05-22,0006047,PRE-CONSTRUCTION,50332525.0,,,,,,,,,,
2026-05-22,0006049,UNDER-CONSTRUCTION,110094076.91,,,,,,,,,,
2026-05-22,0006060,PRE-CONSTRUCTION,197000.0,,,,,,,,,,
2026-05-22,0006061,PRE-CONSTRUCTION,287000.0,,,,,,,,,,
2026-05-22,0006068,PRE-CONSTRUCTION,1913957.4699999995,,,,,,,,,,
2026-05-22,0006078,PRE-CONSTRUCTION,41627446.4,,,,,,,,,,
2026-05-22,0006253,PRE-CONSTRUCTION,176184793.49,,,,,,,,,,
2026-05-22,0006294,COMPLETED-CONSTRUCTION,2149178.69,,,,,,,,,,
2026-05-22,0006327,COMPLETED-CONSTRUCTION,55768171.77,,,,,,,,,,
2026-05-22,0006328,UNDER-CONSTRUCTION,129441733.89,,,,,,,,,,
2026-05-22,0006416,COMPLETED-CONSTRUCTION,3302294.02,,,,,,,,,,
2026-05-22,0006436,UNDER-CONSTRUCTION,16987900.0,,,,,,,,,,
2026-05-22,0006439,COMPLETED-CONSTRUCTION,46974584.79,,,,,,,,,,
2026-05-22,0006446,UNDER-CONSTRUCTION,46174017.15,,,,,,,,,,
2026-05-22,0006463,COMPLETED-CONSTRUCTION,2609800.31,,,,,,,,,,
2026-05-22,0006576,COMPLETED-CONSTRUCTION,1566036.0,,,,,,,,,,
2026-05-22,0006644,COMPLETED-CONSTRUCTION,625000.0,,,,,,,,,,
2026-05-22,0006658,COMPLETED-CONSTRUCTION,2946360.1100000003,,,,,,,,,,
2026-05-22,0006666,PRE-CONSTRUCTION,31448751.72,,,,,,,,,,
2026-05-22,0006670,PRE-CONSTRUCTION,1034551.08,,,,,,,,,,
2026-05-22,0006671,PRE-CONSTRUCTION,45238524.08,,,,,,,,,,
2026-05-22,0006672,PRE-CONSTRUCTION,66968449.879999995,,,,,,,,,,
2026-05-22,0006673,PRE-CONSTRUCTION,47771703.2,,,,,,,,,,
2026-05-22,0006684,COMPLETED-CONSTRUCTION,12851102.62,,,,,,,,,,
2026-05-22,0006689,PRE-CONSTRUCTION,9471344.16,,,,,,,,,,
2026-05-22,0006697,PRE-CONSTRUCTION,3211284.22,,,,,,,,,,
2026-05-22,0006700,UNDER-CONSTRUCTION,84580068.17,,,,,,,,,,
2026-05-22,0006811,PRE-CONSTRUCTION,1670000.0,,,,,,,,,,
2026-05-22,0006857,UNDER-CONSTRUCTION,43946835.7,,,,,,,,,,
2026-05-22,0006860,COMPLETED-CONSTRUCTION,9884668.22,,,,,,,,,,
2026-05-22,0006862,COMPLETED-CONSTRUCTION,64202012.35,,,,,,,,,,
2026-05-22,0006866,UNDER-CONSTRUCTION,42522193.77,,,,,,,,,,
2026-05-22,0006873,COMPLETED-CONSTRUCTION,3222029.49,,,,,,,,,,
2026-05-22,0006878,PRE-CONSTRUCTION,33258618.0,,,,,,,,,,
2026-05-22,0006883,PRE-CONSTRUCTION,20019837.89,,,,,,,,,,
2026-05-22,0006888,PRE-CONSTRUCTION,12225000.0,,,,,,,,,,
2026-05-22,0006894,PRE-CONSTRUCTION,20996596.54,,,,,,,,,,
2026-05-22,0006895,PRE-CONSTRUCTION,28444634.12,,,,,,,,,,
2026-05-22,0006896,PRE-CONSTRUCTION,14716273.02,,,,,,,,,,
2026-05-22,0006897,PRE-CONSTRUCTION,31792887.68,,,,,,,,,,
2026-05-22,0006900,COMPLETED-CONSTRUCTION,63041370.84,,,,,,,,,,
2026-05-22,0006901,COMPLETED-CONSTRUCTION,53805224.879999995,,,,,,,,,,
2026-05-22,0006903,PRE-CONSTRUCTION,16499000.0,,,,,,,,,,
2026-05-22,0006905,PRE-CONSTRUCTION,32406755.0,,,,,,,,,,
2026-05-22,0006915,PRE-CONSTRUCTION,90271104.13,,,,,,,,,,
2026-05-22,0006921,PRE-CONSTRUCTION,64110853.1,,,,,,,,,,
2026-05-22,0006922,PRE-CONSTRUCTION,97684133.5,,,,,,,,,,
2026-05-22,0006924,PRE-CONSTRUCTION,252690895.74,,,,,,,,,,
2026-05-22,0006930,PRE-CONSTRUCTION,86164135.56,,,,,,,,,,
2026-05-22,0006931,PRE-CONSTRUCTION,18088000.0,,,,,,,,,,
2026-05-22,0006932,COMPLETED-CONSTRUCTION,4298000.0,,,,,,,,,,
2026-05-22,0006934,UNDER-CONSTRUCTION,46402281.489999995,,,,,,,,,,
2026-05-22,0006935,UNDER-CONSTRUCTION,8571370.92,,,,,,,,,,
2026-05-22,0006937,PRE-CONSTRUCTION,105195421.25,,,,,,,,,,
2026-05-22,0006965,PRE-CONSTRUCTION,46528000.0,,,,,,,,,,
2026-05-22,0006966,PRE-CONSTRUCTION,38105000.0,,,,,,,,,,
2026-05-22,0006967,UNDER-CONSTRUCTION,7062106.13,,,,,,,,,,
2026-05-22,0006968,PRE-CONSTRUCTION,3284080.2,,,,,,,,,,
2026-05-22,0006969,PRE-CONSTRUCTION,12211000.0,,,,,,,,,,
2026-05-22,0006970,PRE-CONSTRUCTION,945000.0,,,,,,,,,,
2026-05-22,0006972,PRE-CONSTRUCTION,93752055.17,,,,,,,,,,
2026-05-22,0006987,PRE-CONSTRUCTION,325000.0,,,,,,,,,,
2026-05-22,0006988,PRE-CONSTRUCTION,317000.0,,,,,,,,,,
2026-05-22,0007019,PRE-CONSTRUCTION,72527461.53,,,,,,,,,,
2026-05-22,0007028,COMPLETED-CONSTRUCTION,6447588.43,,,,,,,,,,
2026-05-22,0007037,COMPLETED-CONSTRUCTION,26747567.549999997,,,,,,,,,,
2026-05-22,0007042,COMPLETED-CONSTRUCTION,7824480.99,,,,,,,,,,
2026-05-22,0007043,COMPLETED-CONSTRUCTION,7819265.95,,,,,,,,,,
2026-05-22,0007044,COMPLETED-CONSTRUCTION,5394158.72,,,,,,,,,,
2026-05-22,0007046,COMPLETED-CONSTRUCTION,4975192.0,,,,,,,,,,
2026-05-22,0007047,COMPLETED-CONSTRUCTION,5138047.32,,,,,,,,,,
2026-05-22,0007050,COMPLETED-CONSTRUCTION,20648358.529999997,,,,,,,,,,
2026-05-22,0007052,PRE-CONSTRUCTION,3339521.98,,,,,,,,,,
2026-05-22,0007053,PRE-CONSTRUCTION,3680567.69,,,,,,,,,,
2026-05-22,0007055,UNDER-CONSTRUCTION,5985629.42,,,,,,,,,,
2026-05-22,0007057,COMPLETED-CONSTRUCTION,3320304.77,,,,,,,,,,
2026-05-22,0007095,PRE-CONSTRUCTION,1649000.0,,,,,,,,,,
2026-05-22,0007128,UNDER-CONSTRUCTION,83605975.92,,,,,,,,,,
2026-05-22,0007153,COMPLETED-CONSTRUCTION,5900023.380000001,,,,,,,,,,
2026-05-22,0007154,COMPLETED-CONSTRUCTION,8832850.45,,,,,,,,,,
2026-05-22,0007157,COMPLETED-CONSTRUCTION,4276116.49,,,,,,,,,,
2026-05-22,0007170,COMPLETED-CONSTRUCTION,12282197.67,,,,,,,,,,
2026-05-22,0007174,COMPLETED-CONSTRUCTION,27320221.44,,,,,,,,,,
2026-05-22,0007176,COMPLETED-CONSTRUCTION,3634119.23,,,,,,,,,,
2026-05-22,0007177,COMPLETED-CONSTRUCTION,3697775.68,,,,,,,,,,
2026-05-22,0007179,COMPLETED-CONSTRUCTION,3382283.42,,,,,,,,,,
2026-05-22,0007219,PRE-CONSTRUCTION,710000.0,,,,,,,,,,
2026-05-22,0007233,PRE-CONSTRUCTION,119784201.26,,,,,,,,,,
2026-05-22,0007259,COMPLETED-CONSTRUCTION,35580687.400000006,,,,,,,,,,
2026-05-22,0007313,COMPLETED-CONSTRUCTION,10213288.89,,,,,,,,,,
2026-05-22,0007319,COMPLETED-CONSTRUCTION,24166009.51,,,,,,,,,,
2026-05-22,0007386,COMPLETED-CONSTRUCTION,49371369.27,,,,,,,,,,
2026-05-22,0007413,COMPLETED-CONSTRUCTION,19298977.53,,,,,,,,,,
2026-05-22,0007414,COMPLETED-CONSTRUCTION,55318454.260000005,,,,,,,,,,
2026-05-22,0007416,PRE-CONSTRUCTION,128890751.01,,,,,,,,,,
2026-05-22,0007480,PRE-CONSTRUCTION,11462650.0,,,,,,,,,,
2026-05-22,0007494,PRE-CONSTRUCTION,65426056.94,,,,,,,,,,
2026-05-22,0007516,PRE-CONSTRUCTION,25343395.75,,,,,,,,,,
2026-05-22,0007517,PRE-CONSTRUCTION,2775000.0,,,,,,,,,,
2026-05-22,0007518,PRE-CONSTRUCTION,33557218.519999996,,,,,,,,,,
2026-05-22,0007519,PRE-CONSTRUCTION,46968273.65,,,,,,,,,,
2026-05-22,0007520,PRE-CONSTRUCTION,28058386.93,,,,,,,,,,
2026-05-22,0007526,UNDER-CONSTRUCTION,82187296.03,,,,,,,,,,
2026-05-22,0007529,COMPLETED-CONSTRUCTION,4574254.57,,,,,,,,,,
2026-05-22,0007532,COMPLETED-CONSTRUCTION,5749679.699999999,,,,,,,,,,
2026-05-22,0007533,COMPLETED-CONSTRUCTION,3173923.71,,,,,,,,,,
2026-05-22,0007535,COMPLETED-CONSTRUCTION,19710868.74,,,,,,,,,,
2026-05-22,0007540,COMPLETED-CONSTRUCTION,1180795.06,,,,,,,,,,
2026-05-22,0007573,PRE-CONSTRUCTION,359960.0,,,,,,,,,,
2026-05-22,0007593,COMPLETED-CONSTRUCTION,487982.31,,,,,,,,,,
2026-05-22,0007597,PRE-CONSTRUCTION,220500.0,,,,,,,,,,
2026-05-22,0007613,COMPLETED-CONSTRUCTION,8452969.69,,,,,,,,,,
2026-05-22,0007618,COMPLETED-CONSTRUCTION,5904634.81,,,,,,,,,,
2026-05-22,0007631,COMPLETED-CONSTRUCTION,5612578.78,,,,,,,,,,
2026-05-22,0007633,COMPLETED-CONSTRUCTION,578734.0,,,,,,,,,,
2026-05-22,0007640,PRE-CONSTRUCTION,1498614.09,,,,,,,,,,
2026-05-22,0007663,PRE-CONSTRUCTION,134948318.4,,,,,,,,,,
2026-05-22,0007664,COMPLETED-CONSTRUCTION,6551897.86,,,,,,,,,,
2026-05-22,0007667,PRE-CONSTRUCTION,5463846.92,,,,,,,,,,
2026-05-22,0007680,PRE-CONSTRUCTION,7611000.0,,,,,,,,,,
2026-05-22,0007681,PRE-CONSTRUCTION,3644000.0,,,,,,,,,,
2026-05-22,0007691,COMPLETED-CONSTRUCTION,96106525.13,,,,,,,,,,
2026-05-22,0007692,PRE-CONSTRUCTION,88587143.64,,,,,,,,,,
2026-05-22,0007831,PRE-CONSTRUCTION,11608431.66,,,,,,,,,,
2026-05-22,0007832,PRE-CONSTRUCTION,42981938.44,,,,,,,,,,
2026-05-22,0007833,PRE-CONSTRUCTION,77056000.0,,,,,,,,,,
2026-05-22,0007834,PRE-CONSTRUCTION,11054330.42,,,,,,,,,,
2026-05-22,0007836,PRE-CONSTRUCTION,104420056.53,,,,,,,,,,
2026-05-22,0007837,PRE-CONSTRUCTION,45306375.78,,,,,,,,,,
2026-05-22,0007838,COMPLETED-CONSTRUCTION,91524442.29,,,,,,,,,,
2026-05-22,0007841,UNDER-CONSTRUCTION,118897077.33,,,,,,,,,,
2026-05-22,0007843,UNDER-CONSTRUCTION,47986802.44,,,,,,,,,,
2026-05-22,0007844,UNDER-CONSTRUCTION,66953970.93,,,,,,,,,,
2026-05-22,0007846,PRE-CONSTRUCTION,28765664.790000003,,,,,,,,,,
2026-05-22,0007848,PRE-CONSTRUCTION,18625879.01,,,,,,,,,,
2026-05-22,0007849,PRE-CONSTRUCTION,34927195.5,,,,,,,,,,
2026-05-22,0007850,PRE-CONSTRUCTION,14735723.43,,,,,,,,,,
2026-05-22,0007852,PRE-CONSTRUCTION,49707173.27,,,,,,,,,,
2026-05-22,0007853,PRE-CONSTRUCTION,69383113.22,,,,,,,,,,
2026-05-22,0007854,PRE-CONSTRUCTION,56798884.04,,,,,,,,,,
2026-05-22,0007855,PRE-CONSTRUCTION,235053577.35,,,,,,,,,,
2026-05-22,0007856,PRE-CONSTRUCTION,89524936.28999999,,,,,,,,,,
2026-05-22,0007857,PRE-CONSTRUCTION,37188483.0,,,,,,,,,,
2026-05-22,0007859,PRE-CONSTRUCTION,30833875.0,,,,,,,,,,
2026-05-22,0007860,PRE-CONSTRUCTION,31082000.0,,,,,,,,,,
2026-05-22,0007861,PRE-CONSTRUCTION,15970000.0,,,,,,,,,,
2026-05-22,0007862,PRE-CONSTRUCTION,102650680.72,,,,,,,,,,
2026-05-22,0007863,PRE-CONSTRUCTION,18623864.16,,,,,,,,,,
2026-05-22,0007864,PRE-CONSTRUCTION,120369380.0,,,,,,,,,,
2026-05-22,0007866,PRE-CONSTRUCTION,105713863.44,,,,,,,,,,
2026-05-22,0007867,PRE-CONSTRUCTION,56313847.370000005,,,,,,,,,,
2026-05-22,0007869,PRE-CONSTRUCTION,99558644.47,,,,,,,,,,
2026-05-22,0007870,PRE-CONSTRUCTION,81034804.64,,,,,,,,,,
2026-05-22,0007871,PRE-CONSTRUCTION,38667196.0,,,,,,,,,,
2026-05-22,0007875,PRE-CONSTRUCTION,84733115.25,,,,,,,,,,
2026-05-22,0007879,PRE-CONSTRUCTION,338877192.14,,,,,,,,,,
2026-05-22,0007880,PRE-CONSTRUCTION,36429066.25,,,,,,,,,,
2026-05-22,0007881,PRE-CONSTRUCTION,196058281.87,,,,,,,,,,
2026-05-22,0007891,PRE-CONSTRUCTION,46505565.2,,,,,,,,,,
2026-05-22,0007893,PRE-CONSTRUCTION,78123334.48,,,,,,,,,,
2026-05-22,0007894,PRE-CONSTRUCTION,57682844.0,,,,,,,,,,
2026-05-22,0007895,PRE-CONSTRUCTION,41245759.96,,,,,,,,,,
2026-05-22,0007896,PRE-CONSTRUCTION,56602178.24,,,,,,,,,,
2026-05-22,0007897,PRE-CONSTRUCTION,119293502.24,,,,,,,,,,
2026-05-22,0007898,PRE-CONSTRUCTION,130548380.24,,,,,,,,,,
2026-05-22,0007899,PRE-CONSTRUCTION,71593743.6,,,,,,,,,,
2026-05-22,0007904,PRE-CONSTRUCTION,12249025.0,,,,,,,,,,
2026-05-22,0007910,PRE-CONSTRUCTION,150000.0,,,,,,,,,,
2026-05-22,0007930,PRE-CONSTRUCTION,71877011.52,,,,,,,,,,
2026-05-22,0007931,PRE-CONSTRUCTION,50788128.84,,,,,,,,,,
2026-05-22,0007932,PRE-CONSTRUCTION,33475145.380000003,,,,,,,,,,
2026-05-22,0007933,PRE-CONSTRUCTION,77254584.80000001,,,,,,,,,,
2026-05-22,0007934,PRE-CONSTRUCTION,77798344.07000001,,,,,,,,,,
2026-05-22,0007935,PRE-CONSTRUCTION,30801698.119999997,,,,,,,,,,
2026-05-22,0007937,PRE-CONSTRUCTION,40853697.61,,,,,,,,,,
2026-05-22,0007938,PRE-CONSTRUCTION,16326156.76,,,,,,,,,,
2026-05-22,0007942,PRE-CONSTRUCTION,500000.0,,,,,,,,,,
2026-05-22,0007944,PRE-CONSTRUCTION,6525000.0,,,,,,,,,,
2026-05-22,0007949,COMPLETED-CONSTRUCTION,2935364.33,,,,,,,,,,
2026-05-22,0007952,PRE-CONSTRUCTION,2916718.75,,,,,,,,,,
2026-05-22,0008006,PRE-CONSTRUCTION,96210102.22,,,,,,,,,,
2026-05-22,0008007,PRE-CONSTRUCTION,110462241.48,,,,,,,,,,
2026-05-22,0008008,PRE-CONSTRUCTION,20541350.0,,,,,,,,,,
2026-05-22,0008009,PRE-CONSTRUCTION,22993967.64,,,,,,,,,,
2026-05-22,0008010,PRE-CONSTRUCTION,12507915.36,,,,,,,,,,
2026-05-22,0008011,PRE-CONSTRUCTION,6098387.6,,,,,,,,,,
2026-05-22,0008012,PRE-CONSTRUCTION,3805250.0,,,,,,,,,,
2026-05-22,0008013,PRE-CONSTRUCTION,19514113.16,,,,,,,,,,
2026-05-22,0008014,PRE-CONSTRUCTION,21665840.0,,,,,,,,,,
2026-05-22,0008015,PRE-CONSTRUCTION,63330919.44,,,,,,,,,,
2026-05-22,0008016,UNDER-CONSTRUCTION,25815177.07,,,,,,,,,,
2026-05-22,0008017,PRE-CONSTRUCTION,123411264.12,,,,,,,,,,
2026-05-22,0008019,PRE-CONSTRUCTION,50185068.58,,,,,,,,,,
2026-05-22,0008020,PRE-CONSTRUCTION,78094838.08,,,,,,,,,,
2026-05-22,0008021,PRE-CONSTRUCTION,9856600.0,,,,,,,,,,
2026-05-22,0008022,PRE-CONSTRUCTION,94779594.01,,,,,,,,,,
2026-05-22,0008023,PRE-CONSTRUCTION,10251360.0,,,,,,,,,,
2026-05-22,0008024,PRE-CONSTRUCTION,18700353.1,,,,,,,,,,
2026-05-22,0008025,PRE-CONSTRUCTION,49983129.4,,,,,,,,,,
2026-05-22,0008026,PRE-CONSTRUCTION,21194640.0,,,,,,,,,,
2026-05-22,0008027,PRE-CONSTRUCTION,37175546.84,,,,,,,,,,
2026-05-22,0008028,PRE-CONSTRUCTION,9574757.0,,,,,,,,,,
2026-05-22,0008029,PRE-CONSTRUCTION,47559869.88,,,,,,,,,,
2026-05-22,0008030,PRE-CONSTRUCTION,9250000.0,,,,,,,,,,
2026-05-22,0008031,PRE-CONSTRUCTION,13320000.0,,,,,,,,,,
2026-05-22,0008032,PRE-CONSTRUCTION,44106539.33,,,,,,,,,,
2026-05-22,0008038,PRE-CONSTRUCTION,73594725.7,,,,,,,,,,
2026-05-22,0008039,PRE-CONSTRUCTION,118353503.68,,,,,,,,,,
2026-05-22,0008043,COMPLETED-CONSTRUCTION,1853729.35,,,,,,,,,,
2026-05-22,0008121,COMPLETED-CONSTRUCTION,4113959.13,,,,,,,,,,
2026-05-22,0008280,PRE-CONSTRUCTION,361000.0,,,,,,,,,,
2026-05-22,0008288,COMPLETED-CONSTRUCTION,2721218.91,,,,,,,,,,
2026-05-22,0008289,COMPLETED-CONSTRUCTION,9935904.97,,,,,,,,,,
2026-05-22,0008290,PRE-CONSTRUCTION,2553881.5300000003,,,,,,,,,,
2026-05-22,0008291,PRE-CONSTRUCTION,1570000.0,,,,,,,,,,
2026-05-22,0008314,COMPLETED-CONSTRUCTION,24200264.57,,,,,,,,,,
2026-05-22,0008336,PRE-CONSTRUCTION,7644631.359999999,,,,,,,,,,
2026-05-22,0008337,PRE-CONSTRUCTION,19183912.8,,,,,,,,,,
2026-05-22,0008338,PRE-CONSTRUCTION,38200000.0,,,,,,,,,,
2026-05-22,0008345,PRE-CONSTRUCTION,66168851.349999994,,,,,,,,,,
2026-05-22,0008346,UNDER-CONSTRUCTION,53620984.0,,,,,,,,,,
2026-05-22,0008348,PRE-CONSTRUCTION,39350000.0,,,,,,,,,,
2026-05-22,0008349,PRE-CONSTRUCTION,45205917.96,,,,,,,,,,
2026-05-22,0008350,UNDER-CONSTRUCTION,41205690.0,,,,,,,,,,
2026-05-22,0008351,UNDER-CONSTRUCTION,27671889.96,,,,,,,,,,
2026-05-22,0008353,PRE-CONSTRUCTION,28452366.48,,,,,,,,,,
2026-05-22,0008354,PRE-CONSTRUCTION,52479115.120000005,,,,,,,,,,
2026-05-22,0008356,PRE-CONSTRUCTION,55677467.18,,,,,,,,,,
2026-05-22,0008357,UNDER-CONSTRUCTION,84946600.19999999,,,,,,,,,,
2026-05-22,0008358,PRE-CONSTRUCTION,101675003.92,,,,,,,,,,
2026-05-22,0008359,PRE-CONSTRUCTION,22538086.76,,,,,,,,,,
2026-05-22,0008376,PRE-CONSTRUCTION,14146000.0,,,,,,,,,,
2026-05-22,0008378,PRE-CONSTRUCTION,23147604.53,,,,,,,,,,
2026-05-22,0008382,COMPLETED-CONSTRUCTION,10814592.42,,,,,,,,,,
2026-05-22,0008383,PRE-CONSTRUCTION,2539000.0,,,,,,,,,,
2026-05-22,0008384,UNDER-CONSTRUCTION,5660367.47,,,,,,,,,,
2026-05-22,0008385,PRE-CONSTRUCTION,3134000.0,,,,,,,,,,
2026-05-22,0008386,PRE-CONSTRUCTION,1478000.0,,,,,,,,,,
2026-05-22,0008387,PRE-CONSTRUCTION,56791431.36,,,,,,,,,,
2026-05-22,0008390,PRE-CONSTRUCTION,10007452.6,,,,,,,,,,
2026-05-22,0008423,PRE-CONSTRUCTION,606432.5,,,,,,,,,,
2026-05-22,0008429,COMPLETED-CONSTRUCTION,44614183.26,,,,,,,,,,
2026-05-22,0008430,COMPLETED-CONSTRUCTION,44578246.75,,,,,,,,,,
2026-05-22,0008431,COMPLETED-CONSTRUCTION,31125200.25,,,,,,,,,,
2026-05-22,0008433,PRE-CONSTRUCTION,56516800.0,,,,,,,,,,
2026-05-22,0008434,PRE-CONSTRUCTION,38742000.0,,,,,,,,,,
2026-05-22,0008440,PRE-CONSTRUCTION,1446000.0,,,,,,,,,,
2026-05-22,0008441,PRE-CONSTRUCTION,768000.0,,,,,,,,,,
2026-05-22,0008445,PRE-CONSTRUCTION,70000000.0,,,,,,,,,,
2026-05-22,0008458,PRE-CONSTRUCTION,55472640.0,,,,,,,,,,
2026-05-22,0008477,PRE-CONSTRUCTION,15050000.0,,,,,,,,,,
2026-05-22,0008483,PRE-CONSTRUCTION,16659825.0,,,,,,,,,,
2026-05-22,0008517,PRE-CONSTRUCTION,12050102.0,,,,,,,,,,
2026-05-22,0008520,PRE-CONSTRUCTION,3800000.0,,,,,,,,,,
2026-05-22,0008521,PRE-CONSTRUCTION,3995000.0,,,,,,,,,,
2026-05-22,0008542,COMPLETED-CONSTRUCTION,3948879.05,,,,,,,,,,
2026-05-22,0008583,PRE-CONSTRUCTION,67108000.0,,,,,,,,,,
2026-05-22,0008598,COMPLETED-CONSTRUCTION,5659099.9,,,,,,,,,,
2026-05-22,0008600,COMPLETED-CONSTRUCTION,3307786.1199999996,,,,,,,,,,
2026-05-22,0008601,PRE-CONSTRUCTION,18507266.46,,,,,,,,,,
2026-05-22,0008604,PRE-CONSTRUCTION,7964411.0,,,,,,,,,,
2026-05-22,0008613,COMPLETED-CONSTRUCTION,9105272.63,,,,,,,,,,
2026-05-22,0008614,COMPLETED-CONSTRUCTION,825956.73,,,,,,,,,,
2026-05-22,0008619,PRE-CONSTRUCTION,69520000.0,,,,,,,,,,
2026-05-22,0008647,COMPLETED-CONSTRUCTION,1805259.8,,,,,,,,,,
2026-05-22,0008666,PRE-CONSTRUCTION,75590158.98,,,,,,,,,,
2026-05-22,0008668,PRE-CONSTRUCTION,8476000.0,,,,,,,,,,
2026-05-22,0008669,PRE-CONSTRUCTION,43822000.0,,,,,,,,,,
2026-05-22,0008670,PRE-CONSTRUCTION,10878000.0,,,,,,,,,,
2026-05-22,0008671,PRE-CONSTRUCTION,14192000.0,,,,,,,,,,
2026-05-22,0008672,PRE-CONSTRUCTION,8153000.0,,,,,,,,,,
2026-05-22,0008673,PRE-CONSTRUCTION,7663000.0,,,,,,,,,,
2026-05-22,0008674,PRE-CONSTRUCTION,49737000.0,,,,,,,,,,
2026-05-22,0008675,PRE-CONSTRUCTION,23855000.0,,,,,,,,,,
2026-05-22,0008676,PRE-CONSTRUCTION,14200000.0,,,,,,,,,,
2026-05-22,0008677,PRE-CONSTRUCTION,18456000.0,,,,,,,,,,
2026-05-22,0008678,PRE-CONSTRUCTION,17066000.0,,,,,,,,,,
2026-05-22,0008679,PRE-CONSTRUCTION,14796000.0,,,,,,,,,,
2026-05-22,0008680,COMPLETED-CONSTRUCTION,5583986.710000001,,,,,,,,,,
2026-05-22,0008682,PRE-CONSTRUCTION,9721000.0,,,,,,,,,,
2026-05-22,0008688,UNKNOWN,65848.94,,,,,,,,,,
2026-05-22,0008704,PRE-CONSTRUCTION,6400000.0,,,,,,,,,,
2026-05-22,0008705,PRE-CONSTRUCTION,6400000.0,,,,,,,,,,
2026-05-22,0008706,PRE-CONSTRUCTION,1000000.0,,,,,,,,,,
2026-05-22,0008708,PRE-CONSTRUCTION,1250000.0,,,,,,,,,,
2026-05-22,0008709,PRE-CONSTRUCTION,6000000.0,,,,,,,,,,
2026-05-22,0008710,PRE-CONSTRUCTION,6000000.0,,,,,,,,,,
2026-05-22,0008743,UNDER-CONSTRUCTION,68897.64,,,,,,,,,,
2026-05-22,0008759,COMPLETED-CONSTRUCTION,3520520.23,,,,,,,,,,
2026-05-22,0008766,PRE-CONSTRUCTION,1875000.0,,,,,,,,,,
2026-05-22,0008930,UNDER-CONSTRUCTION,17714.64,,,,,,,,,,
2026-05-22,0008942,PRE-CONSTRUCTION,1550000.0,,,,,,,,,,
2026-05-22,0008943,PRE-CONSTRUCTION,300000.0,,,,,,,,,,
2026-05-22,0008944,PRE-CONSTRUCTION,165000.0,,,,,,,,,,
2026-05-22,0008945,PRE-CONSTRUCTION,275000.0,,,,,,,,,,
2026-05-22,0008956,UNDER-CONSTRUCTION,46702.15,,,,,,,,,,
2026-05-22,0008986,COMPLETED-CONSTRUCTION,750000.0,,,,,,,,,,
2026-05-22,0009011,COMPLETED-CONSTRUCTION,17272271.12,,,,,,,,,,
2026-05-22,0009012,PRE-CONSTRUCTION,8729500.82,,,,,,,,,,
2026-05-22,0009029,COMPLETED-CONSTRUCTION,3967000.0,,,,,,,,,,
2026-05-22,0009036,UNDER-CONSTRUCTION,2073000.0,,,,,,,,,,
2026-05-22,0009045,COMPLETED-CONSTRUCTION,838153.0,,,,,,,,,,
2026-05-22,0009060,COMPLETED-CONSTRUCTION,1063040.0,,,,,,,,,,
2026-05-22,0009062,COMPLETED-CONSTRUCTION,483750.0,,,,,,,,,,
2026-05-22,0009089,COMPLETED-CONSTRUCTION,856200.0,,,,,,,,,,
2026-05-22,0009164,COMPLETED-CONSTRUCTION,76172000.72999999,,,,,,,,,,
2026-05-22,0009293,PRE-CONSTRUCTION,3343000.0,,,,,,,,,,
2026-05-22,0009294,COMPLETED-CONSTRUCTION,853088.29,,,,,,,,,,
2026-05-22,0009315,PRE-CONSTRUCTION,2251890.83,,,,,,,,,,
2026-05-22,0009316,COMPLETED-CONSTRUCTION,48862227.11,,,,,,,,,,
2026-05-22,0009323,COMPLETED-CONSTRUCTION,49937810.44,,,,,,,,,,
2026-05-22,0009378,PRE-CONSTRUCTION,2465000.0,,,,,,,,,,
2026-05-22,0009395,PRE-CONSTRUCTION,114604718.98,,,,,,,,,,
2026-05-22,0009397,UNDER-CONSTRUCTION,86478046.62,,,,,,,,,,
2026-05-22,0009398,PRE-CONSTRUCTION,49756268.0,,,,,,,,,,
2026-05-22,0009400,UNDER-CONSTRUCTION,51099115.400000006,,,,,,,,,,
2026-05-22,0009643,PRE-CONSTRUCTION,562437.68,,,,,,,,,,
2026-05-22,0009679,COMPLETED-CONSTRUCTION,60020053.92,,,,,,,,,,
2026-05-22,0009681,PRE-CONSTRUCTION,500000.0,,,,,,,,,,
2026-05-22,0009825,UNDER-CONSTRUCTION,7408845.0,,,,,,,,,,
2026-05-22,0009831,PRE-CONSTRUCTION,4400000.0,,,,,,,,,,
2026-05-22,0009835,COMPLETED-CONSTRUCTION,5182609.8,,,,,,,,,,
2026-05-22,0009836,UNDER-CONSTRUCTION,8708803.92,,,,,,,,,,
2026-05-22,0009855,COMPLETED-CONSTRUCTION,3867474.81,,,,,,,,,,
2026-05-22,0009860,COMPLETED-CONSTRUCTION,10176938.03,,,,,,,,,,
2026-05-22,0009861,COMPLETED-CONSTRUCTION,23039132.32,,,,,,,,,,
2026-05-22,0009862,COMPLETED-CONSTRUCTION,10876862.92,,,,,,,,,,
2026-05-22,0009864,COMPLETED-CONSTRUCTION,10559604.08,,,,,,,,,,
2026-05-22,0009872,COMPLETED-CONSTRUCTION,3000737.5599999996,,,,,,,,,,
2026-05-22,0009874,COMPLETED-CONSTRUCTION,3990590.34,,,,,,,,,,
2026-05-22,0009880,COMPLETED-CONSTRUCTION,4123519.84,,,,,,,,,,
2026-05-22,0009901,COMPLETED-CONSTRUCTION,6284289.61,,,,,,,,,,
2026-05-22,0009916,COMPLETED-CONSTRUCTION,3579721.35,,,,,,,,,,
2026-05-22,0009919,COMPLETED-CONSTRUCTION,6362925.29,,,,,,,,,,
2026-05-22,0009928,UNDER-CONSTRUCTION,5309211.18,,,,,,,,,,
2026-05-22,0009931,COMPLETED-CONSTRUCTION,8640918.42,,,,,,,,,,
2026-05-22,0009948,COMPLETED-CONSTRUCTION,3445388.39,,,,,,,,,,
2026-05-22,0009949,COMPLETED-CONSTRUCTION,4933731.67,,,,,,,,,,
2026-05-22,0009950,COMPLETED-CONSTRUCTION,6786487.5,,,,,,,,,,
2026-05-22,0009953,COMPLETED-CONSTRUCTION,4716777.28,,,,,,,,,,
2026-05-22,0009960,COMPLETED-CONSTRUCTION,3574680.15,,,,,,,,,,
2026-05-22,0009966,UNDER-CONSTRUCTION,3569671.91,,,,,,,,,,
2026-05-22,0009967,COMPLETED-CONSTRUCTION,4415267.13,,,,,,,,,,
2026-05-22,0009971,COMPLETED-CONSTRUCTION,4887547.35,,,,,,,,,,
2026-05-22,0009972,COMPLETED-CONSTRUCTION,3744115.37,,,,,,,,,,
2026-05-22,0009975,UNDER-CONSTRUCTION,16620914.55,,,,,,,,,,
2026-05-22,0009988,COMPLETED-CONSTRUCTION,6269134.01,,,,,,,,,,
2026-05-22,0009989,COMPLETED-CONSTRUCTION,5608733.029999999,,,,,,,,,,
2026-05-22,0009990,COMPLETED-CONSTRUCTION,6861724.0,,,,,,,,,,
2026-05-22,0010009,COMPLETED-CONSTRUCTION,7305714.04,,,,,,,,,,
2026-05-22,0010010,UNDER-CONSTRUCTION,2429880.0,,,,,,,,,,
2026-05-22,0010028,UNDER-CONSTRUCTION,9804110.53,,,,,,,,,,
2026-05-22,0010038,UNDER-CONSTRUCTION,0.0,,,,,,,,,,
2026-05-22,0010041,UNKNOWN,90201.86,,,,,,,,,,
2026-05-22,0010121,COMPLETED-CONSTRUCTION,2385717.8600000003,,,,,,,,,,
2026-05-22,0010176,PRE-CONSTRUCTION,3781400.0,,,,,,,,,,
2026-05-22,0010186,PRE-CONSTRUCTION,4290000.0,,,,,,,,,,
2026-05-22,0010195,COMPLETED-CONSTRUCTION,20959074.229999997,,,,,,,,,,
2026-05-22,0010211,COMPLETED-CONSTRUCTION,12422471.44,,,,,,,,,,
2026-05-22,0010212,COMPLETED-CONSTRUCTION,25417203.72,,,,,,,,,,
2026-05-22,0010213,COMPLETED-CONSTRUCTION,1315000.0,,,,,,,,,,
2026-05-22,0010236,PRE-CONSTRUCTION,14869472.78,,,,,,,,,,
2026-05-22,0010288,PRE-CONSTRUCTION,2500000.0,,,,,,,,,,
2026-05-22,0010295,PRE-CONSTRUCTION,47506000.010000005,,,,,,,,,,
2026-05-22,0010296,PRE-CONSTRUCTION,6351073.0,,,,,,,,,,
2026-05-22,0010297,COMPLETED-CONSTRUCTION,53291508.92,,,,,,,,,,
2026-05-22,0010317,PRE-CONSTRUCTION,5792038.24,,,,,,,,,,
2026-05-22,0010318,PRE-CONSTRUCTION,25107068.74,,,,,,,,,,
2026-05-22,0010319,PRE-CONSTRUCTION,22920049.86,,,,,,,,,,
2026-05-22,0010323,COMPLETED-CONSTRUCTION,5204963.6899999995,,,,,,,,,,
2026-05-22,0010331,COMPLETED-CONSTRUCTION,2698404.1,,,,,,,,,,
2026-05-22,0010332,COMPLETED-CONSTRUCTION,2356630.58,,,,,,,,,,
2026-05-22,0010333,COMPLETED-CONSTRUCTION,6210024.0,,,,,,,,,,
2026-05-22,0010334,COMPLETED-CONSTRUCTION,1895908.65,,,,,,,,,,
2026-05-22,0010336,COMPLETED-CONSTRUCTION,550000.0,,,,,,,,,,
2026-05-22,0010348,PRE-CONSTRUCTION,32582050.0,,,,,,,,,,
2026-05-22,0010385,COMPLETED-CONSTRUCTION,6936649.109999999,,,,,,,,,,
2026-05-22,0010409,COMPLETED-CONSTRUCTION,3350068.31,,,,,,,,,,
2026-05-22,0010410,COMPLETED-CONSTRUCTION,7157694.81,,,,,,,,,,
2026-05-22,0010419,COMPLETED-CONSTRUCTION,6988807.68,,,,,,,,,,
2026-05-22,0010428,COMPLETED-CONSTRUCTION,4859819.21,,,,,,,,,,
2026-05-22,0010441,PRE-CONSTRUCTION,34899163.0,,,,,,,,,,
2026-05-22,0010554,COMPLETED-CONSTRUCTION,26953205.68,,,,,,,,,,
2026-05-22,0010555,UNDER-CONSTRUCTION,81059118.33,,,,,,,,,,
2026-05-22,0010571,COMPLETED-CONSTRUCTION,25320998.29,,,,,,,,,,
2026-05-22,0010574,COMPLETED-CONSTRUCTION,187500.0,,,,,,,,,,
2026-05-22,0010588,COMPLETED-CONSTRUCTION,575400.0,,,,,,,,,,
2026-05-22,0010593,COMPLETED-CONSTRUCTION,312500.0,,,,,,,,,,
2026-05-22,0010598,COMPLETED-CONSTRUCTION,500000.0,,,,,,,,,,
2026-05-22,0010601,UNDER-CONSTRUCTION,437512.0,,,,,,,,,,
2026-05-22,0010604,COMPLETED-CONSTRUCTION,375000.0,,,,,,,,,,
2026-05-22,0010606,COMPLETED-CONSTRUCTION,370158.1,,,,,,,,,,
2026-05-22,0010611,COMPLETED-CONSTRUCTION,311467.55,,,,,,,,,,
2026-05-22,0010613,COMPLETED-CONSTRUCTION,498893.12,,,,,,,,,,
2026-05-22,0010615,COMPLETED-CONSTRUCTION,640591.25,,,,,,,,,,
2026-05-22,0010620,COMPLETED-CONSTRUCTION,3137279.0,,,,,,,,,,
2026-05-22,0010621,COMPLETED-CONSTRUCTION,500000.0,,,,,,,,,,
2026-05-22,0010624,COMPLETED-CONSTRUCTION,650000.0,,,,,,,,,,
2026-05-22,0010633,COMPLETED-CONSTRUCTION,787046.0,,,,,,,,,,
2026-05-22,0010636,COMPLETED-CONSTRUCTION,625000.0,,,,,,,,,,
2026-05-22,0010638,COMPLETED-CONSTRUCTION,812816.69,,,,,,,,,,
2026-05-22,0010639,COMPLETED-CONSTRUCTION,702998.75,,,,,,,,,,
2026-05-22,0010643,COMPLETED-CONSTRUCTION,687500.0,,,,,,,,,,
2026-05-22,0010648,COMPLETED-CONSTRUCTION,868766.71,,,,,,,,,,
2026-05-22,0010649,COMPLETED-CONSTRUCTION,686315.9,,,,,,,,,,
2026-05-22,0010669,COMPLETED-CONSTRUCTION,437500.0,,,,,,,,,,
2026-05-22,0010671,COMPLETED-CONSTRUCTION,814000.0,,,,,,,,,,
2026-05-22,0010673,COMPLETED-CONSTRUCTION,334900.0,,,,,,,,,,
2026-05-22,0010676,COMPLETED-CONSTRUCTION,626777.0,,,,,,,,,,
2026-05-22,0010677,COMPLETED-CONSTRUCTION,468750.0,,,,,,,,,,
2026-05-22,0010678,COMPLETED-CONSTRUCTION,429759.83,,,,,,,,,,
2026-05-22,0010679,COMPLETED-CONSTRUCTION,668700.0,,,,,,,,,,
2026-05-22,0010688,COMPLETED-CONSTRUCTION,230980.85,,,,,,,,,,
2026-05-22,0010692,COMPLETED-CONSTRUCTION,336544.03,,,,,,,,,,
2026-05-22,0010698,COMPLETED-CONSTRUCTION,281250.0,,,,,,,,,,
2026-05-22,0010702,COMPLETED-CONSTRUCTION,606858.76,,,,,,,,,,
2026-05-22,0010705,COMPLETED-CONSTRUCTION,500000.0,,,,,,,,,,
2026-05-22,0010706,COMPLETED-CONSTRUCTION,662650.48,,,,,,,,,,
2026-05-22,0010711,COMPLETED-CONSTRUCTION,1099999.99,,,,,,,,,,
2026-05-22,0010712,COMPLETED-CONSTRUCTION,1263845.0,,,,,,,,,,
2026-05-22,0010715,COMPLETED-CONSTRUCTION,477566.83,,,,,,,,,,
2026-05-22,0010716,COMPLETED-CONSTRUCTION,1156907.32,,,,,,,,,,
2026-05-22,0010719,COMPLETED-CONSTRUCTION,602408.7,,,,,,,,,,
2026-05-22,0010721,COMPLETED-CONSTRUCTION,2724673.75,,,,,,,,,,
2026-05-22,0010724,COMPLETED-CONSTRUCTION,1228000.0,,,,,,,,,,
2026-05-22,0010725,COMPLETED-CONSTRUCTION,875390.0,,,,,,,,,,
2026-05-22,0010731,COMPLETED-CONSTRUCTION,666231.78,,,,,,,,,,
2026-05-22,0010739,COMPLETED-CONSTRUCTION,10464990.96,,,,,,,,,,
2026-05-22,0010768,COMPLETED-CONSTRUCTION,7244974.38,,,,,,,,,,
2026-05-22,0010778,PRE-CONSTRUCTION,10000.0,,,,,,,,,,
2026-05-22,0010814,PRE-CONSTRUCTION,66431500.0,,,,,,,,,,
2026-05-22,0010844,COMPLETED-CONSTRUCTION,13330557.72,,,,,,,,,,
2026-05-22,0010880,COMPLETED-CONSTRUCTION,1271842.85,,,,,,,,,,
2026-05-22,0010926,COMPLETED-CONSTRUCTION,5213818.58,,,,,,,,,,
2026-05-22,0010943,COMPLETED-CONSTRUCTION,1282597.31,,,,,,,,,,
2026-05-22,0011372,COMPLETED-CONSTRUCTION,10195087.19,,,,,,,,,,
2026-05-22,0011373,COMPLETED-CONSTRUCTION,12772571.19,,,,,,,,,,
2026-05-22,0011377,COMPLETED-CONSTRUCTION,6090000.0,,,,,,,,,,
2026-05-22,0011378,COMPLETED-CONSTRUCTION,3429450.0,,,,,,,,,,
2026-05-22,0011379,PRE-CONSTRUCTION,7550000.0,,,,,,,,,,
2026-05-22,0011381,COMPLETED-CONSTRUCTION,3693361.0,,,,,,,,,,
2026-05-22,0011382,UNDER-CONSTRUCTION,39312938.79,,,,,,,,,,
2026-05-22,0011384,COMPLETED-CONSTRUCTION,1320929.0,,,,,,,,,,
2026-05-22,0011386,COMPLETED-CONSTRUCTION,8340739.77,,,,,,,,,,
2026-05-22,0011389,PRE-CONSTRUCTION,10330736.0,,,,,,,,,,
2026-05-22,0011390,PRE-CONSTRUCTION,1598109.0,,,,,,,,,,
2026-05-22,0011392,COMPLETED-CONSTRUCTION,5233243.86,,,,,,,,,,
2026-05-22,0011394,COMPLETED-CONSTRUCTION,7818646.88,,,,,,,,,,
2026-05-22,0011396,COMPLETED-CONSTRUCTION,3832757.0,,,,,,,,,,
2026-05-22,0011400,COMPLETED-CONSTRUCTION,1455760.34,,,,,,,,,,
2026-05-22,0011402,COMPLETED-CONSTRUCTION,624749.83,,,,,,,,,,
2026-05-22,0011406,COMPLETED-CONSTRUCTION,4604560.640000001,,,,,,,,,,
2026-05-22,0011407,COMPLETED-CONSTRUCTION,2963884.89,,,,,,,,,,
2026-05-22,0011408,COMPLETED-CONSTRUCTION,7456861.0,,,,,,,,,,
2026-05-22,0011409,UNDER-CONSTRUCTION,19683219.0,,,,,,,,,,
2026-05-22,0011413,COMPLETED-CONSTRUCTION,19508319.9,,,,,,,,,,
2026-05-22,0011415,UNDER-CONSTRUCTION,5418150.0,,,,,,,,,,
2026-05-22,0011416,PRE-CONSTRUCTION,548856.0,,,,,,,,,,
2026-05-22,0011417,COMPLETED-CONSTRUCTION,1122404.21,,,,,,,,,,
2026-05-22,0011418,COMPLETED-CONSTRUCTION,10149610.0,,,,,,,,,,
2026-05-22,0011419,COMPLETED-CONSTRUCTION,6193980.0,,,,,,,,,,
2026-05-22,0011420,COMPLETED-CONSTRUCTION,3498687.5,,,,,,,,,,
2026-05-22,0011421,UNDER-CONSTRUCTION,7143938.0,,,,,,,,,,
2026-05-22,0011424,UNDER-CONSTRUCTION,5560855.0,,,,,,,,,,
2026-05-22,0011429,COMPLETED-CONSTRUCTION,3149654.92,,,,,,,,,,
2026-05-22,0011430,COMPLETED-CONSTRUCTION,4876433.59,,,,,,,,,,
2026-05-22,0011431,COMPLETED-CONSTRUCTION,6011251.38,,,,,,,,,,
2026-05-22,0011432,UNDER-CONSTRUCTION,191874.0,,,,,,,,,,
2026-05-22,0011433,COMPLETED-CONSTRUCTION,10002605.18,,,,,,,,,,
2026-05-22,0011434,UNDER-CONSTRUCTION,58269412.0,,,,,,,,,,
2026-05-22,0011435,PRE-CONSTRUCTION,22400000.0,,,,,,,,,,
2026-05-22,0011436,UNDER-CONSTRUCTION,47000000.0,,,,,,,,,,
2026-05-22,0011439,COMPLETED-CONSTRUCTION,10136488.59,,,,,,,,,,
2026-05-22,0011443,COMPLETED-CONSTRUCTION,4641217.51,,,,,,,,,,
2026-05-22,0011580,COMPLETED-CONSTRUCTION,891454.0,,,,,,,,,,
2026-05-22,0011584,COMPLETED-CONSTRUCTION,10986.0,,,,,,,,,,
2026-05-22,0011600,COMPLETED-CONSTRUCTION,13968.0,,,,,,,,,,
2026-05-22,0011611,COMPLETED-CONSTRUCTION,31293.0,,,,,,,,,,
2026-05-22,0011612,COMPLETED-CONSTRUCTION,30857.0,,,,,,,,,,
2026-05-22,0011613,COMPLETED-CONSTRUCTION,19659.0,,,,,,,,,,
2026-05-22,0011614,COMPLETED-CONSTRUCTION,56368.0,,,,,,,,,,
2026-05-22,0011615,COMPLETED-CONSTRUCTION,27195.0,,,,,,,,,,
2026-05-22,0011616,COMPLETED-CONSTRUCTION,66754.0,,,,,,,,,,
2026-05-22,0011617,COMPLETED-CONSTRUCTION,54600.0,,,,,,,,,,
2026-05-22,0011618,COMPLETED-CONSTRUCTION,62499.0,,,,,,,,,,
2026-05-22,0011619,COMPLETED-CONSTRUCTION,12297.0,,,,,,,,,,
2026-05-22,0011620,COMPLETED-CONSTRUCTION,12398.75,,,,,,,,,,
2026-05-22,0011621,COMPLETED-CONSTRUCTION,11689.0,,,,,,,,,,
2026-05-22,0011622,COMPLETED-CONSTRUCTION,21149.5,,,,,,,,,,
2026-05-22,0011623,COMPLETED-CONSTRUCTION,19245.2,,,,,,,,,,
2026-05-22,0011624,COMPLETED-CONSTRUCTION,49000.0,,,,,,,,,,
2026-05-22,0011625,COMPLETED-CONSTRUCTION,17652.5,,,,,,,,,,
2026-05-22,0011626,COMPLETED-CONSTRUCTION,11282.6,,,,,,,,,,
2026-05-22,0011627,COMPLETED-CONSTRUCTION,37288.2,,,,,,,,,,
2026-05-22,0011630,UNDER-CONSTRUCTION,31489.5,,,,,,,,,,
2026-05-22,0011633,COMPLETED-CONSTRUCTION,233692.0,,,,,,,,,,
2026-05-22,0011635,COMPLETED-CONSTRUCTION,52781.7,,,,,,,,,,
2026-05-22,0011636,COMPLETED-CONSTRUCTION,210830.43,,,,,,,,,,
2026-05-22,0011637,COMPLETED-CONSTRUCTION,166507.64,,,,,,,,,,
2026-05-22,0011639,COMPLETED-CONSTRUCTION,18789454.18,,,,,,,,,,
2026-05-22,0011640,COMPLETED-CONSTRUCTION,5215928.7,,,,,,,,,,
2026-05-22,0011641,COMPLETED-CONSTRUCTION,2303684.42,,,,,,,,,,
2026-05-22,0011660,COMPLETED-CONSTRUCTION,14164772.0,,,,,,,,,,
2026-05-22,0011677,COMPLETED-CONSTRUCTION,1794080.33,,,,,,,,,,
2026-05-22,0011678,COMPLETED-CONSTRUCTION,7298041.58,,,,,,,,,,
2026-05-22,0011679,COMPLETED-CONSTRUCTION,5316973.4399999995,,,,,,,,,,
2026-05-22,0011680,COMPLETED-CONSTRUCTION,6346860.97,,,,,,,,,,
2026-05-22,0011683,COMPLETED-CONSTRUCTION,11436090.29,,,,,,,,,,
2026-05-22,0011684,COMPLETED-CONSTRUCTION,11119037.8,,,,,,,,,,
2026-05-22,0011685,COMPLETED-CONSTRUCTION,8575406.43,,,,,,,,,,
2026-05-22,0011686,COMPLETED-CONSTRUCTION,7298490.09,,,,,,,,,,
2026-05-22,0011688,COMPLETED-CONSTRUCTION,12203920.41,,,,,,,,,,
2026-05-22,0011690,COMPLETED-CONSTRUCTION,5241728.57,,,,,,,,,,
2026-05-22,0011691,COMPLETED-CONSTRUCTION,6777305.02,,,,,,,,,,
2026-05-22,0011727,COMPLETED-CONSTRUCTION,3839068.22,,,,,,,,,,
2026-05-22,0011730,COMPLETED-CONSTRUCTION,7755431.75,,,,,,,,,,
2026-05-22,0011733,COMPLETED-CONSTRUCTION,365000.0,,,,,,,,,,
2026-05-22,0011747,COMPLETED-CONSTRUCTION,250000.0,,,,,,,,,,
2026-05-22,0011833,PRE-CONSTRUCTION,12797497.81,,,,,,,,,,
2026-05-22,0011840,COMPLETED-CONSTRUCTION,13593948.39,,,,,,,,,,
2026-05-22,0011841,COMPLETED-CONSTRUCTION,2665109.76,,,,,,,,,,
2026-05-22,0011845,UNDER-CONSTRUCTION,6774387.63,,,,,,,,,,
2026-05-22,0011856,COMPLETED-CONSTRUCTION,452745.67,,,,,,,,,,
2026-05-22,0011858,COMPLETED-CONSTRUCTION,351072.0,,,,,,,,,,
2026-05-22,0011859,COMPLETED-CONSTRUCTION,35949.0,,,,,,,,,,
2026-05-22,0011860,UNDER-CONSTRUCTION,113104.0,,,,,,,,,,
2026-05-22,0011861,UNDER-CONSTRUCTION,141558.07,,,,,,,,,,
2026-05-22,0011863,UNDER-CONSTRUCTION,64634.3,,,,,,,,,,
2026-05-22,0011866,UNDER-CONSTRUCTION,64886.0,,,,,,,,,,
2026-05-22,0011867,UNDER-CONSTRUCTION,51177.75,,,,,,,,,,
2026-05-22,0011869,COMPLETED-CONSTRUCTION,1019129.0,,,,,,,,,,
2026-05-22,0011871,COMPLETED-CONSTRUCTION,634997.22,,,,,,,,,,
2026-05-22,0011879,COMPLETED-CONSTRUCTION,61196.0,,,,,,,,,,
2026-05-22,0011880,COMPLETED-CONSTRUCTION,31757.0,,,,,,,,,,
2026-05-22,0011881,COMPLETED-CONSTRUCTION,116922.0,,,,,,,,,,
2026-05-22,0011882,COMPLETED-CONSTRUCTION,98146.0,,,,,,,,,,
2026-05-22,0011883,COMPLETED-CONSTRUCTION,33188.0,,,,,,,,,,
2026-05-22,0011884,COMPLETED-CONSTRUCTION,44692.0,,,,,,,,,,
2026-05-22,0011885,COMPLETED-CONSTRUCTION,43289.0,,,,,,,,,,
2026-05-22,0011886,COMPLETED-CONSTRUCTION,46230.0,,,,,,,,,,
2026-05-22,0011887,COMPLETED-CONSTRUCTION,116922.0,,,,,,,,,,
2026-05-22,0011888,COMPLETED-CONSTRUCTION,57718.0,,,,,,,,,,
2026-05-22,0011889,COMPLETED-CONSTRUCTION,79947.0,,,,,,,,,,
2026-05-22,0011890,COMPLETED-CONSTRUCTION,196431.0,,,,,,,,,,
2026-05-22,0011891,COMPLETED-CONSTRUCTION,243650.0,,,,,,,,,,
2026-05-22,0011892,COMPLETED-CONSTRUCTION,38985.0,,,,,,,,,,
2026-05-22,0011893,COMPLETED-CONSTRUCTION,331583.0,,,,,,,,,,
2026-05-22,0011899,COMPLETED-CONSTRUCTION,21378.7,,,,,,,,,,
2026-05-22,0011900,COMPLETED-CONSTRUCTION,13908.45,,,,,,,,,,
2026-05-22,0011908,COMPLETED-CONSTRUCTION,575560.0,,,,,,,,,,
2026-05-22,0011909,COMPLETED-CONSTRUCTION,411053.25,,,,,,,,,,
2026-05-22,0011910,COMPLETED-CONSTRUCTION,367731.2,,,,,,,,,,
2026-05-22,0011913,UNDER-CONSTRUCTION,49925.5,,,,,,,,,,
2026-05-22,0011914,COMPLETED-CONSTRUCTION,63636.0,,,,,,,,,,
2026-05-22,0011923,COMPLETED-CONSTRUCTION,6708.0,,,,,,,,,,
2026-05-22,0011943,COMPLETED-CONSTRUCTION,25322.0,,,,,,,,,,
2026-05-22,0011950,COMPLETED-CONSTRUCTION,13787.0,,,,,,,,,,
2026-05-22,0011958,COMPLETED-CONSTRUCTION,27045.0,,,,,,,,,,
2026-05-22,0011964,COMPLETED-CONSTRUCTION,6894.0,,,,,,,,,,
2026-05-22,0011969,COMPLETED-CONSTRUCTION,17234.0,,,,,,,,,,
2026-05-22,0011973,COMPLETED-CONSTRUCTION,32481.0,,,,,,,,,,
2026-05-22,0011974,COMPLETED-CONSTRUCTION,18295.0,,,,,,,,,,
2026-05-22,0011976,COMPLETED-CONSTRUCTION,16306.0,,,,,,,,,,
2026-05-22,0011977,COMPLETED-CONSTRUCTION,5674.0,,,,,,,,,,
2026-05-22,0011978,COMPLETED-CONSTRUCTION,30094.0,,,,,,,,,,
2026-05-22,0011979,COMPLETED-CONSTRUCTION,16572.0,,,,,,,,,,
2026-05-22,0011980,COMPLETED-CONSTRUCTION,9545.0,,,,,,,,,,
2026-05-22,0011981,COMPLETED-CONSTRUCTION,17287.0,,,,,,,,,,
2026-05-22,0011982,COMPLETED-CONSTRUCTION,22007.0,,,,,,,,,,
2026-05-22,0011983,COMPLETED-CONSTRUCTION,38712.0,,,,,,,,,,
2026-05-22,0011984,COMPLETED-CONSTRUCTION,6628.0,,,,,,,,,,
2026-05-22,0011985,COMPLETED-CONSTRUCTION,13257.0,,,,,,,,,,
2026-05-22,0011986,COMPLETED-CONSTRUCTION,11269.0,,,,,,,,,,
2026-05-22,0011987,COMPLETED-CONSTRUCTION,9280.0,,,,,,,,,,
2026-05-22,0011988,COMPLETED-CONSTRUCTION,32878.0,,,,,,,,,,
2026-05-22,0011989,COMPLETED-CONSTRUCTION,30094.0,,,,,,,,,,
2026-05-22,0011990,COMPLETED-CONSTRUCTION,11931.0,,,,,,,,,,
2026-05-22,0011991,COMPLETED-CONSTRUCTION,11534.0,,,,,,,,,,
2026-05-22,0011992,COMPLETED-CONSTRUCTION,10871.0,,,,,,,,,,
2026-05-22,0011993,COMPLETED-CONSTRUCTION,13257.0,,,,,,,,,,
2026-05-22,0011994,COMPLETED-CONSTRUCTION,16306.0,,,,,,,,,,
2026-05-22,0011995,COMPLETED-CONSTRUCTION,13655.0,,,,,,,,,,
2026-05-22,0011996,COMPLETED-CONSTRUCTION,12197.0,,,,,,,,,,
2026-05-22,0011997,COMPLETED-CONSTRUCTION,9015.0,,,,,,,,,,
2026-05-22,0011999,COMPLETED-CONSTRUCTION,31685.0,,,,,,,,,,
2026-05-22,0012000,COMPLETED-CONSTRUCTION,5965.0,,,,,,,,,,
2026-05-22,0012006,COMPLETED-CONSTRUCTION,44015.0,,,,,,,,,,
2026-05-22,0012008,COMPLETED-CONSTRUCTION,7689.0,,,,,,,,,,
2026-05-22,0012010,COMPLETED-CONSTRUCTION,17632.0,,,,,,,,,,
2026-05-22,0012014,COMPLETED-CONSTRUCTION,11391.0,,,,,,,,,,
2026-05-22,0012017,COMPLETED-CONSTRUCTION,11931.0,,,,,,,,,,
2026-05-22,0012020,COMPLETED-CONSTRUCTION,17500.0,,,,,,,,,,
2026-05-22,0012021,COMPLETED-CONSTRUCTION,14715.0,,,,,,,,,,
2026-05-22,0012036,COMPLETED-CONSTRUCTION,9280.0,,,,,,,,,,
2026-05-22,0012037,COMPLETED-CONSTRUCTION,14185.0,,,,,,,,,,
2026-05-22,0012039,COMPLETED-CONSTRUCTION,30890.0,,,,,,,,,,
2026-05-22,0012040,COMPLETED-CONSTRUCTION,17977.0,,,,,,,,,,
2026-05-22,0012041,COMPLETED-CONSTRUCTION,25587.0,,,,,,,,,,
2026-05-22,0012042,COMPLETED-CONSTRUCTION,53030.0,,,,,,,,,,
2026-05-22,0012045,COMPLETED-CONSTRUCTION,364618.09,,,,,,,,,,
2026-05-22,0012049,COMPLETED-CONSTRUCTION,924000.0,,,,,,,,,,
2026-05-22,0012050,COMPLETED-CONSTRUCTION,682537.13,,,,,,,,,,
2026-05-22,0012055,COMPLETED-CONSTRUCTION,166498.0,,,,,,,,,,
2026-05-22,0012060,COMPLETED-CONSTRUCTION,13623.72,,,,,,,,,,
2026-05-22,0012063,COMPLETED-CONSTRUCTION,32476.03,,,,,,,,,,
2026-05-22,0012066,COMPLETED-CONSTRUCTION,76856.02,,,,,,,,,,
2026-05-22,0012069,COMPLETED-CONSTRUCTION,54447.96,,,,,,,,,,
2026-05-22,0012070,COMPLETED-CONSTRUCTION,221997.0,,,,,,,,,,
2026-05-22,0012071,COMPLETED-CONSTRUCTION,86125.42,,,,,,,,,,
2026-05-22,0012074,COMPLETED-CONSTRUCTION,118740.56,,,,,,,,,,
2026-05-22,0012075,COMPLETED-CONSTRUCTION,176907.65,,,,,,,,,,
2026-05-22,0012077,COMPLETED-CONSTRUCTION,62437.0,,,,,,,,,,
2026-05-22,0012079,COMPLETED-CONSTRUCTION,32517.13,,,,,,,,,,
2026-05-22,0012087,COMPLETED-CONSTRUCTION,262010.0,,,,,,,,,,
2026-05-22,0012088,COMPLETED-CONSTRUCTION,151690.0,,,,,,,,,,
2026-05-22,0012089,COMPLETED-CONSTRUCTION,55160.0,,,,,,,,,,
2026-05-22,0012092,COMPLETED-CONSTRUCTION,25056.93,,,,,,,,,,
2026-05-22,0012093,COMPLETED-CONSTRUCTION,14761.47,,,,,,,,,,
2026-05-22,0012094,COMPLETED-CONSTRUCTION,38010.59,,,,,,,,,,
2026-05-22,0012110,COMPLETED-CONSTRUCTION,40985.9,,,,,,,,,,
2026-05-22,0012111,COMPLETED-CONSTRUCTION,14763.95,,,,,,,,,,
2026-05-22,0012112,COMPLETED-CONSTRUCTION,64936.25,,,,,,,,,,
2026-05-22,0012113,COMPLETED-CONSTRUCTION,31620.25,,,,,,,,,,
2026-05-22,0012114,COMPLETED-CONSTRUCTION,101302.55,,,,,,,,,,
2026-05-22,0012115,COMPLETED-CONSTRUCTION,10436.85,,,,,,,,,,
2026-05-22,0012116,COMPLETED-CONSTRUCTION,77044.65,,,,,,,,,,
2026-05-22,0012117,COMPLETED-CONSTRUCTION,68838.95,,,,,,,,,,
2026-05-22,0012120,COMPLETED-CONSTRUCTION,30932.55,,,,,,,,,,
2026-05-22,0012126,COMPLETED-CONSTRUCTION,30800.0,,,,,,,,,,
2026-05-22,0012127,COMPLETED-CONSTRUCTION,7000.0,,,,,,,,,,
2026-05-22,0012128,COMPLETED-CONSTRUCTION,68600.0,,,,,,,,,,
2026-05-22,0012129,COMPLETED-CONSTRUCTION,37800.0,,,,,,,,,,
2026-05-22,0012130,UNDER-CONSTRUCTION,9800.0,,,,,,,,,,
2026-05-22,0012140,UNDER-CONSTRUCTION,572748.0,,,,,,,,,,
2026-05-22,0012141,UNDER-CONSTRUCTION,256784.0,,,,,,,,,,
2026-05-22,0012142,UNDER-CONSTRUCTION,422050.1,,,,,,,,,,
2026-05-22,0012153,UNDER-CONSTRUCTION,7432.5,,,,,,,,,,
2026-05-22,0012154,UNDER-CONSTRUCTION,41497.29,,,,,,,,,,
2026-05-22,0012155,UNDER-CONSTRUCTION,122169.43,,,,,,,,,,
2026-05-22,0012156,COMPLETED-CONSTRUCTION,60582.8,,,,,,,,,,
2026-05-22,0012157,COMPLETED-CONSTRUCTION,26434.11,,,,,,,,,,
2026-05-22,0012158,COMPLETED-CONSTRUCTION,101064.8,,,,,,,,,,
2026-05-22,0012159,COMPLETED-CONSTRUCTION,98000.0,,,,,,,,,,
2026-05-22,0012160,COMPLETED-CONSTRUCTION,119528.8,,,,,,,,,,
2026-05-22,0012169,COMPLETED-CONSTRUCTION,574000.0,,,,,,,,,,
2026-05-22,0012170,COMPLETED-CONSTRUCTION,185316.4,,,,,,,,,,
2026-05-22,0012174,COMPLETED-CONSTRUCTION,27938.93,,,,,,,,,,
2026-05-22,0012177,COMPLETED-CONSTRUCTION,322407.0,,,,,,,,,,
2026-05-22,0012178,COMPLETED-CONSTRUCTION,169502.75,,,,,,,,,,
2026-05-22,0012179,COMPLETED-CONSTRUCTION,53766.54,,,,,,,,,,
2026-05-22,0012180,UNDER-CONSTRUCTION,185000.0,,,,,,,,,,
2026-05-22,0012181,UNDER-CONSTRUCTION,263000.0,,,,,,,,,,
2026-05-22,0012182,UNDER-CONSTRUCTION,46000.0,,,,,,,,,,
2026-05-22,0012183,UNDER-CONSTRUCTION,47000.0,,,,,,,,,,
2026-05-22,0012190,UNDER-CONSTRUCTION,316072.42,,,,,,,,,,
2026-05-22,0012191,COMPLETED-CONSTRUCTION,933000.0,,,,,,,,,,
2026-05-22,0012193,COMPLETED-CONSTRUCTION,600000.0,,,,,,,,,,
2026-05-22,0012195,COMPLETED-CONSTRUCTION,543000.0,,,,,,,,,,
2026-05-22,0012196,COMPLETED-CONSTRUCTION,595230.0,,,,,,,,,,
2026-05-22,0012197,COMPLETED-CONSTRUCTION,339797.63,,,,,,,,,,
2026-05-22,0012198,COMPLETED-CONSTRUCTION,901246.88,,,,,,,,,,
2026-05-22,0012199,UNDER-CONSTRUCTION,773557.65,,,,,,,,,,
2026-05-22,0012200,COMPLETED-CONSTRUCTION,160841.0,,,,,,,,,,
2026-05-22,0012201,UNDER-CONSTRUCTION,20136.71,,,,,,,,,,
2026-05-22,0012202,UNDER-CONSTRUCTION,16913.73,,,,,,,,,,
2026-05-22,0012204,UNDER-CONSTRUCTION,12225.28,,,,,,,,,,
2026-05-22,0012205,UNDER-CONSTRUCTION,24770.0,,,,,,,,,,
2026-05-22,0012207,UNDER-CONSTRUCTION,23923.0,,,,,,,,,,
2026-05-22,0012208,UNDER-CONSTRUCTION,26927.0,,,,,,,,,,
2026-05-22,0012209,UNDER-CONSTRUCTION,29542.0,,,,,,,,,,
2026-05-22,0012215,COMPLETED-CONSTRUCTION,20546.76,,,,,,,,,,
2026-05-22,0012217,UNDER-CONSTRUCTION,271051.48,,,,,,,,,,
2026-05-22,0012218,COMPLETED-CONSTRUCTION,4205105.0,,,,,,,,,,
2026-05-22,0012225,COMPLETED-CONSTRUCTION,71676.23,,,,,,,,,,
2026-05-22,0012239,COMPLETED-CONSTRUCTION,17668.58,,,,,,,,,,
2026-05-22,0012250,UNDER-CONSTRUCTION,15218.45,,,,,,,,,,
2026-05-22,0012251,UNDER-CONSTRUCTION,19099.0,,,,,,,,,,
2026-05-22,0012252,UNDER-CONSTRUCTION,13730.0,,,,,,,,,,
2026-05-22,0012253,UNDER-CONSTRUCTION,93922.7,,,,,,,,,,
2026-05-22,0012254,COMPLETED-CONSTRUCTION,26618.46,,,,,,,,,,
2026-05-22,0012255,COMPLETED-CONSTRUCTION,26633.06,,,,,,,,,,
2026-05-22,0012256,COMPLETED-CONSTRUCTION,29003.63,,,,,,,,,,
2026-05-22,0012257,COMPLETED-CONSTRUCTION,4714.04,,,,,,,,,,
2026-05-22,0012258,COMPLETED-CONSTRUCTION,47226.15,,,,,,,,,,
2026-05-22,0012259,COMPLETED-CONSTRUCTION,28178.87,,,,,,,,,,
2026-05-22,0012261,COMPLETED-CONSTRUCTION,18834.8,,,,,,,,,,
2026-05-22,0012262,COMPLETED-CONSTRUCTION,61088.21,,,,,,,,,,
2026-05-22,0012270,COMPLETED-CONSTRUCTION,23824.19,,,,,,,,,,
2026-05-22,0012275,COMPLETED-CONSTRUCTION,336207.2,,,,,,,,,,
2026-05-22,0012283,COMPLETED-CONSTRUCTION,51990.6,,,,,,,,,,
2026-05-22,0012284,UNDER-CONSTRUCTION,16817.8,,,,,,,,,,
2026-05-22,0012287,UNDER-CONSTRUCTION,46646.5,,,,,,,,,,
2026-05-22,0012292,COMPLETED-CONSTRUCTION,48000.0,,,,,,,,,,
2026-05-22,0012294,COMPLETED-CONSTRUCTION,103622.6,,,,,,,,,,
2026-05-22,0012297,COMPLETED-CONSTRUCTION,90864.3,,,,,,,,,,
2026-05-22,0012298,COMPLETED-CONSTRUCTION,120943.3,,,,,,,,,,
2026-05-22,0012299,COMPLETED-CONSTRUCTION,22676.0,,,,,,,,,,
2026-05-22,0012304,UNDER-CONSTRUCTION,910037.0,,,,,,,,,,
2026-05-22,0012307,COMPLETED-CONSTRUCTION,1078994.8,,,,,,,,,,
2026-05-22,0012308,UNDER-CONSTRUCTION,630000.0,,,,,,,,,,
2026-05-22,0012313,COMPLETED-CONSTRUCTION,14650.7,,,,,,,,,,
2026-05-22,0012315,COMPLETED-CONSTRUCTION,7077.5,,,,,,,,,,
2026-05-22,0012338,COMPLETED-CONSTRUCTION,55299.71,,,,,,,,,,
2026-05-22,0012347,COMPLETED-CONSTRUCTION,24182.78,,,,,,,,,,
2026-05-22,0012348,COMPLETED-CONSTRUCTION,20852.65,,,,,,,,,,
2026-05-22,0012349,COMPLETED-CONSTRUCTION,22515.26,,,,,,,,,,
2026-05-22,0012350,COMPLETED-CONSTRUCTION,30196.6,,,,,,,,,,
2026-05-22,0012351,COMPLETED-CONSTRUCTION,58780.2,,,,,,,,,,
2026-05-22,0012352,COMPLETED-CONSTRUCTION,114519.72,,,,,,,,,,
2026-05-22,0012353,COMPLETED-CONSTRUCTION,34444.69,,,,,,,,,,
2026-05-22,0012355,COMPLETED-CONSTRUCTION,58868.46,,,,,,,,,,
2026-05-22,0012356,COMPLETED-CONSTRUCTION,34859.65,,,,,,,,,,
2026-05-22,0012357,COMPLETED-CONSTRUCTION,46380.16,,,,,,,,,,
2026-05-22,0012358,COMPLETED-CONSTRUCTION,86055.19,,,,,,,,,,
2026-05-22,0012359,COMPLETED-CONSTRUCTION,113350.43,,,,,,,,,,
2026-05-22,0012368,UNDER-CONSTRUCTION,104621.0,,,,,,,,,,
2026-05-22,0012369,UNDER-CONSTRUCTION,112100.0,,,,,,,,,,
2026-05-22,0012370,UNDER-CONSTRUCTION,148883.0,,,,,,,,,,
2026-05-22,0012371,UNDER-CONSTRUCTION,36651.0,,,,,,,,,,
2026-05-22,0012372,UNDER-CONSTRUCTION,24743.0,,,,,,,,,,
2026-05-22,0012377,UNDER-CONSTRUCTION,348853.0,,,,,,,,,,
2026-05-22,0012378,UNDER-CONSTRUCTION,28010.0,,,,,,,,,,
2026-05-22,0012379,UNKNOWN,175815.0,,,,,,,,,,
2026-05-22,0012381,COMPLETED-CONSTRUCTION,15118.4,,,,,,,,,,
2026-05-22,0012383,COMPLETED-CONSTRUCTION,34746.6,,,,,,,,,,
2026-05-22,0012386,COMPLETED-CONSTRUCTION,79302.32,,,,,,,,,,
2026-05-22,0012387,COMPLETED-CONSTRUCTION,45787.0,,,,,,,,,,
2026-05-22,0012390,COMPLETED-CONSTRUCTION,91000.0,,,,,,,,,,
2026-05-22,0012392,COMPLETED-CONSTRUCTION,18889.4,,,,,,,,,,
2026-05-22,0012398,COMPLETED-CONSTRUCTION,5600.0,,,,,,,,,,
2026-05-22,0012408,COMPLETED-CONSTRUCTION,86800.0,,,,,,,,,,
2026-05-22,0012410,COMPLETED-CONSTRUCTION,98000.0,,,,,,,,,,
2026-05-22,0012411,COMPLETED-CONSTRUCTION,159109.0,,,,,,,,,,
2026-05-22,0012412,COMPLETED-CONSTRUCTION,229824.0,,,,,,,,,,
2026-05-22,0012413,COMPLETED-CONSTRUCTION,5040.0,,,,,,,,,,
2026-05-22,0012414,COMPLETED-CONSTRUCTION,194466.0,,,,,,,,,,
2026-05-22,0012415,COMPLETED-CONSTRUCTION,22400.0,,,,,,,,,,
2026-05-22,0012416,COMPLETED-CONSTRUCTION,104918.0,,,,,,,,,,
2026-05-22,0012417,COMPLETED-CONSTRUCTION,42000.0,,,,,,,,,,
2026-05-22,0012419,UNDER-CONSTRUCTION,622980.0,,,,,,,,,,
2026-05-22,0012420,UNDER-CONSTRUCTION,279900.0,,,,,,,,,,
2026-05-22,0012424,UNDER-CONSTRUCTION,212285.0,,,,,,,,,,
2026-05-22,0012428,UNDER-CONSTRUCTION,626279.0,,,,,,,,,,
2026-05-22,0012430,COMPLETED-CONSTRUCTION,224021.0,,,,,,,,,,
2026-05-22,0012431,COMPLETED-CONSTRUCTION,224041.0,,,,,,,,,,
2026-05-22,0012432,UNDER-CONSTRUCTION,2285733.51,,,,,,,,,,
2026-05-22,0012437,COMPLETED-CONSTRUCTION,283482.0,,,,,,,,,,
2026-05-22,0012438,COMPLETED-CONSTRUCTION,287358.0,,,,,,,,,,
2026-05-22,0012439,COMPLETED-CONSTRUCTION,81594.0,,,,,,,,,,
2026-05-22,0012440,COMPLETED-CONSTRUCTION,65166.0,,,,,,,,,,
2026-05-22,0012441,COMPLETED-CONSTRUCTION,83216.0,,,,,,,,,,
2026-05-22,0012442,COMPLETED-CONSTRUCTION,149491.0,,,,,,,,,,
2026-05-22,0012443,COMPLETED-CONSTRUCTION,149491.0,,,,,,,,,,
2026-05-22,0012444,COMPLETED-CONSTRUCTION,157500.0,,,,,,,,,,
2026-05-22,0012451,UNDER-CONSTRUCTION,224911.0,,,,,,,,,,
2026-05-22,0012452,COMPLETED-CONSTRUCTION,56270.0,,,,,,,,,,
2026-05-22,0012453,COMPLETED-CONSTRUCTION,92717.0,,,,,,,,,,
2026-05-22,0012454,COMPLETED-CONSTRUCTION,45404.1,,,,,,,,,,
2026-05-22,0012455,COMPLETED-CONSTRUCTION,82453.0,,,,,,,,,,
2026-05-22,0012456,COMPLETED-CONSTRUCTION,119162.0,,,,,,,,,,
2026-05-22,0012462,COMPLETED-CONSTRUCTION,41466.42,,,,,,,,,,
2026-05-22,0012475,COMPLETED-CONSTRUCTION,116555.0,,,,,,,,,,
2026-05-22,0012476,COMPLETED-CONSTRUCTION,51268.0,,,,,,,,,,
2026-05-22,0012477,COMPLETED-CONSTRUCTION,51268.0,,,,,,,,,,
2026-05-22,0012478,COMPLETED-CONSTRUCTION,79351.0,,,,,,,,,,
2026-05-22,0012479,COMPLETED-CONSTRUCTION,15262.0,,,,,,,,,,
2026-05-22,0012481,COMPLETED-CONSTRUCTION,34687.0,,,,,,,,,,
2026-05-22,0012482,COMPLETED-CONSTRUCTION,15262.0,,,,,,,,,,
2026-05-22,0012483,COMPLETED-CONSTRUCTION,13216.12,,,,,,,,,,
2026-05-22,0012484,COMPLETED-CONSTRUCTION,34687.0,,,,,,,,,,
2026-05-22,0012485,COMPLETED-CONSTRUCTION,30407.78,,,,,,,,,,
2026-05-22,0012487,COMPLETED-CONSTRUCTION,274427.86,,,,,,,,,,
2026-05-22,0012489,COMPLETED-CONSTRUCTION,2820936.21,,,,,,,,,,
2026-05-22,0012490,UNDER-CONSTRUCTION,32704.2,,,,,,,,,,
2026-05-22,0012491,UNDER-CONSTRUCTION,10531.96,,,,,,,,,,
2026-05-22,0012492,UNDER-CONSTRUCTION,24718.52,,,,,,,,,,
2026-05-22,0012496,UNDER-CONSTRUCTION,528235.0,,,,,,,,,,
2026-05-22,0012497,COMPLETED-CONSTRUCTION,60259.76,,,,,,,,,,
2026-05-22,0012498,COMPLETED-CONSTRUCTION,115352.0,,,,,,,,,,
2026-05-22,0012499,COMPLETED-CONSTRUCTION,413764.0,,,,,,,,,,
2026-05-22,0012500,COMPLETED-CONSTRUCTION,828400.0,,,,,,,,,,
2026-05-22,0012503,COMPLETED-CONSTRUCTION,611858.9,,,,,,,,,,
2026-05-22,0012504,COMPLETED-CONSTRUCTION,749063.79,,,,,,,,,,
2026-05-22,0012505,COMPLETED-CONSTRUCTION,1000000.0,,,,,,,,,,
2026-05-22,0012507,UNDER-CONSTRUCTION,135389.5,,,,,,,,,,
2026-05-22,0012509,UNDER-CONSTRUCTION,13915.0,,,,,,,,,,
2026-05-22,0012510,COMPLETED-CONSTRUCTION,925000.0,,,,,,,,,,
2026-05-22,0012511,UNDER-CONSTRUCTION,136000.0,,,,,,,,,,
2026-05-22,0012512,UNDER-CONSTRUCTION,41128.0,,,,,,,,,,
2026-05-22,0012513,UNDER-CONSTRUCTION,50584.0,,,,,,,,,,
2026-05-22,0012515,COMPLETED-CONSTRUCTION,10647.05,,,,,,,,,,
2026-05-22,0012516,COMPLETED-CONSTRUCTION,11573.97,,,,,,,,,,
2026-05-22,0012517,COMPLETED-CONSTRUCTION,73062.18,,,,,,,,,,
2026-05-22,0012520,UNDER-CONSTRUCTION,701028.0,,,,,,,,,,
2026-05-22,0012525,COMPLETED-CONSTRUCTION,28182.3,,,,,,,,,,
2026-05-22,0012526,COMPLETED-CONSTRUCTION,54584.0,,,,,,,,,,
2026-05-22,0012527,COMPLETED-CONSTRUCTION,61060.0,,,,,,,,,,
2026-05-22,0012528,COMPLETED-CONSTRUCTION,23848.0,,,,,,,,,,
2026-05-22,0012533,COMPLETED-CONSTRUCTION,27166.0,,,,,,,,,,
2026-05-22,0012534,COMPLETED-CONSTRUCTION,56417.0,,,,,,,,,,
2026-05-22,0012535,COMPLETED-CONSTRUCTION,14560.0,,,,,,,,,,
2026-05-22,0012536,COMPLETED-CONSTRUCTION,165193.15,,,,,,,,,,
2026-05-22,0012538,COMPLETED-CONSTRUCTION,147817.2,,,,,,,,,,
2026-05-22,0012539,COMPLETED-CONSTRUCTION,390000.0,,,,,,,,,,
2026-05-22,0012540,COMPLETED-CONSTRUCTION,450000.0,,,,,,,,,,
2026-05-22,0012548,UNDER-CONSTRUCTION,68084.0,,,,,,,,,,
2026-05-22,0012549,COMPLETED-CONSTRUCTION,48277.0,,,,,,,,,,
2026-05-22,0012554,COMPLETED-CONSTRUCTION,52359.0,,,,,,,,,,
2026-05-22,0012556,COMPLETED-CONSTRUCTION,58358.0,,,,,,,,,,
2026-05-22,0012557,COMPLETED-CONSTRUCTION,16172.0,,,,,,,,,,
2026-05-22,0012559,COMPLETED-CONSTRUCTION,11903.0,,,,,,,,,,
2026-05-22,0012560,COMPLETED-CONSTRUCTION,80047.0,,,,,,,,,,
2026-05-22,0012561,COMPLETED-CONSTRUCTION,20896.0,,,,,,,,,,
2026-05-22,0012562,COMPLETED-CONSTRUCTION,19271.0,,,,,,,,,,
2026-05-22,0012563,COMPLETED-CONSTRUCTION,19217.0,,,,,,,,,,
2026-05-22,0012564,COMPLETED-CONSTRUCTION,18294.0,,,,,,,,,,
2026-05-22,0012568,UNDER-CONSTRUCTION,39447.9,,,,,,,,,,
2026-05-22,0012570,UNDER-CONSTRUCTION,18944.72,,,,,,,,,,
2026-05-22,0012574,COMPLETED-CONSTRUCTION,6082774.88,,,,,,,,,,
2026-05-22,0012575,COMPLETED-CONSTRUCTION,14714719.98,,,,,,,,,,
2026-05-22,0012576,COMPLETED-CONSTRUCTION,3284132.89,,,,,,,,,,
2026-05-22,0012577,UNDER-CONSTRUCTION,52730628.44,,,,,,,,,,
2026-05-22,0012578,COMPLETED-CONSTRUCTION,21644836.96,,,,,,,,,,
2026-05-22,0012579,COMPLETED-CONSTRUCTION,3490773.43,,,,,,,,,,
2026-05-22,0012586,UNDER-CONSTRUCTION,8848387.86,,,,,,,,,,
2026-05-22,0012596,UNDER-CONSTRUCTION,4394918.05,,,,,,,,,,
2026-05-22,0012597,PRE-CONSTRUCTION,8346137.46,,,,,,,,,,
2026-05-22,0012599,COMPLETED-CONSTRUCTION,3593346.07,,,,,,,,,,
2026-05-22,0012600,COMPLETED-CONSTRUCTION,767016.71,,,,,,,,,,
2026-05-22,0012601,COMPLETED-CONSTRUCTION,695340.49,,,,,,,,,,
2026-05-22,0012603,COMPLETED-CONSTRUCTION,8336672.0,,,,,,,,,,
2026-05-22,0012607,COMPLETED-CONSTRUCTION,2910461.26,,,,,,,,,,
2026-05-22,0012609,COMPLETED-CONSTRUCTION,659201.96,,,,,,,,,,
2026-05-22,0012610,COMPLETED-CONSTRUCTION,3166341.18,,,,,,,,,,
2026-05-22,0012617,COMPLETED-CONSTRUCTION,2146468.51,,,,,,,,,,
2026-05-22,0012618,COMPLETED-CONSTRUCTION,1680203.7,,,,,,,,,,
2026-05-22,0012621,COMPLETED-CONSTRUCTION,3209885.81,,,,,,,,,,
2026-05-22,0012622,COMPLETED-CONSTRUCTION,626175.3200000001,,,,,,,,,,
2026-05-22,0012624,COMPLETED-CONSTRUCTION,2497108.04,,,,,,,,,,
2026-05-22,0012634,COMPLETED-CONSTRUCTION,542103.64,,,,,,,,,,
2026-05-22,0012636,COMPLETED-CONSTRUCTION,6103251.0,,,,,,,,,,
2026-05-22,0012637,UNDER-CONSTRUCTION,6096225.62,,,,,,,,,,
2026-05-22,0012638,UNDER-CONSTRUCTION,7304464.79,,,,,,,,,,
2026-05-22,0012640,COMPLETED-CONSTRUCTION,4197378.37,,,,,,,,,,
2026-05-22,0012641,COMPLETED-CONSTRUCTION,1739520.07,,,,,,,,,,
2026-05-22,0012642,COMPLETED-CONSTRUCTION,1565863.68,,,,,,,,,,
2026-05-22,0012646,COMPLETED-CONSTRUCTION,3245114.53,,,,,,,,,,
2026-05-22,0012647,UNDER-CONSTRUCTION,971751.13,,,,,,,,,,
2026-05-22,0012653,UNDER-CONSTRUCTION,0.0,,,,,,,,,,
2026-05-22,0012659,COMPLETED-CONSTRUCTION,21442284.7,,,,,,,,,,
2026-05-22,0012664,PRE-CONSTRUCTION,5849351.14,,,,,,,,,,
2026-05-22,0012669,COMPLETED-CONSTRUCTION,2769893.68,,,,,,,,,,
2026-05-22,0012670,COMPLETED-CONSTRUCTION,2231899.85,,,,,,,,,,
2026-05-22,0012672,COMPLETED-CONSTRUCTION,1887815.08,,,,,,,,,,
2026-05-22,0012673,COMPLETED-CONSTRUCTION,1736735.1,,,,,,,,,,
2026-05-22,0012674,COMPLETED-CONSTRUCTION,4322070.9,,,,,,,,,,
2026-05-22,0012676,COMPLETED-CONSTRUCTION,1781208.13,,,,,,,,,,
2026-05-22,0012677,COMPLETED-CONSTRUCTION,3589238.79,,,,,,,,,,
2026-05-22,0012698,COMPLETED-CONSTRUCTION,29973248.62,,,,,,,,,,
2026-05-22,0012700,UNDER-CONSTRUCTION,70090506.38,,,,,,,,,,
2026-05-22,0012701,UNDER-CONSTRUCTION,90566681.71,,,,,,,,,,
2026-05-22,0012757,UNDER-CONSTRUCTION,308625741.25,,,,,,,,,,
2026-05-22,0012759,PRE-CONSTRUCTION,132643302.65,,,,,,,,,,
2026-05-22,0012788,UNDER-CONSTRUCTION,40109336.73,,,,,,,,,,
2026-05-22,0012789,COMPLETED-CONSTRUCTION,718611.0,,,,,,,,,,
2026-05-22,0012798,COMPLETED-CONSTRUCTION,3055745.47,,,,,,,,,,
2026-05-22,0012800,PRE-CONSTRUCTION,120124606.32,,,,,,,,,,
2026-05-22,0012801,PRE-CONSTRUCTION,101831362.37,,,,,,,,,,
2026-05-22,0012808,UNDER-CONSTRUCTION,7093872.16,,,,,,,,,,
2026-05-22,0012814,COMPLETED-CONSTRUCTION,2622401.19,,,,,,,,,,
2026-05-22,0012815,COMPLETED-CONSTRUCTION,1476242.0,,,,,,,,,,
2026-05-22,0012816,COMPLETED-CONSTRUCTION,1918009.45,,,,,,,,,,
2026-05-22,0012817,UNDER-CONSTRUCTION,2363809.17,,,,,,,,,,
2026-05-22,0012818,COMPLETED-CONSTRUCTION,2578694.33,,,,,,,,,,
2026-05-22,0012819,COMPLETED-CONSTRUCTION,3067112.87,,,,,,,,,,
2026-05-22,0012820,COMPLETED-CONSTRUCTION,1068937.82,,,,,,,,,,
2026-05-22,0012821,COMPLETED-CONSTRUCTION,4459103.76,,,,,,,,,,
2026-05-22,0012822,COMPLETED-CONSTRUCTION,1669526.61,,,,,,,,,,
2026-05-22,0012823,COMPLETED-CONSTRUCTION,4032575.41,,,,,,,,,,
2026-05-22,0012824,COMPLETED-CONSTRUCTION,1083507.63,,,,,,,,,,
2026-05-22,0012825,COMPLETED-CONSTRUCTION,4473818.99,,,,,,,,,,
2026-05-22,0012826,COMPLETED-CONSTRUCTION,768548.79,,,,,,,,,,
2026-05-22,0012827,UNDER-CONSTRUCTION,4357316.31,,,,,,,,,,
2026-05-22,0012833,COMPLETED-CONSTRUCTION,7713807.63,,,,,,,,,,
2026-05-22,0012843,COMPLETED-CONSTRUCTION,3559237.53,,,,,,,,,,
2026-05-22,0012845,COMPLETED-CONSTRUCTION,18430549.26,,,,,,,,,,
2026-05-22,0012846,COMPLETED-CONSTRUCTION,2227542.09,,,,,,,,,,
2026-05-22,0012847,COMPLETED-CONSTRUCTION,288507.16,,,,,,,,,,
2026-05-22,0012865,PRE-CONSTRUCTION,73467179.7,,,,,,,,,,
2026-05-22,0012866,UNDER-CONSTRUCTION,1697211.1,,,,,,,,,,
2026-05-22,0012867,UNDER-CONSTRUCTION,9081063.0,,,,,,,,,,
2026-05-22,0012868,UNDER-CONSTRUCTION,5450679.25,,,,,,,,,,
2026-05-22,0012875,COMPLETED-CONSTRUCTION,8202014.0,,,,,,,,,,
2026-05-22,0012877,PRE-CONSTRUCTION,59996221.91,,,,,,,,,,
2026-05-22,0012878,COMPLETED-CONSTRUCTION,6376250.0,,,,,,,,,,
2026-05-22,0012879,COMPLETED-CONSTRUCTION,1601450.33,,,,,,,,,,
2026-05-22,0012883,COMPLETED-CONSTRUCTION,14375000.0,,,,,,,,,,
2026-05-22,0012884,UNDER-CONSTRUCTION,6085646.52,,,,,,,,,,
2026-05-22,0012885,COMPLETED-CONSTRUCTION,8816806.0,,,,,,,,,,
2026-05-22,0012886,UNDER-CONSTRUCTION,1900393.63,,,,,,,,,,
2026-05-22,0012902,PRE-CONSTRUCTION,83689400.0,,,,,,,,,,
2026-05-22,0012903,PRE-CONSTRUCTION,50150700.0,,,,,,,,,,
2026-05-22,0012904,PRE-CONSTRUCTION,30364767.619999997,,,,,,,,,,
2026-05-22,0013061,COMPLETED-CONSTRUCTION,5489045.15,,,,,,,,,,
2026-05-22,0013062,COMPLETED-CONSTRUCTION,1179740.42,,,,,,,,,,
2026-05-22,0013063,PRE-CONSTRUCTION,144381587.0,,,,,,,,,,
2026-05-22,0013064,PRE-CONSTRUCTION,197339513.0,,,,,,,,,,
2026-05-22,0013065,PRE-CONSTRUCTION,22906598.74,,,,,,,,,,
2026-05-22,0013066,PRE-CONSTRUCTION,24739243.88,,,,,,,,,,
2026-05-22,0013067,PRE-CONSTRUCTION,34482669.55,,,,,,,,,,
2026-05-22,0013068,COMPLETED-CONSTRUCTION,4146788.2,,,,,,,,,,
2026-05-22,0013086,PRE-CONSTRUCTION,90918737.0,,,,,,,,,,
2026-05-22,0013095,UNDER-CONSTRUCTION,9276513.83,,,,,,,,,,
2026-05-22,0013104,COMPLETED-CONSTRUCTION,44798275.34,,,,,,,,,,
2026-05-22,0013110,COMPLETED-CONSTRUCTION,1105849.06,,,,,,,,,,
2026-05-22,0013111,COMPLETED-CONSTRUCTION,2295390.05,,,,,,,,,,
2026-05-22,0013119,COMPLETED-CONSTRUCTION,1503739.85,,,,,,,,,,
2026-05-22,0013120,UNDER-CONSTRUCTION,6604614.83,,,,,,,,,,
2026-05-22,0013138,COMPLETED-CONSTRUCTION,1518337.66,,,,,,,,,,
2026-05-22,0013141,COMPLETED-CONSTRUCTION,1616999.59,,,,,,,,,,
2026-05-22,0013142,COMPLETED-CONSTRUCTION,15017648.18,,,,,,,,,,
2026-05-22,0013143,COMPLETED-CONSTRUCTION,1820388.84,,,,,,,,,,
2026-05-22,0013147,COMPLETED-CONSTRUCTION,2809424.31,,,,,,,,,,
2026-05-22,0013148,COMPLETED-CONSTRUCTION,1238941.55,,,,,,,,,,
2026-05-22,0013156,PRE-CONSTRUCTION,40991400.0,,,,,,,,,,
2026-05-22,0013157,PRE-CONSTRUCTION,31732000.0,,,,,,,,,,
2026-05-22,0013158,PRE-CONSTRUCTION,70356700.0,,,,,,,,,,
2026-05-22,0013159,PRE-CONSTRUCTION,42181862.21,,,,,,,,,,
2026-05-22,0013160,PRE-CONSTRUCTION,33439610.0,,,,,,,,,,
2026-05-22,0013161,PRE-CONSTRUCTION,47590851.77,,,,,,,,,,
2026-05-22,0013162,PRE-CONSTRUCTION,41630300.0,,,,,,,,,,
2026-05-22,0013163,COMPLETED-CONSTRUCTION,15575526.84,,,,,,,,,,
2026-05-22,0013171,PRE-CONSTRUCTION,8047513.0,,,,,,,,,,
2026-05-22,0013172,PRE-CONSTRUCTION,2595022.33,,,,,,,,,,
2026-05-22,0013173,PRE-CONSTRUCTION,4593636.67,,,,,,,,,,
2026-05-22,0013174,COMPLETED-CONSTRUCTION,2633639.24,,,,,,,,,,
2026-05-22,0013175,COMPLETED-CONSTRUCTION,2334790.45,,,,,,,,,,
2026-05-22,0013194,COMPLETED-CONSTRUCTION,4565480.01,,,,,,,,,,
2026-05-22,0013195,UNDER-CONSTRUCTION,16209360.34,,,,,,,,,,
2026-05-22,0013196,COMPLETED-CONSTRUCTION,2164780.11,,,,,,,,,,
2026-05-22,0013197,COMPLETED-CONSTRUCTION,3634807.53,,,,,,,,,,
2026-05-22,0013198,COMPLETED-CONSTRUCTION,2150115.68,,,,,,,,,,
2026-05-22,0013204,UNDER-CONSTRUCTION,3281741.09,,,,,,,,,,
2026-05-22,0013207,UNDER-CONSTRUCTION,2646976.85,,,,,,,,,,
2026-05-22,0013208,COMPLETED-CONSTRUCTION,4479745.0,,,,,,,,,,
2026-05-22,0013209,COMPLETED-CONSTRUCTION,2205442.49,,,,,,,,,,
2026-05-22,0013211,UNDER-CONSTRUCTION,4406110.3,,,,,,,,,,
2026-05-22,0013212,UNDER-CONSTRUCTION,4660581.59,,,,,,,,,,
2026-05-22,0013213,COMPLETED-CONSTRUCTION,3596379.46,,,,,,,,,,
2026-05-22,0013214,COMPLETED-CONSTRUCTION,1993105.72,,,,,,,,,,
2026-05-22,0013228,PRE-CONSTRUCTION,13707200.0,,,,,,,,,,
2026-05-22,0013229,COMPLETED-CONSTRUCTION,2283132.09,,,,,,,,,,
2026-05-22,0013230,COMPLETED-CONSTRUCTION,5090842.54,,,,,,,,,,
2026-05-22,0013231,COMPLETED-CONSTRUCTION,4567733.600000001,,,,,,,,,,
2026-05-22,0013239,UNDER-CONSTRUCTION,39989765.0,,,,,,,,,,
2026-05-22,0013244,PRE-CONSTRUCTION,13206200.0,,,,,,,,,,
2026-05-22,0013248,COMPLETED-CONSTRUCTION,19490055.5,,,,,,,,,,
2026-05-22,0013257,PRE-CONSTRUCTION,3492078.56,,,,,,,,,,
2026-05-22,0013258,COMPLETED-CONSTRUCTION,2825687.44,,,,,,,,,,
2026-05-22,0013259,COMPLETED-CONSTRUCTION,2245881.13,,,,,,,,,,
2026-05-22,0013260,PRE-CONSTRUCTION,1624000.0,,,,,,,,,,
2026-05-22,0013282,COMPLETED-CONSTRUCTION,14114692.11,,,,,,,,,,
2026-05-22,0013294,COMPLETED-CONSTRUCTION,7206307.569999999,,,,,,,,,,
2026-05-22,0013295,COMPLETED-CONSTRUCTION,1234474.72,,,,,,,,,,
2026-05-22,0013296,COMPLETED-CONSTRUCTION,10067689.06,,,,,,,,,,
2026-05-22,0013297,UNDER-CONSTRUCTION,5038056.5,,,,,,,,,,
2026-05-22,0013298,COMPLETED-CONSTRUCTION,740489.84,,,,,,,,,,
2026-05-22,0013301,PRE-CONSTRUCTION,29154132.29,,,,,,,,,,
2026-05-22,0013303,PRE-CONSTRUCTION,49779100.0,,,,,,,,,,
2026-05-22,0013304,PRE-CONSTRUCTION,54793555.0,,,,,,,,,,
2026-05-22,0013305,PRE-CONSTRUCTION,145362760.0,,,,,,,,,,
2026-05-22,0013306,PRE-CONSTRUCTION,44359150.0,,,,,,,,,,
2026-05-22,0013307,PRE-CONSTRUCTION,49127461.0,,,,,,,,,,
2026-05-22,0013308,PRE-CONSTRUCTION,50170407.0,,,,,,,,,,
2026-05-22,0013309,PRE-CONSTRUCTION,62613000.0,,,,,,,,,,
2026-05-22,0013310,PRE-CONSTRUCTION,63472000.76,,,,,,,,,,
2026-05-22,0013311,PRE-CONSTRUCTION,157258778.67000002,,,,,,,,,,
2026-05-22,0013312,PRE-CONSTRUCTION,11077000.0,,,,,,,,,,
2026-05-22,0013313,PRE-CONSTRUCTION,26372291.0,,,,,,,,,,
2026-05-22,0013315,PRE-CONSTRUCTION,43494700.0,,,,,,,,,,
2026-05-22,0013316,PRE-CONSTRUCTION,8120000.0,,,,,,,,,,
2026-05-22,0013317,PRE-CONSTRUCTION,19800000.0,,,,,,,,,,
2026-05-22,0013319,COMPLETED-CONSTRUCTION,1217197.0,,,,,,,,,,
2026-05-22,0013322,COMPLETED-CONSTRUCTION,3804917.97,,,,,,,,,,
2026-05-22,0013323,COMPLETED-CONSTRUCTION,1528245.52,,,,,,,,,,
2026-05-22,0013324,COMPLETED-CONSTRUCTION,657415.29,,,,,,,,,,
2026-05-22,0013325,COMPLETED-CONSTRUCTION,1764160.71,,,,,,,,,,
2026-05-22,0013332,COMPLETED-CONSTRUCTION,4628036.26,,,,,,,,,,
2026-05-22,0013333,COMPLETED-CONSTRUCTION,7049073.88,,,,,,,,,,
2026-05-22,0013335,COMPLETED-CONSTRUCTION,2447626.83,,,,,,,,,,
2026-05-22,0013337,COMPLETED-CONSTRUCTION,816063.99,,,,,,,,,,
2026-05-22,0013339,COMPLETED-CONSTRUCTION,2359837.9299999997,,,,,,,,,,
2026-05-22,0013363,COMPLETED-CONSTRUCTION,5771347.909999999,,,,,,,,,,
2026-05-22,0013365,PRE-CONSTRUCTION,2744695.0,,,,,,,,,,
2026-05-22,0013368,COMPLETED-CONSTRUCTION,6267653.13,,,,,,,,,,
2026-05-22,0013369,UNDER-CONSTRUCTION,33922869.379999995,,,,,,,,,,
2026-05-22,0013370,PRE-CONSTRUCTION,4719617.0,,,,,,,,,,
2026-05-22,0013372,PRE-CONSTRUCTION,79485856.51,,,,,,,,,,
2026-05-22,0013373,UNDER-CONSTRUCTION,21563337.94,,,,,,,,,,
2026-05-22,0013375,UNDER-CONSTRUCTION,9934051.44,,,,,,,,,,
2026-05-22,0013379,UNDER-CONSTRUCTION,13188880.38,,,,,,,,,,
2026-05-22,0013389,PRE-CONSTRUCTION,70714691.82000001,,,,,,,,,,
2026-05-22,0013390,UNDER-CONSTRUCTION,11756698.2,,,,,,,,,,
2026-05-22,0013423,PRE-CONSTRUCTION,55717800.0,,,,,,,,,,
2026-05-22,0013525,UNDER-CONSTRUCTION,33262162.86,,,,,,,,,,
2026-05-22,0013526,UNDER-CONSTRUCTION,69006031.7,,,,,,,,,,
2026-05-22,0013530,PRE-CONSTRUCTION,74598122.0,,,,,,,,,,
2026-05-22,0013531,UNDER-CONSTRUCTION,50397149.03,,,,,,,,,,
2026-05-22,0013532,COMPLETED-CONSTRUCTION,5608982.51,,,,,,,,,,
2026-05-22,0013539,UNDER-CONSTRUCTION,61369474.28,,,,,,,,,,
2026-05-22,0013545,COMPLETED-CONSTRUCTION,112366494.94,,,,,,,,,,
2026-05-22,0013546,UNDER-CONSTRUCTION,628716442.15,,,,,,,,,,
2026-05-22,0013553,PRE-CONSTRUCTION,22430000.0,,,,,,,,,,
2026-05-22,0013554,PRE-CONSTRUCTION,43160000.0,,,,,,,,,,
2026-05-22,0013555,PRE-CONSTRUCTION,86464000.0,,,,,,,,,,
2026-05-22,0013556,PRE-CONSTRUCTION,11428424.9,,,,,,,,,,
2026-05-22,0013557,PRE-CONSTRUCTION,6378000.0,,,,,,,,,,
2026-05-22,0013558,PRE-CONSTRUCTION,11533000.0,,,,,,,,,,
2026-05-22,0013559,PRE-CONSTRUCTION,7550106.57,,,,,,,,,,
2026-05-22,0013560,PRE-CONSTRUCTION,13782000.0,,,,,,,,,,
2026-05-22,0013561,PRE-CONSTRUCTION,11100000.0,,,,,,,,,,
2026-05-22,0013562,PRE-CONSTRUCTION,68479660.0,,,,,,,,,,
2026-05-22,0013563,PRE-CONSTRUCTION,29487337.36,,,,,,,,,,
2026-05-22,0013564,PRE-CONSTRUCTION,1172000.0,,,,,,,,,,
2026-05-22,0013565,PRE-CONSTRUCTION,1356000.0,,,,,,,,,,
2026-05-22,0013566,PRE-CONSTRUCTION,12691000.0,,,,,,,,,,
2026-05-22,0013567,PRE-CONSTRUCTION,6902432.0,,,,,,,,,,
2026-05-22,0013568,PRE-CONSTRUCTION,67815000.0,,,,,,,,,,
2026-05-22,0013569,PRE-CONSTRUCTION,39109000.0,,,,,,,,,,
2026-05-22,0013571,PRE-CONSTRUCTION,17475412.36,,,,,,,,,,
2026-05-22,0013572,PRE-CONSTRUCTION,69907552.78,,,,,,,,,,
2026-05-22,0013574,PRE-CONSTRUCTION,36256000.0,,,,,,,,,,
2026-05-22,0013577,PRE-CONSTRUCTION,111336000.0,,,,,,,,,,
2026-05-22,0013578,PRE-CONSTRUCTION,66479848.94,,,,,,,,,,
2026-05-22,0013579,PRE-CONSTRUCTION,27534594.97,,,,,,,,,,
2026-05-22,0013580,PRE-CONSTRUCTION,85740000.0,,,,,,,,,,
2026-05-22,0013582,PRE-CONSTRUCTION,17964000.0,,,,,,,,,,
2026-05-22,0013584,PRE-CONSTRUCTION,21569000.0,,,,,,,,,,
2026-05-22,0013585,PRE-CONSTRUCTION,50920000.0,,,,,,,,,,
2026-05-22,0013586,PRE-CONSTRUCTION,11750262.0,,,,,,,,,,
2026-05-22,0013587,PRE-CONSTRUCTION,4816000.0,,,,,,,,,,
2026-05-22,0013588,PRE-CONSTRUCTION,21608600.0,,,,,,,,,,
2026-05-22,0013589,PRE-CONSTRUCTION,10417000.0,,,,,,,,,,
2026-05-22,0013590,PRE-CONSTRUCTION,33666130.38,,,,,,,,,,
2026-05-22,0013591,PRE-CONSTRUCTION,114566516.0,,,,,,,,,,
2026-05-22,0013594,PRE-CONSTRUCTION,45135281.349999994,,,,,,,,,,
2026-05-22,0013595,COMPLETED-CONSTRUCTION,6049902.7,,,,,,,,,,
2026-05-22,0013596,COMPLETED-CONSTRUCTION,5957706.04,,,,,,,,,,
2026-05-22,0013597,COMPLETED-CONSTRUCTION,3227983.32,,,,,,,,,,
2026-05-22,0013598,COMPLETED-CONSTRUCTION,6891085.81,,,,,,,,,,
2026-05-22,0013600,COMPLETED-CONSTRUCTION,3477608.4299999997,,,,,,,,,,
2026-05-22,0013601,UNDER-CONSTRUCTION,7271354.64,,,,,,,,,,
2026-05-22,0013602,COMPLETED-CONSTRUCTION,4379406.68,,,,,,,,,,
2026-05-22,0013603,COMPLETED-CONSTRUCTION,21271438.73,,,,,,,,,,
2026-05-22,0013604,COMPLETED-CONSTRUCTION,3514185.8899999997,,,,,,,,,,
2026-05-22,0013605,UNDER-CONSTRUCTION,37771579.06,,,,,,,,,,
2026-05-22,0013606,COMPLETED-CONSTRUCTION,7048203.0200000005,,,,,,,,,,
2026-05-22,0013607,COMPLETED-CONSTRUCTION,3460345.1799999997,,,,,,,,,,
2026-05-22,0013608,COMPLETED-CONSTRUCTION,2446147.56,,,,,,,,,,
2026-05-22,0013609,COMPLETED-CONSTRUCTION,4722192.52,,,,,,,,,,
2026-05-22,0013610,UNDER-CONSTRUCTION,10169886.29,,,,,,,,,,
2026-05-22,0013611,COMPLETED-CONSTRUCTION,6305941.41,,,,,,,,,,
2026-05-22,0013613,PRE-CONSTRUCTION,59205335.46,,,,,,,,,,
2026-05-22,0013614,COMPLETED-CONSTRUCTION,58228400.36,,,,,,,,,,
2026-05-22,0013615,UNDER-CONSTRUCTION,78321525.89,,,,,,,,,,
2026-05-22,0013616,PRE-CONSTRUCTION,69629064.97,,,,,,,,,,
2026-05-22,0013617,PRE-CONSTRUCTION,100673904.01,,,,,,,,,,
2026-05-22,0013618,COMPLETED-CONSTRUCTION,21967539.48,,,,,,,,,,
2026-05-22,0013619,PRE-CONSTRUCTION,32429622.55,,,,,,,,,,
2026-05-22,0013620,COMPLETED-CONSTRUCTION,1627332.36,,,,,,,,,,
2026-05-22,0013626,PRE-CONSTRUCTION,71997000.0,,,,,,,,,,
2026-05-22,0013627,COMPLETED-CONSTRUCTION,7590933.67,,,,,,,,,,
2026-05-22,0013628,UNDER-CONSTRUCTION,53712504.8,,,,,,,,,,
2026-05-22,0013632,COMPLETED-CONSTRUCTION,169071.44,,,,,,,,,,
2026-05-22,0013638,COMPLETED-CONSTRUCTION,83861.81,,,,,,,,,,
2026-05-22,0013643,COMPLETED-CONSTRUCTION,7554081.45,,,,,,,,,,
2026-05-22,0013647,COMPLETED-CONSTRUCTION,161355.47,,,,,,,,,,
2026-05-22,0013650,COMPLETED-CONSTRUCTION,4351152.350000001,,,,,,,,,,
2026-05-22,0013654,COMPLETED-CONSTRUCTION,320680.52,,,,,,,,,,
2026-05-22,0013677,PRE-CONSTRUCTION,34577219.0,,,,,,,,,,
2026-05-22,0013678,PRE-CONSTRUCTION,59119292.61,,,,,,,,,,
2026-05-22,0013682,COMPLETED-CONSTRUCTION,5349810.46,,,,,,,,,,
2026-05-22,0013684,COMPLETED-CONSTRUCTION,1010522.89,,,,,,,,,,
2026-05-22,0013685,COMPLETED-CONSTRUCTION,6490016.25,,,,,,,,,,
2026-05-22,0013686,COMPLETED-CONSTRUCTION,4684647.4,,,,,,,,,,
2026-05-22,0013687,COMPLETED-CONSTRUCTION,2757505.69,,,,,,,,,,
2026-05-22,0013689,COMPLETED-CONSTRUCTION,2155244.36,,,,,,,,,,
2026-05-22,0013690,PRE-CONSTRUCTION,2944931.7,,,,,,,,,,
2026-05-22,0013691,PRE-CONSTRUCTION,4018514.4,,,,,,,,,,
2026-05-22,0013692,UNDER-CONSTRUCTION,4575253.71,,,,,,,,,,
2026-05-22,0013693,COMPLETED-CONSTRUCTION,4477093.46,,,,,,,,,,
2026-05-22,0013694,UNDER-CONSTRUCTION,3048723.65,,,,,,,,,,
2026-05-22,0013696,PRE-CONSTRUCTION,7043913.57,,,,,,,,,,
2026-05-22,0013697,UNDER-CONSTRUCTION,6367864.46,,,,,,,,,,
2026-05-22,0013700,PRE-CONSTRUCTION,53667013.57,,,,,,,,,,
2026-05-22,0013702,PRE-CONSTRUCTION,102584286.28,,,,,,,,,,
2026-05-22,0013703,PRE-CONSTRUCTION,57932534.42,,,,,,,,,,
2026-05-22,0013704,UNDER-CONSTRUCTION,47708460.71,,,,,,,,,,
2026-05-22,0013705,COMPLETED-CONSTRUCTION,1323385.0,,,,,,,,,,
2026-05-22,0013707,UNDER-CONSTRUCTION,939709.77,,,,,,,,,,
2026-05-22,0013708,PRE-CONSTRUCTION,899901.0,,,,,,,,,,
2026-05-22,0013709,COMPLETED-CONSTRUCTION,215009.09,,,,,,,,,,
2026-05-22,0013710,COMPLETED-CONSTRUCTION,2221225.0,,,,,,,,,,
2026-05-22,0013711,COMPLETED-CONSTRUCTION,4385434.94,,,,,,,,,,
2026-05-22,0013712,UNDER-CONSTRUCTION,22957462.34,,,,,,,,,,
2026-05-22,0013713,COMPLETED-CONSTRUCTION,5319556.04,,,,,,,,,,
2026-05-22,0013714,PRE-CONSTRUCTION,26364471.75,,,,,,,,,,
2026-05-22,0013715,UNDER-CONSTRUCTION,17084732.45,,,,,,,,,,
2026-05-22,0013716,COMPLETED-CONSTRUCTION,13055219.87,,,,,,,,,,
2026-05-22,0013717,UNDER-CONSTRUCTION,15045347.44,,,,,,,,,,
2026-05-22,0013719,COMPLETED-CONSTRUCTION,5962141.42,,,,,,,,,,
2026-05-22,0013721,COMPLETED-CONSTRUCTION,4411893.16,,,,,,,,,,
2026-05-22,0013723,COMPLETED-CONSTRUCTION,7313821.58,,,,,,,,,,
2026-05-22,0013724,UNDER-CONSTRUCTION,3329211.41,,,,,,,,,,
2026-05-22,0013725,PRE-CONSTRUCTION,3712023.28,,,,,,,,,,
2026-05-22,0013726,UNDER-CONSTRUCTION,22609474.409999996,,,,,,,,,,
2026-05-22,0013727,COMPLETED-CONSTRUCTION,48090800.43,,,,,,,,,,
2026-05-22,0013732,COMPLETED-CONSTRUCTION,8917930.399999999,,,,,,,,,,
2026-05-22,0013733,PRE-CONSTRUCTION,4744150.0,,,,,,,,,,
2026-05-22,0013734,UNDER-CONSTRUCTION,7148483.24,,,,,,,,,,
2026-05-22,0013735,COMPLETED-CONSTRUCTION,4018898.54,,,,,,,,,,
2026-05-22,0013736,COMPLETED-CONSTRUCTION,3831696.96,,,,,,,,,,
2026-05-22,0013737,COMPLETED-CONSTRUCTION,7115974.33,,,,,,,,,,
2026-05-22,0013740,COMPLETED-CONSTRUCTION,15247830.99,,,,,,,,,,
2026-05-22,0013741,UNDER-CONSTRUCTION,69134369.97,,,,,,,,,,
2026-05-22,0013742,UNDER-CONSTRUCTION,23469506.03,,,,,,,,,,
2026-05-22,0013744,COMPLETED-CONSTRUCTION,5045550.48,,,,,,,,,,
2026-05-22,0013745,PRE-CONSTRUCTION,157828798.65,,,,,,,,,,
2026-05-22,0013746,UNDER-CONSTRUCTION,8729215.219999999,,,,,,,,,,
2026-05-22,0013747,COMPLETED-CONSTRUCTION,3761793.18,,,,,,,,,,
2026-05-22,0013748,COMPLETED-CONSTRUCTION,9722953.62,,,,,,,,,,
2026-05-22,0013749,COMPLETED-CONSTRUCTION,6178437.630000001,,,,,,,,,,
2026-05-22,0013750,COMPLETED-CONSTRUCTION,6900742.97,,,,,,,,,,
2026-05-22,0013751,UNDER-CONSTRUCTION,9248143.55,,,,,,,,,,
2026-05-22,0013752,COMPLETED-CONSTRUCTION,11877458.54,,,,,,,,,,
2026-05-22,0013756,PRE-CONSTRUCTION,6073746.0,,,,,,,,,,
2026-05-22,0013758,COMPLETED-CONSTRUCTION,2492776.06,,,,,,,,,,
2026-05-22,0013760,PRE-CONSTRUCTION,6744043.4,,,,,,,,,,
2026-05-22,0013762,PRE-CONSTRUCTION,67605109.0,,,,,,,,,,
2026-05-22,0013763,UNDER-CONSTRUCTION,37272991.72,,,,,,,,,,
2026-05-22,0013764,PRE-CONSTRUCTION,10532049.989999998,,,,,,,,,,
2026-05-22,0013766,PRE-CONSTRUCTION,16755304.25,,,,,,,,,,
2026-05-22,0013770,PRE-CONSTRUCTION,212000000.0,,,,,,,,,,
2026-05-22,0013801,COMPLETED-CONSTRUCTION,3919489.94,,,,,,,,,,
2026-05-22,0013802,COMPLETED-CONSTRUCTION,13705949.77,,,,,,,,,,
2026-05-22,0013803,COMPLETED-CONSTRUCTION,1684909.89,,,,,,,,,,
2026-05-22,0013804,UNDER-CONSTRUCTION,27018117.38,,,,,,,,,,
2026-05-22,0013806,UNDER-CONSTRUCTION,16503420.13,,,,,,,,,,
2026-05-22,0013807,COMPLETED-CONSTRUCTION,4397655.34,,,,,,,,,,
2026-05-22,0013808,UNDER-CONSTRUCTION,8017379.82,,,,,,,,,,
2026-05-22,0013809,UNDER-CONSTRUCTION,24144758.0,,,,,,,,,,
2026-05-22,0013810,UNDER-CONSTRUCTION,11738652.24,,,,,,,,,,
2026-05-22,0013811,COMPLETED-CONSTRUCTION,4762450.54,,,,,,,,,,
2026-05-22,0013812,COMPLETED-CONSTRUCTION,5989023.68,,,,,,,,,,
2026-05-22,0013813,UNDER-CONSTRUCTION,19793257.63,,,,,,,,,,
2026-05-22,0013815,COMPLETED-CONSTRUCTION,5140751.95,,,,,,,,,,
2026-05-22,0013816,COMPLETED-CONSTRUCTION,3727875.03,,,,,,,,,,
2026-05-22,0013817,COMPLETED-CONSTRUCTION,10240159.72,,,,,,,,,,
2026-05-22,0013818,COMPLETED-CONSTRUCTION,6605739.5600000005,,,,,,,,,,
2026-05-22,0013819,COMPLETED-CONSTRUCTION,8183293.32,,,,,,,,,,
2026-05-22,0013820,COMPLETED-CONSTRUCTION,9772073.72,,,,,,,,,,
2026-05-22,0013821,COMPLETED-CONSTRUCTION,5092949.5600000005,,,,,,,,,,
2026-05-22,0013822,COMPLETED-CONSTRUCTION,2846606.9000000004,,,,,,,,,,
2026-05-22,0013823,COMPLETED-CONSTRUCTION,3100914.6199999996,,,,,,,,,,
2026-05-22,0013824,COMPLETED-CONSTRUCTION,3760174.78,,,,,,,,,,
2026-05-22,0013825,COMPLETED-CONSTRUCTION,2394931.63,,,,,,,,,,
2026-05-22,0013826,COMPLETED-CONSTRUCTION,3113100.41,,,,,,,,,,
2026-05-22,0013827,UNDER-CONSTRUCTION,8206967.08,,,,,,,,,,
2026-05-22,0013828,COMPLETED-CONSTRUCTION,3727650.46,,,,,,,,,,
2026-05-22,0013847,PRE-CONSTRUCTION,17075000.0,,,,,,,,,,
2026-05-22,0013848,PRE-CONSTRUCTION,17991000.0,,,,,,,,,,
2026-05-22,0013849,PRE-CONSTRUCTION,18017700.0,,,,,,,,,,
2026-05-22,0013850,PRE-CONSTRUCTION,17285000.0,,,,,,,,,,
2026-05-22,0013856,PRE-CONSTRUCTION,49464995.08,,,,,,,,,,
2026-05-22,0013859,COMPLETED-CONSTRUCTION,6383617.529999999,,,,,,,,,,
2026-05-22,0013860,COMPLETED-CONSTRUCTION,4654062.9,,,,,,,,,,
2026-05-22,0013861,COMPLETED-CONSTRUCTION,6210505.84,,,,,,,,,,
2026-05-22,0013882,UNDER-CONSTRUCTION,2400000.0,,,,,,,,,,
2026-05-22,0013883,PRE-CONSTRUCTION,4700000.0,,,,,,,,,,
2026-05-22,0013884,PRE-CONSTRUCTION,16908364.560000002,,,,,,,,,,
2026-05-22,0013886,UNDER-CONSTRUCTION,16687091.43,,,,,,,,,,
2026-05-22,0013887,COMPLETED-CONSTRUCTION,7187353.789999999,,,,,,,,,,
2026-05-22,0013888,UNDER-CONSTRUCTION,17844723.66,,,,,,,,,,
2026-05-22,0013889,PRE-CONSTRUCTION,4941000.0,,,,,,,,,,
2026-05-22,0013890,PRE-CONSTRUCTION,83613000.0,,,,,,,,,,
2026-05-22,0013891,PRE-CONSTRUCTION,72027000.0,,,,,,,,,,
2026-05-22,0013892,PRE-CONSTRUCTION,74726000.0,,,,,,,,,,
2026-05-22,0013893,UNDER-CONSTRUCTION,171919028.57,,,,,,,,,,
2026-05-22,0013894,COMPLETED-CONSTRUCTION,13234734.22,,,,,,,,,,
2026-05-22,0013895,UNDER-CONSTRUCTION,98361965.73,,,,,,,,,,
2026-05-22,0013896,UNDER-CONSTRUCTION,7977062.36,,,,,,,,,,
2026-05-22,0013897,UNDER-CONSTRUCTION,80395995.24000001,,,,,,,,,,
2026-05-22,0013899,PRE-CONSTRUCTION,14222062.83,,,,,,,,,,
2026-05-22,0013900,PRE-CONSTRUCTION,42200143.57,,,,,,,,,,
2026-05-22,0013901,PRE-CONSTRUCTION,17309415.72,,,,,,,,,,
2026-05-22,0013904,PRE-CONSTRUCTION,25772050.0,,,,,,,,,,
2026-05-22,0013905,PRE-CONSTRUCTION,26548300.0,,,,,,,,,,
2026-05-22,0013906,PRE-CONSTRUCTION,22721550.0,,,,,,,,,,
2026-05-22,0013907,PRE-CONSTRUCTION,23200000.0,,,,,,,,,,
2026-05-22,0013908,PRE-CONSTRUCTION,22338150.0,,,,,,,,,,
2026-05-22,0013911,COMPLETED-CONSTRUCTION,1998315.13,,,,,,,,,,
2026-05-22,0013915,UNDER-CONSTRUCTION,842135613.5,,,,,,,,,,
2026-05-22,0013917,PRE-CONSTRUCTION,4715470277.01,,,,,,,,,,
2026-05-22,0013918,UNDER-CONSTRUCTION,1498019584.58,,,,,,,,,,
2026-05-22,0013919,PRE-CONSTRUCTION,312834242.0,,,,,,,,,,
2026-05-22,0013920,PRE-CONSTRUCTION,333267653.0,,,,,,,,,,
2026-05-22,0013921,UNDER-CONSTRUCTION,13922618.38,,,,,,,,,,
2026-05-22,0013922,COMPLETED-CONSTRUCTION,8596917.32,,,,,,,,,,
2026-05-22,0013924,COMPLETED-CONSTRUCTION,3900744.96,,,,,,,,,,
2026-05-22,0013925,COMPLETED-CONSTRUCTION,5229384.5600000005,,,,,,,,,,
2026-05-22,0013926,UNDER-CONSTRUCTION,21183444.5,,,,,,,,,,
2026-05-22,0013927,PRE-CONSTRUCTION,82838319.09,,,,,,,,,,
2026-05-22,0013928,COMPLETED-CONSTRUCTION,11477898.0,,,,,,,,,,
2026-05-22,0013930,UNDER-CONSTRUCTION,8207806.819999999,,,,,,,,,,
2026-05-22,0013935,COMPLETED-CONSTRUCTION,3461948.0,,,,,,,,,,
2026-05-22,0013936,COMPLETED-CONSTRUCTION,4493818.62,,,,,,,,,,
2026-05-22,0013937,UNDER-CONSTRUCTION,9561398.95,,,,,,,,,,
2026-05-22,0013938,COMPLETED-CONSTRUCTION,3323525.71,,,,,,,,,,
2026-05-22,0013939,COMPLETED-CONSTRUCTION,5878506.02,,,,,,,,,,
2026-05-22,0013941,COMPLETED-CONSTRUCTION,9112872.7,,,,,,,,,,
2026-05-22,0013942,COMPLETED-CONSTRUCTION,5855345.65,,,,,,,,,,
2026-05-22,0013943,COMPLETED-CONSTRUCTION,9255064.63,,,,,,,,,,
2026-05-22,0013944,COMPLETED-CONSTRUCTION,4369039.74,,,,,,,,,,
2026-05-22,0013945,COMPLETED-CONSTRUCTION,1451279.18,,,,,,,,,,
2026-05-22,0013946,PRE-CONSTRUCTION,38994560.95,,,,,,,,,,
2026-05-22,0013947,COMPLETED-CONSTRUCTION,7641683.33,,,,,,,,,,
2026-05-22,0013948,UNDER-CONSTRUCTION,48009864.86,,,,,,,,,,
2026-05-22,0013949,UNDER-CONSTRUCTION,20613804.45,,,,,,,,,,
2026-05-22,0013950,PRE-CONSTRUCTION,10601590.26,,,,,,,,,,
2026-05-22,0013951,PRE-CONSTRUCTION,55738000.0,,,,,,,,,,
2026-05-22,0013954,PRE-CONSTRUCTION,5843899.48,,,,,,,,,,
2026-05-22,0013956,COMPLETED-CONSTRUCTION,745668.8400000001,,,,,,,,,,
2026-05-22,0013960,UNDER-CONSTRUCTION,6040915.66,,,,,,,,,,
2026-05-22,0013965,PRE-CONSTRUCTION,43750559.489999995,,,,,,,,,,
2026-05-22,0013967,COMPLETED-CONSTRUCTION,42040248.19,,,,,,,,,,
2026-05-22,0013971,UNDER-CONSTRUCTION,26565721.25,,,,,,,,,,
2026-05-22,0013972,PRE-CONSTRUCTION,29508000.0,,,,,,,,,,
2026-05-22,0013974,PRE-CONSTRUCTION,25662000.0,,,,,,,,,,
2026-05-22,0013986,PRE-CONSTRUCTION,12899000.0,,,,,,,,,,
2026-05-22,0013987,COMPLETED-CONSTRUCTION,20151332.23,,,,,,,,,,
2026-05-22,0013988,UNDER-CONSTRUCTION,31280077.04,,,,,,,,,,
2026-05-22,0013989,PRE-CONSTRUCTION,103009000.0,,,,,,,,,,
2026-05-22,0013990,UNDER-CONSTRUCTION,7763159.15,,,,,,,,,,
2026-05-22,0013991,PRE-CONSTRUCTION,12091222.91,,,,,,,,,,
2026-05-22,0013992,UNDER-CONSTRUCTION,25604280.82,,,,,,,,,,
2026-05-22,0013994,UNDER-CONSTRUCTION,10990048.78,,,,,,,,,,
2026-05-22,0013996,COMPLETED-CONSTRUCTION,6165977.36,,,,,,,,,,
2026-05-22,0013997,COMPLETED-CONSTRUCTION,5491479.17,,,,,,,,,,
2026-05-22,0013999,UNDER-CONSTRUCTION,7703002.51,,,,,,,,,,
2026-05-22,0014016,COMPLETED-CONSTRUCTION,3832440.55,,,,,,,,,,
2026-05-22,0014072,UNDER-CONSTRUCTION,19122289.84,,,,,,,,,,
2026-05-22,0014073,COMPLETED-CONSTRUCTION,10373952.95,,,,,,,,,,
2026-05-22,0014074,COMPLETED-CONSTRUCTION,3352882.61,,,,,,,,,,
2026-05-22,0014075,COMPLETED-CONSTRUCTION,16662560.63,,,,,,,,,,
2026-05-22,0014076,COMPLETED-CONSTRUCTION,8250000.0,,,,,,,,,,
2026-05-22,0014077,PRE-CONSTRUCTION,50020166.57,,,,,,,,,,
2026-05-22,0014079,UNDER-CONSTRUCTION,12867000.0,,,,,,,,,,
2026-05-22,0014080,PRE-CONSTRUCTION,32409000.0,,,,,,,,,,
2026-05-22,0014082,UNDER-CONSTRUCTION,15033367.71,,,,,,,,,,
2026-05-22,0014083,COMPLETED-CONSTRUCTION,4788035.41,,,,,,,,,,
2026-05-22,0014085,UNDER-CONSTRUCTION,7727858.75,,,,,,,,,,
2026-05-22,0014086,COMPLETED-CONSTRUCTION,8264626.74,,,,,,,,,,
2026-05-22,0014087,COMPLETED-CONSTRUCTION,4690483.97,,,,,,,,,,
2026-05-22,0014088,COMPLETED-CONSTRUCTION,5375565.83,,,,,,,,,,
2026-05-22,0014089,COMPLETED-CONSTRUCTION,1211155.45,,,,,,,,,,
2026-05-22,0014090,UNDER-CONSTRUCTION,18965421.15,,,,,,,,,,
2026-05-22,0014091,COMPLETED-CONSTRUCTION,2526975.56,,,,,,,,,,
2026-05-22,0014122,PRE-CONSTRUCTION,28058985.33,,,,,,,,,,
2026-05-22,0014123,COMPLETED-CONSTRUCTION,4369768.67,,,,,,,,,,
2026-05-22,0014124,PRE-CONSTRUCTION,56964000.0,,,,,,,,,,
2026-05-22,0014125,PRE-CONSTRUCTION,70084000.0,,,,,,,,,,
2026-05-22,0014126,PRE-CONSTRUCTION,79772000.0,,,,,,,,,,
2026-05-22,0014127,PRE-CONSTRUCTION,50832000.0,,,,,,,,,,
2026-05-22,0014128,PRE-CONSTRUCTION,37135000.0,,,,,,,,,,
2026-05-22,0014129,PRE-CONSTRUCTION,47125181.0,,,,,,,,,,
2026-05-22,0014131,COMPLETED-CONSTRUCTION,48853049.739999995,,,,,,,,,,
2026-05-22,0014132,PRE-CONSTRUCTION,53608641.28,,,,,,,,,,
2026-05-22,0014133,UNDER-CONSTRUCTION,70337846.67,,,,,,,,,,
2026-05-22,0014134,UNDER-CONSTRUCTION,47533485.34,,,,,,,,,,
2026-05-22,0014159,COMPLETED-CONSTRUCTION,3436752.8200000003,,,,,,,,,,
2026-05-22,0014160,COMPLETED-CONSTRUCTION,7971182.4,,,,,,,,,,
2026-05-22,0014167,COMPLETED-CONSTRUCTION,5166620.57,,,,,,,,,,
2026-05-22,0014168,UNDER-CONSTRUCTION,11946169.33,,,,,,,,,,
2026-05-22,0014169,COMPLETED-CONSTRUCTION,4896798.38,,,,,,,,,,
2026-05-22,0014170,COMPLETED-CONSTRUCTION,7154204.25,,,,,,,,,,
2026-05-22,0014172,PRE-CONSTRUCTION,97441463.68,,,,,,,,,,
2026-05-22,0014173,PRE-CONSTRUCTION,26387246.0,,,,,,,,,,
2026-05-22,0014175,COMPLETED-CONSTRUCTION,6918459.44,,,,,,,,,,
2026-05-22,0014176,COMPLETED-CONSTRUCTION,6738389.59,,,,,,,,,,
2026-05-22,0014177,COMPLETED-CONSTRUCTION,9459784.63,,,,,,,,,,
2026-05-22,0014178,COMPLETED-CONSTRUCTION,9968870.59,,,,,,,,,,
2026-05-22,0014203,PRE-CONSTRUCTION,4212428519.4,,,,,,,,,,
2026-05-22,0014482,UNDER-CONSTRUCTION,58215626.49,,,,,,,,,,
2026-05-22,0014485,COMPLETED-CONSTRUCTION,17503653.57,,,,,,,,,,
2026-05-22,0014884,PRE-CONSTRUCTION,38713140.0,,,,,,,,,,
2026-05-22,0014885,PRE-CONSTRUCTION,39644803.0,,,,,,,,,,
2026-05-22,0014886,PRE-CONSTRUCTION,26408278.0,,,,,,,,,,
2026-05-22,0014887,PRE-CONSTRUCTION,68940666.0,,,,,,,,,,
2026-05-22,0014888,PRE-CONSTRUCTION,74270390.82,,,,,,,,,,
2026-05-22,0014889,PRE-CONSTRUCTION,74300000.0,,,,,,,,,,
2026-05-22,0014890,PRE-CONSTRUCTION,73800000.0,,,,,,,,,,
2026-05-22,0014891,PRE-CONSTRUCTION,87300000.0,,,,,,,,,,
2026-05-22,0014892,PRE-CONSTRUCTION,44800000.0,,,,,,,,,,
2026-05-22,0014893,PRE-CONSTRUCTION,33405839.83,,,,,,,,,,
2026-05-22,0014894,PRE-CONSTRUCTION,23633000.0,,,,,,,,,,
2026-05-22,0014895,COMPLETED-CONSTRUCTION,1842812.0,,,,,,,,,,
2026-05-22,0014896,COMPLETED-CONSTRUCTION,13901770.49,,,,,,,,,,
2026-05-22,0014897,UNDER-CONSTRUCTION,13394434.13,,,,,,,,,,
2026-05-22,0014899,COMPLETED-CONSTRUCTION,16656760.59,,,,,,,,,,
2026-05-22,0014900,COMPLETED-CONSTRUCTION,8051172.109999999,,,,,,,,,,
2026-05-22,0014901,COMPLETED-CONSTRUCTION,7713690.34,,,,,,,,,,
2026-05-22,0014902,UNDER-CONSTRUCTION,12192326.96,,,,,,,,,,
2026-05-22,0014903,COMPLETED-CONSTRUCTION,10545111.81,,,,,,,,,,
2026-05-22,0014904,COMPLETED-CONSTRUCTION,2513057.31,,,,,,,,,,
2026-05-22,0014905,COMPLETED-CONSTRUCTION,4255430.66,,,,,,,,,,
2026-05-22,0014906,UNDER-CONSTRUCTION,11652913.08,,,,,,,,,,
2026-05-22,0014907,COMPLETED-CONSTRUCTION,3843157.8,,,,,,,,,,
2026-05-22,0014908,COMPLETED-CONSTRUCTION,4518180.85,,,,,,,,,,
2026-05-22,0014914,PRE-CONSTRUCTION,11877493.31,,,,,,,,,,
2026-05-22,0014924,PRE-CONSTRUCTION,6750000.0,,,,,,,,,,
2026-05-22,0014925,PRE-CONSTRUCTION,60671000.0,,,,,,,,,,
2026-05-22,0014926,PRE-CONSTRUCTION,57602000.0,,,,,,,,,,
2026-05-22,0014927,PRE-CONSTRUCTION,60685000.0,,,,,,,,,,
2026-05-22,0014928,PRE-CONSTRUCTION,8213957.369999999,,,,,,,,,,
2026-05-22,0014929,PRE-CONSTRUCTION,34925328.0,,,,,,,,,,
2026-05-22,0014935,COMPLETED-CONSTRUCTION,3926110.56,,,,,,,,,,
2026-05-22,0015000,UNDER-CONSTRUCTION,27586749.08,,,,,,,,,,
2026-05-22,0015019,UNDER-CONSTRUCTION,7847142.7,,,,,,,,,,
2026-05-22,0015023,UNDER-CONSTRUCTION,26137239.64,,,,,,,,,,
2026-05-22,0015042,UNDER-CONSTRUCTION,18183705.72,,,,,,,,,,
2026-05-22,0015051,COMPLETED-CONSTRUCTION,28569824.36,,,,,,,,,,
2026-05-22,0015071,UNDER-CONSTRUCTION,10691844.02,,,,,,,,,,
2026-05-22,0015072,COMPLETED-CONSTRUCTION,944712.5,,,,,,,,,,
2026-05-22,0015078,PRE-CONSTRUCTION,11007508.0,,,,,,,,,,
2026-05-22,0015080,UNDER-CONSTRUCTION,14902392.99,,,,,,,,,,
2026-05-22,0015088,UNDER-CONSTRUCTION,4163751.0,,,,,,,,,,
2026-05-22,0015089,PRE-CONSTRUCTION,11970000.0,,,,,,,,,,
2026-05-22,0015090,UNDER-CONSTRUCTION,57470120.06,,,,,,,,,,
2026-05-22,0015095,UNDER-CONSTRUCTION,7168741.67,,,,,,,,,,
2026-05-22,0015096,UNDER-CONSTRUCTION,10655443.97,,,,,,,,,,
2026-05-22,0015097,UNDER-CONSTRUCTION,5740895.0,,,,,,,,,,
2026-05-22,0015099,COMPLETED-CONSTRUCTION,3011393.0,,,,,,,,,,
2026-05-22,0015100,UNDER-CONSTRUCTION,6793478.619999999,,,,,,,,,,
2026-05-22,0015114,UNDER-CONSTRUCTION,11566728.72,,,,,,,,,,
2026-05-22,0015118,COMPLETED-CONSTRUCTION,1840185.86,,,,,,,,,,
2026-05-22,0015127,PRE-CONSTRUCTION,56000000.0,,,,,,,,,,
2026-05-22,0015128,PRE-CONSTRUCTION,16500000.0,,,,,,,,,,
2026-05-22,0015129,PRE-CONSTRUCTION,15500000.0,,,,,,,,,,
2026-05-22,0015130,PRE-CONSTRUCTION,15500000.0,,,,,,,,,,
2026-05-22,0015131,PRE-CONSTRUCTION,60000000.0,,,,,,,,,,
2026-05-22,0015143,COMPLETED-CONSTRUCTION,4112238.26,,,,,,,,,,
2026-05-22,0015145,PRE-CONSTRUCTION,41944478.21,,,,,,,,,,
2026-05-22,0015147,PRE-CONSTRUCTION,3803400.0,,,,,,,,,,
2026-05-22,0015151,PRE-CONSTRUCTION,4431571.01,,,,,,,,,,
2026-05-22,0015156,PRE-CONSTRUCTION,4450000.0,,,,,,,,,,
2026-05-22,0015157,PRE-CONSTRUCTION,11057339.0,,,,,,,,,,
2026-05-22,0015158,COMPLETED-CONSTRUCTION,5000000.0,,,,,,,,,,
2026-05-22,0015159,COMPLETED-CONSTRUCTION,5000000.0,,,,,,,,,,
2026-05-22,0015160,COMPLETED-CONSTRUCTION,5000000.0,,,,,,,,,,
2026-05-22,0015161,COMPLETED-CONSTRUCTION,4221023.4,,,,,,,,,,
2026-05-22,0015194,COMPLETED-CONSTRUCTION,2828743.65,,,,,,,,,,
2026-05-22,0015216,UNDER-CONSTRUCTION,1951922.33,,,,,,,,,,
2026-05-22,0015217,UNDER-CONSTRUCTION,4985000.21,,,,,,,,,,
2026-05-22,0015230,PRE-CONSTRUCTION,78871000.0,,,,,,,,,,
2026-05-22,0015242,COMPLETED-CONSTRUCTION,2028643.26,,,,,,,,,,
2026-05-22,0015243,COMPLETED-CONSTRUCTION,620000.0,,,,,,,,,,
2026-05-22,0015245,COMPLETED-CONSTRUCTION,157010000.0,,,,,,,,,,
2026-05-22,0015248,PRE-CONSTRUCTION,147980927.03,,,,,,,,,,
2026-05-22,0015249,PRE-CONSTRUCTION,184736597.46,,,,,,,,,,
2026-05-22,0015250,PRE-CONSTRUCTION,141211916.34,,,,,,,,,,
2026-05-22,0015251,PRE-CONSTRUCTION,260523747.91,,,,,,,,,,
2026-05-22,0015252,PRE-CONSTRUCTION,108120318.67,,,,,,,,,,
2026-05-22,0015269,COMPLETED-CONSTRUCTION,1471624.4300000002,,,,,,,,,,
2026-05-22,0015271,COMPLETED-CONSTRUCTION,1797363.56,,,,,,,,,,
2026-05-22,0015279,COMPLETED-CONSTRUCTION,13889477.65,,,,,,,,,,
2026-05-22,0015280,PRE-CONSTRUCTION,90602735.16,,,,,,,,,,
2026-05-22,0015284,PRE-CONSTRUCTION,72394000.0,,,,,,,,,,
2026-05-22,0015285,UNDER-CONSTRUCTION,3562144.05,,,,,,,,,,
2026-05-22,0015287,UNDER-CONSTRUCTION,1560000.0,,,,,,,,,,
2026-05-22,0015288,UNDER-CONSTRUCTION,3727091.21,,,,,,,,,,
2026-05-22,0015292,COMPLETED-CONSTRUCTION,1516376.04,,,,,,,,,,
2026-05-22,0015306,UNDER-CONSTRUCTION,8470584.6,,,,,,,,,,
2026-05-22,0015314,COMPLETED-CONSTRUCTION,2803321.02,,,,,,,,,,
2026-05-22,0015318,COMPLETED-CONSTRUCTION,4857144.4,,,,,,,,,,
2026-05-22,0015322,PRE-CONSTRUCTION,27987000.0,,,,,,,,,,
2026-05-22,0015323,PRE-CONSTRUCTION,37087075.94,,,,,,,,,,
2026-05-22,0015382,PRE-CONSTRUCTION,73184545.50999999,,,,,,,,,,
2026-05-22,0015383,UNDER-CONSTRUCTION,227082.86,,,,,,,,,,
2026-05-22,0015384,UNDER-CONSTRUCTION,150246.4,,,,,,,,,,
2026-05-22,0015385,UNDER-CONSTRUCTION,51989.06,,,,,,,,,,
2026-05-22,0015386,UNDER-CONSTRUCTION,103485.2,,,,,,,,,,
2026-05-22,0015387,UNDER-CONSTRUCTION,64101.06,,,,,,,,,,
2026-05-22,0015390,PRE-CONSTRUCTION,17351131.2,,,,,,,,,,
2026-05-22,0015391,COMPLETED-CONSTRUCTION,3736000.0,,,,,,,,,,
2026-05-22,0015392,COMPLETED-CONSTRUCTION,1394000.0,,,,,,,,,,
2026-05-22,0015394,UNDER-CONSTRUCTION,4735258.0,,,,,,,,,,
2026-05-22,0015396,PRE-CONSTRUCTION,6536668.0,,,,,,,,,,
2026-05-22,0015397,PRE-CONSTRUCTION,3332001.37,,,,,,,,,,
2026-05-22,0015401,PRE-CONSTRUCTION,6930009.140000001,,,,,,,,,,
2026-05-22,0015403,PRE-CONSTRUCTION,2730427.5,,,,,,,,,,
2026-05-22,0015404,PRE-CONSTRUCTION,2425716.88,,,,,,,,,,
2026-05-22,0015408,PRE-CONSTRUCTION,200000.0,,,,,,,,,,
2026-05-22,0015409,PRE-CONSTRUCTION,200000.0,,,,,,,,,,
2026-05-22,0015410,COMPLETED-CONSTRUCTION,264131.0,,,,,,,,,,
2026-05-22,0015411,COMPLETED-CONSTRUCTION,196834.0,,,,,,,,,,
2026-05-22,0015412,COMPLETED-CONSTRUCTION,1744609.23,,,,,,,,,,
2026-05-22,0015413,PRE-CONSTRUCTION,9350000.0,,,,,,,,,,
2026-05-22,0015414,COMPLETED-CONSTRUCTION,392674.97,,,,,,,,,,
2026-05-22,0015415,COMPLETED-CONSTRUCTION,1674924.64,,,,,,,,,,
2026-05-22,0015416,COMPLETED-CONSTRUCTION,1436092.75,,,,,,,,,,
2026-05-22,0015417,COMPLETED-CONSTRUCTION,2131734.73,,,,,,,,,,
2026-05-22,0015418,COMPLETED-CONSTRUCTION,1660545.18,,,,,,,,,,
2026-05-22,0015419,COMPLETED-CONSTRUCTION,2076340.78,,,,,,,,,,
2026-05-22,0015420,COMPLETED-CONSTRUCTION,1686325.16,,,,,,,,,,
2026-05-22,0015421,COMPLETED-CONSTRUCTION,5001795.2,,,,,,,,,,
2026-05-22,0015422,PRE-CONSTRUCTION,930000.0,,,,,,,,,,
2026-05-22,0015425,UNDER-CONSTRUCTION,4310821.279999999,,,,,,,,,,
2026-05-22,0015427,COMPLETED-CONSTRUCTION,1459454.17,,,,,,,,,,
2026-05-22,0015428,COMPLETED-CONSTRUCTION,1105752.52,,,,,,,,,,
2026-05-22,0015429,COMPLETED-CONSTRUCTION,2956877.1,,,,,,,,,,
2026-05-22,0015430,COMPLETED-CONSTRUCTION,1162898.44,,,,,,,,,,
2026-05-22,0015432,UNDER-CONSTRUCTION,4060984.35,,,,,,,,,,
2026-05-22,0015435,COMPLETED-CONSTRUCTION,498460.74,,,,,,,,,,
2026-05-22,0015436,COMPLETED-CONSTRUCTION,15482215.75,,,,,,,,,,
2026-05-22,0015439,UNDER-CONSTRUCTION,43659707.96,,,,,,,,,,
2026-05-22,0015440,COMPLETED-CONSTRUCTION,1120583.4200000002,,,,,,,,,,
2026-05-22,0015441,COMPLETED-CONSTRUCTION,1101240.37,,,,,,,,,,
2026-05-22,0015442,COMPLETED-CONSTRUCTION,707100.43,,,,,,,,,,
2026-05-22,0015445,UNDER-CONSTRUCTION,14275541.22,,,,,,,,,,
2026-05-22,0015447,COMPLETED-CONSTRUCTION,1421499.23,,,,,,,,,,
2026-05-22,0015475,PRE-CONSTRUCTION,3849704.4,,,,,,,,,,
2026-05-22,0015478,UNDER-CONSTRUCTION,54863659.73,,,,,,,,,,
2026-05-22,0015517,PRE-CONSTRUCTION,9147625.78,,,,,,,,,,
2026-05-22,0015519,COMPLETED-CONSTRUCTION,2070048.35,,,,,,,,,,
2026-05-22,0015520,COMPLETED-CONSTRUCTION,1416691.39,,,,,,,,,,
2026-05-22,0015522,COMPLETED-CONSTRUCTION,1525356.72,,,,,,,,,,
2026-05-22,0015523,COMPLETED-CONSTRUCTION,8095142.5,,,,,,,,,,
2026-05-22,0015524,COMPLETED-CONSTRUCTION,9289604.39,,,,,,,,,,
2026-05-22,0015530,UNDER-CONSTRUCTION,5006268.51,,,,,,,,,,
2026-05-22,0015532,COMPLETED-CONSTRUCTION,7185815.44,,,,,,,,,,
2026-05-22,0015533,COMPLETED-CONSTRUCTION,5564849.85,,,,,,,,,,
2026-05-22,0015534,UNDER-CONSTRUCTION,15623639.03,,,,,,,,,,
2026-05-22,0015535,UNDER-CONSTRUCTION,9853373.0,,,,,,,,,,
2026-05-22,0015536,COMPLETED-CONSTRUCTION,9015062.27,,,,,,,,,,
2026-05-22,0015537,COMPLETED-CONSTRUCTION,12680902.65,,,,,,,,,,
2026-05-22,0015538,COMPLETED-CONSTRUCTION,11698997.91,,,,,,,,,,
2026-05-22,0015539,COMPLETED-CONSTRUCTION,6602690.95,,,,,,,,,,
2026-05-22,0015540,COMPLETED-CONSTRUCTION,4829785.220000001,,,,,,,,,,
2026-05-22,0015541,UNDER-CONSTRUCTION,6878672.39,,,,,,,,,,
2026-05-22,0015542,PRE-CONSTRUCTION,2240000.0,,,,,,,,,,
2026-05-22,0015543,UNDER-CONSTRUCTION,13651901.37,,,,,,,,,,
2026-05-22,0015544,UNDER-CONSTRUCTION,11502485.92,,,,,,,,,,
2026-05-22,0015546,PRE-CONSTRUCTION,46571442.46,,,,,,,,,,
2026-05-22,0015547,COMPLETED-CONSTRUCTION,6369983.65,,,,,,,,,,
2026-05-22,0015553,UNDER-CONSTRUCTION,12777500.13,,,,,,,,,,
2026-05-22,0015554,COMPLETED-CONSTRUCTION,7993198.95,,,,,,,,,,
2026-05-22,0015555,PRE-CONSTRUCTION,2476184.77,,,,,,,,,,
2026-05-22,0015556,COMPLETED-CONSTRUCTION,6435918.61,,,,,,,,,,
2026-05-22,0015557,COMPLETED-CONSTRUCTION,8209747.78,,,,,,,,,,
2026-05-22,0015558,COMPLETED-CONSTRUCTION,4749488.02,,,,,,,,,,
2026-05-22,0015559,PRE-CONSTRUCTION,45339997.2,,,,,,,,,,
2026-05-22,0015561,COMPLETED-CONSTRUCTION,7484801.12,,,,,,,,,,
2026-05-22,0015563,COMPLETED-CONSTRUCTION,5484491.5600000005,,,,,,,,,,
2026-05-22,0015564,COMPLETED-CONSTRUCTION,2230617.35,,,,,,,,,,
2026-05-22,0015565,COMPLETED-CONSTRUCTION,3095354.06,,,,,,,,,,
2026-05-22,0015566,COMPLETED-CONSTRUCTION,3631160.08,,,,,,,,,,
2026-05-22,0015567,COMPLETED-CONSTRUCTION,6424994.08,,,,,,,,,,
2026-05-22,0015568,COMPLETED-CONSTRUCTION,4531563.33,,,,,,,,,,
2026-05-22,0015575,PRE-CONSTRUCTION,112292000.0,,,,,,,,,,
2026-05-22,0015576,PRE-CONSTRUCTION,129593000.0,,,,,,,,,,
2026-05-22,0015580,COMPLETED-CONSTRUCTION,10950274.47,,,,,,,,,,
2026-05-22,0015581,COMPLETED-CONSTRUCTION,1163342.33,,,,,,,,,,
2026-05-22,0015582,COMPLETED-CONSTRUCTION,1474579.13,,,,,,,,,,
2026-05-22,0015583,COMPLETED-CONSTRUCTION,1441391.07,,,,,,,,,,
2026-05-22,0015589,COMPLETED-CONSTRUCTION,4648927.63,,,,,,,,,,
2026-05-22,0015590,COMPLETED-CONSTRUCTION,3289127.72,,,,,,,,,,
2026-05-22,0015591,UNDER-CONSTRUCTION,7266249.54,,,,,,,,,,
2026-05-22,0015592,COMPLETED-CONSTRUCTION,5995208.66,,,,,,,,,,
2026-05-22,0015593,UNDER-CONSTRUCTION,7007415.83,,,,,,,,,,
2026-05-22,0015598,COMPLETED-CONSTRUCTION,4000248.46,,,,,,,,,,
2026-05-22,0015601,COMPLETED-CONSTRUCTION,4142795.95,,,,,,,,,,
2026-05-22,0015602,COMPLETED-CONSTRUCTION,5556455.47,,,,,,,,,,
2026-05-22,0015603,COMPLETED-CONSTRUCTION,5408531.21,,,,,,,,,,
2026-05-22,0015604,UNDER-CONSTRUCTION,6696937.33,,,,,,,,,,
2026-05-22,0015606,UNDER-CONSTRUCTION,10730257.48,,,,,,,,,,
2026-05-22,0015608,COMPLETED-CONSTRUCTION,4130342.57,,,,,,,,,,
2026-05-22,0015609,COMPLETED-CONSTRUCTION,3948267.69,,,,,,,,,,
2026-05-22,0015610,COMPLETED-CONSTRUCTION,3305040.94,,,,,,,,,,
2026-05-22,0015611,COMPLETED-CONSTRUCTION,2744353.9299999997,,,,,,,,,,
2026-05-22,0015613,COMPLETED-CONSTRUCTION,7978191.41,,,,,,,,,,
2026-05-22,0015614,UNDER-CONSTRUCTION,7395903.59,,,,,,,,,,
2026-05-22,0015615,COMPLETED-CONSTRUCTION,5278573.8,,,,,,,,,,
2026-05-22,0015617,UNDER-CONSTRUCTION,17200496.77,,,,,,,,,,
2026-05-22,0015618,UNDER-CONSTRUCTION,7837909.12,,,,,,,,,,
2026-05-22,0015619,COMPLETED-CONSTRUCTION,3505688.33,,,,,,,,,,
2026-05-22,0015620,COMPLETED-CONSTRUCTION,3236687.21,,,,,,,,,,
2026-05-22,0015621,COMPLETED-CONSTRUCTION,6568080.390000001,,,,,,,,,,
2026-05-22,0015622,COMPLETED-CONSTRUCTION,4908288.27,,,,,,,,,,
2026-05-22,0015623,COMPLETED-CONSTRUCTION,2259437.83,,,,,,,,,,
2026-05-22,0015624,UNDER-CONSTRUCTION,4872033.12,,,,,,,,,,
2026-05-22,0015629,COMPLETED-CONSTRUCTION,7191195.970000001,,,,,,,,,,
2026-05-22,0015631,COMPLETED-CONSTRUCTION,3757109.78,,,,,,,,,,
2026-05-22,0015636,COMPLETED-CONSTRUCTION,2872671.9,,,,,,,,,,
2026-05-22,0015640,COMPLETED-CONSTRUCTION,3308538.0,,,,,,,,,,
2026-05-22,0015641,COMPLETED-CONSTRUCTION,3486125.33,,,,,,,,,,
2026-05-22,0015642,UNDER-CONSTRUCTION,4026647.85,,,,,,,,,,
2026-05-22,0015645,COMPLETED-CONSTRUCTION,4519519.1,,,,,,,,,,
2026-05-22,0015646,UNDER-CONSTRUCTION,5842709.92,,,,,,,,,,
2026-05-22,0015647,COMPLETED-CONSTRUCTION,4285831.08,,,,,,,,,,
2026-05-22,0015651,COMPLETED-CONSTRUCTION,3280026.69,,,,,,,,,,
2026-05-22,0015652,UNDER-CONSTRUCTION,4839346.76,,,,,,,,,,
2026-05-22,0015653,UNDER-CONSTRUCTION,4420950.76,,,,,,,,,,
2026-05-22,0015656,COMPLETED-CONSTRUCTION,4744132.32,,,,,,,,,,
2026-05-22,0015658,PRE-CONSTRUCTION,3582305.58,,,,,,,,,,
2026-05-22,0015664,PRE-CONSTRUCTION,17238437.0,,,,,,,,,,
2026-05-22,0015667,PRE-CONSTRUCTION,5567579.18,,,,,,,,,,
2026-05-22,0015668,COMPLETED-CONSTRUCTION,1016431.08,,,,,,,,,,
2026-05-22,0015670,COMPLETED-CONSTRUCTION,10260251.27,,,,,,,,,,
2026-05-22,0015672,COMPLETED-CONSTRUCTION,4799827.529999999,,,,,,,,,,
2026-05-22,0015675,UNDER-CONSTRUCTION,3703148.32,,,,,,,,,,
2026-05-22,0015678,COMPLETED-CONSTRUCTION,4400807.69,,,,,,,,,,
2026-05-22,0015679,UNDER-CONSTRUCTION,6565688.42,,,,,,,,,,
2026-05-22,0015682,PRE-CONSTRUCTION,5900000.0,,,,,,,,,,
2026-05-22,0015686,COMPLETED-CONSTRUCTION,8152086.9,,,,,,,,,,
2026-05-22,0015687,UNDER-CONSTRUCTION,5131926.12,,,,,,,,,,
2026-05-22,0015688,UNDER-CONSTRUCTION,5311098.720000001,,,,,,,,,,
2026-05-22,0015689,UNDER-CONSTRUCTION,5028444.15,,,,,,,,,,
2026-05-22,0015690,PRE-CONSTRUCTION,9676786.89,,,,,,,,,,
2026-05-22,0015692,COMPLETED-CONSTRUCTION,5177073.3,,,,,,,,,,
2026-05-22,0015694,COMPLETED-CONSTRUCTION,4759584.859999999,,,,,,,,,,
2026-05-22,0015696,PRE-CONSTRUCTION,4345903.21,,,,,,,,,,
2026-05-22,0015699,COMPLETED-CONSTRUCTION,254781.17,,,,,,,,,,
2026-05-22,0015701,PRE-CONSTRUCTION,1810300.0,,,,,,,,,,
2026-05-22,0015702,UNDER-CONSTRUCTION,6751138.07,,,,,,,,,,
2026-05-22,0015703,COMPLETED-CONSTRUCTION,3467877.82,,,,,,,,,,
2026-05-22,0015704,PRE-CONSTRUCTION,45108450.27,,,,,,,,,,
2026-05-22,0015724,COMPLETED-CONSTRUCTION,1242157.31,,,,,,,,,,
2026-05-22,0015729,COMPLETED-CONSTRUCTION,262513.43,,,,,,,,,,
2026-05-22,0015730,COMPLETED-CONSTRUCTION,229340.9,,,,,,,,,,
2026-05-22,0015736,COMPLETED-CONSTRUCTION,386270.6,,,,,,,,,,
2026-05-22,0015737,COMPLETED-CONSTRUCTION,1281445.7100000002,,,,,,,,,,
2026-05-22,0015738,COMPLETED-CONSTRUCTION,818069.11,,,,,,,,,,
2026-05-22,0015739,COMPLETED-CONSTRUCTION,738472.27,,,,,,,,,,
2026-05-22,0015740,COMPLETED-CONSTRUCTION,395577.2,,,,,,,,,,
2026-05-22,0015741,COMPLETED-CONSTRUCTION,492883.2,,,,,,,,,,
2026-05-22,0015744,COMPLETED-CONSTRUCTION,162845.34,,,,,,,,,,
2026-05-22,0015745,COMPLETED-CONSTRUCTION,381786.03,,,,,,,,,,
2026-05-22,0015746,COMPLETED-CONSTRUCTION,705741.86,,,,,,,,,,
2026-05-22,0015747,COMPLETED-CONSTRUCTION,163374.96,,,,,,,,,,
2026-05-22,0015748,COMPLETED-CONSTRUCTION,224700.45,,,,,,,,,,
2026-05-22,0015749,COMPLETED-CONSTRUCTION,53797.79,,,,,,,,,,
2026-05-22,0015751,COMPLETED-CONSTRUCTION,554557.1100000001,,,,,,,,,,
2026-05-22,0015754,COMPLETED-CONSTRUCTION,442867.21,,,,,,,,,,
2026-05-22,0015759,COMPLETED-CONSTRUCTION,2065631.76,,,,,,,,,,
2026-05-22,0015760,COMPLETED-CONSTRUCTION,610086.28,,,,,,,,,,
2026-05-22,0015764,COMPLETED-CONSTRUCTION,981074.01,,,,,,,,,,
2026-05-22,0015765,COMPLETED-CONSTRUCTION,1076613.97,,,,,,,,,,
2026-05-22,0015766,COMPLETED-CONSTRUCTION,1384622.41,,,,,,,,,,
2026-05-22,0015767,COMPLETED-CONSTRUCTION,1342791.35,,,,,,,,,,
2026-05-22,0015773,COMPLETED-CONSTRUCTION,574213.78,,,,,,,,,,
2026-05-22,0015774,COMPLETED-CONSTRUCTION,2080098.83,,,,,,,,,,
2026-05-22,0015779,COMPLETED-CONSTRUCTION,1123821.64,,,,,,,,,,
2026-05-22,0015780,COMPLETED-CONSTRUCTION,2754056.74,,,,,,,,,,
2026-05-22,0015781,COMPLETED-CONSTRUCTION,1463431.28,,,,,,,,,,
2026-05-22,0015782,COMPLETED-CONSTRUCTION,1575833.51,,,,,,,,,,
2026-05-22,0015783,COMPLETED-CONSTRUCTION,1957602.23,,,,,,,,,,
2026-05-22,0015784,COMPLETED-CONSTRUCTION,1471199.35,,,,,,,,,,
2026-05-22,0015786,COMPLETED-CONSTRUCTION,705225.98,,,,,,,,,,
2026-05-22,0015802,COMPLETED-CONSTRUCTION,3040596.52,,,,,,,,,,
2026-05-22,0015803,COMPLETED-CONSTRUCTION,2368311.73,,,,,,,,,,
2026-05-22,0015804,COMPLETED-CONSTRUCTION,1279496.25,,,,,,,,,,
2026-05-22,0015805,COMPLETED-CONSTRUCTION,1929463.8,,,,,,,,,,
2026-05-22,0015806,COMPLETED-CONSTRUCTION,1150881.11,,,,,,,,,,
2026-05-22,0015814,COMPLETED-CONSTRUCTION,2183294.04,,,,,,,,,,
2026-05-22,0015821,COMPLETED-CONSTRUCTION,1358892.45,,,,,,,,,,
2026-05-22,0015823,COMPLETED-CONSTRUCTION,3659195.17,,,,,,,,,,
2026-05-22,0015844,PRE-CONSTRUCTION,7621233.39,,,,,,,,,,
2026-05-22,0015878,COMPLETED-CONSTRUCTION,14459183.26,,,,,,,,,,
2026-05-22,0015881,UNDER-CONSTRUCTION,396073.57,,,,,,,,,,
2026-05-22,0015882,UNDER-CONSTRUCTION,5834948.3,,,,,,,,,,
2026-05-22,0015883,COMPLETED-CONSTRUCTION,4603819.77,,,,,,,,,,
2026-05-22,0015890,UNDER-CONSTRUCTION,5855180.44,,,,,,,,,,
2026-05-22,0015912,COMPLETED-CONSTRUCTION,12513751.26,,,,,,,,,,
2026-05-22,0015913,COMPLETED-CONSTRUCTION,10474277.0,,,,,,,,,,
2026-05-22,0015916,UNDER-CONSTRUCTION,8879482.66,,,,,,,,,,
2026-05-22,0015918,PRE-CONSTRUCTION,6874235.55,,,,,,,,,,
2026-05-22,0015919,PRE-CONSTRUCTION,16340217.68,,,,,,,,,,
2026-05-22,0015920,COMPLETED-CONSTRUCTION,763560.34,,,,,,,,,,
2026-05-22,0015922,COMPLETED-CONSTRUCTION,404232.38,,,,,,,,,,
2026-05-22,0015923,UNDER-CONSTRUCTION,1332132.23,,,,,,,,,,
2026-05-22,0015925,PRE-CONSTRUCTION,9513000.0,,,,,,,,,,
2026-05-22,0015926,COMPLETED-CONSTRUCTION,1122050.58,,,,,,,,,,
2026-05-22,0015927,COMPLETED-CONSTRUCTION,2029172.05,,,,,,,,,,
2026-05-22,0015928,COMPLETED-CONSTRUCTION,1678672.23,,,,,,,,,,
2026-05-22,0015929,COMPLETED-CONSTRUCTION,902738.94,,,,,,,,,,
2026-05-22,0015930,COMPLETED-CONSTRUCTION,1694873.69,,,,,,,,,,
2026-05-22,0015948,COMPLETED-CONSTRUCTION,1228930.24,,,,,,,,,,
2026-05-22,0015951,PRE-CONSTRUCTION,445000.0,,,,,,,,,,
2026-05-22,0015955,UNDER-CONSTRUCTION,16571852.72,,,,,,,,,,
2026-05-22,0015956,PRE-CONSTRUCTION,10186885.53,,,,,,,,,,
2026-05-22,0015957,PRE-CONSTRUCTION,1000000.0,,,,,,,,,,
2026-05-22,0015960,PRE-CONSTRUCTION,5319000.0,,,,,,,,,,
2026-05-22,0015962,COMPLETED-CONSTRUCTION,1132634.74,,,,,,,,,,
2026-05-22,0015963,COMPLETED-CONSTRUCTION,1153994.88,,,,,,,,,,
2026-05-22,0015976,COMPLETED-CONSTRUCTION,1010000.0,,,,,,,,,,
2026-05-22,0015983,UNDER-CONSTRUCTION,14468580.77,,,,,,,,,,
2026-05-22,0015984,PRE-CONSTRUCTION,28209000.0,,,,,,,,,,
2026-05-22,0015985,PRE-CONSTRUCTION,7600000.0,,,,,,,,,,
2026-05-22,0015997,UNDER-CONSTRUCTION,12458250.0,,,,,,,,,,
2026-05-22,0015998,COMPLETED-CONSTRUCTION,13053281.26,,,,,,,,,,
2026-05-22,0015999,UNDER-CONSTRUCTION,14337090.62,,,,,,,,,,
2026-05-22,0016000,COMPLETED-CONSTRUCTION,4724368.38,,,,,,,,,,
2026-05-22,0016004,COMPLETED-CONSTRUCTION,449627.88,,,,,,,,,,
2026-05-22,0016006,COMPLETED-CONSTRUCTION,182057.61,,,,,,,,,,
2026-05-22,0016014,COMPLETED-CONSTRUCTION,467086.51,,,,,,,,,,
2026-05-22,0016015,UNDER-CONSTRUCTION,9758899.95,,,,,,,,,,
2026-05-22,0016023,COMPLETED-CONSTRUCTION,5010000.0,,,,,,,,,,
2026-05-22,0016046,COMPLETED-CONSTRUCTION,270426.59,,,,,,,,,,
2026-05-22,0016050,COMPLETED-CONSTRUCTION,325760.64,,,,,,,,,,
2026-05-22,0016051,COMPLETED-CONSTRUCTION,247138.88,,,,,,,,,,
2026-05-22,0016053,PRE-CONSTRUCTION,31410018.5,,,,,,,,,,
2026-05-22,0016054,COMPLETED-CONSTRUCTION,142887590.38,,,,,,,,,,
2026-05-22,0016056,PRE-CONSTRUCTION,7233659.8,,,,,,,,,,
2026-05-22,0016057,COMPLETED-CONSTRUCTION,327274.3,,,,,,,,,,
2026-05-22,0016058,COMPLETED-CONSTRUCTION,3491043.27,,,,,,,,,,
2026-05-22,0016059,COMPLETED-CONSTRUCTION,269321.89,,,,,,,,,,
2026-05-22,0016060,COMPLETED-CONSTRUCTION,278027.17,,,,,,,,,,
2026-05-22,0016064,COMPLETED-CONSTRUCTION,529936.11,,,,,,,,,,
2026-05-22,0016065,COMPLETED-CONSTRUCTION,6471599.66,,,,,,,,,,
2026-05-22,0016066,UNDER-CONSTRUCTION,6822523.51,,,,,,,,,,
2026-05-22,0016067,PRE-CONSTRUCTION,13340590.43,,,,,,,,,,
2026-05-22,0016069,COMPLETED-CONSTRUCTION,784688.95,,,,,,,,,,
2026-05-22,0016070,COMPLETED-CONSTRUCTION,2818537.31,,,,,,,,,,
2026-05-22,0016072,COMPLETED-CONSTRUCTION,2274778.4,,,,,,,,,,
2026-05-22,0016074,UNDER-CONSTRUCTION,27927892.31,,,,,,,,,,
2026-05-22,0016078,UNDER-CONSTRUCTION,19486239.21,,,,,,,,,,
2026-05-22,0016081,PRE-CONSTRUCTION,6530000.0,,,,,,,,,,
2026-05-22,0016083,COMPLETED-CONSTRUCTION,3535154.78,,,,,,,,,,
2026-05-22,0016089,UNDER-CONSTRUCTION,60509172.08,,,,,,,,,,
2026-05-22,0016105,COMPLETED-CONSTRUCTION,3499705.5300000003,,,,,,,,,,
2026-05-22,0016106,UNDER-CONSTRUCTION,3854200.68,,,,,,,,,,
2026-05-22,0016107,COMPLETED-CONSTRUCTION,1578937.08,,,,,,,,,,
2026-05-22,0016108,UNDER-CONSTRUCTION,4308145.66,,,,,,,,,,
2026-05-22,0016110,UNDER-CONSTRUCTION,2548378.59,,,,,,,,,,
2026-05-22,0016111,COMPLETED-CONSTRUCTION,2845069.8600000003,,,,,,,,,,
2026-05-22,0016112,UNDER-CONSTRUCTION,5302050.27,,,,,,,,,,
2026-05-22,0016113,COMPLETED-CONSTRUCTION,4481007.84,,,,,,,,,,
2026-05-22,0016114,PRE-CONSTRUCTION,3145000.0,,,,,,,,,,
2026-05-22,0016116,UNDER-CONSTRUCTION,3992203.92,,,,,,,,,,
2026-05-22,0016117,COMPLETED-CONSTRUCTION,4595489.609999999,,,,,,,,,,
2026-05-22,0016118,COMPLETED-CONSTRUCTION,1504187.51,,,,,,,,,,
2026-05-22,0016122,UNDER-CONSTRUCTION,1520187.53,,,,,,,,,,
2026-05-22,0016123,COMPLETED-CONSTRUCTION,4436289.4,,,,,,,,,,
2026-05-22,0016124,COMPLETED-CONSTRUCTION,1736415.28,,,,,,,,,,
2026-05-22,0016126,UNDER-CONSTRUCTION,3534287.06,,,,,,,,,,
2026-05-22,0016127,UNDER-CONSTRUCTION,3058372.1,,,,,,,,,,
2026-05-22,0016128,UNDER-CONSTRUCTION,6286942.71,,,,,,,,,,
2026-05-22,0016129,PRE-CONSTRUCTION,6435041.25,,,,,,,,,,
2026-05-22,0016130,PRE-CONSTRUCTION,10793993.62,,,,,,,,,,
2026-05-22,0016161,COMPLETED-CONSTRUCTION,1317905.41,,,,,,,,,,
2026-05-22,0016162,COMPLETED-CONSTRUCTION,1390513.77,,,,,,,,,,
2026-05-22,0016163,COMPLETED-CONSTRUCTION,1351177.38,,,,,,,,,,
2026-05-22,0016166,UNDER-CONSTRUCTION,6662571.61,,,,,,,,,,
2026-05-22,0016167,PRE-CONSTRUCTION,5100000.0,,,,,,,,,,
2026-05-22,0016170,COMPLETED-CONSTRUCTION,1275075.0,,,,,,,,,,
2026-05-22,0016171,COMPLETED-CONSTRUCTION,2359000.0,,,,,,,,,,
2026-05-22,0016172,COMPLETED-CONSTRUCTION,664412.65,,,,,,,,,,
2026-05-22,0016173,COMPLETED-CONSTRUCTION,1295702.21,,,,,,,,,,
2026-05-22,0016174,COMPLETED-CONSTRUCTION,354037.46,,,,,,,,,,
2026-05-22,0016175,COMPLETED-CONSTRUCTION,64528.83,,,,,,,,,,
2026-05-22,0016176,COMPLETED-CONSTRUCTION,50302.62,,,,,,,,,,
2026-05-22,0016177,COMPLETED-CONSTRUCTION,120929.54,,,,,,,,,,
2026-05-22,0016178,COMPLETED-CONSTRUCTION,46109.5,,,,,,,,,,
2026-05-22,0016179,COMPLETED-CONSTRUCTION,659808.06,,,,,,,,,,
2026-05-22,0016180,COMPLETED-CONSTRUCTION,215671.11,,,,,,,,,,
2026-05-22,0016181,COMPLETED-CONSTRUCTION,2900000.0,,,,,,,,,,
2026-05-22,0016182,COMPLETED-CONSTRUCTION,7488443.17,,,,,,,,,,
2026-05-22,0016183,COMPLETED-CONSTRUCTION,609528.72,,,,,,,,,,
2026-05-22,0016184,COMPLETED-CONSTRUCTION,516586.85,,,,,,,,,,
2026-05-22,0016185,COMPLETED-CONSTRUCTION,316671.92,,,,,,,,,,
2026-05-22,0016186,PRE-CONSTRUCTION,1500000.0,,,,,,,,,,
2026-05-22,0016187,PRE-CONSTRUCTION,1000000.0,,,,,,,,,,
2026-05-22,0016188,PRE-CONSTRUCTION,3621509.0,,,,,,,,,,
2026-05-22,0016189,COMPLETED-CONSTRUCTION,949608.0,,,,,,,,,,
2026-05-22,0016190,PRE-CONSTRUCTION,5165192.0,,,,,,,,,,
2026-05-22,0016191,COMPLETED-CONSTRUCTION,338762.1,,,,,,,,,,
2026-05-22,0016192,COMPLETED-CONSTRUCTION,523500.0,,,,,,,,,,
2026-05-22,0016193,COMPLETED-CONSTRUCTION,1479670.38,,,,,,,,,,
2026-05-22,0016194,UNDER-CONSTRUCTION,1610000.0,,,,,,,,,,
2026-05-22,0016195,UNDER-CONSTRUCTION,686300.0,,,,,,,,,,
2026-05-22,0016196,COMPLETED-CONSTRUCTION,2447538.58,,,,,,,,,,
2026-05-22,0016197,COMPLETED-CONSTRUCTION,87523.25,,,,,,,,,,
2026-05-22,0016198,COMPLETED-CONSTRUCTION,367317.0,,,,,,,,,,
2026-05-22,0016199,COMPLETED-CONSTRUCTION,171206.5,,,,,,,,,,
2026-05-22,0016200,COMPLETED-CONSTRUCTION,46487.27,,,,,,,,,,
2026-05-22,0016201,COMPLETED-CONSTRUCTION,3370425.78,,,,,,,,,,
2026-05-22,0016202,COMPLETED-CONSTRUCTION,2628667.0,,,,,,,,,,
2026-05-22,0016203,COMPLETED-CONSTRUCTION,797956.75,,,,,,,,,,
2026-05-22,0016204,COMPLETED-CONSTRUCTION,992043.64,,,,,,,,,,
2026-05-22,0016205,COMPLETED-CONSTRUCTION,1291548.51,,,,,,,,,,
2026-05-22,0016206,COMPLETED-CONSTRUCTION,632219.77,,,,,,,,,,
2026-05-22,0016207,COMPLETED-CONSTRUCTION,1910542.22,,,,,,,,,,
2026-05-22,0016208,COMPLETED-CONSTRUCTION,249524.46,,,,,,,,,,
2026-05-22,0016209,COMPLETED-CONSTRUCTION,229257.59,,,,,,,,,,
2026-05-22,0016210,COMPLETED-CONSTRUCTION,500000.0,,,,,,,,,,
2026-05-22,0016211,COMPLETED-CONSTRUCTION,166790.2,,,,,,,,,,
2026-05-22,0016212,COMPLETED-CONSTRUCTION,179021.48,,,,,,,,,,
2026-05-22,0016213,COMPLETED-CONSTRUCTION,120600.0,,,,,,,,,,
2026-05-22,0016214,COMPLETED-CONSTRUCTION,300000.0,,,,,,,,,,
2026-05-22,0016215,UNDER-CONSTRUCTION,3304397.79,,,,,,,,,,
2026-05-22,0016216,COMPLETED-CONSTRUCTION,1548431.81,,,,,,,,,,
2026-05-22,0016217,COMPLETED-CONSTRUCTION,391054.21,,,,,,,,,,
2026-05-22,0016218,UNDER-CONSTRUCTION,49463.0,,,,,,,,,,
2026-05-22,0016219,UNDER-CONSTRUCTION,56330.0,,,,,,,,,,
2026-05-22,0016220,COMPLETED-CONSTRUCTION,15718.49,,,,,,,,,,
2026-05-22,0016221,COMPLETED-CONSTRUCTION,94900.0,,,,,,,,,,
2026-05-22,0016222,COMPLETED-CONSTRUCTION,21000.0,,,,,,,,,,
2026-05-22,0016223,COMPLETED-CONSTRUCTION,19319.0,,,,,,,,,,
2026-05-22,0016224,COMPLETED-CONSTRUCTION,70600.0,,,,,,,,,,
2026-05-22,0016225,COMPLETED-CONSTRUCTION,60000.0,,,,,,,,,,
2026-05-22,0016226,COMPLETED-CONSTRUCTION,58800.0,,,,,,,,,,
2026-05-22,0016227,COMPLETED-CONSTRUCTION,19256.91,,,,,,,,,,
2026-05-22,0016228,COMPLETED-CONSTRUCTION,32700.0,,,,,,,,,,
2026-05-22,0016229,COMPLETED-CONSTRUCTION,100900.0,,,,,,,,,,
2026-05-22,0016230,COMPLETED-CONSTRUCTION,68900.0,,,,,,,,,,
2026-05-22,0016231,COMPLETED-CONSTRUCTION,57700.0,,,,,,,,,,
2026-05-22,0016232,COMPLETED-CONSTRUCTION,76000.0,,,,,,,,,,
2026-05-22,0016233,COMPLETED-CONSTRUCTION,18100.0,,,,,,,,,,
2026-05-22,0016234,COMPLETED-CONSTRUCTION,18100.0,,,,,,,,,,
2026-05-22,0016235,UNDER-CONSTRUCTION,4599251.0,,,,,,,,,,
2026-05-22,0016236,COMPLETED-CONSTRUCTION,629811.33,,,,,,,,,,
2026-05-22,0016237,COMPLETED-CONSTRUCTION,1550446.12,,,,,,,,,,
2026-05-22,0016238,COMPLETED-CONSTRUCTION,350000.0,,,,,,,,,,
2026-05-22,0016239,COMPLETED-CONSTRUCTION,615313.0,,,,,,,,,,
2026-05-22,0016240,UNDER-CONSTRUCTION,7652897.26,,,,,,,,,,
2026-05-22,0016241,COMPLETED-CONSTRUCTION,5146248.390000001,,,,,,,,,,
2026-05-22,0016242,COMPLETED-CONSTRUCTION,1248570.13,,,,,,,,,,
2026-05-22,0016243,COMPLETED-CONSTRUCTION,753312.59,,,,,,,,,,
2026-05-22,0016244,PRE-CONSTRUCTION,1341800.0,,,,,,,,,,
2026-05-22,0016245,COMPLETED-CONSTRUCTION,957396.27,,,,,,,,,,
2026-05-22,0016246,PRE-CONSTRUCTION,2846200.0,,,,,,,,,,
2026-05-22,0016247,UNDER-CONSTRUCTION,560200.0,,,,,,,,,,
2026-05-22,0016248,COMPLETED-CONSTRUCTION,674400.0,,,,,,,,,,
2026-05-22,0016249,COMPLETED-CONSTRUCTION,694600.0,,,,,,,,,,
2026-05-22,0016250,UNDER-CONSTRUCTION,709387.0,,,,,,,,,,
2026-05-22,0016251,COMPLETED-CONSTRUCTION,150000.0,,,,,,,,,,
2026-05-22,0016252,COMPLETED-CONSTRUCTION,271687.58,,,,,,,,,,
2026-05-22,0016253,COMPLETED-CONSTRUCTION,4506356.25,,,,,,,,,,
2026-05-22,0016254,PRE-CONSTRUCTION,8900000.0,,,,,,,,,,
2026-05-22,0016255,COMPLETED-CONSTRUCTION,379268.78,,,,,,,,,,
2026-05-22,0016256,COMPLETED-CONSTRUCTION,1949300.0,,,,,,,,,,
2026-05-22,0016257,COMPLETED-CONSTRUCTION,2581521.89,,,,,,,,,,
2026-05-22,0016258,COMPLETED-CONSTRUCTION,276900.0,,,,,,,,,,
2026-05-22,0016259,COMPLETED-CONSTRUCTION,454500.0,,,,,,,,,,
2026-05-22,0016260,COMPLETED-CONSTRUCTION,234433.98,,,,,,,,,,
2026-05-22,0016261,COMPLETED-CONSTRUCTION,496581.98,,,,,,,,,,
2026-05-22,0016262,COMPLETED-CONSTRUCTION,400000.0,,,,,,,,,,
2026-05-22,0016263,COMPLETED-CONSTRUCTION,1666857.25,,,,,,,,,,
2026-05-22,0016264,COMPLETED-CONSTRUCTION,1287189.55,,,,,,,,,,
2026-05-22,0016265,COMPLETED-CONSTRUCTION,500000.0,,,,,,,,,,
2026-05-22,0016266,COMPLETED-CONSTRUCTION,555967.33,,,,,,,,,,
2026-05-22,0016267,COMPLETED-CONSTRUCTION,1603058.52,,,,,,,,,,
2026-05-22,0016268,COMPLETED-CONSTRUCTION,1259660.82,,,,,,,,,,
2026-05-22,0016269,COMPLETED-CONSTRUCTION,729122.29,,,,,,,,,,
2026-05-22,0016270,PRE-CONSTRUCTION,21915500.0,,,,,,,,,,
2026-05-22,0016271,COMPLETED-CONSTRUCTION,6516800.0,,,,,,,,,,
2026-05-22,0016272,UNDER-CONSTRUCTION,7317551.27,,,,,,,,,,
2026-05-22,0016273,UNDER-CONSTRUCTION,1175000.0,,,,,,,,,,
2026-05-22,0016274,COMPLETED-CONSTRUCTION,2400000.0,,,,,,,,,,
2026-05-22,0016275,COMPLETED-CONSTRUCTION,3460000.0,,,,,,,,,,
2026-05-22,0016276,COMPLETED-CONSTRUCTION,3750000.0,,,,,,,,,,
2026-05-22,0016277,COMPLETED-CONSTRUCTION,2699434.0,,,,,,,,,,
2026-05-22,0016278,COMPLETED-CONSTRUCTION,3450000.0,,,,,,,,,,
2026-05-22,0016279,UNDER-CONSTRUCTION,2300000.0,,,,,,,,,,
2026-05-22,0016280,PRE-CONSTRUCTION,2100000.0,,,,,,,,,,
2026-05-22,0016281,PRE-CONSTRUCTION,3700000.0,,,,,,,,,,
2026-05-22,0016282,PRE-CONSTRUCTION,10749640.46,,,,,,,,,,
2026-05-22,0016283,PRE-CONSTRUCTION,20390000.0,,,,,,,,,,
2026-05-22,0016284,UNDER-CONSTRUCTION,2705000.0,,,,,,,,,,
2026-05-22,0016285,UNDER-CONSTRUCTION,8430826.5,,,,,,,,,,
2026-05-22,0016286,UNDER-CONSTRUCTION,3988700.0,,,,,,,,,,
2026-05-22,0016287,COMPLETED-CONSTRUCTION,1258000.0,,,,,,,,,,
2026-05-22,0016288,UNDER-CONSTRUCTION,3012930.0,,,,,,,,,,
2026-05-22,0016289,PRE-CONSTRUCTION,28805190.0,,,,,,,,,,
2026-05-22,0016290,UNDER-CONSTRUCTION,2734000.0,,,,,,,,,,
2026-05-22,0016291,COMPLETED-CONSTRUCTION,1686489.4,,,,,,,,,,
2026-05-22,0016292,COMPLETED-CONSTRUCTION,1500324.0,,,,,,,,,,
2026-05-22,0016293,COMPLETED-CONSTRUCTION,2335387.67,,,,,,,,,,
2026-05-22,0016294,COMPLETED-CONSTRUCTION,2191610.11,,,,,,,,,,
2026-05-22,0016295,COMPLETED-CONSTRUCTION,1712838.72,,,,,,,,,,
2026-05-22,0016296,UNDER-CONSTRUCTION,3408000.0,,,,,,,,,,
2026-05-22,0016297,UNDER-CONSTRUCTION,7261370.75,,,,,,,,,,
2026-05-22,0016298,PRE-CONSTRUCTION,2710000.0,,,,,,,,,,
2026-05-22,0016299,UNDER-CONSTRUCTION,1410000.0,,,,,,,,,,
2026-05-22,0016300,UNDER-CONSTRUCTION,1911000.0,,,,,,,,,,
2026-05-22,0016301,UNDER-CONSTRUCTION,2582250.0,,,,,,,,,,
2026-05-22,0016302,COMPLETED-CONSTRUCTION,1512083.64,,,,,,,,,,
2026-05-22,0016303,COMPLETED-CONSTRUCTION,971068.22,,,,,,,,,,
2026-05-22,0016304,PRE-CONSTRUCTION,3500000.0,,,,,,,,,,
2026-05-22,0016305,UNDER-CONSTRUCTION,5600000.0,,,,,,,,,,
2026-05-22,0016306,PRE-CONSTRUCTION,2285500.0,,,,,,,,,,
2026-05-22,0016307,UNDER-CONSTRUCTION,2365000.0,,,,,,,,,,
2026-05-22,0016308,COMPLETED-CONSTRUCTION,1000000.0,,,,,,,,,,
2026-05-22,0016309,PRE-CONSTRUCTION,1400000.0,,,,,,,,,,
2026-05-22,0016310,PRE-CONSTRUCTION,620000.0,,,,,,,,,,
2026-05-22,0016311,PRE-CONSTRUCTION,2400000.0,,,,,,,,,,
2026-05-22,0016312,COMPLETED-CONSTRUCTION,1843143.0,,,,,,,,,,
2026-05-22,0016313,UNDER-CONSTRUCTION,650000.0,,,,,,,,,,
2026-05-22,0016315,COMPLETED-CONSTRUCTION,137690.55,,,,,,,,,,
2026-05-22,0016316,COMPLETED-CONSTRUCTION,240516.26,,,,,,,,,,
2026-05-22,0016317,PRE-CONSTRUCTION,25189000.0,,,,,,,,,,
2026-05-22,0016318,PRE-CONSTRUCTION,20050000.0,,,,,,,,,,
2026-05-22,0016319,COMPLETED-CONSTRUCTION,4741791.26,,,,,,,,,,
2026-05-22,0016320,COMPLETED-CONSTRUCTION,243961.84,,,,,,,,,,
2026-05-22,0016330,COMPLETED-CONSTRUCTION,410041.45,,,,,,,,,,
2026-05-22,0016331,COMPLETED-CONSTRUCTION,338515.74,,,,,,,,,,
2026-05-22,0016332,COMPLETED-CONSTRUCTION,292128.62,,,,,,,,,,
2026-05-22,0016333,COMPLETED-CONSTRUCTION,54285.93,,,,,,,,,,
2026-05-22,0016339,COMPLETED-CONSTRUCTION,232195.3,,,,,,,,,,
2026-05-22,0016344,COMPLETED-CONSTRUCTION,687319.73,,,,,,,,,,
2026-05-22,0016347,PRE-CONSTRUCTION,2442105.75,,,,,,,,,,
2026-05-22,0016348,UNDER-CONSTRUCTION,5373345.83,,,,,,,,,,
2026-05-22,0016349,PRE-CONSTRUCTION,5722937.5,,,,,,,,,,
2026-05-22,0016350,PRE-CONSTRUCTION,6893418.100000001,,,,,,,,,,
2026-05-22,0016351,PRE-CONSTRUCTION,9373571.21,,,,,,,,,,
2026-05-22,0016352,PRE-CONSTRUCTION,7413078.32,,,,,,,,,,
2026-05-22,0016353,COMPLETED-CONSTRUCTION,863451.0,,,,,,,,,,
2026-05-22,0016354,COMPLETED-CONSTRUCTION,1296883.85,,,,,,,,,,
2026-05-22,0016355,COMPLETED-CONSTRUCTION,1637587.72,,,,,,,,,,
2026-05-22,0016356,UNDER-CONSTRUCTION,4303313.279999999,,,,,,,,,,
2026-05-22,0016357,COMPLETED-CONSTRUCTION,4734749.27,,,,,,,,,,
2026-05-22,0016358,PRE-CONSTRUCTION,4720000.0,,,,,,,,,,
2026-05-22,0016359,PRE-CONSTRUCTION,5953903.0600000005,,,,,,,,,,
2026-05-22,0016360,PRE-CONSTRUCTION,3050000.0,,,,,,,,,,
2026-05-22,0016361,COMPLETED-CONSTRUCTION,1985121.96,,,,,,,,,,
2026-05-22,0016362,PRE-CONSTRUCTION,5437607.1899999995,,,,,,,,,,
2026-05-22,0016363,UNDER-CONSTRUCTION,8239315.52,,,,,,,,,,
2026-05-22,0016365,UNDER-CONSTRUCTION,9676923.08,,,,,,,,,,
2026-05-22,0016378,COMPLETED-CONSTRUCTION,259118.31,,,,,,,,,,
2026-05-22,0016379,COMPLETED-CONSTRUCTION,161345.64,,,,,,,,,,
2026-05-22,0016380,COMPLETED-CONSTRUCTION,210028.99,,,,,,,,,,
2026-05-22,0016381,COMPLETED-CONSTRUCTION,255146.5,,,,,,,,,,
2026-05-22,0016384,COMPLETED-CONSTRUCTION,182426.44,,,,,,,,,,
2026-05-22,0016386,UNDER-CONSTRUCTION,29478419.16,,,,,,,,,,
2026-05-22,0016387,PRE-CONSTRUCTION,43127945.96,,,,,,,,,,
2026-05-22,0016390,PRE-CONSTRUCTION,11356658.59,,,,,,,,,,
2026-05-22,0016396,COMPLETED-CONSTRUCTION,261757.22,,,,,,,,,,
2026-05-22,0016404,COMPLETED-CONSTRUCTION,1250504.15,,,,,,,,,,
2026-05-22,0016405,COMPLETED-CONSTRUCTION,976148.72,,,,,,,,,,
2026-05-22,0016406,COMPLETED-CONSTRUCTION,1224554.65,,,,,,,,,,
2026-05-22,0016407,COMPLETED-CONSTRUCTION,1157730.65,,,,,,,,,,
2026-05-22,0016410,PRE-CONSTRUCTION,19888961.93,,,,,,,,,,
2026-05-22,0016413,COMPLETED-CONSTRUCTION,1255149.87,,,,,,,,,,
2026-05-22,0016414,COMPLETED-CONSTRUCTION,1961658.61,,,,,,,,,,
2026-05-22,0016415,COMPLETED-CONSTRUCTION,1746378.52,,,,,,,,,,
2026-05-22,0016416,COMPLETED-CONSTRUCTION,1333761.83,,,,,,,,,,
2026-05-22,0016417,COMPLETED-CONSTRUCTION,1444079.78,,,,,,,,,,
2026-05-22,0016418,COMPLETED-CONSTRUCTION,2192215.46,,,,,,,,,,
2026-05-22,0016432,COMPLETED-CONSTRUCTION,2098552.35,,,,,,,,,,
2026-05-22,0016433,COMPLETED-CONSTRUCTION,2084755.21,,,,,,,,,,
2026-05-22,0016434,COMPLETED-CONSTRUCTION,1695621.1,,,,,,,,,,
2026-05-22,0016435,COMPLETED-CONSTRUCTION,1593863.63,,,,,,,,,,
2026-05-22,0016436,COMPLETED-CONSTRUCTION,1910717.49,,,,,,,,,,
2026-05-22,0016437,COMPLETED-CONSTRUCTION,1653755.21,,,,,,,,,,
2026-05-22,0016438,COMPLETED-CONSTRUCTION,1495828.16,,,,,,,,,,
2026-05-22,0016439,COMPLETED-CONSTRUCTION,1413330.67,,,,,,,,,,
2026-05-22,0016440,COMPLETED-CONSTRUCTION,1692625.47,,,,,,,,,,
2026-05-22,0016441,COMPLETED-CONSTRUCTION,1506795.0,,,,,,,,,,
2026-05-22,0016442,COMPLETED-CONSTRUCTION,1186087.88,,,,,,,,,,
2026-05-22,0016443,COMPLETED-CONSTRUCTION,3733228.06,,,,,,,,,,
2026-05-22,0016445,PRE-CONSTRUCTION,3550000.0,,,,,,,,,,
2026-05-22,0016446,PRE-CONSTRUCTION,3550000.0,,,,,,,,,,
2026-05-22,0016448,PRE-CONSTRUCTION,3250000.0,,,,,,,,,,
2026-05-22,0016457,PRE-CONSTRUCTION,11900000.0,,,,,,,,,,
2026-05-22,0016458,PRE-CONSTRUCTION,1550000.0,,,,,,,,,,
2026-05-22,0016462,PRE-CONSTRUCTION,2720000.0,,,,,,,,,,
2026-05-22,0016464,PRE-CONSTRUCTION,10047621.22,,,,,,,,,,
2026-05-22,0016466,PRE-CONSTRUCTION,10938563.47,,,,,,,,,,
2026-05-22,0016467,PRE-CONSTRUCTION,4900000.0,,,,,,,,,,
2026-05-22,0016468,COMPLETED-CONSTRUCTION,1023068.94,,,,,,,,,,
2026-05-22,0016469,PRE-CONSTRUCTION,3078150.46,,,,,,,,,,
2026-05-22,0016499,UNDER-CONSTRUCTION,188197.63,,,,,,,,,,
2026-05-22,0016504,COMPLETED-CONSTRUCTION,3228292.44,,,,,,,,,,
2026-05-22,0016505,COMPLETED-CONSTRUCTION,5098177.390000001,,,,,,,,,,
2026-05-22,0016506,UNDER-CONSTRUCTION,24846381.74,,,,,,,,,,
2026-05-22,0016507,PRE-CONSTRUCTION,1910000.0,,,,,,,,,,
2026-05-22,0016508,PRE-CONSTRUCTION,2496000.0,,,,,,,,,,
2026-05-22,0016509,UNDER-CONSTRUCTION,6647635.69,,,,,,,,,,
2026-05-22,0016510,PRE-CONSTRUCTION,1516000.0,,,,,,,,,,
2026-05-22,0016512,UNDER-CONSTRUCTION,10662215.41,,,,,,,,,,
2026-05-22,0016513,UNDER-CONSTRUCTION,5463580.0,,,,,,,,,,
2026-05-22,0016514,UNDER-CONSTRUCTION,7785610.58,,,,,,,,,,
2026-05-22,0016515,PRE-CONSTRUCTION,9208271.92,,,,,,,,,,
2026-05-22,0016523,COMPLETED-CONSTRUCTION,5489111.79,,,,,,,,,,
2026-05-22,0016525,UNDER-CONSTRUCTION,15846911.07,,,,,,,,,,
2026-05-22,0016526,UNDER-CONSTRUCTION,6619780.83,,,,,,,,,,
2026-05-22,0016527,UNDER-CONSTRUCTION,4863013.890000001,,,,,,,,,,
2026-05-22,0016529,UNDER-CONSTRUCTION,1813000.0,,,,,,,,,,
2026-05-22,0016531,PRE-CONSTRUCTION,1634000.0,,,,,,,,,,
2026-05-22,0016564,PRE-CONSTRUCTION,1105000.0,,,,,,,,,,
2026-05-22,0016565,PRE-CONSTRUCTION,1285000.0,,,,,,,,,,
2026-05-22,0016567,COMPLETED-CONSTRUCTION,2900642.41,,,,,,,,,,
2026-05-22,0016568,PRE-CONSTRUCTION,1000000.0,,,,,,,,,,
2026-05-22,0016571,PRE-CONSTRUCTION,2939865.59,,,,,,,,,,
2026-05-22,0016572,PRE-CONSTRUCTION,1068000.0,,,,,,,,,,
2026-05-22,0016573,PRE-CONSTRUCTION,4401293.279999999,,,,,,,,,,
2026-05-22,0016574,PRE-CONSTRUCTION,8837535.780000001,,,,,,,,,,
2026-05-22,0016576,UNDER-CONSTRUCTION,4271906.859999999,,,,,,,,,,
2026-05-22,0016577,UNDER-CONSTRUCTION,3476762.53,,,,,,,,,,
2026-05-22,0016578,UNDER-CONSTRUCTION,3144926.59,,,,,,,,,,
2026-05-22,0016579,PRE-CONSTRUCTION,8916686.54,,,,,,,,,,
2026-05-22,0016582,UNDER-CONSTRUCTION,5029238.79,,,,,,,,,,
2026-05-22,0016584,COMPLETED-CONSTRUCTION,4071312.87,,,,,,,,,,
2026-05-22,0016585,UNDER-CONSTRUCTION,3712001.09,,,,,,,,,,
2026-05-22,0016586,UNDER-CONSTRUCTION,4898966.34,,,,,,,,,,
2026-05-22,0016588,PRE-CONSTRUCTION,1155000.0,,,,,,,,,,
2026-05-22,0016591,COMPLETED-CONSTRUCTION,2860604.6399999997,,,,,,,,,,
2026-05-22,0016595,UNDER-CONSTRUCTION,4767540.07,,,,,,,,,,
2026-05-22,0016597,PRE-CONSTRUCTION,4224337.55,,,,,,,,,,
2026-05-22,0016599,UNDER-CONSTRUCTION,11149068.98,,,,,,,,,,
2026-05-22,0016600,UNDER-CONSTRUCTION,4389990.73,,,,,,,,,,
2026-05-22,0016601,UNDER-CONSTRUCTION,4556256.84,,,,,,,,,,
2026-05-22,0016602,UNDER-CONSTRUCTION,6009738.57,,,,,,,,,,
2026-05-22,0016604,PRE-CONSTRUCTION,980000.0,,,,,,,,,,
2026-05-22,0016605,UNDER-CONSTRUCTION,6501297.45,,,,,,,,,,
2026-05-22,0016610,UNDER-CONSTRUCTION,3579589.08,,,,,,,,,,
2026-05-22,0016615,COMPLETED-CONSTRUCTION,4704760.4399999995,,,,,,,,,,
2026-05-22,0016616,COMPLETED-CONSTRUCTION,1207510.53,,,,,,,,,,
2026-05-22,0016618,UNDER-CONSTRUCTION,113991054.45,,,,,,,,,,
2026-05-22,0016625,PRE-CONSTRUCTION,3775132.22,,,,,,,,,,
2026-05-22,0016627,COMPLETED-CONSTRUCTION,2310000.0,,,,,,,,,,
2026-05-22,0016628,UNDER-CONSTRUCTION,5849749.0,,,,,,,,,,
2026-05-22,0016629,UNDER-CONSTRUCTION,5554671.0,,,,,,,,,,
2026-05-22,0016630,UNDER-CONSTRUCTION,5102272.0,,,,,,,,,,
2026-05-22,0016632,PRE-CONSTRUCTION,8286651.61,,,,,,,,,,
2026-05-22,0016633,UNDER-CONSTRUCTION,4971579.5,,,,,,,,,,
2026-05-22,0016635,PRE-CONSTRUCTION,975000.0,,,,,,,,,,
2026-05-22,0016636,PRE-CONSTRUCTION,5103513.140000001,,,,,,,,,,
2026-05-22,0016637,PRE-CONSTRUCTION,5076511.75,,,,,,,,,,
2026-05-22,0016638,COMPLETED-CONSTRUCTION,1705824.5,,,,,,,,,,
2026-05-22,0016639,UNDER-CONSTRUCTION,1972439.5,,,,,,,,,,
2026-05-22,0016650,COMPLETED-CONSTRUCTION,1443887.16,,,,,,,,,,
2026-05-22,0016651,COMPLETED-CONSTRUCTION,1308532.78,,,,,,,,,,
2026-05-22,0016652,COMPLETED-CONSTRUCTION,1125797.95,,,,,,,,,,
2026-05-22,0016653,COMPLETED-CONSTRUCTION,1901923.2,,,,,,,,,,
2026-05-22,0016654,COMPLETED-CONSTRUCTION,1925009.79,,,,,,,,,,
2026-05-22,0016784,COMPLETED-CONSTRUCTION,277541.86,,,,,,,,,,
2026-05-22,0016794,COMPLETED-CONSTRUCTION,1515665.42,,,,,,,,,,
2026-05-22,0016802,COMPLETED-CONSTRUCTION,2130061.8899999997,,,,,,,,,,
2026-05-22,0016803,COMPLETED-CONSTRUCTION,1592030.75,,,,,,,,,,
2026-05-22,0016804,COMPLETED-CONSTRUCTION,1994795.98,,,,,,,,,,
2026-05-22,0016805,COMPLETED-CONSTRUCTION,2103623.38,,,,,,,,,,
2026-05-22,0016806,COMPLETED-CONSTRUCTION,1583265.09,,,,,,,,,,
2026-05-22,0016818,PRE-CONSTRUCTION,16460472.57,,,,,,,,,,
2026-05-22,0016824,COMPLETED-CONSTRUCTION,5126477.2,,,,,,,,,,
2026-05-22,0016825,COMPLETED-CONSTRUCTION,1064787.19,,,,,,,,,,
2026-05-22,0016826,COMPLETED-CONSTRUCTION,1604292.72,,,,,,,,,,
2026-05-22,0016827,COMPLETED-CONSTRUCTION,1893106.7,,,,,,,,,,
2026-05-22,0016828,COMPLETED-CONSTRUCTION,2005876.4,,,,,,,,,,
2026-05-22,0016830,PRE-CONSTRUCTION,51523527.57,,,,,,,,,,
2026-05-22,0016840,COMPLETED-CONSTRUCTION,2012242.61,,,,,,,,,,
2026-05-22,0016841,COMPLETED-CONSTRUCTION,1336956.37,,,,,,,,,,
2026-05-22,0016842,COMPLETED-CONSTRUCTION,1605509.1,,,,,,,,,,
2026-05-22,0016843,COMPLETED-CONSTRUCTION,1130306.12,,,,,,,,,,
2026-05-22,0016844,COMPLETED-CONSTRUCTION,2078333.09,,,,,,,,,,
2026-05-22,0016845,COMPLETED-CONSTRUCTION,1171526.25,,,,,,,,,,
2026-05-22,0016847,COMPLETED-CONSTRUCTION,537395.62,,,,,,,,,,
2026-05-22,0016848,COMPLETED-CONSTRUCTION,427788.84,,,,,,,,,,
2026-05-22,0016849,COMPLETED-CONSTRUCTION,356918.38,,,,,,,,,,
2026-05-22,0016850,COMPLETED-CONSTRUCTION,254250.05,,,,,,,,,,
2026-05-22,0016851,COMPLETED-CONSTRUCTION,289020.22000000003,,,,,,,,,,
2026-05-22,0016852,COMPLETED-CONSTRUCTION,335238.66,,,,,,,,,,
2026-05-22,0016853,COMPLETED-CONSTRUCTION,277851.57,,,,,,,,,,
2026-05-22,0016854,COMPLETED-CONSTRUCTION,296545.04000000004,,,,,,,,,,
2026-05-22,0016855,COMPLETED-CONSTRUCTION,1594405.67,,,,,,,,,,
2026-05-22,0016856,COMPLETED-CONSTRUCTION,340440.06,,,,,,,,,,
2026-05-22,0016857,COMPLETED-CONSTRUCTION,127609.54,,,,,,,,,,
2026-05-22,0016858,COMPLETED-CONSTRUCTION,633213.6299999999,,,,,,,,,,
2026-05-22,0016859,COMPLETED-CONSTRUCTION,3158712.16,,,,,,,,,,
2026-05-22,0016860,COMPLETED-CONSTRUCTION,255843.76,,,,,,,,,,
2026-05-22,0016879,COMPLETED-CONSTRUCTION,330380.57,,,,,,,,,,
2026-05-22,0016880,COMPLETED-CONSTRUCTION,339160.36,,,,,,,,,,
2026-05-22,0016881,COMPLETED-CONSTRUCTION,300981.67000000004,,,,,,,,,,
2026-05-22,0016885,COMPLETED-CONSTRUCTION,349633.16000000003,,,,,,,,,,
2026-05-22,0016886,COMPLETED-CONSTRUCTION,134062.96999999997,,,,,,,,,,
2026-05-22,0016887,COMPLETED-CONSTRUCTION,623839.02,,,,,,,,,,
2026-05-22,0016888,COMPLETED-CONSTRUCTION,337939.31,,,,,,,,,,
2026-05-22,0016899,PRE-CONSTRUCTION,6777025.45,,,,,,,,,,
2026-05-22,0016903,COMPLETED-CONSTRUCTION,228821.95,,,,,,,,,,
2026-05-22,0016904,COMPLETED-CONSTRUCTION,371559.89,,,,,,,,,,
2026-05-22,0016905,COMPLETED-CONSTRUCTION,219487.51,,,,,,,,,,
2026-05-22,0016906,COMPLETED-CONSTRUCTION,386270.77,,,,,,,,,,
2026-05-22,0016907,COMPLETED-CONSTRUCTION,437042.72,,,,,,,,,,
2026-05-22,0016908,COMPLETED-CONSTRUCTION,350648.01,,,,,,,,,,
2026-05-22,0016909,COMPLETED-CONSTRUCTION,631523.38,,,,,,,,,,
2026-05-22,0016910,COMPLETED-CONSTRUCTION,387842.86,,,,,,,,,,
2026-05-22,0016911,COMPLETED-CONSTRUCTION,616465.49,,,,,,,,,,
2026-05-22,0016912,COMPLETED-CONSTRUCTION,486812.95,,,,,,,,,,
2026-05-22,0016913,COMPLETED-CONSTRUCTION,495193.58,,,,,,,,,,
2026-05-22,0016914,UNDER-CONSTRUCTION,404370.35,,,,,,,,,,
2026-05-22,0016915,COMPLETED-CONSTRUCTION,447095.96,,,,,,,,,,
2026-05-22,0016916,COMPLETED-CONSTRUCTION,750908.27,,,,,,,,,,
2026-05-22,0016918,COMPLETED-CONSTRUCTION,597338.74,,,,,,,,,,
2026-05-22,0016920,PRE-CONSTRUCTION,2769000.0,,,,,,,,,,
2026-05-22,0016921,COMPLETED-CONSTRUCTION,1761835.78,,,,,,,,,,
2026-05-22,0016923,COMPLETED-CONSTRUCTION,2385299.3,,,,,,,,,,
2026-05-22,0016924,COMPLETED-CONSTRUCTION,2292289.49,,,,,,,,,,
2026-05-22,0016926,UNDER-CONSTRUCTION,1597382.43,,,,,,,,,,
2026-05-22,0016927,UNDER-CONSTRUCTION,5138137.55,,,,,,,,,,
2026-05-22,0016928,COMPLETED-CONSTRUCTION,1365651.5,,,,,,,,,,
2026-05-22,0016929,COMPLETED-CONSTRUCTION,381064.7,,,,,,,,,,
2026-05-22,0016930,COMPLETED-CONSTRUCTION,219843.07,,,,,,,,,,
2026-05-22,0016983,COMPLETED-CONSTRUCTION,262773.16,,,,,,,,,,
2026-05-22,0016985,UNDER-CONSTRUCTION,43085008.62,,,,,,,,,,
2026-05-22,0017000,COMPLETED-CONSTRUCTION,10674098.44,,,,,,,,,,
2026-05-22,0017038,COMPLETED-CONSTRUCTION,22746243.15,,,,,,,,,,
2026-05-22,0017040,UNDER-CONSTRUCTION,50372909.39,,,,,,,,,,
2026-05-22,0017062,COMPLETED-CONSTRUCTION,940884.85,,,,,,,,,,
2026-05-22,0017063,COMPLETED-CONSTRUCTION,306893.28,,,,,,,,,,
2026-05-22,0017064,COMPLETED-CONSTRUCTION,953561.82,,,,,,,,,,
2026-05-22,0017065,COMPLETED-CONSTRUCTION,1527239.95,,,,,,,,,,
2026-05-22,0017066,COMPLETED-CONSTRUCTION,937285.91,,,,,,,,,,
2026-05-22,0017067,COMPLETED-CONSTRUCTION,1614386.28,,,,,,,,,,
2026-05-22,0017068,COMPLETED-CONSTRUCTION,1271997.49,,,,,,,,,,
2026-05-22,0017069,COMPLETED-CONSTRUCTION,1097162.92,,,,,,,,,,
2026-05-22,0017070,COMPLETED-CONSTRUCTION,798354.36,,,,,,,,,,
2026-05-22,0017071,COMPLETED-CONSTRUCTION,603130.71,,,,,,,,,,
2026-05-22,0017072,COMPLETED-CONSTRUCTION,1111305.03,,,,,,,,,,
2026-05-22,0017073,COMPLETED-CONSTRUCTION,2105310.03,,,,,,,,,,
2026-05-22,0017074,COMPLETED-CONSTRUCTION,1920216.2,,,,,,,,,,
2026-05-22,0017075,COMPLETED-CONSTRUCTION,1370374.66,,,,,,,,,,
2026-05-22,0017076,COMPLETED-CONSTRUCTION,1015693.92,,,,,,,,,,
2026-05-22,0017077,COMPLETED-CONSTRUCTION,1087371.35,,,,,,,,,,
2026-05-22,0017078,COMPLETED-CONSTRUCTION,1608142.28,,,,,,,,,,
2026-05-22,0017079,COMPLETED-CONSTRUCTION,1633244.49,,,,,,,,,,
2026-05-22,0017080,COMPLETED-CONSTRUCTION,1649289.62,,,,,,,,,,
2026-05-22,0017081,COMPLETED-CONSTRUCTION,811368.87,,,,,,,,,,
2026-05-22,0017082,COMPLETED-CONSTRUCTION,2010606.36,,,,,,,,,,
2026-05-22,0017083,COMPLETED-CONSTRUCTION,2171464.12,,,,,,,,,,
2026-05-22,0017084,COMPLETED-CONSTRUCTION,1875101.97,,,,,,,,,,
2026-05-22,0017085,COMPLETED-CONSTRUCTION,1135888.32,,,,,,,,,,
2026-05-22,0017086,COMPLETED-CONSTRUCTION,1800306.74,,,,,,,,,,
2026-05-22,0017087,COMPLETED-CONSTRUCTION,1317792.84,,,,,,,,,,
2026-05-22,0017088,UNDER-CONSTRUCTION,1441479.74,,,,,,,,,,
2026-05-22,0017089,COMPLETED-CONSTRUCTION,986406.31,,,,,,,,,,
2026-05-22,0017090,COMPLETED-CONSTRUCTION,975449.71,,,,,,,,,,
2026-05-22,0017091,COMPLETED-CONSTRUCTION,1119338.8,,,,,,,,,,
2026-05-22,0017092,COMPLETED-CONSTRUCTION,1220634.58,,,,,,,,,,
2026-05-22,0017093,COMPLETED-CONSTRUCTION,1150453.24,,,,,,,,,,
2026-05-22,0017096,PRE-CONSTRUCTION,2811247.6,,,,,,,,,,
2026-05-22,0017097,COMPLETED-CONSTRUCTION,4003266.05,,,,,,,,,,
2026-05-22,0017098,COMPLETED-CONSTRUCTION,8252231.76,,,,,,,,,,
2026-05-22,0017099,COMPLETED-CONSTRUCTION,4301135.45,,,,,,,,,,
2026-05-22,0017100,COMPLETED-CONSTRUCTION,7693437.74,,,,,,,,,,
2026-05-22,0017101,COMPLETED-CONSTRUCTION,3178244.4099999997,,,,,,,,,,
2026-05-22,0017102,COMPLETED-CONSTRUCTION,2365156.75,,,,,,,,,,
2026-05-22,0017103,COMPLETED-CONSTRUCTION,1475515.06,,,,,,,,,,
2026-05-22,0017104,COMPLETED-CONSTRUCTION,203511.21,,,,,,,,,,
2026-05-22,0017105,COMPLETED-CONSTRUCTION,273638.10000000003,,,,,,,,,,
2026-05-22,0017106,COMPLETED-CONSTRUCTION,1238205.53,,,,,,,,,,
2026-05-22,0017110,PRE-CONSTRUCTION,56558959.0,,,,,,,,,,
2026-05-22,0017111,COMPLETED-CONSTRUCTION,2170666.61,,,,,,,,,,
2026-05-22,0017112,COMPLETED-CONSTRUCTION,1946165.02,,,,,,,,,,
2026-05-22,0017114,UNDER-CONSTRUCTION,5327867.13,,,,,,,,,,
2026-05-22,0017115,COMPLETED-CONSTRUCTION,1461184.65,,,,,,,,,,
2026-05-22,0017121,PRE-CONSTRUCTION,66064736.68,,,,,,,,,,
2026-05-22,0017122,COMPLETED-CONSTRUCTION,102418.8,,,,,,,,,,
2026-05-22,0017124,PRE-CONSTRUCTION,2981835189.0,,,,,,,,,,
2026-05-22,0017126,UNDER-CONSTRUCTION,21992609.0,,,,,,,,,,
2026-05-22,0017129,UNDER-CONSTRUCTION,62739813.76,,,,,,,,,,
2026-05-22,0017130,UNDER-CONSTRUCTION,44179563.0,,,,,,,,,,
2026-05-22,0017138,PRE-CONSTRUCTION,4678687.26,,,,,,,,,,
2026-05-22,0017139,PRE-CONSTRUCTION,5633793.52,,,,,,,,,,
2026-05-22,0017172,COMPLETED-CONSTRUCTION,1522452.49,,,,,,,,,,
2026-05-22,0017173,COMPLETED-CONSTRUCTION,1558479.26,,,,,,,,,,
2026-05-22,0017174,COMPLETED-CONSTRUCTION,2525672.82,,,,,,,,,,
2026-05-22,0017175,COMPLETED-CONSTRUCTION,1802227.21,,,,,,,,,,
2026-05-22,0017176,COMPLETED-CONSTRUCTION,1975317.24,,,,,,,,,,
2026-05-22,0017177,COMPLETED-CONSTRUCTION,3043103.73,,,,,,,,,,
2026-05-22,0017178,COMPLETED-CONSTRUCTION,4034764.34,,,,,,,,,,
2026-05-22,0017179,COMPLETED-CONSTRUCTION,331523.13,,,,,,,,,,
2026-05-22,0017180,COMPLETED-CONSTRUCTION,83918.73000000001,,,,,,,,,,
2026-05-22,0017185,COMPLETED-CONSTRUCTION,5910089.51,,,,,,,,,,
2026-05-22,0017186,PRE-CONSTRUCTION,1343000.0,,,,,,,,,,
2026-05-22,0017187,UNDER-CONSTRUCTION,32681647.35,,,,,,,,,,
2026-05-22,0017189,UNDER-CONSTRUCTION,5560791.61,,,,,,,,,,
2026-05-22,0017219,COMPLETED-CONSTRUCTION,20515000.0,,,,,,,,,,
2026-05-22,0017229,COMPLETED-CONSTRUCTION,5229114.109999999,,,,,,,,,,
2026-05-22,0017244,PRE-CONSTRUCTION,23809566.65,,,,,,,,,,
2026-05-22,0017246,COMPLETED-CONSTRUCTION,2031809.71,,,,,,,,,,
2026-05-22,0017271,PRE-CONSTRUCTION,117436126.0,,,,,,,,,,
2026-05-22,0017311,COMPLETED-CONSTRUCTION,2122657.23,,,,,,,,,,
2026-05-22,0017312,COMPLETED-CONSTRUCTION,1850458.83,,,,,,,,,,
2026-05-22,0017313,COMPLETED-CONSTRUCTION,1586207.88,,,,,,,,,,
2026-05-22,0017314,COMPLETED-CONSTRUCTION,1956538.57,,,,,,,,,,
2026-05-22,0017315,COMPLETED-CONSTRUCTION,2318698.55,,,,,,,,,,
2026-05-22,0017316,COMPLETED-CONSTRUCTION,1449409.15,,,,,,,,,,
2026-05-22,0017317,PRE-CONSTRUCTION,9879536.64,,,,,,,,,,
2026-05-22,0017389,COMPLETED-CONSTRUCTION,2213790.3,,,,,,,,,,
2026-05-22,0017390,COMPLETED-CONSTRUCTION,3487594.65,,,,,,,,,,
2026-05-22,0017391,UNDER-CONSTRUCTION,7300998.8,,,,,,,,,,
2026-05-22,0017392,PRE-CONSTRUCTION,26137500.0,,,,,,,,,,
2026-05-22,0017394,PRE-CONSTRUCTION,15120595.36,,,,,,,,,,
2026-05-22,0017395,PRE-CONSTRUCTION,9129604.67,,,,,,,,,,
2026-05-22,0017396,PRE-CONSTRUCTION,2582756.05,,,,,,,,,,
2026-05-22,0017397,PRE-CONSTRUCTION,5251996.68,,,,,,,,,,
2026-05-22,0017398,PRE-CONSTRUCTION,12936999.84,,,,,,,,,,
2026-05-22,0017399,PRE-CONSTRUCTION,10736004.27,,,,,,,,,,
2026-05-22,0017401,PRE-CONSTRUCTION,7293305.57,,,,,,,,,,
2026-05-22,0017403,COMPLETED-CONSTRUCTION,1518562.55,,,,,,,,,,
2026-05-22,0017404,UNDER-CONSTRUCTION,2846498.19,,,,,,,,,,
2026-05-22,0017405,PRE-CONSTRUCTION,3186718.57,,,,,,,,,,
2026-05-22,0017412,PRE-CONSTRUCTION,5000000.0,,,,,,,,,,
2026-05-22,0017414,PRE-CONSTRUCTION,82548963.72,,,,,,,,,,
2026-05-22,0017416,PRE-CONSTRUCTION,20171477.0,,,,,,,,,,
2026-05-22,0017418,COMPLETED-CONSTRUCTION,2636222.59,,,,,,,,,,
2026-05-22,0017419,COMPLETED-CONSTRUCTION,2631459.79,,,,,,,,,,
2026-05-22,0017420,COMPLETED-CONSTRUCTION,2437147.19,,,,,,,,,,
2026-05-22,0017421,COMPLETED-CONSTRUCTION,2423328.48,,,,,,,,,,
2026-05-22,0017422,COMPLETED-CONSTRUCTION,2368746.54,,,,,,,,,,
2026-05-22,0017423,COMPLETED-CONSTRUCTION,1894655.23,,,,,,,,,,
2026-05-22,0017424,COMPLETED-CONSTRUCTION,3040760.33,,,,,,,,,,
2026-05-22,0017425,COMPLETED-CONSTRUCTION,1800358.83,,,,,,,,,,
2026-05-22,0017426,PRE-CONSTRUCTION,1370000.0,,,,,,,,,,
2026-05-22,0017430,UNDER-CONSTRUCTION,1672439.28,,,,,,,,,,
2026-05-22,0017443,PRE-CONSTRUCTION,24455878.0,,,,,,,,,,
2026-05-22,0017444,PRE-CONSTRUCTION,61661000.0,,,,,,,,,,
2026-05-22,0017454,PRE-CONSTRUCTION,15190429.42,,,,,,,,,,
2026-05-22,0017462,UNDER-CONSTRUCTION,327684.06,,,,,,,,,,
2026-05-22,0017515,PRE-CONSTRUCTION,51407724.18,,,,,,,,,,
2026-05-22,0017517,PRE-CONSTRUCTION,6213644.9399999995,,,,,,,,,,
2026-05-22,0017518,PRE-CONSTRUCTION,70924556.34,,,,,,,,,,
2026-05-22,0017521,PRE-CONSTRUCTION,1603903.67,,,,,,,,,,
2026-05-22,0017522,PRE-CONSTRUCTION,29481900.0,,,,,,,,,,
2026-05-22,0017523,PRE-CONSTRUCTION,1700000.0,,,,,,,,,,
2026-05-22,0017524,PRE-CONSTRUCTION,2673745.5,,,,,,,,,,
2026-05-22,0017525,PRE-CONSTRUCTION,300000.0,,,,,,,,,,
2026-05-22,0017526,PRE-CONSTRUCTION,3000000.0,,,,,,,,,,
2026-05-22,0017527,PRE-CONSTRUCTION,9195000.0,,,,,,,,,,
2026-05-22,0017528,PRE-CONSTRUCTION,6442800.0,,,,,,,,,,
2026-05-22,0017529,PRE-CONSTRUCTION,12900000.0,,,,,,,,,,
2026-05-22,0017530,COMPLETED-CONSTRUCTION,2245390.08,,,,,,,,,,
2026-05-22,0017531,UNDER-CONSTRUCTION,1819440.0,,,,,,,,,,
2026-05-22,0017532,UNDER-CONSTRUCTION,621000.0,,,,,,,,,,
2026-05-22,0017533,UNDER-CONSTRUCTION,2260000.0,,,,,,,,,,
2026-05-22,0017534,PRE-CONSTRUCTION,2600000.0,,,,,,,,,,
2026-05-22,0017535,UNDER-CONSTRUCTION,1230000.0,,,,,,,,,,
2026-05-22,0017536,PRE-CONSTRUCTION,2015000.0,,,,,,,,,,
2026-05-22,0017537,PRE-CONSTRUCTION,9250000.0,,,,,,,,,,
2026-05-22,0017538,UNDER-CONSTRUCTION,397000.0,,,,,,,,,,
2026-05-22,0017539,UNDER-CONSTRUCTION,101000.0,,,,,,,,,,
2026-05-22,0017540,UNDER-CONSTRUCTION,630000.0,,,,,,,,,,
2026-05-22,0017541,UNDER-CONSTRUCTION,256000.0,,,,,,,,,,
2026-05-22,0017542,UNDER-CONSTRUCTION,97000.0,,,,,,,,,,
2026-05-22,0017543,UNDER-CONSTRUCTION,290000.0,,,,,,,,,,
2026-05-22,0017544,COMPLETED-CONSTRUCTION,2105000.0,,,,,,,,,,
2026-05-22,0017545,UNDER-CONSTRUCTION,118000.0,,,,,,,,,,
2026-05-22,0017546,UNDER-CONSTRUCTION,141000.0,,,,,,,,,,
2026-05-22,0017547,UNDER-CONSTRUCTION,393000.0,,,,,,,,,,
2026-05-22,0017548,UNDER-CONSTRUCTION,162000.0,,,,,,,,,,
2026-05-22,0017549,UNDER-CONSTRUCTION,38000.0,,,,,,,,,,
2026-05-22,0017550,UNDER-CONSTRUCTION,610000.0,,,,,,,,,,
2026-05-22,0017551,UNDER-CONSTRUCTION,455000.0,,,,,,,,,,
2026-05-22,0017552,UNDER-CONSTRUCTION,94000.0,,,,,,,,,,
2026-05-22,0017553,UNDER-CONSTRUCTION,293000.0,,,,,,,,,,
2026-05-22,0017554,UNDER-CONSTRUCTION,617917.0,,,,,,,,,,
2026-05-22,0017555,UNDER-CONSTRUCTION,477000.0,,,,,,,,,,
2026-05-22,0017556,UNDER-CONSTRUCTION,882000.0,,,,,,,,,,
2026-05-22,0017557,UNDER-CONSTRUCTION,384000.0,,,,,,,,,,
2026-05-22,0017558,UNDER-CONSTRUCTION,543000.0,,,,,,,,,,
2026-05-22,0017559,UNDER-CONSTRUCTION,107000.0,,,,,,,,,,
2026-05-22,0017560,UNDER-CONSTRUCTION,590000.0,,,,,,,,,,
2026-05-22,0017561,UNDER-CONSTRUCTION,327969.0,,,,,,,,,,
2026-05-22,0017562,UNDER-CONSTRUCTION,189000.0,,,,,,,,,,
2026-05-22,0017563,UNDER-CONSTRUCTION,98000.0,,,,,,,,,,
2026-05-22,0017564,UNDER-CONSTRUCTION,141000.0,,,,,,,,,,
2026-05-22,0017565,UNDER-CONSTRUCTION,754000.0,,,,,,,,,,
2026-05-22,0017566,UNDER-CONSTRUCTION,118863.0,,,,,,,,,,
2026-05-22,0017567,UNDER-CONSTRUCTION,274338.0,,,,,,,,,,
2026-05-22,0017568,UNDER-CONSTRUCTION,161438.0,,,,,,,,,,
2026-05-22,0017569,UNDER-CONSTRUCTION,222605.0,,,,,,,,,,
2026-05-22,0017570,UNDER-CONSTRUCTION,1430000.0,,,,,,,,,,
2026-05-22,0017571,UNDER-CONSTRUCTION,1104000.0,,,,,,,,,,
2026-05-22,0017572,UNDER-CONSTRUCTION,108000.0,,,,,,,,,,
2026-05-22,0017573,UNDER-CONSTRUCTION,41000.0,,,,,,,,,,
2026-05-22,0017574,UNDER-CONSTRUCTION,174000.0,,,,,,,,,,
2026-05-22,0017575,COMPLETED-CONSTRUCTION,369166.89,,,,,,,,,,
2026-05-22,0017576,UNDER-CONSTRUCTION,1166970.0,,,,,,,,,,
2026-05-22,0017577,UNDER-CONSTRUCTION,471000.0,,,,,,,,,,
2026-05-22,0017578,UNDER-CONSTRUCTION,216438.0,,,,,,,,,,
2026-05-22,0017579,UNDER-CONSTRUCTION,164533.0,,,,,,,,,,
2026-05-22,0017580,UNDER-CONSTRUCTION,199000.0,,,,,,,,,,
2026-05-22,0017581,UNDER-CONSTRUCTION,795000.0,,,,,,,,,,
2026-05-22,0017582,UNDER-CONSTRUCTION,165000.0,,,,,,,,,,
2026-05-22,0017583,UNDER-CONSTRUCTION,690000.0,,,,,,,,,,
2026-05-22,0017584,UNDER-CONSTRUCTION,54700.0,,,,,,,,,,
2026-05-22,0017585,UNDER-CONSTRUCTION,3000000.0,,,,,,,,,,
2026-05-22,0017586,UNDER-CONSTRUCTION,285000.0,,,,,,,,,,
2026-05-22,0017588,PRE-CONSTRUCTION,1724000.0,,,,,,,,,,
2026-05-22,0017589,PRE-CONSTRUCTION,1396000.0,,,,,,,,,,
2026-05-22,0017590,PRE-CONSTRUCTION,586460.0,,,,,,,,,,
2026-05-22,0017591,UNDER-CONSTRUCTION,95080.0,,,,,,,,,,
2026-05-22,0017592,UNDER-CONSTRUCTION,100000.0,,,,,,,,,,
2026-05-22,0017593,PRE-CONSTRUCTION,8181008.0,,,,,,,,,,
2026-05-22,0017594,PRE-CONSTRUCTION,510545.0,,,,,,,,,,
2026-05-22,0017595,UNDER-CONSTRUCTION,1111457.89,,,,,,,,,,
2026-05-22,0017596,UNDER-CONSTRUCTION,990000.0,,,,,,,,,,
2026-05-22,0017598,PRE-CONSTRUCTION,3607000.0,,,,,,,,,,
2026-05-22,0017599,PRE-CONSTRUCTION,6098660.0,,,,,,,,,,
2026-05-22,0017601,PRE-CONSTRUCTION,2345000.0,,,,,,,,,,
2026-05-22,0017602,COMPLETED-CONSTRUCTION,1435486.89,,,,,,,,,,
2026-05-22,0017603,COMPLETED-CONSTRUCTION,359983.19,,,,,,,,,,
2026-05-22,0017604,COMPLETED-CONSTRUCTION,455799.87,,,,,,,,,,
2026-05-22,0017605,COMPLETED-CONSTRUCTION,659794.12,,,,,,,,,,
2026-05-22,0017606,COMPLETED-CONSTRUCTION,1974348.0,,,,,,,,,,
2026-05-22,0017607,PRE-CONSTRUCTION,1856000.0,,,,,,,,,,
2026-05-22,0017608,PRE-CONSTRUCTION,1800000.0,,,,,,,,,,
2026-05-22,0017609,PRE-CONSTRUCTION,1548000.0,,,,,,,,,,
2026-05-22,0017610,PRE-CONSTRUCTION,2500000.0,,,,,,,,,,
2026-05-22,0017611,PRE-CONSTRUCTION,5622000.0,,,,,,,,,,
2026-05-22,0017612,PRE-CONSTRUCTION,3409000.0,,,,,,,,,,
2026-05-22,0017613,PRE-CONSTRUCTION,2425000.0,,,,,,,,,,
2026-05-22,0017614,PRE-CONSTRUCTION,4672000.0,,,,,,,,,,
2026-05-22,0017615,PRE-CONSTRUCTION,4150000.0,,,,,,,,,,
2026-05-22,0017616,PRE-CONSTRUCTION,2975000.0,,,,,,,,,,
2026-05-22,0017617,PRE-CONSTRUCTION,1000000.0,,,,,,,,,,
2026-05-22,0017618,PRE-CONSTRUCTION,8145304.0,,,,,,,,,,
2026-05-22,0017619,PRE-CONSTRUCTION,23000000.0,,,,,,,,,,
2026-05-22,0017620,PRE-CONSTRUCTION,20304000.0,,,,,,,,,,
2026-05-22,0017621,PRE-CONSTRUCTION,3174428.0,,,,,,,,,,
2026-05-22,0017622,PRE-CONSTRUCTION,2420550.0,,,,,,,,,,
2026-05-22,0017623,UNDER-CONSTRUCTION,3900000.0,,,,,,,,,,
2026-05-22,0017624,PRE-CONSTRUCTION,7623000.0,,,,,,,,,,
2026-05-22,0017625,COMPLETED-CONSTRUCTION,2000000.0,,,,,,,,,,
2026-05-22,0017626,PRE-CONSTRUCTION,600000.0,,,,,,,,,,
2026-05-22,0017627,UNDER-CONSTRUCTION,13000000.0,,,,,,,,,,
2026-05-22,0017628,UNDER-CONSTRUCTION,7000000.0,,,,,,,,,,
2026-05-22,0017629,UNDER-CONSTRUCTION,1600000.0,,,,,,,,,,
2026-05-22,0017630,PRE-CONSTRUCTION,20097176.0,,,,,,,,,,
2026-05-22,0017631,PRE-CONSTRUCTION,2600000.0,,,,,,,,,,
2026-05-22,0017632,UNDER-CONSTRUCTION,6395630.0,,,,,,,,,,
2026-05-22,0017633,PRE-CONSTRUCTION,11882560.0,,,,,,,,,,
2026-05-22,0017634,PRE-CONSTRUCTION,3164700.0,,,,,,,,,,
2026-05-22,0017635,UNDER-CONSTRUCTION,2063450.0,,,,,,,,,,
2026-05-22,0017636,PRE-CONSTRUCTION,15000000.0,,,,,,,,,,
2026-05-22,0017637,UNDER-CONSTRUCTION,3616800.0,,,,,,,,,,
2026-05-22,0017638,PRE-CONSTRUCTION,7059397.0,,,,,,,,,,
2026-05-22,0017639,PRE-CONSTRUCTION,3719430.0,,,,,,,,,,
2026-05-22,0017640,PRE-CONSTRUCTION,17011727.0,,,,,,,,,,
2026-05-22,0017641,PRE-CONSTRUCTION,8938270.0,,,,,,,,,,
2026-05-22,0017642,PRE-CONSTRUCTION,10000000.0,,,,,,,,,,
2026-05-22,0017643,PRE-CONSTRUCTION,9252974.0,,,,,,,,,,
2026-05-22,0017644,PRE-CONSTRUCTION,21962975.0,,,,,,,,,,
2026-05-22,0017645,UNDER-CONSTRUCTION,2506052.0,,,,,,,,,,
2026-05-22,0017646,PRE-CONSTRUCTION,18629405.0,,,,,,,,,,
2026-05-22,0017647,PRE-CONSTRUCTION,4924040.0,,,,,,,,,,
2026-05-22,0017648,PRE-CONSTRUCTION,6437824.0,,,,,,,,,,
2026-05-22,0017649,PRE-CONSTRUCTION,800000.0,,,,,,,,,,
2026-05-22,0017650,PRE-CONSTRUCTION,680000.0,,,,,,,,,,
2026-05-22,0017651,COMPLETED-CONSTRUCTION,1947000.0,,,,,,,,,,
2026-05-22,0017652,COMPLETED-CONSTRUCTION,2577872.0,,,,,,,,,,
2026-05-22,0017653,UNDER-CONSTRUCTION,1255338.4,,,,,,,,,,
2026-05-22,0017654,UNDER-CONSTRUCTION,737361.65,,,,,,,,,,
2026-05-22,0017655,UNDER-CONSTRUCTION,606342.3,,,,,,,,,,
2026-05-22,0017656,COMPLETED-CONSTRUCTION,528164.0,,,,,,,,,,
2026-05-22,0017657,UNDER-CONSTRUCTION,382320.0,,,,,,,,,,
2026-05-22,0017658,COMPLETED-CONSTRUCTION,297092.0,,,,,,,,,,
2026-05-22,0017659,PRE-CONSTRUCTION,2865000.0,,,,,,,,,,
2026-05-22,0017660,PRE-CONSTRUCTION,3088000.0,,,,,,,,,,
2026-05-22,0017661,PRE-CONSTRUCTION,2466250.14,,,,,,,,,,
2026-05-22,0017662,PRE-CONSTRUCTION,850000.0,,,,,,,,,,
2026-05-22,0017663,PRE-CONSTRUCTION,920000.0,,,,,,,,,,
2026-05-22,0017664,PRE-CONSTRUCTION,1475000.0,,,,,,,,,,
2026-05-22,0017665,PRE-CONSTRUCTION,1425000.0,,,,,,,,,,
2026-05-22,0017666,PRE-CONSTRUCTION,610300.0,,,,,,,,,,
2026-05-22,0017667,PRE-CONSTRUCTION,1356600.0,,,,,,,,,,
2026-05-22,0017668,PRE-CONSTRUCTION,1021700.0,,,,,,,,,,
2026-05-22,0017669,PRE-CONSTRUCTION,175000.0,,,,,,,,,,
2026-05-22,0017670,PRE-CONSTRUCTION,140000.0,,,,,,,,,,
2026-05-22,0017671,PRE-CONSTRUCTION,214000.0,,,,,,,,,,
2026-05-22,0017672,COMPLETED-CONSTRUCTION,710000.0,,,,,,,,,,
2026-05-22,0017673,COMPLETED-CONSTRUCTION,1345000.0,,,,,,,,,,
2026-05-22,0017678,COMPLETED-CONSTRUCTION,2287676.06,,,,,,,,,,
2026-05-22,0017691,UNDER-CONSTRUCTION,3598777.05,,,,,,,,,,
2026-05-22,0017694,COMPLETED-CONSTRUCTION,698889.95,,,,,,,,,,
2026-05-22,0017697,PRE-CONSTRUCTION,11138000.0,,,,,,,,,,
2026-05-22,0017698,COMPLETED-CONSTRUCTION,2158201.66,,,,,,,,,,
2026-05-22,0017699,COMPLETED-CONSTRUCTION,254161.79,,,,,,,,,,
2026-05-22,0017700,COMPLETED-CONSTRUCTION,227094.61,,,,,,,,,,
2026-05-22,0017701,COMPLETED-CONSTRUCTION,300835.91000000003,,,,,,,,,,
2026-05-22,0017702,COMPLETED-CONSTRUCTION,231963.2,,,,,,,,,,
2026-05-22,0017703,COMPLETED-CONSTRUCTION,206355.51,,,,,,,,,,
2026-05-22,0017704,COMPLETED-CONSTRUCTION,314581.15,,,,,,,,,,
2026-05-22,0017705,COMPLETED-CONSTRUCTION,815562.9,,,,,,,,,,
2026-05-22,0017706,COMPLETED-CONSTRUCTION,510477.93,,,,,,,,,,
2026-05-22,0017707,COMPLETED-CONSTRUCTION,270355.27,,,,,,,,,,
2026-05-22,0017708,COMPLETED-CONSTRUCTION,208237.34,,,,,,,,,,
2026-05-22,0017709,COMPLETED-CONSTRUCTION,586496.09,,,,,,,,,,
2026-05-22,0017710,COMPLETED-CONSTRUCTION,504209.32,,,,,,,,,,
2026-05-22,0017711,COMPLETED-CONSTRUCTION,28940.61,,,,,,,,,,
2026-05-22,0017712,COMPLETED-CONSTRUCTION,293957.91000000003,,,,,,,,,,
2026-05-22,0017713,COMPLETED-CONSTRUCTION,221871.34,,,,,,,,,,
2026-05-22,0017714,COMPLETED-CONSTRUCTION,77103.43,,,,,,,,,,
2026-05-22,0017715,COMPLETED-CONSTRUCTION,179219.71000000002,,,,,,,,,,
2026-05-22,0017716,COMPLETED-CONSTRUCTION,480948.14,,,,,,,,,,
2026-05-22,0017718,COMPLETED-CONSTRUCTION,1489468.77,,,,,,,,,,
2026-05-22,0017719,UNDER-CONSTRUCTION,1551209.76,,,,,,,,,,
2026-05-22,0017726,COMPLETED-CONSTRUCTION,170608.59,,,,,,,,,,
2026-05-22,0017727,COMPLETED-CONSTRUCTION,152186.53,,,,,,,,,,
2026-05-22,0017728,COMPLETED-CONSTRUCTION,806026.9199999999,,,,,,,,,,
2026-05-22,0017731,PRE-CONSTRUCTION,4033229.51,,,,,,,,,,
2026-05-22,0017739,PRE-CONSTRUCTION,11988836.93,,,,,,,,,,
2026-05-22,0017740,COMPLETED-CONSTRUCTION,1064375.77,,,,,,,,,,
2026-05-22,0017742,COMPLETED-CONSTRUCTION,738998.62,,,,,,,,,,
2026-05-22,0017743,COMPLETED-CONSTRUCTION,195200.33,,,,,,,,,,
2026-05-22,0017753,COMPLETED-CONSTRUCTION,196936.55,,,,,,,,,,
2026-05-22,0017756,PRE-CONSTRUCTION,1257300.88,,,,,,,,,,
2026-05-22,0017771,COMPLETED-CONSTRUCTION,1802286.72,,,,,,,,,,
2026-05-22,0017772,COMPLETED-CONSTRUCTION,1421492.8,,,,,,,,,,
2026-05-22,0017773,COMPLETED-CONSTRUCTION,1464246.35,,,,,,,,,,
2026-05-22,0017774,COMPLETED-CONSTRUCTION,2468063.13,,,,,,,,,,
2026-05-22,0017775,UNDER-CONSTRUCTION,2338972.3,,,,,,,,,,
2026-05-22,0017776,COMPLETED-CONSTRUCTION,2275171.6100000003,,,,,,,,,,
2026-05-22,0017777,COMPLETED-CONSTRUCTION,3190212.75,,,,,,,,,,
2026-05-22,0017778,COMPLETED-CONSTRUCTION,2959983.16,,,,,,,,,,
2026-05-22,0017779,COMPLETED-CONSTRUCTION,2313195.7800000003,,,,,,,,,,
2026-05-22,0017780,UNDER-CONSTRUCTION,2439836.15,,,,,,,,,,
2026-05-22,0017782,UNDER-CONSTRUCTION,27696421.28,,,,,,,,,,
2026-05-22,0017784,PRE-CONSTRUCTION,175312.0,,,,,,,,,,
2026-05-22,0017802,PRE-CONSTRUCTION,3658520.0,,,,,,,,,,
2026-05-22,0017804,PRE-CONSTRUCTION,12244793.9,,,,,,,,,,
2026-05-22,0017805,COMPLETED-CONSTRUCTION,4355110.98,,,,,,,,,,
2026-05-22,0017806,PRE-CONSTRUCTION,18467565.32,,,,,,,,,,
2026-05-22,0017807,PRE-CONSTRUCTION,20714883.0,,,,,,,,,,
2026-05-22,0017809,PRE-CONSTRUCTION,6150000.0,,,,,,,,,,
2026-05-22,0017811,PRE-CONSTRUCTION,9257000.5,,,,,,,,,,
2026-05-22,0017812,UNDER-CONSTRUCTION,6105189.0,,,,,,,,,,
2026-05-22,0017813,PRE-CONSTRUCTION,23278421.69,,,,,,,,,,
2026-05-22,0017815,PRE-CONSTRUCTION,7012500.0,,,,,,,,,,
2026-05-22,0017818,COMPLETED-CONSTRUCTION,2907000.0,,,,,,,,,,
2026-05-22,0017821,PRE-CONSTRUCTION,10802757.96,,,,,,,,,,
2026-05-22,0017830,UNDER-CONSTRUCTION,8365070.02,,,,,,,,,,
2026-05-22,0017842,PRE-CONSTRUCTION,4040000.0,,,,,,,,,,
2026-05-22,0017843,PRE-CONSTRUCTION,2211500.0,,,,,,,,,,
2026-05-22,0017844,UNDER-CONSTRUCTION,1042500.0,,,,,,,,,,
2026-05-22,0017876,COMPLETED-CONSTRUCTION,1811636.68,,,,,,,,,,
2026-05-22,0017878,COMPLETED-CONSTRUCTION,2284415.33,,,,,,,,,,
2026-05-22,0017879,PRE-CONSTRUCTION,3610000.0,,,,,,,,,,
2026-05-22,0017907,UNDER-CONSTRUCTION,978292.27,,,,,,,,,,
2026-05-22,0017909,PRE-CONSTRUCTION,330000.0,,,,,,,,,,
2026-05-22,0017910,PRE-CONSTRUCTION,1530000.0,,,,,,,,,,
2026-05-22,0017912,PRE-CONSTRUCTION,3030000.0,,,,,,,,,,
2026-05-22,0017913,PRE-CONSTRUCTION,1030000.0,,,,,,,,,,
2026-05-22,0017914,PRE-CONSTRUCTION,2530000.0,,,,,,,,,,
2026-05-22,0017915,PRE-CONSTRUCTION,4030000.0,,,,,,,,,,
2026-05-22,0017917,COMPLETED-CONSTRUCTION,427203.93,,,,,,,,,,
2026-05-22,0017922,UNDER-CONSTRUCTION,9051734.45,,,,,,,,,,
2026-05-22,0017926,COMPLETED-CONSTRUCTION,3984461.13,,,,,,,,,,
2026-05-22,0017930,PRE-CONSTRUCTION,8661787.58,,,,,,,,,,
2026-05-22,0017946,PRE-CONSTRUCTION,2666925.0,,,,,,,,,,
2026-05-22,0017955,COMPLETED-CONSTRUCTION,323026.78,,,,,,,,,,
2026-05-22,0017956,PRE-CONSTRUCTION,2500000.0,,,,,,,,,,
2026-05-22,0017957,UNDER-CONSTRUCTION,1318816.78,,,,,,,,,,
2026-05-22,0017959,PRE-CONSTRUCTION,5314641.94,,,,,,,,,,
2026-05-22,0017960,PRE-CONSTRUCTION,2468000.0,,,,,,,,,,
2026-05-22,0017961,PRE-CONSTRUCTION,5975485.69,,,,,,,,,,
2026-05-22,0017962,PRE-CONSTRUCTION,965000.0,,,,,,,,,,
2026-05-22,0017963,PRE-CONSTRUCTION,5030659.71,,,,,,,,,,
2026-05-22,0017964,PRE-CONSTRUCTION,4515368.66,,,,,,,,,,
2026-05-22,0017965,PRE-CONSTRUCTION,6869716.53,,,,,,,,,,
2026-05-22,0017966,COMPLETED-CONSTRUCTION,1040287.48,,,,,,,,,,
2026-05-22,0017967,PRE-CONSTRUCTION,5285262.890000001,,,,,,,,,,
2026-05-22,0017968,PRE-CONSTRUCTION,2256000.0,,,,,,,,,,
2026-05-22,0017969,PRE-CONSTRUCTION,8500000.0,,,,,,,,,,
2026-05-22,0017970,PRE-CONSTRUCTION,45000000.0,,,,,,,,,,
2026-05-22,0017971,COMPLETED-CONSTRUCTION,363751.43,,,,,,,,,,
2026-05-22,0017973,UNKNOWN,325850.0,,,,,,,,,,
2026-05-22,0017975,PRE-CONSTRUCTION,31372307.36,,,,,,,,,,
2026-05-22,0017976,PRE-CONSTRUCTION,15626175.22,,,,,,,,,,
2026-05-22,0017980,UNDER-CONSTRUCTION,6608450.0,,,,,,,,,,
2026-05-22,0017981,PRE-CONSTRUCTION,67421408.9,,,,,,,,,,
2026-05-22,0017982,PRE-CONSTRUCTION,7937442.08,,,,,,,,,,
2026-05-22,0017983,PRE-CONSTRUCTION,18459411.56,,,,,,,,,,
2026-05-22,0017989,PRE-CONSTRUCTION,15220963.5,,,,,,,,,,
2026-05-22,0017991,PRE-CONSTRUCTION,11606250.0,,,,,,,,,,
2026-05-22,0017992,PRE-CONSTRUCTION,11429340.48,,,,,,,,,,
2026-05-22,0017993,PRE-CONSTRUCTION,9262546.78,,,,,,,,,,
2026-05-22,0017994,PRE-CONSTRUCTION,6427207.7,,,,,,,,,,
2026-05-22,0017995,PRE-CONSTRUCTION,650000.0,,,,,,,,,,
2026-05-22,0017998,PRE-CONSTRUCTION,2900000.0,,,,,,,,,,
2026-05-22,0017999,UNDER-CONSTRUCTION,1793559.69,,,,,,,,,,
2026-05-22,0018008,PRE-CONSTRUCTION,3181225.5,,,,,,,,,,
2026-05-22,0018022,PRE-CONSTRUCTION,5177794.09,,,,,,,,,,
2026-05-22,0018024,PRE-CONSTRUCTION,1792315.25,,,,,,,,,,
2026-05-22,0018025,PRE-CONSTRUCTION,1139000.0,,,,,,,,,,
2026-05-22,0018033,PRE-CONSTRUCTION,15542407.06,,,,,,,,,,
2026-05-22,0018036,COMPLETED-CONSTRUCTION,426498.01,,,,,,,,,,
2026-05-22,0018037,COMPLETED-CONSTRUCTION,244592.86,,,,,,,,,,
2026-05-22,0018038,COMPLETED-CONSTRUCTION,279381.10000000003,,,,,,,,,,
2026-05-22,0018039,COMPLETED-CONSTRUCTION,793062.23,,,,,,,,,,
2026-05-22,0018040,COMPLETED-CONSTRUCTION,522591.29,,,,,,,,,,
2026-05-22,0018041,COMPLETED-CONSTRUCTION,575317.62,,,,,,,,,,
2026-05-22,0018042,COMPLETED-CONSTRUCTION,1226331.66,,,,,,,,,,
2026-05-22,0018043,COMPLETED-CONSTRUCTION,1245352.66,,,,,,,,,,
2026-05-22,0018046,COMPLETED-CONSTRUCTION,490124.02,,,,,,,,,,
2026-05-22,0018048,COMPLETED-CONSTRUCTION,508770.47,,,,,,,,,,
2026-05-22,0018049,COMPLETED-CONSTRUCTION,272638.20999999996,,,,,,,,,,
2026-05-22,0018050,COMPLETED-CONSTRUCTION,286516.21,,,,,,,,,,
2026-05-22,0018051,COMPLETED-CONSTRUCTION,218721.29,,,,,,,,,,
2026-05-22,0018052,COMPLETED-CONSTRUCTION,1023215.59,,,,,,,,,,
2026-05-22,0018053,COMPLETED-CONSTRUCTION,907689.56,,,,,,,,,,
2026-05-22,0018054,COMPLETED-CONSTRUCTION,1726217.31,,,,,,,,,,
2026-05-22,0018055,COMPLETED-CONSTRUCTION,1586208.21,,,,,,,,,,
2026-05-22,0018056,COMPLETED-CONSTRUCTION,2508834.19,,,,,,,,,,
2026-05-22,0018057,COMPLETED-CONSTRUCTION,2685063.9,,,,,,,,,,
2026-05-22,0018058,COMPLETED-CONSTRUCTION,3384535.62,,,,,,,,,,
2026-05-22,0018092,COMPLETED-CONSTRUCTION,296116.0,,,,,,,,,,
2026-05-22,0018173,COMPLETED-CONSTRUCTION,1787075.28,,,,,,,,,,
2026-05-22,0018174,COMPLETED-CONSTRUCTION,2289869.44,,,,,,,,,,
2026-05-22,0018177,COMPLETED-CONSTRUCTION,607188.56,,,,,,,,,,
2026-05-22,0018178,UNDER-CONSTRUCTION,1604763.67,,,,,,,,,,
2026-05-22,0018179,PRE-CONSTRUCTION,1830000.0,,,,,,,,,,
2026-05-22,0018180,PRE-CONSTRUCTION,1230000.0,,,,,,,,,,
2026-05-22,0018185,PRE-CONSTRUCTION,835000.0,,,,,,,,,,
2026-05-22,0018191,UNDER-CONSTRUCTION,108124747.26,,,,,,,,,,
2026-05-22,0018192,UNDER-CONSTRUCTION,80971094.43,,,,,,,,,,
2026-05-22,0018193,UNDER-CONSTRUCTION,199462967.17,,,,,,,,,,
2026-05-22,0018207,COMPLETED-CONSTRUCTION,468451.34,,,,,,,,,,
2026-05-22,0018211,COMPLETED-CONSTRUCTION,153969.72,,,,,,,,,,
2026-05-22,0018212,COMPLETED-CONSTRUCTION,38423.22,,,,,,,,,,
2026-05-22,0018218,COMPLETED-CONSTRUCTION,7930573.31,,,,,,,,,,
2026-05-22,0018219,PRE-CONSTRUCTION,10474022.75,,,,,,,,,,
2026-05-22,0018220,PRE-CONSTRUCTION,42638000.0,,,,,,,,,,
2026-05-22,0018221,COMPLETED-CONSTRUCTION,1016396.1,,,,,,,,,,
2026-05-22,0018223,PRE-CONSTRUCTION,4605799.88,,,,,,,,,,
2026-05-22,0018225,PRE-CONSTRUCTION,2885059.81,,,,,,,,,,
2026-05-22,0018226,PRE-CONSTRUCTION,3914964.94,,,,,,,,,,
2026-05-22,0018227,PRE-CONSTRUCTION,2972085.26,,,,,,,,,,
2026-05-22,0018229,PRE-CONSTRUCTION,7523000.0,,,,,,,,,,
2026-05-22,0018230,PRE-CONSTRUCTION,9280000.0,,,,,,,,,,
2026-05-22,0018234,PRE-CONSTRUCTION,8410000.0,,,,,,,,,,
2026-05-22,0018235,PRE-CONSTRUCTION,3235000.0,,,,,,,,,,
2026-05-22,0018236,PRE-CONSTRUCTION,2239722.12,,,,,,,,,,
2026-05-22,0018238,PRE-CONSTRUCTION,1635000.0,,,,,,,,,,
2026-05-22,0018239,PRE-CONSTRUCTION,3235000.0,,,,,,,,,,
2026-05-22,0018240,PRE-CONSTRUCTION,3235000.0,,,,,,,,,,
2026-05-22,0018241,PRE-CONSTRUCTION,10426000.0,,,,,,,,,,
2026-05-22,0018245,PRE-CONSTRUCTION,3397860.12,,,,,,,,,,
2026-05-22,0018246,PRE-CONSTRUCTION,2290962.23,,,,,,,,,,
2026-05-22,0018247,PRE-CONSTRUCTION,2892011.67,,,,,,,,,,
2026-05-22,0018249,PRE-CONSTRUCTION,4272956.79,,,,,,,,,,
2026-05-22,0018251,PRE-CONSTRUCTION,6045068.77,,,,,,,,,,
2026-05-22,0018252,PRE-CONSTRUCTION,2733765.8,,,,,,,,,,
2026-05-22,0018254,PRE-CONSTRUCTION,3658107.12,,,,,,,,,,
2026-05-22,0018256,PRE-CONSTRUCTION,14467654.0,,,,,,,,,,
2026-05-22,0018257,PRE-CONSTRUCTION,4500000.0,,,,,,,,,,
2026-05-22,0018260,COMPLETED-CONSTRUCTION,403822.02,,,,,,,,,,
2026-05-22,0018261,PRE-CONSTRUCTION,836345.36,,,,,,,,,,
2026-05-22,0018264,PRE-CONSTRUCTION,665000.0,,,,,,,,,,
2026-05-22,0018265,PRE-CONSTRUCTION,30250000.0,,,,,,,,,,
2026-05-22,0018274,UNDER-CONSTRUCTION,1267989.87,,,,,,,,,,
2026-05-22,0018282,PRE-CONSTRUCTION,2209220.0,,,,,,,,,,
2026-05-22,0018283,PRE-CONSTRUCTION,1685350.58,,,,,,,,,,
2026-05-22,0018297,PRE-CONSTRUCTION,7891981.97,,,,,,,,,,
2026-05-22,0018324,PRE-CONSTRUCTION,5718873.15,,,,,,,,,,
2026-05-22,0018325,PRE-CONSTRUCTION,4309245.3,,,,,,,,,,
2026-05-22,0018326,PRE-CONSTRUCTION,140000.0,,,,,,,,,,
2026-05-22,0018327,PRE-CONSTRUCTION,2463000.0,,,,,,,,,,
2026-05-22,0018328,PRE-CONSTRUCTION,2450000.0,,,,,,,,,,
2026-05-22,0018329,PRE-CONSTRUCTION,2300000.0,,,,,,,,,,
2026-05-22,0018330,PRE-CONSTRUCTION,4825145.57,,,,,,,,,,
2026-05-22,0018332,PRE-CONSTRUCTION,3882147.55,,,,,,,,,,
2026-05-22,0018334,PRE-CONSTRUCTION,7595848.45,,,,,,,,,,
2026-05-22,0018335,PRE-CONSTRUCTION,5454158.62,,,,,,,,,,
2026-05-22,0018343,PRE-CONSTRUCTION,5152602.96,,,,,,,,,,
2026-05-22,0018352,PRE-CONSTRUCTION,3800000.0,,,,,,,,,,
2026-05-22,0018353,PRE-CONSTRUCTION,4231259.82,,,,,,,,,,
2026-05-22,0018354,PRE-CONSTRUCTION,4028058.82,,,,,,,,,,
2026-05-22,0018355,PRE-CONSTRUCTION,4480000.0,,,,,,,,,,
2026-05-22,0018356,PRE-CONSTRUCTION,4911994.0600000005,,,,,,,,,,
2026-05-22,0018357,PRE-CONSTRUCTION,4610000.0,,,,,,,,,,
2026-05-22,0018358,PRE-CONSTRUCTION,3883486.17,,,,,,,,,,
2026-05-22,0018359,PRE-CONSTRUCTION,3700000.0,,,,,,,,,,
2026-05-22,0018361,UNDER-CONSTRUCTION,99100000.0,,,,,,,,,,
2026-05-22,0018362,UNDER-CONSTRUCTION,18854825.0,,,,,,,,,,
2026-05-22,0018363,COMPLETED-CONSTRUCTION,64263153.43,,,,,,,,,,
2026-05-22,0018364,PRE-CONSTRUCTION,2021870.61,,,,,,,,,,
2026-05-22,0018365,COMPLETED-CONSTRUCTION,1100157.07,,,,,,,,,,
2026-05-22,0018366,PRE-CONSTRUCTION,872031.61,,,,,,,,,,
2026-05-22,0018367,COMPLETED-CONSTRUCTION,2000000.0,,,,,,,,,,
2026-05-22,0018370,PRE-CONSTRUCTION,520000.0,,,,,,,,,,
2026-05-22,0018372,UNDER-CONSTRUCTION,3683700.88,,,,,,,,,,
2026-05-22,0018373,UNDER-CONSTRUCTION,1279990.05,,,,,,,,,,
2026-05-22,0018374,COMPLETED-CONSTRUCTION,5237083.87,,,,,,,,,,
2026-05-22,0018375,PRE-CONSTRUCTION,6029811.470000001,,,,,,,,,,
2026-05-22,0018376,PRE-CONSTRUCTION,3231000.0,,,,,,,,,,
2026-05-22,0018377,PRE-CONSTRUCTION,6289487.02,,,,,,,,,,
2026-05-22,0018381,PRE-CONSTRUCTION,3334200.0,,,,,,,,,,
2026-05-22,0018383,COMPLETED-CONSTRUCTION,495983.66,,,,,,,,,,
2026-05-22,0018384,PRE-CONSTRUCTION,5418186.18,,,,,,,,,,
2026-05-22,0018387,PRE-CONSTRUCTION,6044555.24,,,,,,,,,,
2026-05-22,0018388,PRE-CONSTRUCTION,4550000.0,,,,,,,,,,
2026-05-22,0018389,COMPLETED-CONSTRUCTION,191887.38,,,,,,,,,,
2026-05-22,0018392,PRE-CONSTRUCTION,5371000.0,,,,,,,,,,
2026-05-22,0018394,PRE-CONSTRUCTION,5731902.68,,,,,,,,,,
2026-05-22,0018395,PRE-CONSTRUCTION,5110376.6,,,,,,,,,,
2026-05-22,0018397,PRE-CONSTRUCTION,4750000.0,,,,,,,,,,
2026-05-22,0018399,PRE-CONSTRUCTION,10390835.96,,,,,,,,,,
2026-05-22,0018428,COMPLETED-CONSTRUCTION,979303.0,,,,,,,,,,
2026-05-22,0018429,UNDER-CONSTRUCTION,1606460.0,,,,,,,,,,
2026-05-22,0018430,COMPLETED-CONSTRUCTION,1741525.0,,,,,,,,,,
2026-05-22,0018431,UNDER-CONSTRUCTION,1401306.0,,,,,,,,,,
2026-05-22,0018432,COMPLETED-CONSTRUCTION,67000.0,,,,,,,,,,
2026-05-22,0018433,COMPLETED-CONSTRUCTION,230800.0,,,,,,,,,,
2026-05-22,0018434,COMPLETED-CONSTRUCTION,144000.0,,,,,,,,,,
2026-05-22,0018435,COMPLETED-CONSTRUCTION,119300.0,,,,,,,,,,
2026-05-22,0018436,PRE-CONSTRUCTION,116800.0,,,,,,,,,,
2026-05-22,0018437,PRE-CONSTRUCTION,56100.0,,,,,,,,,,
2026-05-22,0018438,PRE-CONSTRUCTION,100100.0,,,,,,,,,,
2026-05-22,0018439,PRE-CONSTRUCTION,64000.0,,,,,,,,,,
2026-05-22,0018440,PRE-CONSTRUCTION,184300.0,,,,,,,,,,
2026-05-22,0018441,PRE-CONSTRUCTION,56600.0,,,,,,,,,,
2026-05-22,0018442,PRE-CONSTRUCTION,100800.0,,,,,,,,,,
2026-05-22,0018443,PRE-CONSTRUCTION,114300.0,,,,,,,,,,
2026-05-22,0018444,PRE-CONSTRUCTION,77700.0,,,,,,,,,,
2026-05-22,0018445,PRE-CONSTRUCTION,44800.0,,,,,,,,,,
2026-05-22,0018446,PRE-CONSTRUCTION,138300.0,,,,,,,,,,
2026-05-22,0018447,PRE-CONSTRUCTION,77800.0,,,,,,,,,,
2026-05-22,0018448,PRE-CONSTRUCTION,53300.0,,,,,,,,,,
2026-05-22,0018449,PRE-CONSTRUCTION,59000.0,,,,,,,,,,
2026-05-22,0018451,PRE-CONSTRUCTION,45700.0,,,,,,,,,,
2026-05-22,0018452,PRE-CONSTRUCTION,79679.0,,,,,,,,,,
2026-05-22,0018453,PRE-CONSTRUCTION,1000000.0,,,,,,,,,,
2026-05-22,0018454,PRE-CONSTRUCTION,1000000.0,,,,,,,,,,
2026-05-22,0018455,PRE-CONSTRUCTION,1140000.0,,,,,,,,,,
2026-05-22,0018456,UNDER-CONSTRUCTION,405344.0,,,,,,,,,,
2026-05-22,0018457,PRE-CONSTRUCTION,293113.0,,,,,,,,,,
2026-05-22,0018458,PRE-CONSTRUCTION,475324.0,,,,,,,,,,
2026-05-22,0018459,COMPLETED-CONSTRUCTION,350000.0,,,,,,,,,,
2026-05-22,0018460,PRE-CONSTRUCTION,397722.0,,,,,,,,,,
2026-05-22,0018461,UNDER-CONSTRUCTION,1697765.0,,,,,,,,,,
2026-05-22,0018462,PRE-CONSTRUCTION,372113.0,,,,,,,,,,
2026-05-22,0018463,UNDER-CONSTRUCTION,657786.0,,,,,,,,,,
2026-05-22,0018464,UNDER-CONSTRUCTION,62581.0,,,,,,,,,,
2026-05-22,0018465,UNDER-CONSTRUCTION,56889.0,,,,,,,,,,
2026-05-22,0018466,UNDER-CONSTRUCTION,46870.0,,,,,,,,,,
2026-05-22,0018467,UNDER-CONSTRUCTION,27138.0,,,,,,,,,,
2026-05-22,0018468,UNDER-CONSTRUCTION,47485.0,,,,,,,,,,
2026-05-22,0018469,UNDER-CONSTRUCTION,40358.0,,,,,,,,,,
2026-05-22,0018470,UNDER-CONSTRUCTION,20355.0,,,,,,,,,,
2026-05-22,0018471,UNDER-CONSTRUCTION,105126.0,,,,,,,,,,
2026-05-22,0018472,UNDER-CONSTRUCTION,123047.0,,,,,,,,,,
2026-05-22,0018473,UNDER-CONSTRUCTION,38835.0,,,,,,,,,,
2026-05-22,0018474,PRE-CONSTRUCTION,100000.0,,,,,,,,,,
2026-05-22,0018475,PRE-CONSTRUCTION,46130.0,,,,,,,,,,
2026-05-22,0018476,PRE-CONSTRUCTION,53543.0,,,,,,,,,,
2026-05-22,0018477,PRE-CONSTRUCTION,57292.0,,,,,,,,,,
2026-05-22,0018478,PRE-CONSTRUCTION,39986.0,,,,,,,,,,
2026-05-22,0018479,PRE-CONSTRUCTION,40976.0,,,,,,,,,,
2026-05-22,0018480,PRE-CONSTRUCTION,86144.0,,,,,,,,,,
2026-05-22,0018481,PRE-CONSTRUCTION,100000.0,,,,,,,,,,
2026-05-22,0018482,PRE-CONSTRUCTION,175000.0,,,,,,,,,,
2026-05-22,0018483,PRE-CONSTRUCTION,68383.0,,,,,,,,,,
2026-05-22,0018484,PRE-CONSTRUCTION,84281.0,,,,,,,,,,
2026-05-22,0018485,PRE-CONSTRUCTION,22932.0,,,,,,,,,,
2026-05-22,0018486,PRE-CONSTRUCTION,100234.0,,,,,,,,,,
2026-05-22,0018487,PRE-CONSTRUCTION,87775.0,,,,,,,,,,
2026-05-22,0018488,PRE-CONSTRUCTION,34193.0,,,,,,,,,,
2026-05-22,0018489,UNDER-CONSTRUCTION,102948.0,,,,,,,,,,
2026-05-22,0018490,PRE-CONSTRUCTION,393672.53,,,,,,,,,,
2026-05-22,0018491,PRE-CONSTRUCTION,949881.33,,,,,,,,,,
2026-05-22,0018492,PRE-CONSTRUCTION,342908.53,,,,,,,,,,
2026-05-22,0018493,PRE-CONSTRUCTION,119351.0,,,,,,,,,,
2026-05-22,0018494,COMPLETED-CONSTRUCTION,1600000.0,,,,,,,,,,
2026-05-22,0018495,PRE-CONSTRUCTION,560812.62,,,,,,,,,,
2026-05-22,0018496,PRE-CONSTRUCTION,282616.0,,,,,,,,,,
2026-05-22,0018497,PRE-CONSTRUCTION,365640.0,,,,,,,,,,
2026-05-22,0018498,PRE-CONSTRUCTION,600000.0,,,,,,,,,,
2026-05-22,0018505,PRE-CONSTRUCTION,100709.44,,,,,,,,,,
2026-05-22,0018506,PRE-CONSTRUCTION,30184.44,,,,,,,,,,
2026-05-22,0018507,PRE-CONSTRUCTION,58031.2,,,,,,,,,,
2026-05-22,0018508,PRE-CONSTRUCTION,17828.09,,,,,,,,,,
2026-05-22,0018509,PRE-CONSTRUCTION,30000.0,,,,,,,,,,
2026-05-22,0018510,COMPLETED-CONSTRUCTION,56600.0,,,,,,,,,,
2026-05-22,0018511,PRE-CONSTRUCTION,71742.0,,,,,,,,,,
2026-05-22,0018512,COMPLETED-CONSTRUCTION,78428.0,,,,,,,,,,
2026-05-22,0018513,COMPLETED-CONSTRUCTION,20191.0,,,,,,,,,,
2026-05-22,0018514,COMPLETED-CONSTRUCTION,90528.0,,,,,,,,,,
2026-05-22,0018515,PRE-CONSTRUCTION,168000.0,,,,,,,,,,
2026-05-22,0018516,PRE-CONSTRUCTION,168000.0,,,,,,,,,,
2026-05-22,0018517,COMPLETED-CONSTRUCTION,60608.0,,,,,,,,,,
2026-05-22,0018518,PRE-CONSTRUCTION,103051.0,,,,,,,,,,
2026-05-22,0018519,PRE-CONSTRUCTION,206338.89,,,,,,,,,,
2026-05-22,0018520,PRE-CONSTRUCTION,107393.0,,,,,,,,,,
2026-05-22,0018521,COMPLETED-CONSTRUCTION,136796.0,,,,,,,,,,
2026-05-22,0018522,COMPLETED-CONSTRUCTION,150134.0,,,,,,,,,,
2026-05-22,0018523,PRE-CONSTRUCTION,128123.0,,,,,,,,,,
2026-05-22,0018524,PRE-CONSTRUCTION,70122.0,,,,,,,,,,
2026-05-22,0018525,PRE-CONSTRUCTION,104412.0,,,,,,,,,,
2026-05-22,0018526,PRE-CONSTRUCTION,40339.0,,,,,,,,,,
2026-05-22,0018527,PRE-CONSTRUCTION,26691.0,,,,,,,,,,
2026-05-22,0018528,UNDER-CONSTRUCTION,32165.0,,,,,,,,,,
2026-05-22,0018529,UNDER-CONSTRUCTION,33500.0,,,,,,,,,,
2026-05-22,0018530,UNDER-CONSTRUCTION,26650.0,,,,,,,,,,
2026-05-22,0018531,UNDER-CONSTRUCTION,26650.0,,,,,,,,,,
2026-05-22,0018532,UNDER-CONSTRUCTION,80627.0,,,,,,,,,,
2026-05-22,0018533,UNDER-CONSTRUCTION,23585.0,,,,,,,,,,
2026-05-22,0018534,UNDER-CONSTRUCTION,35850.0,,,,,,,,,,
2026-05-22,0018538,UNDER-CONSTRUCTION,1525969.0,,,,,,,,,,
2026-05-22,0018539,UNDER-CONSTRUCTION,1419346.0,,,,,,,,,,
2026-05-22,0018540,COMPLETED-CONSTRUCTION,3100333.27,,,,,,,,,,
2026-05-22,0018541,UNDER-CONSTRUCTION,384429.0,,,,,,,,,,
2026-05-22,0018542,UNDER-CONSTRUCTION,706843.0,,,,,,,,,,
2026-05-22,0018543,UNDER-CONSTRUCTION,1125272.0,,,,,,,,,,
2026-05-22,0018544,PRE-CONSTRUCTION,1558668.0,,,,,,,,,,
2026-05-22,0018545,UNDER-CONSTRUCTION,398707.0,,,,,,,,,,
2026-05-22,0018546,PRE-CONSTRUCTION,0.0,,,,,,,,,,
2026-05-22,0018547,PRE-CONSTRUCTION,0.0,,,,,,,,,,
2026-05-22,0018548,PRE-CONSTRUCTION,0.0,,,,,,,,,,
2026-05-22,0018549,PRE-CONSTRUCTION,0.0,,,,,,,,,,
2026-05-22,0018550,PRE-CONSTRUCTION,0.0,,,,,,,,,,
2026-05-22,0018551,PRE-CONSTRUCTION,0.0,,,,,,,,,,
2026-05-22,0018552,PRE-CONSTRUCTION,0.0,,,,,,,,,,
2026-05-22,0018553,PRE-CONSTRUCTION,0.0,,,,,,,,,,
2026-05-22,0018554,PRE-CONSTRUCTION,0.0,,,,,,,,,,
2026-05-22,0018555,PRE-CONSTRUCTION,0.0,,,,,,,,,,
2026-05-22,0018556,PRE-CONSTRUCTION,152900.0,,,,,,,,,,
2026-05-22,0018557,UNDER-CONSTRUCTION,171021.0,,,,,,,,,,
2026-05-22,0018558,UNDER-CONSTRUCTION,39335.0,,,,,,,,,,
2026-05-22,0018559,UNDER-CONSTRUCTION,42678.0,,,,,,,,,,
2026-05-22,0018560,UNDER-CONSTRUCTION,85511.0,,,,,,,,,,
2026-05-22,0018561,UNDER-CONSTRUCTION,364532.0,,,,,,,,,,
2026-05-22,0018562,UNDER-CONSTRUCTION,107951.0,,,,,,,,,,
2026-05-22,0018563,UNDER-CONSTRUCTION,52093.0,,,,,,,,,,
2026-05-22,0018564,UNDER-CONSTRUCTION,94426.0,,,,,,,,,,
2026-05-22,0018565,UNDER-CONSTRUCTION,29074.0,,,,,,,,,,
2026-05-22,0018566,UNDER-CONSTRUCTION,39335.0,,,,,,,,,,
2026-05-22,0018567,UNDER-CONSTRUCTION,44718.0,,,,,,,,,,
2026-05-22,0018568,UNDER-CONSTRUCTION,47886.0,,,,,,,,,,
2026-05-22,0018569,UNDER-CONSTRUCTION,88931.0,,,,,,,,,,
2026-05-22,0018570,UNDER-CONSTRUCTION,29074.0,,,,,,,,,,
2026-05-22,0018571,UNDER-CONSTRUCTION,52148.0,,,,,,,,,,
2026-05-22,0018572,UNDER-CONSTRUCTION,47600.0,,,,,,,,,,
2026-05-22,0018573,UNDER-CONSTRUCTION,47886.0,,,,,,,,,,
2026-05-22,0018574,UNDER-CONSTRUCTION,90641.0,,,,,,,,,,
2026-05-22,0018575,UNDER-CONSTRUCTION,86297.0,,,,,,,,,,
2026-05-22,0018576,PRE-CONSTRUCTION,102943.0,,,,,,,,,,
2026-05-22,0018577,PRE-CONSTRUCTION,88370.0,,,,,,,,,,
2026-05-22,0018578,PRE-CONSTRUCTION,193961.0,,,,,,,,,,
2026-05-22,0018579,PRE-CONSTRUCTION,47011.0,,,,,,,,,,
2026-05-22,0018580,PRE-CONSTRUCTION,28000.0,,,,,,,,,,
2026-05-22,0018581,PRE-CONSTRUCTION,60487.0,,,,,,,,,,
2026-05-22,0018582,PRE-CONSTRUCTION,37891.0,,,,,,,,,,
2026-05-22,0018583,PRE-CONSTRUCTION,78400.0,,,,,,,,,,
2026-05-22,0018584,PRE-CONSTRUCTION,177800.0,,,,,,,,,,
2026-05-22,0018585,UNDER-CONSTRUCTION,90641.0,,,,,,,,,,
2026-05-22,0018586,PRE-CONSTRUCTION,213889.0,,,,,,,,,,
2026-05-22,0018587,PRE-CONSTRUCTION,53200.0,,,,,,,,,,
2026-05-22,0018588,PRE-CONSTRUCTION,44800.0,,,,,,,,,,
2026-05-22,0018589,PRE-CONSTRUCTION,252265.0,,,,,,,,,,
2026-05-22,0018590,PRE-CONSTRUCTION,15400.0,,,,,,,,,,
2026-05-22,0018591,PRE-CONSTRUCTION,25200.0,,,,,,,,,,
2026-05-22,0018592,UNDER-CONSTRUCTION,286605.0,,,,,,,,,,
2026-05-22,0018593,UNDER-CONSTRUCTION,169797.0,,,,,,,,,,
2026-05-22,0018594,UNDER-CONSTRUCTION,130859.0,,,,,,,,,,
2026-05-22,0018595,UNDER-CONSTRUCTION,45318.0,,,,,,,,,,
2026-05-22,0018596,UNDER-CONSTRUCTION,46990.0,,,,,,,,,,
2026-05-22,0018597,UNDER-CONSTRUCTION,45870.0,,,,,,,,,,
2026-05-22,0018598,UNDER-CONSTRUCTION,482481.0,,,,,,,,,,
2026-05-22,0018599,UNDER-CONSTRUCTION,421436.0,,,,,,,,,,
2026-05-22,0018600,UNDER-CONSTRUCTION,106248.0,,,,,,,,,,
2026-05-22,0018601,UNDER-CONSTRUCTION,937500.0,,,,,,,,,,
2026-05-22,0018602,UNDER-CONSTRUCTION,300000.0,,,,,,,,,,
2026-05-22,0018603,UNDER-CONSTRUCTION,797491.0,,,,,,,,,,
2026-05-22,0018604,UNDER-CONSTRUCTION,73244.0,,,,,,,,,,
2026-05-22,0018605,COMPLETED-CONSTRUCTION,100600.0,,,,,,,,,,
2026-05-22,0018606,COMPLETED-CONSTRUCTION,18800.0,,,,,,,,,,
2026-05-22,0018607,COMPLETED-CONSTRUCTION,44200.0,,,,,,,,,,
2026-05-22,0018608,PRE-CONSTRUCTION,30100.0,,,,,,,,,,
2026-05-22,0018609,COMPLETED-CONSTRUCTION,99800.0,,,,,,,,,,
2026-05-22,0018610,PRE-CONSTRUCTION,19300.0,,,,,,,,,,
2026-05-22,0018611,COMPLETED-CONSTRUCTION,15300.0,,,,,,,,,,
2026-05-22,0018612,COMPLETED-CONSTRUCTION,36000.0,,,,,,,,,,
2026-05-22,0018613,COMPLETED-CONSTRUCTION,23300.0,,,,,,,,,,
2026-05-22,0018614,PRE-CONSTRUCTION,66300.0,,,,,,,,,,
2026-05-22,0018615,PRE-CONSTRUCTION,38900.0,,,,,,,,,,
2026-05-22,0018616,COMPLETED-CONSTRUCTION,26200.0,,,,,,,,,,
2026-05-22,0018617,PRE-CONSTRUCTION,184800.0,,,,,,,,,,
2026-05-22,0018618,PRE-CONSTRUCTION,78100.0,,,,,,,,,,
2026-05-22,0018619,COMPLETED-CONSTRUCTION,29902.0,,,,,,,,,,
2026-05-22,0018620,COMPLETED-CONSTRUCTION,40600.0,,,,,,,,,,
2026-05-22,0018621,PRE-CONSTRUCTION,37400.0,,,,,,,,,,
2026-05-22,0018622,UNDER-CONSTRUCTION,28322.0,,,,,,,,,,
2026-05-22,0018623,UNDER-CONSTRUCTION,17533.0,,,,,,,,,,
2026-05-22,0018624,UNDER-CONSTRUCTION,21579.0,,,,,,,,,,
2026-05-22,0018625,COMPLETED-CONSTRUCTION,356690.0,,,,,,,,,,
2026-05-22,0018626,COMPLETED-CONSTRUCTION,709690.0,,,,,,,,,,
2026-05-22,0018627,COMPLETED-CONSTRUCTION,768625.0,,,,,,,,,,
2026-05-22,0018628,COMPLETED-CONSTRUCTION,303578.0,,,,,,,,,,
2026-05-22,0018629,PRE-CONSTRUCTION,666536.0,,,,,,,,,,
2026-05-22,0018630,PRE-CONSTRUCTION,768619.0,,,,,,,,,,
2026-05-22,0018631,PRE-CONSTRUCTION,526447.0,,,,,,,,,,
2026-05-22,0018632,COMPLETED-CONSTRUCTION,357985.0,,,,,,,,,,
2026-05-22,0018638,COMPLETED-CONSTRUCTION,78169.0,,,,,,,,,,
2026-05-22,0018639,COMPLETED-CONSTRUCTION,96208.0,,,,,,,,,,
2026-05-22,0018640,COMPLETED-CONSTRUCTION,78169.0,,,,,,,,,,
2026-05-22,0018641,COMPLETED-CONSTRUCTION,172116.0,,,,,,,,,,
2026-05-22,0018642,COMPLETED-CONSTRUCTION,82204.0,,,,,,,,,,
2026-05-22,0018643,COMPLETED-CONSTRUCTION,154133.0,,,,,,,,,,
2026-05-22,0018644,PRE-CONSTRUCTION,128444.0,,,,,,,,,,
2026-05-22,0018645,PRE-CONSTRUCTION,51378.0,,,,,,,,,,
2026-05-22,0018646,PRE-CONSTRUCTION,89911.0,,,,,,,,,,
2026-05-22,0018647,PRE-CONSTRUCTION,84773.0,,,,,,,,,,
2026-05-22,0018648,PRE-CONSTRUCTION,87342.0,,,,,,,,,,
2026-05-22,0018649,PRE-CONSTRUCTION,77067.0,,,,,,,,,,
2026-05-22,0018650,PRE-CONSTRUCTION,92480.0,,,,,,,,,,
2026-05-22,0018651,PRE-CONSTRUCTION,102756.0,,,,,,,,,,
2026-05-22,0018652,PRE-CONSTRUCTION,32111.0,,,,,,,,,,
2026-05-22,0018653,PRE-CONSTRUCTION,164409.0,,,,,,,,,,
2026-05-22,0018654,PRE-CONSTRUCTION,120224.0,,,,,,,,,,
2026-05-22,0018655,COMPLETED-CONSTRUCTION,859375.0,,,,,,,,,,
2026-05-22,0018656,UNDER-CONSTRUCTION,281546.0,,,,,,,,,,
2026-05-22,0018657,PRE-CONSTRUCTION,950000.0,,,,,,,,,,
2026-05-22,0018658,UNDER-CONSTRUCTION,62666.0,,,,,,,,,,
2026-05-22,0018659,PRE-CONSTRUCTION,0.0,,,,,,,,,,
2026-05-22,0018660,PRE-CONSTRUCTION,0.0,,,,,,,,,,
2026-05-22,0018661,PRE-CONSTRUCTION,0.0,,,,,,,,,,
2026-05-22,0018662,PRE-CONSTRUCTION,0.0,,,,,,,,,,
2026-05-22,0018664,PRE-CONSTRUCTION,15000.0,,,,,,,,,,
2026-05-22,0018665,PRE-CONSTRUCTION,15000.0,,,,,,,,,,
2026-05-22,0018666,UNDER-CONSTRUCTION,93957.0,,,,,,,,,,
2026-05-22,0018667,UNDER-CONSTRUCTION,33909.0,,,,,,,,,,
2026-05-22,0018668,UNDER-CONSTRUCTION,183829.0,,,,,,,,,,
2026-05-22,0018669,UNDER-CONSTRUCTION,166156.0,,,,,,,,,,
2026-05-22,0018670,PRE-CONSTRUCTION,141247.0,,,,,,,,,,
2026-05-22,0018671,PRE-CONSTRUCTION,86572.0,,,,,,,,,,
2026-05-22,0018672,PRE-CONSTRUCTION,231959.0,,,,,,,,,,
2026-05-22,0018673,PRE-CONSTRUCTION,110205.0,,,,,,,,,,
2026-05-22,0018674,PRE-CONSTRUCTION,29799.0,,,,,,,,,,
2026-05-22,0018675,PRE-CONSTRUCTION,19267.0,,,,,,,,,,
2026-05-22,0018676,PRE-CONSTRUCTION,48809.0,,,,,,,,,,
2026-05-22,0018677,PRE-CONSTRUCTION,105000.0,,,,,,,,,,
2026-05-22,0018678,PRE-CONSTRUCTION,100444.0,,,,,,,,,,
2026-05-22,0018679,PRE-CONSTRUCTION,51635.0,,,,,,,,,,
2026-05-22,0018680,PRE-CONSTRUCTION,40717.0,,,,,,,,,,
2026-05-22,0018681,PRE-CONSTRUCTION,1750000.0,,,,,,,,,,
2026-05-22,0018682,UNDER-CONSTRUCTION,1736250.0,,,,,,,,,,
2026-05-22,0018683,UNDER-CONSTRUCTION,1443000.0,,,,,,,,,,
2026-05-22,0018684,COMPLETED-CONSTRUCTION,1848216.0,,,,,,,,,,
2026-05-22,0018685,UNDER-CONSTRUCTION,3631215.0,,,,,,,,,,
2026-05-22,0018686,COMPLETED-CONSTRUCTION,375000.0,,,,,,,,,,
2026-05-22,0018687,COMPLETED-CONSTRUCTION,1482000.0,,,,,,,,,,
2026-05-22,0018688,PRE-CONSTRUCTION,3010312.0,,,,,,,,,,
2026-05-22,0018689,PRE-CONSTRUCTION,768763.0,,,,,,,,,,
2026-05-22,0018690,PRE-CONSTRUCTION,550000.0,,,,,,,,,,
2026-05-22,0018691,PRE-CONSTRUCTION,60992.0,,,,,,,,,,
2026-05-22,0018692,PRE-CONSTRUCTION,34558.0,,,,,,,,,,
2026-05-22,0018693,PRE-CONSTRUCTION,15167.0,,,,,,,,,,
2026-05-22,0018694,PRE-CONSTRUCTION,99416.0,,,,,,,,,,
2026-05-22,0018695,UNDER-CONSTRUCTION,26896.0,,,,,,,,,,
2026-05-22,0018696,UNDER-CONSTRUCTION,52600.0,,,,,,,,,,
2026-05-22,0018697,UNDER-CONSTRUCTION,70212.0,,,,,,,,,,
2026-05-22,0018698,UNDER-CONSTRUCTION,63738.0,,,,,,,,,,
2026-05-22,0018699,PRE-CONSTRUCTION,13979000.0,,,,,,,,,,
2026-05-22,0018700,UNDER-CONSTRUCTION,2750000.0,,,,,,,,,,
2026-05-22,0018701,PRE-CONSTRUCTION,3450000.0,,,,,,,,,,
2026-05-22,0018702,UNDER-CONSTRUCTION,74601.0,,,,,,,,,,
2026-05-22,0018703,UNDER-CONSTRUCTION,67140.0,,,,,,,,,,
2026-05-22,0018704,PRE-CONSTRUCTION,104167.0,,,,,,,,,,
2026-05-22,0018705,PRE-CONSTRUCTION,16698.0,,,,,,,,,,
2026-05-22,0018706,PRE-CONSTRUCTION,21733.0,,,,,,,,,,
2026-05-22,0018707,PRE-CONSTRUCTION,107020.0,,,,,,,,,,
2026-05-22,0018708,PRE-CONSTRUCTION,15413.0,,,,,,,,,,
2026-05-22,0018709,PRE-CONSTRUCTION,10738.0,,,,,,,,,,
2026-05-22,0018710,PRE-CONSTRUCTION,74344.0,,,,,,,,,,
2026-05-22,0018711,PRE-CONSTRUCTION,29542.0,,,,,,,,,,
2026-05-22,0018712,PRE-CONSTRUCTION,32625.0,,,,,,,,,,
2026-05-22,0018713,UNDER-CONSTRUCTION,11945.0,,,,,,,,,,
2026-05-22,0018714,UNDER-CONSTRUCTION,18650.0,,,,,,,,,,
2026-05-22,0018715,UNDER-CONSTRUCTION,8323.0,,,,,,,,,,
2026-05-22,0018716,UNDER-CONSTRUCTION,8991.0,,,,,,,,,,
2026-05-22,0018717,UNDER-CONSTRUCTION,11560.0,,,,,,,,,,
2026-05-22,0018718,UNDER-CONSTRUCTION,34166.0,,,,,,,,,,
2026-05-22,0018719,UNDER-CONSTRUCTION,11046.0,,,,,,,,,,
2026-05-22,0018720,UNDER-CONSTRUCTION,16184.0,,,,,,,,,,
2026-05-22,0018721,UNDER-CONSTRUCTION,43902.0,,,,,,,,,,
2026-05-22,0018722,UNDER-CONSTRUCTION,13101.0,,,,,,,,,,
2026-05-22,0018723,UNDER-CONSTRUCTION,43928.0,,,,,,,,,,
2026-05-22,0018724,PRE-CONSTRUCTION,25047.0,,,,,,,,,,
2026-05-22,0018725,PRE-CONSTRUCTION,46291.0,,,,,,,,,,
2026-05-22,0018726,PRE-CONSTRUCTION,35836.0,,,,,,,,,,
2026-05-22,0018727,PRE-CONSTRUCTION,95897.0,,,,,,,,,,
2026-05-22,0018728,PRE-CONSTRUCTION,58314.0,,,,,,,,,,
2026-05-22,0018729,PRE-CONSTRUCTION,36864.0,,,,,,,,,,
2026-05-22,0018730,PRE-CONSTRUCTION,10070.0,,,,,,,,,,
2026-05-22,0018731,UNDER-CONSTRUCTION,32933.0,,,,,,,,,,
2026-05-22,0018732,PRE-CONSTRUCTION,50453.0,,,,,,,,,,
2026-05-22,0018733,PRE-CONSTRUCTION,11046.0,,,,,,,,,,
2026-05-22,0018734,COMPLETED-CONSTRUCTION,40691.0,,,,,,,,,,
2026-05-22,0018735,COMPLETED-CONSTRUCTION,92480.0,,,,,,,,,,
2026-05-22,0018736,COMPLETED-CONSTRUCTION,981254.0,,,,,,,,,,
2026-05-22,0018737,PRE-CONSTRUCTION,1184896.0,,,,,,,,,,
2026-05-22,0018738,COMPLETED-CONSTRUCTION,228241.0,,,,,,,,,,
2026-05-22,0018739,UNDER-CONSTRUCTION,184896.0,,,,,,,,,,
2026-05-22,0018740,COMPLETED-CONSTRUCTION,152993.0,,,,,,,,,,
2026-05-22,0018741,COMPLETED-CONSTRUCTION,49631.0,,,,,,,,,,
2026-05-22,0018742,COMPLETED-CONSTRUCTION,121796.0,,,,,,,,,,
2026-05-22,0018743,COMPLETED-CONSTRUCTION,28286.0,,,,,,,,,,
2026-05-22,0018744,COMPLETED-CONSTRUCTION,119380.0,,,,,,,,,,
2026-05-22,0018745,COMPLETED-CONSTRUCTION,71330.0,,,,,,,,,,
2026-05-22,0018746,UNDER-CONSTRUCTION,18946.0,,,,,,,,,,
2026-05-22,0018747,UNDER-CONSTRUCTION,20670.0,,,,,,,,,,
2026-05-22,0018748,UNDER-CONSTRUCTION,33788.0,,,,,,,,,,
2026-05-22,0018749,UNDER-CONSTRUCTION,15104.0,,,,,,,,,,
2026-05-22,0018750,UNDER-CONSTRUCTION,18722.0,,,,,,,,,,
2026-05-22,0018751,UNDER-CONSTRUCTION,71302.0,,,,,,,,,,
2026-05-22,0018752,UNDER-CONSTRUCTION,42690.0,,,,,,,,,,
2026-05-22,0018753,UNDER-CONSTRUCTION,42690.0,,,,,,,,,,
2026-05-22,0018754,UNDER-CONSTRUCTION,112856.0,,,,,,,,,,
2026-05-22,0018755,UNDER-CONSTRUCTION,41530.0,,,,,,,,,,
2026-05-22,0018756,UNDER-CONSTRUCTION,22810.0,,,,,,,,,,
2026-05-22,0018757,UNDER-CONSTRUCTION,80591.0,,,,,,,,,,
2026-05-22,0018758,UNDER-CONSTRUCTION,14977.0,,,,,,,,,,
2026-05-22,0018759,UNDER-CONSTRUCTION,45778.0,,,,,,,,,,
2026-05-22,0018760,COMPLETED-CONSTRUCTION,53430.0,,,,,,,,,,
2026-05-22,0018761,PRE-CONSTRUCTION,260417.0,,,,,,,,,,
2026-05-22,0018762,PRE-CONSTRUCTION,1842448.0,,,,,,,,,,
2026-05-22,0018763,COMPLETED-CONSTRUCTION,1556702.0,,,,,,,,,,
2026-05-22,0018764,COMPLETED-CONSTRUCTION,703501.0,,,,,,,,,,
2026-05-22,0018765,COMPLETED-CONSTRUCTION,671304.0,,,,,,,,,,
2026-05-22,0018766,PRE-CONSTRUCTION,1673100.0,,,,,,,,,,
2026-05-22,0018767,PRE-CONSTRUCTION,293160.0,,,,,,,,,,
2026-05-22,0018768,COMPLETED-CONSTRUCTION,130000.0,,,,,,,,,,
2026-05-22,0018769,COMPLETED-CONSTRUCTION,26722.0,,,,,,,,,,
2026-05-22,0018770,UNDER-CONSTRUCTION,264000.0,,,,,,,,,,
2026-05-22,0018771,PRE-CONSTRUCTION,50000.0,,,,,,,,,,
2026-05-22,0018772,PRE-CONSTRUCTION,15070.0,,,,,,,,,,
2026-05-22,0018773,PRE-CONSTRUCTION,119130.0,,,,,,,,,,
2026-05-22,0018774,PRE-CONSTRUCTION,16720.0,,,,,,,,,,
2026-05-22,0018775,PRE-CONSTRUCTION,34760.0,,,,,,,,,,
2026-05-22,0018776,PRE-CONSTRUCTION,100000.0,,,,,,,,,,
2026-05-22,0018777,PRE-CONSTRUCTION,202840.0,,,,,,,,,,
2026-05-22,0018778,PRE-CONSTRUCTION,61270.0,,,,,,,,,,
2026-05-22,0018779,PRE-CONSTRUCTION,27500.0,,,,,,,,,,
2026-05-22,0018780,COMPLETED-CONSTRUCTION,105270.0,,,,,,,,,,
2026-05-22,0018781,COMPLETED-CONSTRUCTION,11220.0,,,,,,,,,,
2026-05-22,0018782,COMPLETED-CONSTRUCTION,33660.0,,,,,,,,,,
2026-05-22,0018783,COMPLETED-CONSTRUCTION,109670.0,,,,,,,,,,
2026-05-22,0018784,COMPLETED-CONSTRUCTION,12430.0,,,,,,,,,,
2026-05-22,0018785,COMPLETED-CONSTRUCTION,12430.0,,,,,,,,,,
2026-05-22,0018786,COMPLETED-CONSTRUCTION,13090.0,,,,,,,,,,
2026-05-22,0018787,COMPLETED-CONSTRUCTION,49361.0,,,,,,,,,,
2026-05-22,0018788,COMPLETED-CONSTRUCTION,26950.0,,,,,,,,,,
2026-05-22,0018789,COMPLETED-CONSTRUCTION,31790.0,,,,,,,,,,
2026-05-22,0018790,COMPLETED-CONSTRUCTION,70840.0,,,,,,,,,,
2026-05-22,0018791,COMPLETED-CONSTRUCTION,59290.0,,,,,,,,,,
2026-05-22,0018792,PRE-CONSTRUCTION,103620.0,,,,,,,,,,
2026-05-22,0018793,PRE-CONSTRUCTION,26620.0,,,,,,,,,,
2026-05-22,0018794,PRE-CONSTRUCTION,30690.0,,,,,,,,,,
2026-05-22,0018795,PRE-CONSTRUCTION,27060.0,,,,,,,,,,
2026-05-22,0018796,PRE-CONSTRUCTION,24640.0,,,,,,,,,,
2026-05-22,0018797,PRE-CONSTRUCTION,237050.0,,,,,,,,,,
2026-05-22,0018798,PRE-CONSTRUCTION,39380.0,,,,,,,,,,
2026-05-22,0018799,PRE-CONSTRUCTION,87450.0,,,,,,,,,,
2026-05-22,0018800,PRE-CONSTRUCTION,9240.0,,,,,,,,,,
2026-05-22,0018801,PRE-CONSTRUCTION,10120.0,,,,,,,,,,
2026-05-22,0018802,PRE-CONSTRUCTION,37400.0,,,,,,,,,,
2026-05-22,0018803,PRE-CONSTRUCTION,45430.0,,,,,,,,,,
2026-05-22,0018804,PRE-CONSTRUCTION,16500.0,,,,,,,,,,
2026-05-22,0018805,PRE-CONSTRUCTION,110440.0,,,,,,,,,,
2026-05-22,0018806,PRE-CONSTRUCTION,41580.0,,,,,,,,,,
2026-05-22,0018807,COMPLETED-CONSTRUCTION,38533.0,,,,,,,,,,
2026-05-22,0018808,UNDER-CONSTRUCTION,90525.0,,,,,,,,,,
2026-05-22,0018809,UNDER-CONSTRUCTION,83622.0,,,,,,,,,,
2026-05-22,0018810,UNDER-CONSTRUCTION,141996.0,,,,,,,,,,
2026-05-22,0018811,UNDER-CONSTRUCTION,173080.0,,,,,,,,,,
2026-05-22,0018812,PRE-CONSTRUCTION,317520.0,,,,,,,,,,
2026-05-22,0018813,PRE-CONSTRUCTION,330729.0,,,,,,,,,,
2026-05-22,0018814,COMPLETED-CONSTRUCTION,263870.0,,,,,,,,,,
2026-05-22,0018815,COMPLETED-CONSTRUCTION,159212.0,,,,,,,,,,
2026-05-22,0018816,PRE-CONSTRUCTION,500000.0,,,,,,,,,,
2026-05-22,0018817,PRE-CONSTRUCTION,10000.0,,,,,,,,,,
2026-05-22,0018818,PRE-CONSTRUCTION,300000.0,,,,,,,,,,
2026-05-22,0018819,COMPLETED-CONSTRUCTION,491283.0,,,,,,,,,,
2026-05-22,0018820,PRE-CONSTRUCTION,500000.0,,,,,,,,,,
2026-05-22,0018821,PRE-CONSTRUCTION,113048.0,,,,,,,,,,
2026-05-22,0018822,UNDER-CONSTRUCTION,15659.0,,,,,,,,,,
2026-05-22,0018823,UNDER-CONSTRUCTION,15661.0,,,,,,,,,,
2026-05-22,0018824,UNDER-CONSTRUCTION,13532.0,,,,,,,,,,
2026-05-22,0018825,UNDER-CONSTRUCTION,35305.0,,,,,,,,,,
2026-05-22,0018826,UNDER-CONSTRUCTION,,,,,,,,,,,
2026-05-22,0018827,UNDER-CONSTRUCTION,140234.0,,,,,,,,,,
2026-05-22,0018828,UNDER-CONSTRUCTION,,,,,,,,,,,
2026-05-22,0018829,UNDER-CONSTRUCTION,,,,,,,,,,,
2026-05-22,0018830,PRE-CONSTRUCTION,,,,,,,,,,,
2026-05-22,0018831,PRE-CONSTRUCTION,,,,,,,,,,,
2026-05-22,0018832,PRE-CONSTRUCTION,39458.0,,,,,,,,,,
2026-05-22,0018833,PRE-CONSTRUCTION,24661.0,,,,,,,,,,
2026-05-22,0018834,PRE-CONSTRUCTION,,,,,,,,,,,
2026-05-22,0018835,PRE-CONSTRUCTION,14129.0,,,,,,,,,,
2026-05-22,0018836,PRE-CONSTRUCTION,37249.0,,,,,,,,,,
2026-05-22,0018837,PRE-CONSTRUCTION,12844.0,,,,,,,,,,
2026-05-22,0018838,PRE-CONSTRUCTION,36504.0,,,,,,,,,,
2026-05-22,0018839,PRE-CONSTRUCTION,8350.0,,,,,,,,,,
2026-05-22,0018840,PRE-CONSTRUCTION,11945.0,,,,,,,,,,
2026-05-22,0018841,PRE-CONSTRUCTION,,,,,,,,,,,
2026-05-22,0018842,PRE-CONSTRUCTION,209984.0,,,,,,,,,,
2026-05-22,0018843,PRE-CONSTRUCTION,,,,,,,,,,,
2026-05-22,0018844,PRE-CONSTRUCTION,,,,,,,,,,,
2026-05-22,0018845,PRE-CONSTRUCTION,,,,,,,,,,,
2026-05-22,0018846,PRE-CONSTRUCTION,75480.0,,,,,,,,,,
2026-05-22,0018847,COMPLETED-CONSTRUCTION,,,,,,,,,,,
2026-05-22,0018848,COMPLETED-CONSTRUCTION,,,,,,,,,,,
2026-05-22,0018849,COMPLETED-CONSTRUCTION,62501.0,,,,,,,,,,
2026-05-22,0018850,COMPLETED-CONSTRUCTION,,,,,,,,,,,
2026-05-22,0018851,COMPLETED-CONSTRUCTION,,,,,,,,,,,
2026-05-22,0018852,COMPLETED-CONSTRUCTION,,,,,,,,,,,
2026-05-22,0018853,COMPLETED-CONSTRUCTION,,,,,,,,,,,
2026-05-22,0018854,COMPLETED-CONSTRUCTION,,,,,,,,,,,
2026-05-22,0018855,COMPLETED-CONSTRUCTION,,,,,,,,,,,
2026-05-22,0018856,PRE-CONSTRUCTION,,,,,,,,,,,
2026-05-22,0018857,PRE-CONSTRUCTION,,,,,,,,,,,
2026-05-22,0018858,PRE-CONSTRUCTION,,,,,,,,,,,
2026-05-22,0018859,PRE-CONSTRUCTION,,,,,,,,,,,
2026-05-22,0018860,COMPLETED-CONSTRUCTION,,,,,,,,,,,
2026-05-22,0018861,PRE-CONSTRUCTION,,,,,,,,,,,
2026-05-22,0018862,COMPLETED-CONSTRUCTION,,,,,,,,,,,
2026-05-22,0018863,PRE-CONSTRUCTION,,,,,,,,,,,
2026-05-22,0018864,PRE-CONSTRUCTION,,,,,,,,,,,
2026-05-22,0018865,COMPLETED-CONSTRUCTION,,,,,,,,,,,
2026-05-22,0018866,COMPLETED-CONSTRUCTION,,,,,,,,,,,
2026-05-22,0018867,COMPLETED-CONSTRUCTION,11611.0,,,,,,,,,,
2026-05-22,0018868,COMPLETED-CONSTRUCTION,,,,,,,,,,,
2026-05-22,0018869,COMPLETED-CONSTRUCTION,46600.0,,,,,,,,,,
2026-05-22,0018870,COMPLETED-CONSTRUCTION,34038.0,,,,,,,,,,
2026-05-22,0018871,COMPLETED-CONSTRUCTION,53536.0,,,,,,,,,,
2026-05-22,0018872,COMPLETED-CONSTRUCTION,,,,,,,,,,,
2026-05-22,0018873,PRE-CONSTRUCTION,,,,,,,,,,,
2026-05-22,0018874,PRE-CONSTRUCTION,,,,,,,,,,,
2026-05-22,0018875,PRE-CONSTRUCTION,,,,,,,,,,,
2026-05-22,0018876,PRE-CONSTRUCTION,,,,,,,,,,,
2026-05-22,0018877,PRE-CONSTRUCTION,,,,,,,,,,,
2026-05-22,0018878,PRE-CONSTRUCTION,,,,,,,,,,,
2026-05-22,0018879,PRE-CONSTRUCTION,,,,,,,,,,,
2026-05-22,0018880,PRE-CONSTRUCTION,,,,,,,,,,,
2026-05-22,0018881,PRE-CONSTRUCTION,,,,,,,,,,,
2026-05-22,0018882,PRE-CONSTRUCTION,,,,,,,,,,,
2026-05-22,0018883,PRE-CONSTRUCTION,67271.0,,,,,,,,,,
2026-05-22,0018884,PRE-CONSTRUCTION,,,,,,,,,,,
2026-05-22,0018885,PRE-CONSTRUCTION,,,,,,,,,,,
2026-05-22,0018886,PRE-CONSTRUCTION,,,,,,,,,,,
2026-05-22,0018887,PRE-CONSTRUCTION,,,,,,,,,,,
2026-05-22,0018888,PRE-CONSTRUCTION,,,,,,,,,,,
2026-05-22,0018889,UNDER-CONSTRUCTION,,,,,,,,,,,
2026-05-22,0018890,COMPLETED-CONSTRUCTION,,,,,,,,,,,
2026-05-22,0018891,COMPLETED-CONSTRUCTION,,,,,,,,,,,
2026-05-22,0018892,COMPLETED-CONSTRUCTION,,,,,,,,,,,
2026-05-22,0018893,COMPLETED-CONSTRUCTION,,,,,,,,,,,
2026-05-22,0018894,COMPLETED-CONSTRUCTION,,,,,,,,,,,
2026-05-22,0018895,COMPLETED-CONSTRUCTION,,,,,,,,,,,
2026-05-22,0018896,COMPLETED-CONSTRUCTION,,,,,,,,,,,
2026-05-22,0018897,COMPLETED-CONSTRUCTION,,,,,,,,,,,
2026-05-22,0018898,PRE-CONSTRUCTION,,,,,,,,,,,
2026-05-22,0018899,PRE-CONSTRUCTION,67408.0,,,,,,,,,,
2026-05-22,0018900,PRE-CONSTRUCTION,,,,,,,,,,,
2026-05-22,0018901,PRE-CONSTRUCTION,,,,,,,,,,,
2026-05-22,0018902,PRE-CONSTRUCTION,,,,,,,,,,,
2026-05-22,0018903,PRE-CONSTRUCTION,,,,,,,,,,,
2026-05-22,0018904,PRE-CONSTRUCTION,,,,,,,,,,,
2026-05-22,0018905,PRE-CONSTRUCTION,,,,,,,,,,,
2026-05-22,0018906,PRE-CONSTRUCTION,,,,,,,,,,,
2026-05-22,0018907,PRE-CONSTRUCTION,69175.0,,,,,,,,,,
2026-05-22,0018908,PRE-CONSTRUCTION,16200.0,,,,,,,,,,
2026-05-22,0018909,PRE-CONSTRUCTION,8036.0,,,,,,,,,,
2026-05-22,0018910,PRE-CONSTRUCTION,12857.0,,,,,,,,,,
2026-05-22,0018911,PRE-CONSTRUCTION,7366.0,,,,,,,,,,
2026-05-22,0018912,PRE-CONSTRUCTION,25151.0,,,,,,,,,,
2026-05-22,0018913,PRE-CONSTRUCTION,35784.0,,,,,,,,,,
2026-05-22,0018914,PRE-CONSTRUCTION,33882.0,,,,,,,,,,
2026-05-22,0018915,PRE-CONSTRUCTION,15803.0,,,,,,,,,,
2026-05-22,0018916,PRE-CONSTRUCTION,12723.0,,,,,,,,,,
2026-05-22,0018917,PRE-CONSTRUCTION,18728.0,,,,,,,,,,
2026-05-22,0018918,PRE-CONSTRUCTION,116233.0,,,,,,,,,,
2026-05-22,0018919,PRE-CONSTRUCTION,6563.0,,,,,,,,,,
2026-05-22,0018920,PRE-CONSTRUCTION,9910.0,,,,,,,,,,
2026-05-22,0018921,PRE-CONSTRUCTION,62597.0,,,,,,,,,,
2026-05-22,0018922,PRE-CONSTRUCTION,41896.0,,,,,,,,,,
2026-05-22,0018923,PRE-CONSTRUCTION,30346.0,,,,,,,,,,
2026-05-22,0018924,PRE-CONSTRUCTION,32275.0,,,,,,,,,,
2026-05-22,0018925,PRE-CONSTRUCTION,65049.0,,,,,,,,,,
2026-05-22,0018926,PRE-CONSTRUCTION,62619.0,,,,,,,,,,
2026-05-22,0018927,PRE-CONSTRUCTION,39617.0,,,,,,,,,,
2026-05-22,0018928,PRE-CONSTRUCTION,36590.0,,,,,,,,,,
2026-05-22,0018929,PRE-CONSTRUCTION,455620.0,,,,,,,,,,
2026-05-22,0018930,PRE-CONSTRUCTION,95920.0,,,,,,,,,,
2026-05-22,0018931,COMPLETED-CONSTRUCTION,419650.0,,,,,,,,,,
2026-05-22,0018932,COMPLETED-CONSTRUCTION,467610.0,,,,,,,,,,
2026-05-22,0018933,PRE-CONSTRUCTION,60000.0,,,,,,,,,,
2026-05-22,0018934,PRE-CONSTRUCTION,25000.0,,,,,,,,,,
2026-05-22,0018935,PRE-CONSTRUCTION,31500.0,,,,,,,,,,
2026-05-22,0018936,UNDER-CONSTRUCTION,400000.0,,,,,,,,,,
2026-05-22,0018937,PRE-CONSTRUCTION,500000.0,,,,,,,,,,
2026-05-22,0018938,PRE-CONSTRUCTION,200000.0,,,,,,,,,,
2026-05-22,0018939,PRE-CONSTRUCTION,6075000.0,,,,,,,,,,
2026-05-22,0018940,UNDER-CONSTRUCTION,4000000.0,,,,,,,,,,
2026-05-22,0018941,UNDER-CONSTRUCTION,2023600.0,,,,,,,,,,
2026-05-22,0018942,PRE-CONSTRUCTION,1616300.0,,,,,,,,,,
2026-05-22,0018943,PRE-CONSTRUCTION,2000000.0,,,,,,,,,,
2026-05-22,0018944,UNDER-CONSTRUCTION,1770000.0,,,,,,,,,,
2026-05-22,0018945,UNDER-CONSTRUCTION,1750000.0,,,,,,,,,,
2026-05-22,0018946,PRE-CONSTRUCTION,1342519.0,,,,,,,,,,
2026-05-22,0018947,PRE-CONSTRUCTION,2080019.0,,,,,,,,,,
2026-05-22,0018948,PRE-CONSTRUCTION,970000.0,,,,,,,,,,
2026-05-22,0018949,UNDER-CONSTRUCTION,1900000.0,,,,,,,,,,
2026-05-22,0018950,PRE-CONSTRUCTION,412500.0,,,,,,,,,,
2026-05-22,0018951,UNDER-CONSTRUCTION,234991.0,,,,,,,,,,
2026-05-22,0018952,PRE-CONSTRUCTION,123677.0,,,,,,,,,,
2026-05-22,0018953,PRE-CONSTRUCTION,280019.0,,,,,,,,,,
2026-05-22,0018954,UNDER-CONSTRUCTION,240000.0,,,,,,,,,,
2026-05-22,0018955,UNDER-CONSTRUCTION,322216.0,,,,,,,,,,
2026-05-22,0018956,PRE-CONSTRUCTION,352500.0,,,,,,,,,,
2026-05-22,0018957,COMPLETED-CONSTRUCTION,52097.0,,,,,,,,,,
2026-05-22,0018958,COMPLETED-CONSTRUCTION,40740.0,,,,,,,,,,
2026-05-22,0018959,COMPLETED-CONSTRUCTION,94391.0,,,,,,,,,,
2026-05-22,0018960,COMPLETED-CONSTRUCTION,11400.0,,,,,,,,,,
2026-05-22,0018961,COMPLETED-CONSTRUCTION,31000.0,,,,,,,,,,
2026-05-22,0018962,COMPLETED-CONSTRUCTION,109435.0,,,,,,,,,,
2026-05-22,0018963,PRE-CONSTRUCTION,114608.0,,,,,,,,,,
2026-05-22,0018964,COMPLETED-CONSTRUCTION,57000.0,,,,,,,,,,
2026-05-22,0018965,COMPLETED-CONSTRUCTION,2124954.0,,,,,,,,,,
2026-05-22,0018966,COMPLETED-CONSTRUCTION,48809.0,,,,,,,,,,
2026-05-22,0018967,UNDER-CONSTRUCTION,151200.0,,,,,,,,,,
2026-05-22,0018968,COMPLETED-CONSTRUCTION,189840.0,,,,,,,,,,
2026-05-22,0018969,COMPLETED-CONSTRUCTION,48090.0,,,,,,,,,,
2026-05-22,0018970,PRE-CONSTRUCTION,330480.0,,,,,,,,,,
2026-05-22,0018971,UNDER-CONSTRUCTION,120000.0,,,,,,,,,,
2026-05-22,0018972,COMPLETED-CONSTRUCTION,52500.0,,,,,,,,,,
2026-05-22,0018973,COMPLETED-CONSTRUCTION,106000.0,,,,,,,,,,
2026-05-22,0018974,UNDER-CONSTRUCTION,133000.0,,,,,,,,,,
2026-05-22,0018975,UNDER-CONSTRUCTION,71000.0,,,,,,,,,,
2026-05-22,0018976,UNDER-CONSTRUCTION,212993.0,,,,,,,,,,
2026-05-22,0018977,UNDER-CONSTRUCTION,1225000.0,,,,,,,,,,
2026-05-22,0018978,PRE-CONSTRUCTION,680817.0,,,,,,,,,,
2026-05-22,0018979,UNDER-CONSTRUCTION,120000.0,,,,,,,,,,
2026-05-22,0018980,PRE-CONSTRUCTION,80000.0,,,,,,,,,,
2026-05-22,0018981,PRE-CONSTRUCTION,275434.0,,,,,,,,,,
2026-05-22,0018982,UNDER-CONSTRUCTION,123000.0,,,,,,,,,,
2026-05-22,0018983,UNDER-CONSTRUCTION,290000.0,,,,,,,,,,
2026-05-22,0018984,PRE-CONSTRUCTION,52405.0,,,,,,,,,,
2026-05-22,0018985,PRE-CONSTRUCTION,40357.0,,,,,,,,,,
2026-05-22,0018986,PRE-CONSTRUCTION,38148.0,,,,,,,,,,
2026-05-22,0018987,UNDER-CONSTRUCTION,30441.0,,,,,,,,,,
2026-05-22,0018988,UNDER-CONSTRUCTION,15000.0,,,,,,,,,,
2026-05-22,0018989,PRE-CONSTRUCTION,15000.0,,,,,,,,,,
2026-05-22,0018990,PRE-CONSTRUCTION,13000.0,,,,,,,,,,
2026-05-22,0018991,UNDER-CONSTRUCTION,10000.0,,,,,,,,,,
2026-05-22,0018992,UNDER-CONSTRUCTION,126000.0,,,,,,,,,,
2026-05-22,0018993,UNDER-CONSTRUCTION,96000.0,,,,,,,,,,
2026-05-22,0018997,PRE-CONSTRUCTION,165100.0,,,,,,,,,,
2026-05-22,0018998,PRE-CONSTRUCTION,40000.0,,,,,,,,,,
2026-05-22,0018999,COMPLETED-CONSTRUCTION,53000.0,,,,,,,,,,
2026-05-22,0019000,COMPLETED-CONSTRUCTION,26500.0,,,,,,,,,,
2026-05-22,0019004,PRE-CONSTRUCTION,26000.0,,,,,,,,,,
2026-05-22,0019007,PRE-CONSTRUCTION,40500.0,,,,,,,,,,
2026-05-22,0019008,PRE-CONSTRUCTION,57973.0,,,,,,,,,,
2026-05-22,0019009,PRE-CONSTRUCTION,30000.0,,,,,,,,,,
2026-05-22,0019015,PRE-CONSTRUCTION,4995663.58,,,,,,,,,,
2026-05-22,0019017,UNDER-CONSTRUCTION,2254868.81,,,,,,,,,,
2026-05-22,0019018,UNDER-CONSTRUCTION,2778996.82,,,,,,,,,,
2026-05-22,0019019,UNDER-CONSTRUCTION,2210186.8899999997,,,,,,,,,,
2026-05-22,0019020,UNDER-CONSTRUCTION,2280186.52,,,,,,,,,,
2026-05-22,0019022,UNDER-CONSTRUCTION,52033127.18,,,,,,,,,,
2026-05-22,0019023,UNDER-CONSTRUCTION,97314332.61,,,,,,,,,,
2026-05-22,0019025,PRE-CONSTRUCTION,2625000.0,,,,,,,,,,
2026-05-22,0019026,PRE-CONSTRUCTION,1975000.0,,,,,,,,,,
2026-05-22,0019028,COMPLETED-CONSTRUCTION,4706273.14,,,,,,,,,,
2026-05-22,0019029,COMPLETED-CONSTRUCTION,13082301.16,,,,,,,,,,
2026-05-22,0019030,COMPLETED-CONSTRUCTION,267457.45,,,,,,,,,,
2026-05-22,0019031,COMPLETED-CONSTRUCTION,8826022.03,,,,,,,,,,
2026-05-22,0019032,UNDER-CONSTRUCTION,3523507.12,,,,,,,,,,
2026-05-22,0019033,COMPLETED-CONSTRUCTION,2101411.6399999997,,,,,,,,,,
2026-05-22,0019040,PRE-CONSTRUCTION,5593777.27,,,,,,,,,,
2026-05-22,0019042,PRE-CONSTRUCTION,6690626.5,,,,,,,,,,
2026-05-22,0019043,COMPLETED-CONSTRUCTION,1244319.45,,,,,,,,,,
2026-05-22,0019045,PRE-CONSTRUCTION,4800000.0,,,,,,,,,,
2026-05-22,0019048,PRE-CONSTRUCTION,2974121.08,,,,,,,,,,
2026-05-22,0019049,UNDER-CONSTRUCTION,2762862.76,,,,,,,,,,
2026-05-22,0019052,PRE-CONSTRUCTION,3505000.0,,,,,,,,,,
2026-05-22,0019054,PRE-CONSTRUCTION,34961778.92,,,,,,,,,,
2026-05-22,0019057,PRE-CONSTRUCTION,5678901.71,,,,,,,,,,
2026-05-22,0019059,PRE-CONSTRUCTION,1600000.0,,,,,,,,,,
2026-05-22,0019060,PRE-CONSTRUCTION,4391572.46,,,,,,,,,,
2026-05-22,0019062,PRE-CONSTRUCTION,2450162.2199999997,,,,,,,,,,
2026-05-22,0019066,PRE-CONSTRUCTION,1200000.0,,,,,,,,,,
2026-05-22,0019067,PRE-CONSTRUCTION,3427548.3,,,,,,,,,,
2026-05-22,0019069,PRE-CONSTRUCTION,3290942.55,,,,,,,,,,
2026-05-22,0019073,PRE-CONSTRUCTION,2655521.17,,,,,,,,,,
2026-05-22,0019083,PRE-CONSTRUCTION,12500000.0,,,,,,,,,,
2026-05-22,0019084,PRE-CONSTRUCTION,6400000.0,,,,,,,,,,
2026-05-22,0019085,PRE-CONSTRUCTION,4900000.0,,,,,,,,,,
2026-05-22,0019086,PRE-CONSTRUCTION,10250000.0,,,,,,,,,,
2026-05-22,0019087,PRE-CONSTRUCTION,11605000.0,,,,,,,,,,
2026-05-22,0019090,PRE-CONSTRUCTION,24800220.71,,,,,,,,,,
2026-05-22,0019092,PRE-CONSTRUCTION,8476687.98,,,,,,,,,,
2026-05-22,0019093,PRE-CONSTRUCTION,11140565.79,,,,,,,,,,
2026-05-22,0019094,PRE-CONSTRUCTION,34346926.47,,,,,,,,,,
2026-05-22,0019095,PRE-CONSTRUCTION,8750000.0,,,,,,,,,,
2026-05-22,0019096,PRE-CONSTRUCTION,17150000.0,,,,,,,,,,
2026-05-22,0019097,PRE-CONSTRUCTION,7425000.0,,,,,,,,,,
2026-05-22,0019098,PRE-CONSTRUCTION,6900000.0,,,,,,,,,,
2026-05-22,0019099,PRE-CONSTRUCTION,1560000.0,,,,,,,,,,
2026-05-22,0019100,PRE-CONSTRUCTION,1479710.51,,,,,,,,,,
2026-05-22,0019102,PRE-CONSTRUCTION,1950000.0,,,,,,,,,,
2026-05-22,0019105,PRE-CONSTRUCTION,5046441.1,,,,,,,,,,
2026-05-22,0019109,PRE-CONSTRUCTION,5306659.77,,,,,,,,,,
2026-05-22,0019110,PRE-CONSTRUCTION,5520827.63,,,,,,,,,,
2026-05-22,0019111,PRE-CONSTRUCTION,3975000.0,,,,,,,,,,
2026-05-22,0019112,PRE-CONSTRUCTION,2300000.0,,,,,,,,,,
2026-05-22,0019114,PRE-CONSTRUCTION,2175000.0,,,,,,,,,,
2026-05-22,0019115,PRE-CONSTRUCTION,3150000.0,,,,,,,,,,
2026-05-22,0019116,PRE-CONSTRUCTION,1875000.0,,,,,,,,,,
2026-05-22,0019117,PRE-CONSTRUCTION,4750000.0,,,,,,,,,,
2026-05-22,0019118,PRE-CONSTRUCTION,4230569.15,,,,,,,,,,
2026-05-22,0019119,PRE-CONSTRUCTION,4673941.38,,,,,,,,,,
2026-05-22,0019120,PRE-CONSTRUCTION,4872661.1,,,,,,,,,,
2026-05-22,0019121,PRE-CONSTRUCTION,3080667.35,,,,,,,,,,
2026-05-22,0019122,PRE-CONSTRUCTION,4357112.21,,,,,,,,,,
2026-05-22,0019123,PRE-CONSTRUCTION,1875000.0,,,,,,,,,,
2026-05-22,0019124,PRE-CONSTRUCTION,3145000.0,,,,,,,,,,
2026-05-22,0019125,PRE-CONSTRUCTION,2590000.0,,,,,,,,,,
2026-05-22,0019126,PRE-CONSTRUCTION,10853677.02,,,,,,,,,,
2026-05-22,0019127,PRE-CONSTRUCTION,5200000.0,,,,,,,,,,
2026-05-22,0019128,PRE-CONSTRUCTION,3971038.06,,,,,,,,,,
2026-05-22,0019129,PRE-CONSTRUCTION,7148802.0,,,,,,,,,,
2026-05-22,0019130,UNDER-CONSTRUCTION,1672740.7,,,,,,,,,,
2026-05-22,0019131,PRE-CONSTRUCTION,2614087.0,,,,,,,,,,
2026-05-22,0019132,PRE-CONSTRUCTION,1649861.18,,,,,,,,,,
2026-05-22,0019133,PRE-CONSTRUCTION,2071137.87,,,,,,,,,,
2026-05-22,0019134,PRE-CONSTRUCTION,1481550.39,,,,,,,,,,
2026-05-22,0019135,PRE-CONSTRUCTION,2891738.13,,,,,,,,,,
2026-05-22,0019136,PRE-CONSTRUCTION,7604377.029999999,,,,,,,,,,
2026-05-22,0019137,PRE-CONSTRUCTION,2368109.31,,,,,,,,,,
2026-05-22,0019138,PRE-CONSTRUCTION,882719.02,,,,,,,,,,
2026-05-22,0019139,PRE-CONSTRUCTION,64800.0,,,,,,,,,,
2026-05-22,0019177,COMPLETED-CONSTRUCTION,641215.09,,,,,,,,,,
2026-05-22,0019178,COMPLETED-CONSTRUCTION,533819.95,,,,,,,,,,
2026-05-22,0019179,COMPLETED-CONSTRUCTION,281637.0,,,,,,,,,,
2026-05-22,0019181,UNDER-CONSTRUCTION,4090000.0,,,,,,,,,,
2026-05-22,0019184,PRE-CONSTRUCTION,1975000.0,,,,,,,,,,
2026-05-22,0019185,PRE-CONSTRUCTION,3375000.0,,,,,,,,,,
2026-05-22,0019186,PRE-CONSTRUCTION,4975000.0,,,,,,,,,,
2026-05-22,0019187,PRE-CONSTRUCTION,2175000.0,,,,,,,,,,
2026-05-22,0019188,PRE-CONSTRUCTION,2150000.0,,,,,,,,,,
2026-05-22,0019190,PRE-CONSTRUCTION,2153712.6799999997,,,,,,,,,,
2026-05-22,0019191,PRE-CONSTRUCTION,3258221.4699999997,,,,,,,,,,
2026-05-22,0019192,PRE-CONSTRUCTION,3117638.8,,,,,,,,,,
2026-05-22,0019193,PRE-CONSTRUCTION,2300000.0,,,,,,,,,,
2026-05-22,0019194,PRE-CONSTRUCTION,3736449.36,,,,,,,,,,
2026-05-22,0019195,PRE-CONSTRUCTION,3775254.2,,,,,,,,,,
2026-05-22,0019196,PRE-CONSTRUCTION,1883000.0,,,,,,,,,,
2026-05-22,0019197,UNDER-CONSTRUCTION,65055173.09,,,,,,,,,,
2026-05-22,0019198,COMPLETED-CONSTRUCTION,94615.98,,,,,,,,,,
2026-05-22,0019202,PRE-CONSTRUCTION,16750000.0,,,,,,,,,,
2026-05-22,0019204,PRE-CONSTRUCTION,2910000.0,,,,,,,,,,
2026-05-22,0019205,PRE-CONSTRUCTION,9955962.0,,,,,,,,,,
2026-05-22,0019206,PRE-CONSTRUCTION,9476643.0,,,,,,,,,,
2026-05-22,0019207,PRE-CONSTRUCTION,2105000.0,,,,,,,,,,
2026-05-22,0019208,PRE-CONSTRUCTION,2750550.0,,,,,,,,,,
2026-05-22,0019209,PRE-CONSTRUCTION,4925000.0,,,,,,,,,,
2026-05-22,0019210,PRE-CONSTRUCTION,14000000.0,,,,,,,,,,
2026-05-22,0019212,PRE-CONSTRUCTION,26501477.2,,,,,,,,,,
2026-05-22,0019213,PRE-CONSTRUCTION,6616000.0,,,,,,,,,,
2026-05-22,0019214,PRE-CONSTRUCTION,10638000.0,,,,,,,,,,
2026-05-22,0019215,PRE-CONSTRUCTION,8436946.0,,,,,,,,,,
2026-05-22,0019216,PRE-CONSTRUCTION,21226651.23,,,,,,,,,,
2026-05-22,0019217,PRE-CONSTRUCTION,20490800.0,,,,,,,,,,
2026-05-22,0019218,UNDER-CONSTRUCTION,5134763.93,,,,,,,,,,
2026-05-22,0019223,COMPLETED-CONSTRUCTION,1450794.54,,,,,,,,,,
2026-05-22,0019224,COMPLETED-CONSTRUCTION,1679918.55,,,,,,,,,,
2026-05-22,0019225,COMPLETED-CONSTRUCTION,1016685.3,,,,,,,,,,
2026-05-22,0019226,COMPLETED-CONSTRUCTION,759353.04,,,,,,,,,,
2026-05-22,0019227,COMPLETED-CONSTRUCTION,94713.98,,,,,,,,,,
2026-05-22,0019228,COMPLETED-CONSTRUCTION,754202.85,,,,,,,,,,
2026-05-22,0019229,COMPLETED-CONSTRUCTION,187533.36,,,,,,,,,,
2026-05-22,0019230,COMPLETED-CONSTRUCTION,421761.04,,,,,,,,,,
2026-05-22,0019231,COMPLETED-CONSTRUCTION,123969.85,,,,,,,,,,
2026-05-22,0019232,COMPLETED-CONSTRUCTION,214310.78,,,,,,,,,,
2026-05-22,0019233,COMPLETED-CONSTRUCTION,434279.59,,,,,,,,,,
2026-05-22,0019234,COMPLETED-CONSTRUCTION,263938.65,,,,,,,,,,
2026-05-22,0019235,COMPLETED-CONSTRUCTION,966619.73,,,,,,,,,,
2026-05-22,0019236,COMPLETED-CONSTRUCTION,1241621.88,,,,,,,,,,
2026-05-22,0019237,COMPLETED-CONSTRUCTION,52298.6,,,,,,,,,,
2026-05-22,0019238,COMPLETED-CONSTRUCTION,365161.86,,,,,,,,,,
2026-05-22,0019239,UNDER-CONSTRUCTION,505067.46,,,,,,,,,,
2026-05-22,0019240,COMPLETED-CONSTRUCTION,290934.63,,,,,,,,,,
2026-05-22,0019241,COMPLETED-CONSTRUCTION,283069.1,,,,,,,,,,
2026-05-22,0019242,COMPLETED-CONSTRUCTION,141102.85,,,,,,,,,,
2026-05-22,0019243,COMPLETED-CONSTRUCTION,85552.24,,,,,,,,,,
2026-05-22,0019244,COMPLETED-CONSTRUCTION,230683.08,,,,,,,,,,
2026-05-22,0019252,PRE-CONSTRUCTION,4091754.4,,,,,,,,,,
2026-05-22,0019253,PRE-CONSTRUCTION,21591049.11,,,,,,,,,,
2026-05-22,0019256,UNDER-CONSTRUCTION,3200886.57,,,,,,,,,,
2026-05-22,0019257,UNDER-CONSTRUCTION,2081216.96,,,,,,,,,,
2026-05-22,0019258,UNDER-CONSTRUCTION,3475882.7,,,,,,,,,,
2026-05-22,0019259,UNDER-CONSTRUCTION,3414880.2,,,,,,,,,,
2026-05-22,0019260,UNDER-CONSTRUCTION,3077598.89,,,,,,,,,,
2026-05-22,0019261,UNDER-CONSTRUCTION,300000.0,,,,,,,,,,
2026-05-22,0019262,UNDER-CONSTRUCTION,4010966.14,,,,,,,,,,
2026-05-22,0019263,UNDER-CONSTRUCTION,2552875.71,,,,,,,,,,
2026-05-22,0019265,PRE-CONSTRUCTION,18440000.0,,,,,,,,,,
2026-05-22,0019269,PRE-CONSTRUCTION,48750000.0,,,,,,,,,,
2026-05-22,0019270,PRE-CONSTRUCTION,7720000.0,,,,,,,,,,
2026-05-22,0019271,PRE-CONSTRUCTION,26470000.0,,,,,,,,,,
2026-05-22,0019274,PRE-CONSTRUCTION,20025000.0,,,,,,,,,,
2026-05-22,0019277,COMPLETED-CONSTRUCTION,2916241.51,,,,,,,,,,
2026-05-22,0019278,COMPLETED-CONSTRUCTION,2473987.58,,,,,,,,,,
2026-05-22,0019279,COMPLETED-CONSTRUCTION,10609665.58,,,,,,,,,,
2026-05-22,0019280,COMPLETED-CONSTRUCTION,1128314.0,,,,,,,,,,
2026-05-22,0019281,COMPLETED-CONSTRUCTION,3009412.45,,,,,,,,,,
2026-05-22,0019282,COMPLETED-CONSTRUCTION,1427054.97,,,,,,,,,,
2026-05-22,0019283,COMPLETED-CONSTRUCTION,948843.76,,,,,,,,,,
2026-05-22,0019284,COMPLETED-CONSTRUCTION,3023010.2,,,,,,,,,,
2026-05-22,0019285,COMPLETED-CONSTRUCTION,1865202.49,,,,,,,,,,
2026-05-22,0019286,PRE-CONSTRUCTION,7637622.85,,,,,,,,,,
2026-05-22,0019290,COMPLETED-CONSTRUCTION,999941.98,,,,,,,,,,
2026-05-22,0019291,COMPLETED-CONSTRUCTION,3347116.98,,,,,,,,,,
2026-05-22,0019292,COMPLETED-CONSTRUCTION,5387006.44,,,,,,,,,,
2026-05-22,0019293,COMPLETED-CONSTRUCTION,1988744.15,,,,,,,,,,
2026-05-22,0019294,PRE-CONSTRUCTION,7151091.53,,,,,,,,,,
2026-05-22,0019333,COMPLETED-CONSTRUCTION,293413.75,,,,,,,,,,
2026-05-22,0019334,COMPLETED-CONSTRUCTION,117487.65,,,,,,,,,,
2026-05-22,0019335,COMPLETED-CONSTRUCTION,308229.1,,,,,,,,,,
2026-05-22,0019336,COMPLETED-CONSTRUCTION,1365453.95,,,,,,,,,,
2026-05-22,0019347,PRE-CONSTRUCTION,17000000.0,,,,,,,,,,
2026-05-22,0019348,UNDER-CONSTRUCTION,2285436.36,,,,,,,,,,
2026-05-22,0019349,UNDER-CONSTRUCTION,292361.62,,,,,,,,,,
2026-05-22,0019355,PRE-CONSTRUCTION,9898738.78,,,,,,,,,,
2026-05-22,0019357,PRE-CONSTRUCTION,9520000.0,,,,,,,,,,
2026-05-22,0019358,PRE-CONSTRUCTION,14794098.52,,,,,,,,,,
2026-05-22,0019359,PRE-CONSTRUCTION,27592551.0,,,,,,,,,,
2026-05-22,0019360,PRE-CONSTRUCTION,2128000.0,,,,,,,,,,
2026-05-22,0019452,COMPLETED-CONSTRUCTION,47100000.0,,,,,,,,,,
2026-05-22,0019453,COMPLETED-CONSTRUCTION,404704.76,,,,,,,,,,
2026-05-22,0019465,PRE-CONSTRUCTION,4010000.0,,,,,,,,,,
2026-05-22,0019466,PRE-CONSTRUCTION,3250000.0,,,,,,,,,,
2026-05-22,0019467,PRE-CONSTRUCTION,3250000.0,,,,,,,,,,
2026-05-22,0019468,PRE-CONSTRUCTION,2704000.0,,,,,,,,,,
2026-05-22,0019469,PRE-CONSTRUCTION,2181000.0,,,,,,,,,,
2026-05-22,0019470,PRE-CONSTRUCTION,5500000.0,,,,,,,,,,
2026-05-22,0019471,PRE-CONSTRUCTION,2110000.0,,,,,,,,,,
2026-05-22,0019472,PRE-CONSTRUCTION,5500000.0,,,,,,,,,,
2026-05-22,0019502,PRE-CONSTRUCTION,14310000.0,,,,,,,,,,
2026-05-22,0019503,COMPLETED-CONSTRUCTION,3450309.33,,,,,,,,,,
2026-05-22,0019504,UNDER-CONSTRUCTION,2806975.59,,,,,,,,,,
2026-05-22,0019505,UNDER-CONSTRUCTION,2338354.68,,,,,,,,,,
2026-05-22,0019506,UNDER-CONSTRUCTION,1900961.15,,,,,,,,,,
2026-05-22,0019507,UNDER-CONSTRUCTION,632717.38,,,,,,,,,,
2026-05-22,0019508,PRE-CONSTRUCTION,5000000.0,,,,,,,,,,
2026-05-22,0019509,PRE-CONSTRUCTION,7420000.0,,,,,,,,,,
2026-05-22,0019510,PRE-CONSTRUCTION,4090000.0,,,,,,,,,,
2026-05-22,0019511,COMPLETED-CONSTRUCTION,3848700.0,,,,,,,,,,
2026-05-22,0019512,UNDER-CONSTRUCTION,1252800.0,,,,,,,,,,
2026-05-22,0019513,UNDER-CONSTRUCTION,650000.0,,,,,,,,,,
2026-05-22,0019514,COMPLETED-CONSTRUCTION,2852236.89,,,,,,,,,,
2026-05-22,0019515,PRE-CONSTRUCTION,25000000.0,,,,,,,,,,
2026-05-22,0019516,UNDER-CONSTRUCTION,25000000.0,,,,,,,,,,
2026-05-22,0019517,PRE-CONSTRUCTION,35950000.0,,,,,,,,,,
2026-05-22,0019518,COMPLETED-CONSTRUCTION,465474.51,,,,,,,,,,
2026-05-22,0019519,PRE-CONSTRUCTION,22500000.0,,,,,,,,,,
2026-05-22,0019520,PRE-CONSTRUCTION,18700000.0,,,,,,,,,,
2026-05-22,0019521,PRE-CONSTRUCTION,18200000.0,,,,,,,,,,
2026-05-22,0019522,PRE-CONSTRUCTION,17600000.0,,,,,,,,,,
2026-05-22,0019523,PRE-CONSTRUCTION,15400000.0,,,,,,,,,,
2026-05-22,0019524,PRE-CONSTRUCTION,12805625.0,,,,,,,,,,
2026-05-22,0019525,PRE-CONSTRUCTION,12500000.0,,,,,,,,,,
2026-05-22,0019526,PRE-CONSTRUCTION,15400000.0,,,,,,,,,,
2026-05-22,0019527,PRE-CONSTRUCTION,11140000.0,,,,,,,,,,
2026-05-22,0019528,PRE-CONSTRUCTION,10100000.0,,,,,,,,,,
2026-05-22,0019529,PRE-CONSTRUCTION,7665246.35,,,,,,,,,,
2026-05-22,0019530,PRE-CONSTRUCTION,6650000.0,,,,,,,,,,
2026-05-22,0019531,PRE-CONSTRUCTION,12200000.0,,,,,,,,,,
2026-05-22,0019532,PRE-CONSTRUCTION,9385039.35,,,,,,,,,,
2026-05-22,0019533,PRE-CONSTRUCTION,8400000.0,,,,,,,,,,
2026-05-22,0019534,PRE-CONSTRUCTION,5956435.0,,,,,,,,,,
2026-05-22,0019535,PRE-CONSTRUCTION,11300000.0,,,,,,,,,,
2026-05-22,0019536,PRE-CONSTRUCTION,4000000.0,,,,,,,,,,
2026-05-22,0019537,PRE-CONSTRUCTION,690000.0,,,,,,,,,,
2026-05-22,0019538,PRE-CONSTRUCTION,12000000.0,,,,,,,,,,
2026-05-22,0019539,PRE-CONSTRUCTION,3600000.0,,,,,,,,,,
2026-05-22,0019540,COMPLETED-CONSTRUCTION,1965000.0,,,,,,,,,,
2026-05-22,0019541,COMPLETED-CONSTRUCTION,2815214.57,,,,,,,,,,
2026-05-22,0019542,UNDER-CONSTRUCTION,4000000.0,,,,,,,,,,
2026-05-22,0019543,PRE-CONSTRUCTION,4200000.0,,,,,,,,,,
2026-05-22,0019545,UNDER-CONSTRUCTION,19791590.47,,,,,,,,,,
2026-05-22,0019546,UNDER-CONSTRUCTION,69288978.45,,,,,,,,,,
2026-05-22,0019549,PRE-CONSTRUCTION,3472770.26,,,,,,,,,,
2026-05-22,0019554,UNDER-CONSTRUCTION,2354166.26,,,,,,,,,,
2026-05-22,0019555,UNDER-CONSTRUCTION,2338998.16,,,,,,,,,,
2026-05-22,0019558,UNDER-CONSTRUCTION,786631.79,,,,,,,,,,
2026-05-22,0019559,UNDER-CONSTRUCTION,94908.95,,,,,,,,,,
2026-05-22,0019578,PRE-CONSTRUCTION,1762484.87,,,,,,,,,,
2026-05-22,0019580,PRE-CONSTRUCTION,6152000.0,,,,,,,,,,
2026-05-22,0019581,PRE-CONSTRUCTION,4068000.0,,,,,,,,,,
2026-05-22,0019582,PRE-CONSTRUCTION,4550000.0,,,,,,,,,,
2026-05-22,0019583,PRE-CONSTRUCTION,5077720.0,,,,,,,,,,
2026-05-22,0019590,PRE-CONSTRUCTION,3532425.29,,,,,,,,,,
2026-05-22,0019591,PRE-CONSTRUCTION,6610000.0,,,,,,,,,,
2026-05-22,0019592,PRE-CONSTRUCTION,3710000.0,,,,,,,,,,
2026-05-22,0019601,PRE-CONSTRUCTION,117400.0,,,,,,,,,,
2026-05-22,0019611,UNDER-CONSTRUCTION,2132459.56,,,,,,,,,,
2026-05-22,0019612,PRE-CONSTRUCTION,4667741.6,,,,,,,,,,
2026-05-22,0019613,PRE-CONSTRUCTION,1080000.0,,,,,,,,,,
2026-05-22,0019616,PRE-CONSTRUCTION,16900000.0,,,,,,,,,,
2026-05-22,0019617,PRE-CONSTRUCTION,9125000.0,,,,,,,,,,
2026-05-22,0019618,PRE-CONSTRUCTION,5125000.0,,,,,,,,,,
2026-05-22,0019620,PRE-CONSTRUCTION,5125000.0,,,,,,,,,,
2026-05-22,0019621,PRE-CONSTRUCTION,1850000.0,,,,,,,,,,
2026-05-22,0019622,PRE-CONSTRUCTION,2050000.0,,,,,,,,,,
2026-05-22,0019623,PRE-CONSTRUCTION,3000000.0,,,,,,,,,,
2026-05-22,0019624,COMPLETED-CONSTRUCTION,628513.09,,,,,,,,,,
2026-05-22,0019630,PRE-CONSTRUCTION,9750000.0,,,,,,,,,,
2026-05-22,0019631,PRE-CONSTRUCTION,12974120.45,,,,,,,,,,
2026-05-22,0019632,PRE-CONSTRUCTION,17834104.48,,,,,,,,,,
2026-05-22,0019634,PRE-CONSTRUCTION,103250230.0,,,,,,,,,,
2026-05-22,0019635,PRE-CONSTRUCTION,12550000.0,,,,,,,,,,
2026-05-22,0019636,PRE-CONSTRUCTION,9981027.77,,,,,,,,,,
2026-05-22,0019637,PRE-CONSTRUCTION,34811000.0,,,,,,,,,,
2026-05-22,0019638,PRE-CONSTRUCTION,40783750.0,,,,,,,,,,
2026-05-22,0019639,PRE-CONSTRUCTION,598944.21,,,,,,,,,,
2026-05-22,0019640,PRE-CONSTRUCTION,13250000.0,,,,,,,,,,
2026-05-22,0019641,PRE-CONSTRUCTION,5940042.13,,,,,,,,,,
2026-05-22,0019642,PRE-CONSTRUCTION,5127305.98,,,,,,,,,,
2026-05-22,0019643,PRE-CONSTRUCTION,2772727.0,,,,,,,,,,
2026-05-22,0019645,PRE-CONSTRUCTION,5406540.98,,,,,,,,,,
2026-05-22,0019646,PRE-CONSTRUCTION,4323274.34,,,,,,,,,,
2026-05-22,0019650,PRE-CONSTRUCTION,5050727.0,,,,,,,,,,
2026-05-22,0019653,PRE-CONSTRUCTION,5210277.45,,,,,,,,,,
2026-05-22,0019654,PRE-CONSTRUCTION,5165714.0,,,,,,,,,,
2026-05-22,0019657,PRE-CONSTRUCTION,5790204.82,,,,,,,,,,
2026-05-22,0019659,PRE-CONSTRUCTION,5025519.07,,,,,,,,,,
2026-05-22,0019660,PRE-CONSTRUCTION,4260714.0,,,,,,,,,,
2026-05-22,0019661,PRE-CONSTRUCTION,2361188.2,,,,,,,,,,
2026-05-22,0019662,PRE-CONSTRUCTION,5388713.0,,,,,,,,,,
2026-05-22,0019664,UNDER-CONSTRUCTION,510714.0,,,,,,,,,,
2026-05-22,0019665,PRE-CONSTRUCTION,1488543.0,,,,,,,,,,
2026-05-22,0019666,UNDER-CONSTRUCTION,822377.4299999999,,,,,,,,,,
2026-05-22,0019667,UNDER-CONSTRUCTION,1471420.51,,,,,,,,,,
2026-05-22,0019669,PRE-CONSTRUCTION,5347547.0,,,,,,,,,,
2026-05-22,0019670,UNDER-CONSTRUCTION,1072727.0,,,,,,,,,,
2026-05-22,0019675,PRE-CONSTRUCTION,1550893.0,,,,,,,,,,
2026-05-22,0019676,PRE-CONSTRUCTION,2523047.0,,,,,,,,,,
2026-05-22,0019678,COMPLETED-CONSTRUCTION,707998.96,,,,,,,,,,
2026-05-22,0019683,PRE-CONSTRUCTION,2810000.0,,,,,,,,,,
2026-05-22,0019684,PRE-CONSTRUCTION,3738294.91,,,,,,,,,,
2026-05-22,0019687,UNDER-CONSTRUCTION,4000000.0,,,,,,,,,,
2026-05-22,0019691,UNDER-CONSTRUCTION,1871025.93,,,,,,,,,,
2026-05-22,0019693,PRE-CONSTRUCTION,9100000.0,,,,,,,,,,
2026-05-22,0019696,UNDER-CONSTRUCTION,31350254.74,,,,,,,,,,
2026-05-22,0019697,UNDER-CONSTRUCTION,50056551.51,,,,,,,,,,
2026-05-22,0019701,PRE-CONSTRUCTION,1016000.0,,,,,,,,,,
2026-05-22,0019702,PRE-CONSTRUCTION,5032000.0,,,,,,,,,,
2026-05-22,0019703,PRE-CONSTRUCTION,1606985.0,,,,,,,,,,
2026-05-22,0019704,PRE-CONSTRUCTION,1105000.0,,,,,,,,,,
2026-05-22,0019705,PRE-CONSTRUCTION,2933874.0,,,,,,,,,,
2026-05-22,0019706,PRE-CONSTRUCTION,3708000.0,,,,,,,,,,
2026-05-22,0019707,PRE-CONSTRUCTION,2614311.23,,,,,,,,,,
2026-05-22,0019709,UNDER-CONSTRUCTION,1533102.51,,,,,,,,,,
2026-05-22,0019710,UNDER-CONSTRUCTION,1625198.14,,,,,,,,,,
2026-05-22,0019711,UNDER-CONSTRUCTION,1925333.21,,,,,,,,,,
2026-05-22,0019714,PRE-CONSTRUCTION,44923000.0,,,,,,,,,,
2026-05-22,0019715,COMPLETED-CONSTRUCTION,479013.76,,,,,,,,,,
2026-05-22,0019716,UNDER-CONSTRUCTION,19537027.65,,,,,,,,,,
2026-05-22,0019758,PRE-CONSTRUCTION,3460000.0,,,,,,,,,,
2026-05-22,0019759,PRE-CONSTRUCTION,3610000.0,,,,,,,,,,
2026-05-22,0019763,PRE-CONSTRUCTION,3610000.0,,,,,,,,,,
2026-05-22,0019775,PRE-CONSTRUCTION,4450000.0,,,,,,,,,,
2026-05-22,0019776,PRE-CONSTRUCTION,16500000.0,,,,,,,,,,
2026-05-22,0019777,PRE-CONSTRUCTION,16180000.0,,,,,,,,,,
2026-05-22,0019778,PRE-CONSTRUCTION,19559455.0,,,,,,,,,,
2026-05-22,0019779,UNDER-CONSTRUCTION,3968376.0,,,,,,,,,,
2026-05-22,0019780,PRE-CONSTRUCTION,5100000.0,,,,,,,,,,
2026-05-22,0019783,PRE-CONSTRUCTION,3754716.25,,,,,,,,,,
2026-05-22,0019784,PRE-CONSTRUCTION,4735000.0,,,,,,,,,,
2026-05-22,0019785,PRE-CONSTRUCTION,18507310.59,,,,,,,,,,
2026-05-22,0019786,PRE-CONSTRUCTION,2700000.0,,,,,,,,,,
2026-05-22,0019787,PRE-CONSTRUCTION,5550530.23,,,,,,,,,,
2026-05-22,0019789,PRE-CONSTRUCTION,3776000.0,,,,,,,,,,
2026-05-22,0019790,PRE-CONSTRUCTION,5383806.0,,,,,,,,,,
2026-05-22,0019791,PRE-CONSTRUCTION,6234063.15,,,,,,,,,,
2026-05-22,0019793,PRE-CONSTRUCTION,8430000.0,,,,,,,,,,
2026-05-22,0019796,UNDER-CONSTRUCTION,3787286.0,,,,,,,,,,
2026-05-22,0019797,PRE-CONSTRUCTION,2466880.0,,,,,,,,,,
2026-05-22,0019799,PRE-CONSTRUCTION,28273662.36,,,,,,,,,,
2026-05-22,0019833,PRE-CONSTRUCTION,24818821.0,,,,,,,,,,
2026-05-22,0019834,UNDER-CONSTRUCTION,3554311.09,,,,,,,,,,
2026-05-22,0019835,UNDER-CONSTRUCTION,1567780.32,,,,,,,,,,
2026-05-22,0019836,PRE-CONSTRUCTION,3918866.11,,,,,,,,,,
2026-05-22,0019838,PRE-CONSTRUCTION,4862658.6,,,,,,,,,,
2026-05-22,0019839,PRE-CONSTRUCTION,2300000.0,,,,,,,,,,
2026-05-22,0019840,PRE-CONSTRUCTION,593579.18,,,,,,,,,,
2026-05-22,0019841,PRE-CONSTRUCTION,5592811.13,,,,,,,,,,
2026-05-22,0019855,PRE-CONSTRUCTION,4765500.0,,,,,,,,,,
2026-05-22,0019856,PRE-CONSTRUCTION,3610000.0,,,,,,,,,,
2026-05-22,0019857,PRE-CONSTRUCTION,3610000.0,,,,,,,,,,
2026-05-22,0019858,PRE-CONSTRUCTION,3850000.0,,,,,,,,,,
2026-05-22,0019859,PRE-CONSTRUCTION,3770165.25,,,,,,,,,,
2026-05-22,0019864,PRE-CONSTRUCTION,3610000.0,,,,,,,,,,
2026-05-22,0019865,PRE-CONSTRUCTION,7261866.73,,,,,,,,,,
2026-05-22,0019867,UNDER-CONSTRUCTION,2728722.05,,,,,,,,,,
2026-05-22,0019868,UNDER-CONSTRUCTION,2624857.66,,,,,,,,,,
2026-05-22,0019869,UNDER-CONSTRUCTION,2649749.83,,,,,,,,,,
2026-05-22,0019870,UNDER-CONSTRUCTION,2590443.2,,,,,,,,,,
2026-05-22,0019871,UNDER-CONSTRUCTION,2836850.02,,,,,,,,,,
2026-05-22,0019876,PRE-CONSTRUCTION,3904554.0,,,,,,,,,,
2026-05-22,0019878,PRE-CONSTRUCTION,4118531.34,,,,,,,,,,
2026-05-22,0019881,PRE-CONSTRUCTION,3910000.0,,,,,,,,,,
2026-05-22,0019884,PRE-CONSTRUCTION,3726109.37,,,,,,,,,,
2026-05-22,0019885,PRE-CONSTRUCTION,8075000.0,,,,,,,,,,
2026-05-22,0019886,PRE-CONSTRUCTION,7653278.0,,,,,,,,,,
2026-05-22,0019887,PRE-CONSTRUCTION,16226000.0,,,,,,,,,,
2026-05-22,0019888,PRE-CONSTRUCTION,9916625.0,,,,,,,,,,
2026-05-22,0019889,PRE-CONSTRUCTION,23416751.65,,,,,,,,,,
2026-05-22,0019890,PRE-CONSTRUCTION,11716000.0,,,,,,,,,,
2026-05-22,0019893,PRE-CONSTRUCTION,48259981.8,,,,,,,,,,
2026-05-22,0019894,PRE-CONSTRUCTION,24550858.62,,,,,,,,,,
2026-05-22,0019896,PRE-CONSTRUCTION,3115000.0,,,,,,,,,,
2026-05-22,0019897,PRE-CONSTRUCTION,9609131.0,,,,,,,,,,
2026-05-22,0019928,COMPLETED-CONSTRUCTION,848714.66,,,,,,,,,,
2026-05-22,0019929,COMPLETED-CONSTRUCTION,1186010.55,,,,,,,,,,
2026-05-22,0019930,COMPLETED-CONSTRUCTION,830942.37,,,,,,,,,,
2026-05-22,0019931,PRE-CONSTRUCTION,11000000.0,,,,,,,,,,
2026-05-22,0019932,PRE-CONSTRUCTION,5600000.0,,,,,,,,,,
2026-05-22,0019933,PRE-CONSTRUCTION,19400000.0,,,,,,,,,,
2026-05-22,0019934,PRE-CONSTRUCTION,23000000.0,,,,,,,,,,
2026-05-22,0019935,PRE-CONSTRUCTION,29000000.0,,,,,,,,,,
2026-05-22,0019936,PRE-CONSTRUCTION,13000000.0,,,,,,,,,,
2026-05-22,0019937,PRE-CONSTRUCTION,4600000.0,,,,,,,,,,
2026-05-22,0019938,PRE-CONSTRUCTION,6745000.0,,,,,,,,,,
2026-05-22,0019939,PRE-CONSTRUCTION,10290000.0,,,,,,,,,,
2026-05-22,0019941,PRE-CONSTRUCTION,3100000.0,,,,,,,,,,
2026-05-22,0019942,PRE-CONSTRUCTION,3100000.0,,,,,,,,,,
2026-05-22,0019944,PRE-CONSTRUCTION,5600000.0,,,,,,,,,,
2026-05-22,0019945,PRE-CONSTRUCTION,13600000.0,,,,,,,,,,
2026-05-22,0019946,COMPLETED-CONSTRUCTION,233683.32,,,,,,,,,,
2026-05-22,0019947,COMPLETED-CONSTRUCTION,168761.67,,,,,,,,,,
2026-05-22,0019948,COMPLETED-CONSTRUCTION,113945.0,,,,,,,,,,
2026-05-22,0019949,COMPLETED-CONSTRUCTION,339284.2,,,,,,,,,,
2026-05-22,0019950,UNDER-CONSTRUCTION,440173.48,,,,,,,,,,
2026-05-22,0019951,COMPLETED-CONSTRUCTION,560717.45,,,,,,,,,,
2026-05-22,0019952,COMPLETED-CONSTRUCTION,488299.19,,,,,,,,,,
2026-05-22,0019953,COMPLETED-CONSTRUCTION,1142089.26,,,,,,,,,,
2026-05-22,0019954,UNDER-CONSTRUCTION,746649.75,,,,,,,,,,
2026-05-22,0019955,UNDER-CONSTRUCTION,176733.96,,,,,,,,,,
2026-05-22,0019956,COMPLETED-CONSTRUCTION,60950.26,,,,,,,,,,
2026-05-22,0019957,COMPLETED-CONSTRUCTION,428660.46,,,,,,,,,,
2026-05-22,0019960,COMPLETED-CONSTRUCTION,881286.61,,,,,,,,,,
2026-05-22,0019961,COMPLETED-CONSTRUCTION,156999.13,,,,,,,,,,
2026-05-22,0019962,COMPLETED-CONSTRUCTION,843714.28,,,,,,,,,,
2026-05-22,0019964,UNDER-CONSTRUCTION,2151257.74,,,,,,,,,,
2026-05-22,0019965,PRE-CONSTRUCTION,6511635008.0,,,,,,,,,,
2026-05-22,0019966,PRE-CONSTRUCTION,5447174938.24,,,,,,,,,,
2026-05-22,0019967,PRE-CONSTRUCTION,6668218526.47,,,,,,,,,,
2026-05-22,0019997,PRE-CONSTRUCTION,4243000.0,,,,,,,,,,
2026-05-22,0020000,UNDER-CONSTRUCTION,895035.63,,,,,,,,,,
2026-05-22,0020001,PRE-CONSTRUCTION,6750000.0,,,,,,,,,,
2026-05-22,0020014,COMPLETED-CONSTRUCTION,303433.16,,,,,,,,,,
2026-05-22,0020015,COMPLETED-CONSTRUCTION,454604.0,,,,,,,,,,
2026-05-22,0020027,PRE-CONSTRUCTION,2104017.34,,,,,,,,,,
2026-05-22,0020028,PRE-CONSTRUCTION,340000.0,,,,,,,,,,
2026-05-22,0020029,PRE-CONSTRUCTION,440000.0,,,,,,,,,,
2026-05-22,0020036,PRE-CONSTRUCTION,40697793.42,,,,,,,,,,
2026-05-22,0020038,PRE-CONSTRUCTION,128000000.0,,,,,,,,,,
2026-05-22,0020039,PRE-CONSTRUCTION,52000000.0,,,,,,,,,,
2026-05-22,0020040,PRE-CONSTRUCTION,2528000.0,,,,,,,,,,
2026-05-22,0020042,PRE-CONSTRUCTION,1300000.0,,,,,,,,,,
2026-05-22,0020043,PRE-CONSTRUCTION,370000.0,,,,,,,,,,
2026-05-22,0020046,PRE-CONSTRUCTION,17475000.0,,,,,,,,,,
2026-05-22,0020047,COMPLETED-CONSTRUCTION,4461209.99,,,,,,,,,,
2026-05-22,0020050,PRE-CONSTRUCTION,30367562.32,,,,,,,,,,
2026-05-22,0020051,PRE-CONSTRUCTION,38243587.78,,,,,,,,,,
2026-05-22,0020052,PRE-CONSTRUCTION,130342762.53,,,,,,,,,,
2026-05-22,0020053,COMPLETED-CONSTRUCTION,1742776.3,,,,,,,,,,
2026-05-22,0020056,PRE-CONSTRUCTION,490000.0,,,,,,,,,,
2026-05-22,0020067,PRE-CONSTRUCTION,11646598.67,,,,,,,,,,
2026-05-22,0020082,PRE-CONSTRUCTION,4089352.0,,,,,,,,,,
2026-05-22,0020083,PRE-CONSTRUCTION,2150000.0,,,,,,,,,,
2026-05-22,0020084,PRE-CONSTRUCTION,4508492.0,,,,,,,,,,
2026-05-22,0020085,PRE-CONSTRUCTION,1999588.0,,,,,,,,,,
2026-05-22,0020086,PRE-CONSTRUCTION,2701972.0,,,,,,,,,,
2026-05-22,0020087,PRE-CONSTRUCTION,3576028.0,,,,,,,,,,
2026-05-22,0020088,PRE-CONSTRUCTION,1526327.0,,,,,,,,,,
2026-05-22,0020089,PRE-CONSTRUCTION,1410988.0,,,,,,,,,,
2026-05-22,0020097,PRE-CONSTRUCTION,3400000.0,,,,,,,,,,
2026-05-22,0020098,PRE-CONSTRUCTION,2650000.0,,,,,,,,,,
2026-05-22,0020105,PRE-CONSTRUCTION,2052355.05,,,,,,,,,,
2026-05-22,0020106,PRE-CONSTRUCTION,340000.0,,,,,,,,,,
2026-05-22,0020107,UNDER-CONSTRUCTION,3246093.39,,,,,,,,,,
2026-05-22,0020108,PRE-CONSTRUCTION,4713000.0,,,,,,,,,,
2026-05-22,0020110,PRE-CONSTRUCTION,4850000.0,,,,,,,,,,
2026-05-22,0020111,PRE-CONSTRUCTION,1630000.0,,,,,,,,,,
2026-05-22,0020112,PRE-CONSTRUCTION,2833390.0,,,,,,,,,,
2026-05-22,0020113,PRE-CONSTRUCTION,1081269.0,,,,,,,,,,
2026-05-22,0020114,PRE-CONSTRUCTION,2688986.0,,,,,,,,,,
2026-05-22,0020115,PRE-CONSTRUCTION,775000.0,,,,,,,,,,
2026-05-22,0020117,PRE-CONSTRUCTION,4275000.0,,,,,,,,,,
2026-05-22,0020118,PRE-CONSTRUCTION,3650000.0,,,,,,,,,,
2026-05-22,0020125,PRE-CONSTRUCTION,3980000.0,,,,,,,,,,
2026-05-22,0020126,PRE-CONSTRUCTION,3059000.0,,,,,,,,,,
2026-05-22,0020127,PRE-CONSTRUCTION,2150000.0,,,,,,,,,,
2026-05-22,0020128,PRE-CONSTRUCTION,2500000.0,,,,,,,,,,
2026-05-22,0020129,PRE-CONSTRUCTION,2135000.0,,,,,,,,,,
2026-05-22,0020130,PRE-CONSTRUCTION,2850000.0,,,,,,,,,,
2026-05-22,0020131,PRE-CONSTRUCTION,2850000.0,,,,,,,,,,
2026-05-22,0020132,PRE-CONSTRUCTION,1684741.6,,,,,,,,,,
2026-05-22,0020133,PRE-CONSTRUCTION,4930000.0,,,,,,,,,,
2026-05-22,0020135,PRE-CONSTRUCTION,2715000.0,,,,,,,,,,
2026-05-22,0020136,PRE-CONSTRUCTION,7525000.0,,,,,,,,,,
2026-05-22,0020137,PRE-CONSTRUCTION,6575000.0,,,,,,,,,,
2026-05-22,0020138,PRE-CONSTRUCTION,5250000.0,,,,,,,,,,
2026-05-22,0020139,PRE-CONSTRUCTION,4475000.0,,,,,,,,,,
2026-05-22,0020140,PRE-CONSTRUCTION,4850000.0,,,,,,,,,,
2026-05-22,0020141,PRE-CONSTRUCTION,4875000.0,,,,,,,,,,
2026-05-22,0020142,PRE-CONSTRUCTION,4650000.0,,,,,,,,,,
2026-05-22,0020143,PRE-CONSTRUCTION,6900000.0,,,,,,,,,,
2026-05-22,0020144,PRE-CONSTRUCTION,5400000.0,,,,,,,,,,
2026-05-22,0020145,PRE-CONSTRUCTION,7075000.0,,,,,,,,,,
2026-05-22,0020146,PRE-CONSTRUCTION,5975000.0,,,,,,,,,,
2026-05-22,0020147,PRE-CONSTRUCTION,5325000.0,,,,,,,,,,
2026-05-22,0020148,PRE-CONSTRUCTION,6325000.0,,,,,,,,,,
2026-05-22,0020149,PRE-CONSTRUCTION,5950000.0,,,,,,,,,,
2026-05-22,0020150,PRE-CONSTRUCTION,4775000.0,,,,,,,,,,
2026-05-22,0020151,PRE-CONSTRUCTION,5175000.0,,,,,,,,,,
2026-05-22,0020152,PRE-CONSTRUCTION,5375000.0,,,,,,,,,,
2026-05-22,0020153,PRE-CONSTRUCTION,20232000.0,,,,,,,,,,
2026-05-22,0020154,PRE-CONSTRUCTION,7325000.0,,,,,,,,,,
2026-05-22,0020155,PRE-CONSTRUCTION,13050000.0,,,,,,,,,,
2026-05-22,0020156,PRE-CONSTRUCTION,7275000.0,,,,,,,,,,
2026-05-22,0020157,PRE-CONSTRUCTION,8400000.0,,,,,,,,,,
2026-05-22,0020158,PRE-CONSTRUCTION,20300000.0,,,,,,,,,,
2026-05-22,0020159,PRE-CONSTRUCTION,30800000.0,,,,,,,,,,
2026-05-22,0020160,PRE-CONSTRUCTION,54100000.0,,,,,,,,,,
2026-05-22,0020161,PRE-CONSTRUCTION,17000000.0,,,,,,,,,,
2026-05-22,0020162,PRE-CONSTRUCTION,12700000.0,,,,,,,,,,
2026-05-22,0020163,PRE-CONSTRUCTION,8500000.0,,,,,,,,,,
2026-05-22,0020164,PRE-CONSTRUCTION,20136271.92,,,,,,,,,,
2026-05-22,0020165,PRE-CONSTRUCTION,3744985.84,,,,,,,,,,
2026-05-22,0020166,UNDER-CONSTRUCTION,2043424.38,,,,,,,,,,
2026-05-22,0020167,PRE-CONSTRUCTION,1549771.29,,,,,,,,,,
2026-05-22,0020169,PRE-CONSTRUCTION,5250000.0,,,,,,,,,,
2026-05-22,0020172,PRE-CONSTRUCTION,113628000.0,,,,,,,,,,
2026-05-22,0020173,PRE-CONSTRUCTION,64762710.0,,,,,,,,,,
2026-05-22,0020192,PRE-CONSTRUCTION,4950000.0,,,,,,,,,,
2026-05-22,0020193,PRE-CONSTRUCTION,6950000.0,,,,,,,,,,
2026-05-22,0020194,PRE-CONSTRUCTION,0.0,,,,,,,,,,
2026-05-22,0020195,PRE-CONSTRUCTION,0.0,,,,,,,,,,
2026-05-22,0020196,PRE-CONSTRUCTION,0.0,,,,,,,,,,
2026-05-22,0020197,PRE-CONSTRUCTION,1116761.19,,,,,,,,,,
2026-05-22,0020198,UNDER-CONSTRUCTION,1455902.42,,,,,,,,,,
2026-05-22,0020199,PRE-CONSTRUCTION,1613699.0,,,,,,,,,,
2026-05-22,0020200,PRE-CONSTRUCTION,1620000.0,,,,,,,,,,
2026-05-22,0020201,PRE-CONSTRUCTION,7100000.0,,,,,,,,,,
2026-05-22,0020202,PRE-CONSTRUCTION,4503250.0,,,,,,,,,,
2026-05-22,0020203,PRE-CONSTRUCTION,5823737.0,,,,,,,,,,
2026-05-22,0020204,PRE-CONSTRUCTION,1790000.0,,,,,,,,,,
2026-05-22,0020205,PRE-CONSTRUCTION,3470000.0,,,,,,,,,,
2026-05-22,0020206,PRE-CONSTRUCTION,1983895.0,,,,,,,,,,
2026-05-22,0020207,PRE-CONSTRUCTION,2116622.0,,,,,,,,,,
2026-05-22,0020208,PRE-CONSTRUCTION,3337327.0,,,,,,,,,,
2026-05-22,0020209,PRE-CONSTRUCTION,3549607.0,,,,,,,,,,
2026-05-22,0020210,PRE-CONSTRUCTION,3400000.0,,,,,,,,,,
2026-05-22,0020211,PRE-CONSTRUCTION,2850000.0,,,,,,,,,,
2026-05-22,0020212,PRE-CONSTRUCTION,4475000.0,,,,,,,,,,
2026-05-22,0020213,PRE-CONSTRUCTION,22650000.0,,,,,,,,,,
2026-05-22,0020259,PRE-CONSTRUCTION,1870000.0,,,,,,,,,,
2026-05-22,0020260,PRE-CONSTRUCTION,500000.0,,,,,,,,,,
2026-05-22,0020261,PRE-CONSTRUCTION,500000.0,,,,,,,,,,
2026-05-22,0020263,UNDER-CONSTRUCTION,1666674.0,,,,,,,,,,
2026-05-22,0020264,UNDER-CONSTRUCTION,982255.0,,,,,,,,,,
2026-05-22,0020265,PRE-CONSTRUCTION,556197.5,,,,,,,,,,
2026-05-22,0020268,PRE-CONSTRUCTION,6563341.23,,,,,,,,,,
2026-05-22,0020269,PRE-CONSTRUCTION,4362969.0,,,,,,,,,,
2026-05-22,0020272,PRE-CONSTRUCTION,3150069.0,,,,,,,,,,
2026-05-22,0020273,PRE-CONSTRUCTION,5774000.0,,,,,,,,,,
2026-05-22,0020274,PRE-CONSTRUCTION,2889000.0,,,,,,,,,,
2026-05-22,0020275,PRE-CONSTRUCTION,1642487.09,,,,,,,,,,
2026-05-22,0020278,PRE-CONSTRUCTION,3000000.0,,,,,,,,,,
2026-05-22,0020279,PRE-CONSTRUCTION,1920000.0,,,,,,,,,,
2026-05-22,0020280,PRE-CONSTRUCTION,1800000.0,,,,,,,,,,
2026-05-22,0020281,PRE-CONSTRUCTION,2020000.0,,,,,,,,,,
2026-05-22,0020284,PRE-CONSTRUCTION,163500000.0,,,,,,,,,,
2026-05-22,0020286,PRE-CONSTRUCTION,17379900.0,,,,,,,,,,
2026-05-22,0020292,PRE-CONSTRUCTION,2000000.0,,,,,,,,,,
2026-05-22,0020293,UNDER-CONSTRUCTION,1051401.75,,,,,,,,,,
2026-05-22,0020294,PRE-CONSTRUCTION,5919579.8100000005,,,,,,,,,,
2026-05-22,0020295,PRE-CONSTRUCTION,2223462.44,,,,,,,,,,
2026-05-22,0020296,PRE-CONSTRUCTION,870000.0,,,,,,,,,,
2026-05-22,0020297,PRE-CONSTRUCTION,1670000.0,,,,,,,,,,
2026-05-22,0020300,PRE-CONSTRUCTION,1500000.0,,,,,,,,,,
2026-05-22,0020322,PRE-CONSTRUCTION,2200000.0,,,,,,,,,,
2026-05-22,0020323,PRE-CONSTRUCTION,2400000.0,,,,,,,,,,
2026-05-22,0020324,PRE-CONSTRUCTION,3850000.0,,,,,,,,,,
2026-05-22,0020360,PRE-CONSTRUCTION,2871226.0,,,,,,,,,,
2026-05-22,0020361,PRE-CONSTRUCTION,2698232.0,,,,,,,,,,
2026-05-22,0020369,PRE-CONSTRUCTION,7707000.0,,,,,,,,,,
2026-05-22,0020374,PRE-CONSTRUCTION,3700000.0,,,,,,,,,,
2026-05-22,0020375,PRE-CONSTRUCTION,2394210.0,,,,,,,,,,
2026-05-22,0020379,PRE-CONSTRUCTION,1300000.0,,,,,,,,,,
2026-05-22,0020382,UNDER-CONSTRUCTION,3014448.5300000003,,,,,,,,,,
2026-05-22,0020383,UNDER-CONSTRUCTION,533082.86,,,,,,,,,,
2026-05-22,0020385,PRE-CONSTRUCTION,2270000.0,,,,,,,,,,
2026-05-22,0020386,PRE-CONSTRUCTION,2140000.0,,,,,,,,,,
2026-05-22,0020394,PRE-CONSTRUCTION,2400000.0,,,,,,,,,,
2026-05-22,0020395,PRE-CONSTRUCTION,2300000.0,,,,,,,,,,
2026-05-22,0020396,PRE-CONSTRUCTION,2300000.0,,,,,,,,,,
2026-05-22,0020397,PRE-CONSTRUCTION,2990000.0,,,,,,,,,,
2026-05-22,0020398,PRE-CONSTRUCTION,15200000.0,,,,,,,,,,
2026-05-22,0020400,PRE-CONSTRUCTION,2667000.0,,,,,,,,,,
2026-05-22,0020401,PRE-CONSTRUCTION,2374000.0,,,,,,,,,,
2026-05-22,0020402,PRE-CONSTRUCTION,345000.0,,,,,,,,,,
2026-05-22,0020403,PRE-CONSTRUCTION,300000.0,,,,,,,,,,
2026-05-22,0020404,PRE-CONSTRUCTION,557000.0,,,,,,,,,,
2026-05-22,0020405,PRE-CONSTRUCTION,550000.0,,,,,,,,,,
2026-05-22,0020406,PRE-CONSTRUCTION,180000.0,,,,,,,,,,
2026-05-22,0020407,PRE-CONSTRUCTION,322000.0,,,,,,,,,,
2026-05-22,0020408,PRE-CONSTRUCTION,569000.0,,,,,,,,,,
2026-05-22,0020409,PRE-CONSTRUCTION,3105000.0,,,,,,,,,,
2026-05-22,0020410,PRE-CONSTRUCTION,4257000.0,,,,,,,,,,
2026-05-22,0020411,PRE-CONSTRUCTION,1238000.0,,,,,,,,,,
2026-05-22,0020412,PRE-CONSTRUCTION,825000.0,,,,,,,,,,
2026-05-22,0020413,PRE-CONSTRUCTION,1596000.0,,,,,,,,,,
2026-05-22,0020414,PRE-CONSTRUCTION,1647000.0,,,,,,,,,,
2026-05-22,0020415,PRE-CONSTRUCTION,3000000.0,,,,,,,,,,
2026-05-22,0020416,PRE-CONSTRUCTION,2487000.0,,,,,,,,,,
2026-05-22,0020417,PRE-CONSTRUCTION,7172000.0,,,,,,,,,,
2026-05-22,0020418,PRE-CONSTRUCTION,10100000.0,,,,,,,,,,
2026-05-22,0020419,PRE-CONSTRUCTION,1048000.0,,,,,,,,,,
2026-05-22,0020420,PRE-CONSTRUCTION,1167000.0,,,,,,,,,,
2026-05-22,0020421,PRE-CONSTRUCTION,3500000.0,,,,,,,,,,
2026-05-22,0020422,PRE-CONSTRUCTION,1710000.0,,,,,,,,,,
2026-05-22,0020423,PRE-CONSTRUCTION,4140000.0,,,,,,,,,,
2026-05-22,0020424,PRE-CONSTRUCTION,1250000.0,,,,,,,,,,
2026-05-22,0020425,PRE-CONSTRUCTION,460000.0,,,,,,,,,,
2026-05-22,0020426,PRE-CONSTRUCTION,1108000.0,,,,,,,,,,
2026-05-22,0020427,PRE-CONSTRUCTION,1228000.0,,,,,,,,,,
2026-05-22,0020428,PRE-CONSTRUCTION,1177000.0,,,,,,,,,,
2026-05-22,0020429,COMPLETED-CONSTRUCTION,700000.0,,,,,,,,,,
2026-05-22,0020430,PRE-CONSTRUCTION,2149000.0,,,,,,,,,,
2026-05-22,0020431,PRE-CONSTRUCTION,424000.0,,,,,,,,,,
2026-05-22,0020432,PRE-CONSTRUCTION,713000.0,,,,,,,,,,
2026-05-22,0020433,PRE-CONSTRUCTION,6506000.0,,,,,,,,,,
2026-05-22,0020434,PRE-CONSTRUCTION,4564000.0,,,,,,,,,,
2026-05-22,0020435,PRE-CONSTRUCTION,2000000.0,,,,,,,,,,
2026-05-22,0020436,PRE-CONSTRUCTION,4665000.0,,,,,,,,,,
2026-05-22,0020437,PRE-CONSTRUCTION,457000.0,,,,,,,,,,
2026-05-22,0020438,PRE-CONSTRUCTION,715000.0,,,,,,,,,,
2026-05-22,0020439,PRE-CONSTRUCTION,49000.0,,,,,,,,,,
2026-05-22,0020440,PRE-CONSTRUCTION,472000.0,,,,,,,,,,
2026-05-22,0020441,PRE-CONSTRUCTION,2460000.0,,,,,,,,,,
2026-05-22,0020442,PRE-CONSTRUCTION,86000.0,,,,,,,,,,
2026-05-22,0020443,PRE-CONSTRUCTION,1650000.0,,,,,,,,,,
2026-05-22,0020444,PRE-CONSTRUCTION,1500000.0,,,,,,,,,,
2026-05-22,0020445,PRE-CONSTRUCTION,550000.0,,,,,,,,,,
2026-05-22,0020446,PRE-CONSTRUCTION,3810000.0,,,,,,,,,,
2026-05-22,0020447,PRE-CONSTRUCTION,1000000.0,,,,,,,,,,
2026-05-22,0020448,PRE-CONSTRUCTION,603000.0,,,,,,,,,,
2026-05-22,0020449,PRE-CONSTRUCTION,250000.0,,,,,,,,,,
2026-05-22,0020450,PRE-CONSTRUCTION,346000.0,,,,,,,,,,
2026-05-22,0020451,PRE-CONSTRUCTION,1817000.0,,,,,,,,,,
2026-05-22,0020452,PRE-CONSTRUCTION,821000.0,,,,,,,,,,
2026-05-22,0020453,PRE-CONSTRUCTION,752000.0,,,,,,,,,,
2026-05-22,0020454,PRE-CONSTRUCTION,4500000.0,,,,,,,,,,
2026-05-22,0020455,PRE-CONSTRUCTION,3500000.0,,,,,,,,,,
2026-05-22,0020456,PRE-CONSTRUCTION,1218000.0,,,,,,,,,,
2026-05-22,0020457,PRE-CONSTRUCTION,1277000.0,,,,,,,,,,
2026-05-22,0020458,PRE-CONSTRUCTION,457000.0,,,,,,,,,,
2026-05-22,0020459,PRE-CONSTRUCTION,135000.0,,,,,,,,,,
2026-05-22,0020460,PRE-CONSTRUCTION,135000.0,,,,,,,,,,
2026-05-22,0020461,PRE-CONSTRUCTION,934000.0,,,,,,,,,,
2026-05-22,0020462,PRE-CONSTRUCTION,2158000.0,,,,,,,,,,
2026-05-22,0020463,PRE-CONSTRUCTION,327000.0,,,,,,,,,,
2026-05-22,0020464,PRE-CONSTRUCTION,382000.0,,,,,,,,,,
2026-05-22,0020465,PRE-CONSTRUCTION,307000.0,,,,,,,,,,
2026-05-22,0020466,PRE-CONSTRUCTION,50000.0,,,,,,,,,,
2026-05-22,0020467,PRE-CONSTRUCTION,39000.0,,,,,,,,,,
2026-05-22,0020468,PRE-CONSTRUCTION,481000.0,,,,,,,,,,
2026-05-22,0020469,PRE-CONSTRUCTION,2601000.0,,,,,,,,,,
2026-05-22,0020470,PRE-CONSTRUCTION,2533000.0,,,,,,,,,,
2026-05-22,0020471,PRE-CONSTRUCTION,3002000.0,,,,,,,,,,
2026-05-22,0020472,PRE-CONSTRUCTION,3008000.0,,,,,,,,,,
2026-05-22,0020473,PRE-CONSTRUCTION,4890000.0,,,,,,,,,,
2026-05-22,0020474,PRE-CONSTRUCTION,3636000.0,,,,,,,,,,
2026-05-22,0020475,PRE-CONSTRUCTION,4378000.0,,,,,,,,,,
2026-05-22,0020476,PRE-CONSTRUCTION,2019000.0,,,,,,,,,,
2026-05-22,0020477,PRE-CONSTRUCTION,211000.0,,,,,,,,,,
2026-05-22,0020478,PRE-CONSTRUCTION,89000.0,,,,,,,,,,
2026-05-22,0020479,PRE-CONSTRUCTION,100000.0,,,,,,,,,,
2026-05-22,0020480,PRE-CONSTRUCTION,404000.0,,,,,,,,,,
2026-05-22,0020481,PRE-CONSTRUCTION,480000.0,,,,,,,,,,
2026-05-22,0020482,PRE-CONSTRUCTION,3000000.0,,,,,,,,,,
2026-05-22,0020483,PRE-CONSTRUCTION,1113000.0,,,,,,,,,,
2026-05-22,0020484,PRE-CONSTRUCTION,606000.0,,,,,,,,,,
2026-05-22,0020485,PRE-CONSTRUCTION,1612000.0,,,,,,,,,,
2026-05-22,0020486,PRE-CONSTRUCTION,2885000.0,,,,,,,,,,
2026-05-22,0020487,PRE-CONSTRUCTION,1127000.0,,,,,,,,,,
2026-05-22,0020488,PRE-CONSTRUCTION,609000.0,,,,,,,,,,
2026-05-22,0020489,PRE-CONSTRUCTION,2079000.0,,,,,,,,,,
2026-05-22,0020490,PRE-CONSTRUCTION,321000.0,,,,,,,,,,
2026-05-22,0020491,PRE-CONSTRUCTION,1914000.0,,,,,,,,,,
2026-05-22,0020492,PRE-CONSTRUCTION,637000.0,,,,,,,,,,
2026-05-22,0020493,PRE-CONSTRUCTION,324000.0,,,,,,,,,,
2026-05-22,0020494,PRE-CONSTRUCTION,426000.0,,,,,,,,,,
2026-05-22,0020495,PRE-CONSTRUCTION,2940000.0,,,,,,,,,,
2026-05-22,0020496,PRE-CONSTRUCTION,720000.0,,,,,,,,,,
2026-05-22,0020497,PRE-CONSTRUCTION,1145000.0,,,,,,,,,,
2026-05-22,0020498,PRE-CONSTRUCTION,1822000.0,,,,,,,,,,
2026-05-22,0020499,PRE-CONSTRUCTION,1687000.0,,,,,,,,,,
2026-05-22,0020500,PRE-CONSTRUCTION,1160000.0,,,,,,,,,,
2026-05-22,0020501,PRE-CONSTRUCTION,1877000.0,,,,,,,,,,
2026-05-22,0020502,PRE-CONSTRUCTION,1146000.0,,,,,,,,,,
2026-05-22,0020503,PRE-CONSTRUCTION,3404000.0,,,,,,,,,,
2026-05-22,0020504,PRE-CONSTRUCTION,3653000.0,,,,,,,,,,
2026-05-22,0020505,PRE-CONSTRUCTION,1500000.0,,,,,,,,,,
2026-05-22,0020506,PRE-CONSTRUCTION,246000.0,,,,,,,,,,
2026-05-22,0020507,PRE-CONSTRUCTION,600000.0,,,,,,,,,,
2026-05-22,0020508,PRE-CONSTRUCTION,841000.0,,,,,,,,,,
2026-05-22,0020509,PRE-CONSTRUCTION,370000.0,,,,,,,,,,
2026-05-22,0020510,PRE-CONSTRUCTION,1527000.0,,,,,,,,,,
2026-05-22,0020511,PRE-CONSTRUCTION,1215000.0,,,,,,,,,,
2026-05-22,0020512,PRE-CONSTRUCTION,4000000.0,,,,,,,,,,
2026-05-22,0020513,PRE-CONSTRUCTION,2734000.0,,,,,,,,,,
2026-05-22,0020514,PRE-CONSTRUCTION,2449000.0,,,,,,,,,,
2026-05-22,0020515,PRE-CONSTRUCTION,1830000.0,,,,,,,,,,
2026-05-22,0020516,PRE-CONSTRUCTION,1607000.0,,,,,,,,,,
2026-05-22,0020517,PRE-CONSTRUCTION,786000.0,,,,,,,,,,
2026-05-22,0020518,PRE-CONSTRUCTION,806000.0,,,,,,,,,,
2026-05-22,0020519,PRE-CONSTRUCTION,2721000.0,,,,,,,,,,
2026-05-22,0020520,PRE-CONSTRUCTION,925000.0,,,,,,,,,,
2026-05-22,0020521,PRE-CONSTRUCTION,764000.0,,,,,,,,,,
2026-05-22,0020522,PRE-CONSTRUCTION,1999000.0,,,,,,,,,,
2026-05-22,0020523,PRE-CONSTRUCTION,1280000.0,,,,,,,,,,
2026-05-22,0020524,PRE-CONSTRUCTION,1119000.0,,,,,,,,,,
2026-05-22,0020525,PRE-CONSTRUCTION,4500000.0,,,,,,,,,,
2026-05-22,0020526,PRE-CONSTRUCTION,2500000.0,,,,,,,,,,
2026-05-22,0020527,PRE-CONSTRUCTION,3000000.0,,,,,,,,,,
2026-05-22,0020528,PRE-CONSTRUCTION,3250000.0,,,,,,,,,,
2026-05-22,0020529,PRE-CONSTRUCTION,41477000.0,,,,,,,,,,
2026-05-22,0020530,PRE-CONSTRUCTION,7000000.0,,,,,,,,,,
2026-05-22,0020531,PRE-CONSTRUCTION,13252000.0,,,,,,,,,,
2026-05-22,0020532,PRE-CONSTRUCTION,13134000.0,,,,,,,,,,
2026-05-22,0020533,PRE-CONSTRUCTION,10266000.0,,,,,,,,,,
2026-05-22,0020534,PRE-CONSTRUCTION,9670000.0,,,,,,,,,,
2026-05-22,0020535,PRE-CONSTRUCTION,2785000.0,,,,,,,,,,
2026-05-22,0020536,PRE-CONSTRUCTION,3984000.0,,,,,,,,,,
2026-05-22,0020537,PRE-CONSTRUCTION,3463000.0,,,,,,,,,,
2026-05-22,0020538,PRE-CONSTRUCTION,1410000.0,,,,,,,,,,
2026-05-22,0020539,PRE-CONSTRUCTION,3200000.0,,,,,,,,,,
2026-05-22,0020540,PRE-CONSTRUCTION,23500000.0,,,,,,,,,,
2026-05-22,0020541,PRE-CONSTRUCTION,7000000.0,,,,,,,,,,
2026-05-22,0020542,PRE-CONSTRUCTION,12248000.0,,,,,,,,,,
2026-05-22,0020543,PRE-CONSTRUCTION,4500000.0,,,,,,,,,,
2026-05-22,0020544,PRE-CONSTRUCTION,13000000.0,,,,,,,,,,
2026-05-22,0020545,PRE-CONSTRUCTION,9800000.0,,,,,,,,,,
2026-05-22,0020546,PRE-CONSTRUCTION,2000000.0,,,,,,,,,,
2026-05-22,0020547,PRE-CONSTRUCTION,2643000.0,,,,,,,,,,
2026-05-22,0020548,PRE-CONSTRUCTION,806000.0,,,,,,,,,,
2026-05-22,0020549,PRE-CONSTRUCTION,1823000.0,,,,,,,,,,
2026-05-22,0020550,PRE-CONSTRUCTION,1135000.0,,,,,,,,,,
2026-05-22,0020551,PRE-CONSTRUCTION,2121000.0,,,,,,,,,,
2026-05-22,0020552,PRE-CONSTRUCTION,840000.0,,,,,,,,,,
2026-05-22,0020553,PRE-CONSTRUCTION,403000.0,,,,,,,,,,
2026-05-22,0020554,PRE-CONSTRUCTION,1565000.0,,,,,,,,,,
2026-05-22,0020555,PRE-CONSTRUCTION,1514000.0,,,,,,,,,,
2026-05-22,0020556,PRE-CONSTRUCTION,2191000.0,,,,,,,,,,
2026-05-22,0020557,PRE-CONSTRUCTION,540000.0,,,,,,,,,,
2026-05-22,0020558,PRE-CONSTRUCTION,1474000.0,,,,,,,,,,
2026-05-22,0020559,PRE-CONSTRUCTION,581000.0,,,,,,,,,,
2026-05-22,0020560,PRE-CONSTRUCTION,323000.0,,,,,,,,,,
2026-05-22,0020561,PRE-CONSTRUCTION,173000.0,,,,,,,,,,
2026-05-22,0020562,PRE-CONSTRUCTION,375000.0,,,,,,,,,,
2026-05-22,0020563,PRE-CONSTRUCTION,375000.0,,,,,,,,,,
2026-05-22,0020564,PRE-CONSTRUCTION,676000.0,,,,,,,,,,
2026-05-22,0020565,PRE-CONSTRUCTION,1330000.0,,,,,,,,,,
2026-05-22,0020566,PRE-CONSTRUCTION,266000.0,,,,,,,,,,
2026-05-22,0020567,PRE-CONSTRUCTION,562000.0,,,,,,,,,,
2026-05-22,0020568,PRE-CONSTRUCTION,408000.0,,,,,,,,,,
2026-05-22,0020569,PRE-CONSTRUCTION,138000.0,,,,,,,,,,
2026-05-22,0020570,PRE-CONSTRUCTION,3369000.0,,,,,,,,,,
2026-05-22,0020571,PRE-CONSTRUCTION,2949000.0,,,,,,,,,,
2026-05-22,0020572,PRE-CONSTRUCTION,2555000.0,,,,,,,,,,
2026-05-22,0020573,PRE-CONSTRUCTION,2621000.0,,,,,,,,,,
2026-05-22,0020574,PRE-CONSTRUCTION,3282000.0,,,,,,,,,,
2026-05-22,0020575,PRE-CONSTRUCTION,1302000.0,,,,,,,,,,
2026-05-22,0020576,PRE-CONSTRUCTION,1777000.0,,,,,,,,,,
2026-05-22,0020577,PRE-CONSTRUCTION,2009000.0,,,,,,,,,,
2026-05-22,0020578,PRE-CONSTRUCTION,1444000.0,,,,,,,,,,
2026-05-22,0020579,PRE-CONSTRUCTION,4274000.0,,,,,,,,,,
2026-05-22,0020580,PRE-CONSTRUCTION,5000000.0,,,,,,,,,,
2026-05-22,0020581,PRE-CONSTRUCTION,8282000.0,,,,,,,,,,
2026-05-22,0020582,PRE-CONSTRUCTION,1920000.0,,,,,,,,,,
2026-05-22,0020583,PRE-CONSTRUCTION,2741000.0,,,,,,,,,,
2026-05-22,0020584,PRE-CONSTRUCTION,1623000.0,,,,,,,,,,
2026-05-22,0020585,PRE-CONSTRUCTION,4925000.0,,,,,,,,,,
2026-05-22,0020586,PRE-CONSTRUCTION,260000.0,,,,,,,,,,
2026-05-22,0020587,PRE-CONSTRUCTION,5000000.0,,,,,,,,,,
2026-05-22,0020588,PRE-CONSTRUCTION,4470000.0,,,,,,,,,,
2026-05-22,0020589,PRE-CONSTRUCTION,4350000.0,,,,,,,,,,
2026-05-22,0020590,PRE-CONSTRUCTION,3450000.0,,,,,,,,,,
2026-05-22,0020591,PRE-CONSTRUCTION,3315000.0,,,,,,,,,,
2026-05-22,0020592,PRE-CONSTRUCTION,5040000.0,,,,,,,,,,
2026-05-22,0020593,PRE-CONSTRUCTION,1802000.0,,,,,,,,,,
2026-05-22,0020594,PRE-CONSTRUCTION,1429000.0,,,,,,,,,,
2026-05-22,0020595,PRE-CONSTRUCTION,1169000.0,,,,,,,,,,
2026-05-22,0020596,PRE-CONSTRUCTION,933000.0,,,,,,,,,,
2026-05-22,0020597,PRE-CONSTRUCTION,2536000.0,,,,,,,,,,
2026-05-22,0020598,PRE-CONSTRUCTION,1607000.0,,,,,,,,,,
2026-05-22,0020599,PRE-CONSTRUCTION,179000.0,,,,,,,,,,
2026-05-22,0020600,PRE-CONSTRUCTION,573000.0,,,,,,,,,,
2026-05-22,0020601,PRE-CONSTRUCTION,750000.0,,,,,,,,,,
2026-05-22,0020602,PRE-CONSTRUCTION,569000.0,,,,,,,,,,
2026-05-22,0020603,PRE-CONSTRUCTION,4348960.0,,,,,,,,,,
2026-05-22,0020604,PRE-CONSTRUCTION,11760000.0,,,,,,,,,,
2026-05-22,0020605,PRE-CONSTRUCTION,2549000.0,,,,,,,,,,
2026-05-22,0020606,PRE-CONSTRUCTION,2000000.0,,,,,,,,,,
2026-05-22,0020607,PRE-CONSTRUCTION,841000.0,,,,,,,,,,
2026-05-22,0020608,PRE-CONSTRUCTION,2400000.0,,,,,,,,,,
2026-05-22,0020610,PRE-CONSTRUCTION,7644125.0,,,,,,,,,,
2026-05-22,0020612,PRE-CONSTRUCTION,32200000.0,,,,,,,,,,
2026-05-22,0020613,PRE-CONSTRUCTION,9270000.0,,,,,,,,,,
2026-05-22,0020614,PRE-CONSTRUCTION,161525.0,,,,,,,,,,
2026-05-22,0020615,PRE-CONSTRUCTION,55608.0,,,,,,,,,,
2026-05-22,0020616,PRE-CONSTRUCTION,0.0,,,,,,,,,,
2026-05-22,0020617,PRE-CONSTRUCTION,0.0,,,,,,,,,,
2026-05-22,0020618,PRE-CONSTRUCTION,0.0,,,,,,,,,,
2026-05-22,0020622,PRE-CONSTRUCTION,285885.0,,,,,,,,,,
2026-05-22,0020623,PRE-CONSTRUCTION,800996.0,,,,,,,,,,
2026-05-22,0020634,UNDER-CONSTRUCTION,5133270.91,,,,,,,,,,
2026-05-22,0020635,COMPLETED-CONSTRUCTION,361171.11,,,,,,,,,,
2026-05-22,0020663,PRE-CONSTRUCTION,7750000.0,,,,,,,,,,
2026-05-22,0020664,PRE-CONSTRUCTION,23176000.0,,,,,,,,,,
2026-05-22,0020666,PRE-CONSTRUCTION,22050000.0,,,,,,,,,,
2026-05-22,0020667,PRE-CONSTRUCTION,11812500.0,,,,,,,,,,
2026-05-22,0020669,PRE-CONSTRUCTION,6707000.0,,,,,,,,,,
2026-05-22,0020670,PRE-CONSTRUCTION,10552575.0,,,,,,,,,,
2026-05-22,0020671,PRE-CONSTRUCTION,4710000.75,,,,,,,,,,
2026-05-22,0020676,PRE-CONSTRUCTION,3350000.0,,,,,,,,,,
2026-05-22,0020677,PRE-CONSTRUCTION,1050000.0,,,,,,,,,,
2026-05-22,0020678,PRE-CONSTRUCTION,1000000.0,,,,,,,,,,
2026-05-22,0020680,PRE-CONSTRUCTION,575000.0,,,,,,,,,,
2026-05-22,0020681,PRE-CONSTRUCTION,2820000.0,,,,,,,,,,
2026-05-22,0020726,PRE-CONSTRUCTION,0.0,,,,,,,,,,
2026-05-22,0020727,PRE-CONSTRUCTION,911811.78,,,,,,,,,,
2026-05-22,0020728,UNDER-CONSTRUCTION,875601.34,,,,,,,,,,
2026-05-22,0020729,UNDER-CONSTRUCTION,1006893.43,,,,,,,,,,
2026-05-22,0020731,PRE-CONSTRUCTION,242000000.0,,,,,,,,,,
2026-05-22,0020735,PRE-CONSTRUCTION,19310505.6,,,,,,,,,,
2026-05-22,0020737,UNDER-CONSTRUCTION,1581150.12,,,,,,,,,,
2026-05-22,0020738,UNDER-CONSTRUCTION,754933.99,,,,,,,,,,
2026-05-22,0020745,UNDER-CONSTRUCTION,682585.66,,,,,,,,,,
2026-05-22,0020748,UNDER-CONSTRUCTION,308355.8,,,,,,,,,,
2026-05-22,0020749,UNDER-CONSTRUCTION,8000.0,,,,,,,,,,
2026-05-22,0020758,UNDER-CONSTRUCTION,349875.94,,,,,,,,,,
2026-05-22,0020759,PRE-CONSTRUCTION,2265005.0,,,,,,,,,,
2026-05-22,0020760,PRE-CONSTRUCTION,4634926.0,,,,,,,,,,
2026-05-22,0020761,UNDER-CONSTRUCTION,669632.87,,,,,,,,,,
2026-05-22,0020763,PRE-CONSTRUCTION,6250000.0,,,,,,,,,,
2026-05-22,0020764,UNDER-CONSTRUCTION,2111679.88,,,,,,,,,,
2026-05-22,0020765,PRE-CONSTRUCTION,13400000.0,,,,,,,,,,
2026-05-22,0020766,UNDER-CONSTRUCTION,3168750.81,,,,,,,,,,
2026-05-22,0020767,UNDER-CONSTRUCTION,2586289.69,,,,,,,,,,
2026-05-22,0020768,PRE-CONSTRUCTION,27350000.0,,,,,,,,,,
2026-05-22,0020769,PRE-CONSTRUCTION,178806680.0,,,,,,,,,,
2026-05-22,0020770,PRE-CONSTRUCTION,75000000.0,,,,,,,,,,
2026-05-22,0020773,PRE-CONSTRUCTION,6170000.0,,,,,,,,,,
2026-05-22,0020774,UNDER-CONSTRUCTION,113141.0,,,,,,,,,,
2026-05-22,0020775,UNDER-CONSTRUCTION,8000.0,,,,,,,,,,
2026-05-22,0020776,PRE-CONSTRUCTION,1390000.0,,,,,,,,,,
2026-05-22,0020777,PRE-CONSTRUCTION,1058578.0,,,,,,,,,,
2026-05-22,0020778,PRE-CONSTRUCTION,2080000.0,,,,,,,,,,
2026-05-22,0020779,PRE-CONSTRUCTION,1168000.0,,,,,,,,,,
2026-05-22,0020789,PRE-CONSTRUCTION,36500000.0,,,,,,,,,,
2026-05-22,0020790,PRE-CONSTRUCTION,5154000.0,,,,,,,,,,
2026-05-22,0020791,PRE-CONSTRUCTION,1452000.0,,,,,,,,,,
2026-05-22,0020792,PRE-CONSTRUCTION,2762816.0,,,,,,,,,,
2026-05-22,0020793,UNDER-CONSTRUCTION,494530.54,,,,,,,,,,
2026-05-22,0020795,UNDER-CONSTRUCTION,449631.23,,,,,,,,,,
2026-05-22,0020797,PRE-CONSTRUCTION,500000.0,,,,,,,,,,
2026-05-22,0020929,PRE-CONSTRUCTION,3650000.0,,,,,,,,,,
2026-05-22,0020930,PRE-CONSTRUCTION,2370432.0,,,,,,,,,,
2026-05-22,0020931,PRE-CONSTRUCTION,9700000.0,,,,,,,,,,
2026-05-22,0020932,PRE-CONSTRUCTION,3539000.0,,,,,,,,,,
2026-05-22,0020933,PRE-CONSTRUCTION,3650000.0,,,,,,,,,,
2026-05-22,0020938,PRE-CONSTRUCTION,7450000.0,,,,,,,,,,
2026-05-22,0020939,PRE-CONSTRUCTION,1918000.0,,,,,,,,,,
2026-05-22,0020940,PRE-CONSTRUCTION,6100000.0,,,,,,,,,,
2026-05-22,0020948,PRE-CONSTRUCTION,1250000.0,,,,,,,,,,
2026-05-22,0020949,PRE-CONSTRUCTION,4500543.3100000005,,,,,,,,,,
2026-05-22,0020950,PRE-CONSTRUCTION,4532049.0,,,,,,,,,,
2026-05-22,0020951,UNDER-CONSTRUCTION,4900487.13,,,,,,,,,,
2026-05-22,0020952,UNDER-CONSTRUCTION,4048491.31,,,,,,,,,,
2026-05-22,0020953,UNDER-CONSTRUCTION,4503360.63,,,,,,,,,,
2026-05-22,0020954,UNDER-CONSTRUCTION,4007069.81,,,,,,,,,,
2026-05-22,0020955,UNDER-CONSTRUCTION,3759101.56,,,,,,,,,,
2026-05-22,0021092,PRE-CONSTRUCTION,2030000.0,,,,,,,,,,
2026-05-22,0021093,PRE-CONSTRUCTION,30000.0,,,,,,,,,,
2026-05-22,0021094,PRE-CONSTRUCTION,1030000.0,,,,,,,,,,
2026-05-22,0021153,PRE-CONSTRUCTION,9070000.0,,,,,,,,,,
2026-05-22,0021154,PRE-CONSTRUCTION,12693697.25,,,,,,,,,,
2026-05-22,0021155,PRE-CONSTRUCTION,3400000.0,,,,,,,,,,
2026-05-22,0021157,PRE-CONSTRUCTION,3750000.0,,,,,,,,,,
2026-05-22,0021158,PRE-CONSTRUCTION,4000000.0,,,,,,,,,,
2026-05-22,0021159,PRE-CONSTRUCTION,4802400.0,,,,,,,,,,
2026-05-22,0021162,PRE-CONSTRUCTION,611056.25,,,,,,,,,,
2026-05-22,0021181,PRE-CONSTRUCTION,493520.0,,,,,,,,,,
2026-05-22,0021182,PRE-CONSTRUCTION,1247525.0,,,,,,,,,,
2026-05-22,0021183,PRE-CONSTRUCTION,3872200.0,,,,,,,,,,
2026-05-22,0021192,UNDER-CONSTRUCTION,522094.5,,,,,,,,,,
2026-05-22,0021194,PRE-CONSTRUCTION,41125720.0,,,,,,,,,,
2026-05-22,0021195,PRE-CONSTRUCTION,7500000.0,,,,,,,,,,
2026-05-22,0021196,PRE-CONSTRUCTION,2475350.0,,,,,,,,,,
2026-05-22,0021197,PRE-CONSTRUCTION,3953848.0,,,,,,,,,,
2026-05-22,0021198,PRE-CONSTRUCTION,2750000.0,,,,,,,,,,
2026-05-22,0021199,PRE-CONSTRUCTION,19142600.0,,,,,,,,,,
2026-05-22,0021201,PRE-CONSTRUCTION,3000000.0,,,,,,,,,,
2026-05-22,0021203,PRE-CONSTRUCTION,13900000.0,,,,,,,,,,
2026-05-22,0021204,PRE-CONSTRUCTION,12000000.0,,,,,,,,,,
2026-05-22,0021205,PRE-CONSTRUCTION,6000000.0,,,,,,,,,,
2026-05-22,0021206,PRE-CONSTRUCTION,5000000.0,,,,,,,,,,
2026-05-22,0021207,PRE-CONSTRUCTION,4000000.0,,,,,,,,,,
2026-05-22,0021208,PRE-CONSTRUCTION,3500000.0,,,,,,,,,,
2026-05-22,0021209,PRE-CONSTRUCTION,3151633.75,,,,,,,,,,
2026-05-22,0021211,PRE-CONSTRUCTION,7750000.0,,,,,,,,,,
2026-05-22,0021212,PRE-CONSTRUCTION,10167626.5,,,,,,,,,,
2026-05-22,0021213,PRE-CONSTRUCTION,4043682.0,,,,,,,,,,
2026-05-22,0021218,PRE-CONSTRUCTION,17500000.0,,,,,,,,,,
2026-05-22,0021219,PRE-CONSTRUCTION,4879146.0,,,,,,,,,,
2026-05-22,0021220,PRE-CONSTRUCTION,23250000.0,,,,,,,,,,
2026-05-22,0021221,PRE-CONSTRUCTION,2150000.0,,,,,,,,,,
2026-05-22,0021222,PRE-CONSTRUCTION,2500000.0,,,,,,,,,,
2026-05-22,0021223,UNDER-CONSTRUCTION,19803693.16,,,,,,,,,,
2026-05-22,0021224,PRE-CONSTRUCTION,2950000.0,,,,,,,,,,
2026-05-22,0021232,PRE-CONSTRUCTION,41738220.0,,,,,,,,,,
2026-05-22,0021233,PRE-CONSTRUCTION,3100000.0,,,,,,,,,,
2026-05-22,0021234,PRE-CONSTRUCTION,3100000.0,,,,,,,,,,
2026-05-22,0021235,PRE-CONSTRUCTION,2900000.0,,,,,,,,,,
2026-05-22,0021236,PRE-CONSTRUCTION,2900000.0,,,,,,,,,,
2026-05-22,0021237,PRE-CONSTRUCTION,2600000.0,,,,,,,,,,
2026-05-22,0021238,PRE-CONSTRUCTION,2900000.0,,,,,,,,,,
2026-05-22,0021239,PRE-CONSTRUCTION,31750000.0,,,,,,,,,,
2026-05-22,0021241,PRE-CONSTRUCTION,2700000.0,,,,,,,,,,
2026-05-22,0021242,PRE-CONSTRUCTION,2900000.0,,,,,,,,,,
2026-05-22,0021243,PRE-CONSTRUCTION,2600000.0,,,,,,,,,,
2026-05-22,0021244,PRE-CONSTRUCTION,2600000.0,,,,,,,,,,
2026-05-22,0021245,PRE-CONSTRUCTION,2900000.0,,,,,,,,,,
2026-05-22,0021248,PRE-CONSTRUCTION,4250000.0,,,,,,,,,,
2026-05-22,0021249,PRE-CONSTRUCTION,3900000.0,,,,,,,,,,
2026-05-22,0021250,PRE-CONSTRUCTION,27224900.0,,,,,,,,,,
2026-05-22,0021251,PRE-CONSTRUCTION,735599.5,,,,,,,,,,
2026-05-22,0021252,PRE-CONSTRUCTION,53700000.0,,,,,,,,,,
2026-05-22,0021254,UNDER-CONSTRUCTION,8000.0,,,,,,,,,,
2026-05-22,0021255,PRE-CONSTRUCTION,14878000.0,,,,,,,,,,
2026-05-22,0021256,PRE-CONSTRUCTION,2700000.0,,,,,,,,,,
2026-05-22,0021257,PRE-CONSTRUCTION,2600000.0,,,,,,,,,,
2026-05-22,0021258,PRE-CONSTRUCTION,2600000.0,,,,,,,,,,
2026-05-22,0021259,PRE-CONSTRUCTION,2900000.0,,,,,,,,,,
2026-05-22,0021260,PRE-CONSTRUCTION,2900000.0,,,,,,,,,,
2026-05-22,0021261,PRE-CONSTRUCTION,2606880.0,,,,,,,,,,
2026-05-22,0021262,PRE-CONSTRUCTION,3144445.6100000003,,,,,,,,,,
2026-05-22,0021263,PRE-CONSTRUCTION,12400000.0,,,,,,,,,,
2026-05-22,0021264,PRE-CONSTRUCTION,1388000.0,,,,,,,,,,
2026-05-22,0021265,PRE-CONSTRUCTION,2585000.0,,,,,,,,,,
2026-05-22,0021267,PRE-CONSTRUCTION,1340000.0,,,,,,,,,,
2026-05-22,0021271,PRE-CONSTRUCTION,2500000.0,,,,,,,,,,
2026-05-22,0021272,PRE-CONSTRUCTION,2900000.0,,,,,,,,,,
2026-05-22,0021273,PRE-CONSTRUCTION,95125000.0,,,,,,,,,,
2026-05-22,0021283,PRE-CONSTRUCTION,45048925.0,,,,,,,,,,
2026-05-22,0021289,PRE-CONSTRUCTION,3000000.0,,,,,,,,,,
2026-05-22,0021292,PRE-CONSTRUCTION,6105000.0,,,,,,,,,,
2026-05-22,0021298,PRE-CONSTRUCTION,38500000.0,,,,,,,,,,
2026-05-22,0021299,PRE-CONSTRUCTION,20000000.0,,,,,,,,,,
2026-05-22,0021300,PRE-CONSTRUCTION,2800000.0,,,,,,,,,,
2026-05-22,0021301,PRE-CONSTRUCTION,3000000.0,,,,,,,,,,
2026-05-22,0021304,PRE-CONSTRUCTION,1165992.8,,,,,,,,,,
2026-05-22,0021305,PRE-CONSTRUCTION,1035500.0,,,,,,,,,,
2026-05-22,0021306,PRE-CONSTRUCTION,630600.0,,,,,,,,,,
2026-05-22,0021307,PRE-CONSTRUCTION,615200.0,,,,,,,,,,
2026-05-22,0021308,UNDER-CONSTRUCTION,2377286.56,,,,,,,,,,
2026-05-22,0021309,UNDER-CONSTRUCTION,3522184.19,,,,,,,,,,
2026-05-22,0021310,UNDER-CONSTRUCTION,2633095.81,,,,,,,,,,
2026-05-22,0021311,UNDER-CONSTRUCTION,1451823.19,,,,,,,,,,
2026-05-22,0021344,PRE-CONSTRUCTION,3431247.0,,,,,,,,,,
2026-05-22,0021368,PRE-CONSTRUCTION,1450000.0,,,,,,,,,,
2026-05-22,0021405,PRE-CONSTRUCTION,124000000.0,,,,,,,,,,
2026-05-22,0021411,PRE-CONSTRUCTION,3750000.0,,,,,,,,,,
2026-05-22,0021412,PRE-CONSTRUCTION,3275000.0,,,,,,,,,,
2026-05-22,0021417,PRE-CONSTRUCTION,1400000.0,,,,,,,,,,
2026-05-22,0021418,PRE-CONSTRUCTION,2700000.0,,,,,,,,,,
2026-05-22,0021419,PRE-CONSTRUCTION,5250000.0,,,,,,,,,,
2026-05-22,0021421,PRE-CONSTRUCTION,550000.0,,,,,,,,,,
2026-05-22,0021422,PRE-CONSTRUCTION,1135000.0,,,,,,,,,,
2026-05-22,0021461,PRE-CONSTRUCTION,3000000.0,,,,,,,,,,
2026-05-22,0021522,PRE-CONSTRUCTION,1719348.0,,,,,,,,,,
2026-05-22,0021528,PRE-CONSTRUCTION,2020057.0,,,,,,,,,,
2026-05-22,0021530,PRE-CONSTRUCTION,507980.0,,,,,,,,,,
2026-05-22,0021531,PRE-CONSTRUCTION,491000.0,,,,,,,,,,
2026-05-22,0021532,PRE-CONSTRUCTION,4212105.0,,,,,,,,,,
2026-05-22,0021533,PRE-CONSTRUCTION,12725903.0,,,,,,,,,,
2026-05-22,0021535,PRE-CONSTRUCTION,208000.0,,,,,,,,,,
2026-05-22,0021536,PRE-CONSTRUCTION,36000.0,,,,,,,,,,
2026-05-22,0021538,PRE-CONSTRUCTION,3025000.0,,,,,,,,,,
2026-05-22,0021541,PRE-CONSTRUCTION,682870.75,,,,,,,,,,
2026-05-22,0021542,PRE-CONSTRUCTION,682845.63,,,,,,,,,,
2026-05-22,0021543,PRE-CONSTRUCTION,2486679.62,,,,,,,,,,
2026-05-22,0021544,PRE-CONSTRUCTION,999660.7,,,,,,,,,,
2026-05-22,0021545,PRE-CONSTRUCTION,702772.01,,,,,,,,,,
2026-05-22,0021546,PRE-CONSTRUCTION,5050000.0,,,,,,,,,,
2026-05-22,0021548,PRE-CONSTRUCTION,39100000.0,,,,,,,,,,
2026-05-22,0021549,PRE-CONSTRUCTION,4725000.0,,,,,,,,,,
2026-05-22,0021550,PRE-CONSTRUCTION,5000000.0,,,,,,,,,,
2026-05-22,0021551,PRE-CONSTRUCTION,6400000.0,,,,,,,,,,
2026-05-22,0021552,PRE-CONSTRUCTION,4400000.0,,,,,,,,,,
2026-05-22,0021554,PRE-CONSTRUCTION,2791691.71,,,,,,,,,,
2026-05-22,0021575,PRE-CONSTRUCTION,3500000.0,,,,,,,,,,
2026-05-22,0021580,PRE-CONSTRUCTION,1810000.0,,,,,,,,,,
2026-05-22,0021582,PRE-CONSTRUCTION,2280000.0,,,,,,,,,,
2026-05-22,0021588,PRE-CONSTRUCTION,1589668.0,,,,,,,,,,
2026-05-22,0021589,PRE-CONSTRUCTION,3359500.0,,,,,,,,,,
2026-05-22,0021590,PRE-CONSTRUCTION,6835968.0,,,,,,,,,,
2026-05-22,0021591,PRE-CONSTRUCTION,4800000.0,,,,,,,,,,
2026-05-22,0021592,PRE-CONSTRUCTION,5976826.0,,,,,,,,,,
2026-05-22,0021593,PRE-CONSTRUCTION,4968960.0,,,,,,,,,,
2026-05-22,0021594,PRE-CONSTRUCTION,4255000.0,,,,,,,,,,
2026-05-22,0021595,PRE-CONSTRUCTION,1250000.0,,,,,,,,,,
2026-05-22,0021596,PRE-CONSTRUCTION,16846307.0,,,,,,,,,,
2026-05-22,0021597,PRE-CONSTRUCTION,12196530.0,,,,,,,,,,
2026-05-22,0021598,PRE-CONSTRUCTION,2564235.0,,,,,,,,,,
2026-05-22,0021599,PRE-CONSTRUCTION,8625870.0,,,,,,,,,,
2026-05-22,0021600,PRE-CONSTRUCTION,1860240.0,,,,,,,,,,
2026-05-22,0021601,PRE-CONSTRUCTION,1860250.0,,,,,,,,,,
2026-05-22,0021602,PRE-CONSTRUCTION,1800000.0,,,,,,,,,,
2026-05-22,0021603,PRE-CONSTRUCTION,4160000.0,,,,,,,,,,
2026-05-22,0021604,PRE-CONSTRUCTION,4680000.0,,,,,,,,,,
2026-05-22,0021605,PRE-CONSTRUCTION,10700000.0,,,,,,,,,,
2026-05-22,0021606,PRE-CONSTRUCTION,3900000.0,,,,,,,,,,
2026-05-22,0021607,PRE-CONSTRUCTION,2333635.0,,,,,,,,,,
2026-05-22,0021609,PRE-CONSTRUCTION,4940000.0,,,,,,,,,,
2026-05-22,0021610,PRE-CONSTRUCTION,3040000.0,,,,,,,,,,
2026-05-22,0021611,PRE-CONSTRUCTION,2550000.0,,,,,,,,,,
2026-05-22,0021612,PRE-CONSTRUCTION,1900000.0,,,,,,,,,,
2026-05-22,0021613,PRE-CONSTRUCTION,9310000.0,,,,,,,,,,
2026-05-22,0021614,PRE-CONSTRUCTION,10500000.0,,,,,,,,,,
2026-05-22,0021615,PRE-CONSTRUCTION,3430980.0,,,,,,,,,,
2026-05-22,0021616,PRE-CONSTRUCTION,1456580.0,,,,,,,,,,
2026-05-22,0021617,PRE-CONSTRUCTION,1810000.0,,,,,,,,,,
2026-05-22,0021618,PRE-CONSTRUCTION,1765500.0,,,,,,,,,,
2026-05-22,0021679,PRE-CONSTRUCTION,2076000.0,,,,,,,,,,
2026-05-22,0021680,PRE-CONSTRUCTION,2340000.0,,,,,,,,,,
2026-05-22,0021681,PRE-CONSTRUCTION,1454000.0,,,,,,,,,,
2026-05-22,0021682,PRE-CONSTRUCTION,2210000.0,,,,,,,,,,
2026-05-22,0021683,PRE-CONSTRUCTION,1735000.0,,,,,,,,,,
2026-05-22,0021684,PRE-CONSTRUCTION,2352000.0,,,,,,,,,,
2026-05-22,0021685,PRE-CONSTRUCTION,5170800.0,,,,,,,,,,
2026-05-22,0021686,PRE-CONSTRUCTION,1977600.0,,,,,,,,,,
2026-05-22,0021687,PRE-CONSTRUCTION,1000000.0,,,,,,,,,,
2026-05-22,0021691,PRE-CONSTRUCTION,26230000.0,,,,,,,,,,
2026-05-22,0021692,PRE-CONSTRUCTION,36803000.0,,,,,,,,,,
2026-05-22,0021693,PRE-CONSTRUCTION,91617000.0,,,,,,,,,,
2026-05-22,0021694,PRE-CONSTRUCTION,81896000.0,,,,,,,,,,
2026-05-22,0021697,PRE-CONSTRUCTION,3109660.9,,,,,,,,,,
2026-05-22,0021698,PRE-CONSTRUCTION,2756329.0,,,,,,,,,,
2026-05-22,0021704,PRE-CONSTRUCTION,5878165.0,,,,,,,,,,
2026-05-22,0021710,PRE-CONSTRUCTION,6625000.0,,,,,,,,,,
2026-05-22,0021712,PRE-CONSTRUCTION,2345000.0,,,,,,,,,,
2026-05-22,0021713,PRE-CONSTRUCTION,600000.0,,,,,,,,,,
2026-05-22,0021714,PRE-CONSTRUCTION,1455000.0,,,,,,,,,,
2026-05-22,0021715,PRE-CONSTRUCTION,1801788.0,,,,,,,,,,
2026-05-22,0021716,PRE-CONSTRUCTION,2941379.0,,,,,,,,,,
2026-05-22,0021717,PRE-CONSTRUCTION,2050000.0,,,,,,,,,,
2026-05-22,0021718,PRE-CONSTRUCTION,1955755.0,,,,,,,,,,
2026-05-22,0021742,PRE-CONSTRUCTION,1500000.0,,,,,,,,,,
2026-05-22,0021743,PRE-CONSTRUCTION,1800000.0,,,,,,,,,,
2026-05-22,0021744,PRE-CONSTRUCTION,4600000.0,,,,,,,,,,
2026-05-22,093001-,UNKNOWN,0.0,,,,,,,,,,
2026-05-22,110462-,PRE-CONSTRUCTION,9000000.0,,,,,,,,,,
2026-05-22,110610-,UNDER-CONSTRUCTION,134874884.0,,,,,,,,,,
2026-05-22,11Y740-,UNDER-CONSTRUCTION,0.0,,,,,,,,,,
2026-05-22,11Y760-,UNDER-CONSTRUCTION,0.0,,,,,,,,,,
2026-05-22,121060-,UNDER-CONSTRUCTION,0.0,,,,,,,,,,
2026-05-22,121340-,COMPLETED-CONSTRUCTION,3320682.6999999997,,,,,,,,,,
2026-05-22,121674-,UNDER-CONSTRUCTION,0.0,,,,,,,,,,
2026-05-22,121690-,UNDER-CONSTRUCTION,81384436.67,,,,,,,,,,
2026-05-22,122012-,COMPLETED-CONSTRUCTION,32067520.77,,,,,,,,,,
2026-05-22,122017-,COMPLETED-CONSTRUCTION,12257453.19,,,,,,,,,,
2026-05-22,122060-,PRE-CONSTRUCTION,92641131.42,,,,,,,,,,
2026-05-22,122064-,COMPLETED-CONSTRUCTION,25099529.06,,,,,,,,,,
2026-05-22,122066-,COMPLETED-CONSTRUCTION,16497231.48,,,,,,,,,,
2026-05-22,122150-,COMPLETED-CONSTRUCTION,75785563.17,,,,,,,,,,
2026-05-22,122200-,PRE-CONSTRUCTION,126011674.66,,,,,,,,,,
2026-05-22,122600-,UNDER-CONSTRUCTION,37793928.61,,,,,,,,,,
2026-05-22,122730-,UNDER-CONSTRUCTION,0.0,,,,,,,,,,
2026-05-22,122750-,PRE-CONSTRUCTION,33576881.339999996,,,,,,,,,,
2026-05-22,122760-,PRE-CONSTRUCTION,24032642.08,,,,,,,,,,
2026-05-22,122770-,PRE-CONSTRUCTION,23534282.26,,,,,,,,,,
2026-05-22,122890-,UNDER-CONSTRUCTION,79730084.21000001,,,,,,,,,,
2026-05-22,122900-,UNDER-CONSTRUCTION,167372197.7,,,,,,,,,,
2026-05-22,12Y674-,UNDER-CONSTRUCTION,0.0,,,,,,,,,,
2026-05-22,132280-,PRE-CONSTRUCTION,14987825.95,,,,,,,,,,
2026-05-22,132530-,PRE-CONSTRUCTION,18300864.46,,,,,,,,,,
2026-05-22,132950-,COMPLETED-CONSTRUCTION,34509747.95,,,,,,,,,,
2026-05-22,132980-,COMPLETED-CONSTRUCTION,6608832.4399999995,,,,,,,,,,
2026-05-22,132981-,COMPLETED-CONSTRUCTION,7293154.59,,,,,,,,,,
2026-05-22,132985-,COMPLETED-CONSTRUCTION,15146119.81,,,,,,,,,,
2026-05-22,132986-,COMPLETED-CONSTRUCTION,10180518.01,,,,,,,,,,
2026-05-22,13Y065-,UNDER-CONSTRUCTION,0.0,,,,,,,,,,
2026-05-22,142060-,COMPLETED-CONSTRUCTION,29503700.5,,,,,,,,,,
2026-05-22,142190-,PRE-CONSTRUCTION,27778483.71,,,,,,,,,,
2026-05-22,170940-,COMPLETED-CONSTRUCTION,3382129.5300000003,,,,,,,,,,
2026-05-22,210295-,UNDER-CONSTRUCTION,0.0,,,,,,,,,,
2026-05-22,210327-,COMPLETED-CONSTRUCTION,90086145.69,,,,,,,,,,
2026-05-22,220680-,COMPLETED-CONSTRUCTION,23942949.11,,,,,,,,,,
2026-05-22,222120-,COMPLETED-CONSTRUCTION,57363748.96,,,,,,,,,,
2026-05-22,222150-,COMPLETED-CONSTRUCTION,28619573.92,,,,,,,,,,
2026-05-22,222160-,UNDER-CONSTRUCTION,53862775.64,,,,,,,,,,
2026-05-22,222170-,UNDER-CONSTRUCTION,45913049.900000006,,,,,,,,,,
2026-05-22,222250-,COMPLETED-CONSTRUCTION,36582670.03,,,,,,,,,,
2026-05-22,222255-,COMPLETED-CONSTRUCTION,52114751.20999999,,,,,,,,,,
2026-05-22,222260-,PRE-CONSTRUCTION,28729077.97,,,,,,,,,,
2026-05-22,222295-,UNDER-CONSTRUCTION,0.0,,,,,,,,,,
2026-05-22,222410-,COMPLETED-CONSTRUCTION,68964035.41999999,,,,,,,,,,
2026-05-22,227815-,COMPLETED-CONSTRUCTION,2498046.02,,,,,,,,,,
2026-05-22,227816-,COMPLETED-CONSTRUCTION,3447935.1999999997,,,,,,,,,,
2026-05-22,231210-,UNDER-CONSTRUCTION,92451122.97,,,,,,,,,,
2026-05-22,231450-,PRE-CONSTRUCTION,37952646.650000006,,,,,,,,,,
2026-05-22,231630-,COMPLETED-CONSTRUCTION,13481277.93,,,,,,,,,,
2026-05-22,231635-,COMPLETED-CONSTRUCTION,11626217.35,,,,,,,,,,
2026-05-22,232040-,UNDER-CONSTRUCTION,0.0,,,,,,,,,,
2026-05-22,232350-,PRE-CONSTRUCTION,149278067.79,,,,,,,,,,
2026-05-22,242230-,COMPLETED-CONSTRUCTION,19622425.17,,,,,,,,,,
2026-05-22,245090-,COMPLETED-CONSTRUCTION,36302485.349999994,,,,,,,,,,
2026-05-22,245320-,COMPLETED-CONSTRUCTION,27569423.979999997,,,,,,,,,,
2026-05-22,245325-,COMPLETED-CONSTRUCTION,3460326.8600000003,,,,,,,,,,
2026-05-22,250600-,UNDER-CONSTRUCTION,20157064.76,,,,,,,,,,
2026-05-22,262027-,UNDER-CONSTRUCTION,39960447.56,,,,,,,,,,
2026-05-22,262160-,UNDER-CONSTRUCTION,0.0,,,,,,,,,,
2026-05-22,262170-,UNDER-CONSTRUCTION,0.0,,,,,,,,,,
2026-05-22,262500-,PRE-CONSTRUCTION,42344706.53,,,,,,,,,,
2026-05-22,270737-,PRE-CONSTRUCTION,3787750.2,,,,,,,,,,
2026-05-22,270739-,PRE-CONSTRUCTION,3787750.2,,,,,,,,,,
2026-05-22,270740-,PRE-CONSTRUCTION,3396565.56,,,,,,,,,,
2026-05-22,270741-,PRE-CONSTRUCTION,3508332.6,,,,,,,,,,
2026-05-22,270743-,PRE-CONSTRUCTION,3396565.56,,,,,,,,,,
2026-05-22,270744-,PRE-CONSTRUCTION,3787750.2,,,,,,,,,,
2026-05-22,270747-,PRE-CONSTRUCTION,3396565.56,,,,,,,,,,
2026-05-22,270780-,PRE-CONSTRUCTION,4550492.13,,,,,,,,,,
2026-05-22,270782-,PRE-CONSTRUCTION,3380586.48,,,,,,,,,,
2026-05-22,270783-,PRE-CONSTRUCTION,5439814.68,,,,,,,,,,
2026-05-22,270900-,COMPLETED-CONSTRUCTION,3726076.64,,,,,,,,,,
2026-05-22,27Y275-,UNDER-CONSTRUCTION,0.0,,,,,,,,,,
2026-05-22,311000-,COMPLETED-CONSTRUCTION,115519261.32,,,,,,,,,,
2026-05-22,311005-,UNDER-CONSTRUCTION,150962256.54000002,,,,,,,,,,
2026-05-22,311350-,UNKNOWN,0.0,,,,,,,,,,
2026-05-22,311400-,UNDER-CONSTRUCTION,131133525.82,,,,,,,,,,
2026-05-22,311410-,UNDER-CONSTRUCTION,106206878.11,,,,,,,,,,
2026-05-22,311665-,COMPLETED-CONSTRUCTION,31717133.39,,,,,,,,,,
2026-05-22,312042-,UNDER-CONSTRUCTION,0.0,,,,,,,,,,
2026-05-22,31Y100-,UNDER-CONSTRUCTION,0.0,,,,,,,,,,
2026-05-22,321530-,COMPLETED-CONSTRUCTION,23892051.34,,,,,,,,,,
2026-05-22,321690-,UNDER-CONSTRUCTION,0.0,,,,,,,,,,
2026-05-22,321713-,PRE-CONSTRUCTION,16725129.41,,,,,,,,,,
2026-05-22,321715-,PRE-CONSTRUCTION,64511921.45,,,,,,,,,,
2026-05-22,321880-,UNDER-CONSTRUCTION,19249251.02,,,,,,,,,,
2026-05-22,322050-,UNDER-CONSTRUCTION,68758651.83,,,,,,,,,,
2026-05-22,322250-,UNDER-CONSTRUCTION,50747377.09,,,,,,,,,,
2026-05-22,322460-,PRE-CONSTRUCTION,7049843.81,,,,,,,,,,
2026-05-22,322470-,UNDER-CONSTRUCTION,80422864.09,,,,,,,,,,
2026-05-22,331680-,PRE-CONSTRUCTION,3776269.85,,,,,,,,,,
2026-05-22,331690-,PRE-CONSTRUCTION,620000.0,,,,,,,,,,
2026-05-22,331700-,PRE-CONSTRUCTION,3439582.32,,,,,,,,,,
2026-05-22,331720-,PRE-CONSTRUCTION,3601975.61,,,,,,,,,,
2026-05-22,331900-,UNDER-CONSTRUCTION,4560904.1899999995,,,,,,,,,,
2026-05-22,331910-,COMPLETED-CONSTRUCTION,2639270.33,,,,,,,,,,
2026-05-22,332180-,UNDER-CONSTRUCTION,10567001.82,,,,,,,,,,
2026-05-22,332450-,PRE-CONSTRUCTION,60457495.21,,,,,,,,,,
2026-05-22,332820-,COMPLETED-CONSTRUCTION,37272734.04000001,,,,,,,,,,
2026-05-22,333171-,COMPLETED-CONSTRUCTION,4316522.9399999995,,,,,,,,,,
2026-05-22,333176-,COMPLETED-CONSTRUCTION,7228007.05,,,,,,,,,,
2026-05-22,342080-,COMPLETED-CONSTRUCTION,14106537.96,,,,,,,,,,
2026-05-22,342860-,PRE-CONSTRUCTION,3957891.29,,,,,,,,,,
2026-05-22,342880-,PRE-CONSTRUCTION,5396087.09,,,,,,,,,,
2026-05-22,342897-,UNDER-CONSTRUCTION,0.0,,,,,,,,,,
2026-05-22,343455-,COMPLETED-CONSTRUCTION,11453054.52,,,,,,,,,,
2026-05-22,350730-,COMPLETED-CONSTRUCTION,52241397.88,,,,,,,,,,
2026-05-22,351090-,COMPLETED-CONSTRUCTION,7230229.380000001,,,,,,,,,,
2026-05-22,351095-,COMPLETED-CONSTRUCTION,3463151.4299999997,,,,,,,,,,
2026-05-22,351240-,UNDER-CONSTRUCTION,618090.01,,,,,,,,,,
2026-05-22,362713-,UNDER-CONSTRUCTION,0.0,,,,,,,,,,
2026-05-22,363315-,UNDER-CONSTRUCTION,0.0,,,,,,,,,,
2026-05-22,363660-,UNDER-CONSTRUCTION,0.0,,,,,,,,,,
2026-05-22,370830-,PRE-CONSTRUCTION,6127794.92,,,,,,,,,,
2026-05-22,370836-,PRE-CONSTRUCTION,3695680.66,,,,,,,,,,
2026-05-22,370842-,PRE-CONSTRUCTION,11686089.24,,,,,,,,,,
2026-05-22,370851-,PRE-CONSTRUCTION,3454546.32,,,,,,,,,,
2026-05-22,370852-,PRE-CONSTRUCTION,3454546.32,,,,,,,,,,
2026-05-22,370860-,COMPLETED-CONSTRUCTION,2676115.83,,,,,,,,,,
2026-05-22,370881-,PRE-CONSTRUCTION,5996469.369999999,,,,,,,,,,
2026-05-22,370882-,PRE-CONSTRUCTION,4912530.33,,,,,,,,,,
2026-05-22,370883-,PRE-CONSTRUCTION,3885126.29,,,,,,,,,,
2026-05-22,370885-,PRE-CONSTRUCTION,4227593.97,,,,,,,,,,
2026-05-22,370886-,PRE-CONSTRUCTION,3957891.29,,,,,,,,,,
2026-05-22,370891-,PRE-CONSTRUCTION,4754314.23,,,,,,,,,,
2026-05-22,370894-,PRE-CONSTRUCTION,4037356.87,,,,,,,,,,
2026-05-22,371050-,PRE-CONSTRUCTION,5738208.2700000005,,,,,,,,,,
2026-05-22,371070-,PRE-CONSTRUCTION,2350000.0,,,,,,,,,,
2026-05-22,371071-,PRE-CONSTRUCTION,4066637.76,,,,,,,,,,
2026-05-22,371077-,PRE-CONSTRUCTION,2350000.0,,,,,,,,,,
2026-05-22,371090-,PRE-CONSTRUCTION,4729954.27,,,,,,,,,,
2026-05-22,371091-,PRE-CONSTRUCTION,6349602.55,,,,,,,,,,
2026-05-22,371092-,PRE-CONSTRUCTION,3616052.61,,,,,,,,,,
2026-05-22,371093-,PRE-CONSTRUCTION,3616052.61,,,,,,,,,,
2026-05-22,371095-,PRE-CONSTRUCTION,3596372.61,,,,,,,,,,
2026-05-22,371096-,PRE-CONSTRUCTION,4996927.33,,,,,,,,,,
2026-05-22,371121-,COMPLETED-CONSTRUCTION,3482194.86,,,,,,,,,,
2026-05-22,371150-,COMPLETED-CONSTRUCTION,2450370.53,,,,,,,,,,
2026-05-22,371171-,PRE-CONSTRUCTION,3468806.68,,,,,,,,,,
2026-05-22,371180-,PRE-CONSTRUCTION,3286869.84,,,,,,,,,,
2026-05-22,371181-,PRE-CONSTRUCTION,3257007.84,,,,,,,,,,
2026-05-22,37Y722-,UNDER-CONSTRUCTION,0.0,,,,,,,,,,
2026-05-22,37Y725-,UNDER-CONSTRUCTION,0.0,,,,,,,,,,
2026-05-22,390615-,UNDER-CONSTRUCTION,0.0,,,,,,,,,,
2026-05-22,390625-,UNDER-CONSTRUCTION,0.0,,,,,,,,,,
2026-05-22,410245-,UNDER-CONSTRUCTION,39557626.33,,,,,,,,,,
2026-05-22,41Y725-,UNDER-CONSTRUCTION,0.0,,,,,,,,,,
2026-05-22,421345-,COMPLETED-CONSTRUCTION,35966518.15,,,,,,,,,,
2026-05-22,422120-,COMPLETED-CONSTRUCTION,80014666.34,,,,,,,,,,
2026-05-22,422125-,COMPLETED-CONSTRUCTION,2289050.5399999996,,,,,,,,,,
2026-05-22,422380-,UNDER-CONSTRUCTION,56771146.07,,,,,,,,,,
2026-05-22,422390-,UNDER-CONSTRUCTION,60911481.66,,,,,,,,,,
2026-05-22,422470-,COMPLETED-CONSTRUCTION,34374359.92,,,,,,,,,,
2026-05-22,430770-,UNDER-CONSTRUCTION,0.0,,,,,,,,,,
2026-05-22,431830-,COMPLETED-CONSTRUCTION,43106777.64,,,,,,,,,,
2026-05-22,442951-,COMPLETED-CONSTRUCTION,10881968.57,,,,,,,,,,
2026-05-22,470697-,PRE-CONSTRUCTION,3958398.44,,,,,,,,,,
2026-05-22,470840-,PRE-CONSTRUCTION,1500378.88,,,,,,,,,,
2026-05-22,470843-,PRE-CONSTRUCTION,3234051.12,,,,,,,,,,
2026-05-22,470850-,PRE-CONSTRUCTION,3969098.16,,,,,,,,,,
2026-05-22,470920-,PRE-CONSTRUCTION,3969098.16,,,,,,,,,,
2026-05-22,470960-,PRE-CONSTRUCTION,3683995.69,,,,,,,,,,
2026-05-22,471120-,UNDER-CONSTRUCTION,0.0,,,,,,,,,,
2026-05-22,490415-,UNDER-CONSTRUCTION,0.0,,,,,,,,,,
2026-05-22,511025-,PRE-CONSTRUCTION,54575000.0,,,,,,,,,,
2026-05-22,511072-,PRE-CONSTRUCTION,78656029.56,,,,,,,,,,
2026-05-22,511081-,PRE-CONSTRUCTION,233799939.36,,,,,,,,,,
2026-05-22,511083-,PRE-CONSTRUCTION,83412994.32,,,,,,,,,,
2026-05-22,511085-,PRE-CONSTRUCTION,70854755.4,,,,,,,,,,
2026-05-22,511095-,PRE-CONSTRUCTION,166954152.28,,,,,,,,,,
2026-05-22,511105-,PRE-CONSTRUCTION,61722826.2,,,,,,,,,,
2026-05-22,511115-,PRE-CONSTRUCTION,222534074.52,,,,,,,,,,
2026-05-22,511125-,PRE-CONSTRUCTION,54000000.0,,,,,,,,,,
2026-05-22,511135-,PRE-CONSTRUCTION,105572725.92,,,,,,,,,,
2026-05-22,511145-,PRE-CONSTRUCTION,252456764.97000003,,,,,,,,,,
2026-05-22,511155-,PRE-CONSTRUCTION,222534074.52,,,,,,,,,,
2026-05-22,51Y060-,UNDER-CONSTRUCTION,0.0,,,,,,,,,,
2026-05-22,521855-,COMPLETED-CONSTRUCTION,89356483.07000001,,,,,,,,,,
2026-05-22,522105-,UNDER-CONSTRUCTION,18750000.0,,,,,,,,,,
2026-05-22,522180-,COMPLETED-CONSTRUCTION,24945847.770000003,,,,,,,,,,
2026-05-22,522190-,UNDER-CONSTRUCTION,36878286.65,,,,,,,,,,
2026-05-22,522200-,UNDER-CONSTRUCTION,48304519.02,,,,,,,,,,
2026-05-22,522220-,COMPLETED-CONSTRUCTION,83102140.18,,,,,,,,,,
2026-05-22,522460-,COMPLETED-CONSTRUCTION,62085663.58,,,,,,,,,,
2026-05-22,522570-,UNDER-CONSTRUCTION,38720746.55,,,,,,,,,,
2026-05-22,522770-,COMPLETED-CONSTRUCTION,29464645.1,,,,,,,,,,
2026-05-22,522775-,COMPLETED-CONSTRUCTION,4610669.04,,,,,,,,,,
2026-05-22,522780-,COMPLETED-CONSTRUCTION,46472341.650000006,,,,,,,,,,
2026-05-22,522790-,COMPLETED-CONSTRUCTION,29597867.85,,,,,,,,,,
2026-05-22,522855-,PRE-CONSTRUCTION,2200000.0,,,,,,,,,,
2026-05-22,530842-,UNDER-CONSTRUCTION,0.0,,,,,,,,,,
2026-05-22,532340-,PRE-CONSTRUCTION,5142611.91,,,,,,,,,,
2026-05-22,532370-,COMPLETED-CONSTRUCTION,38686097.85,,,,,,,,,,
2026-05-22,532650-,UNDER-CONSTRUCTION,24728391.22,,,,,,,,,,
2026-05-22,541985-,PRE-CONSTRUCTION,4615616.55,,,,,,,,,,
2026-05-22,550593-,UNDER-CONSTRUCTION,8233167.84,,,,,,,,,,
2026-05-22,570720-,COMPLETED-CONSTRUCTION,1649082.72,,,,,,,,,,
2026-05-22,570740-,PRE-CONSTRUCTION,4942866.9399999995,,,,,,,,,,
2026-05-22,570770-,PRE-CONSTRUCTION,3748314.19,,,,,,,,,,
2026-05-22,570920-,PRE-CONSTRUCTION,3594462.48,,,,,,,,,,
2026-05-22,570940-,COMPLETED-CONSTRUCTION,931762.78,,,,,,,,,,
2026-05-22,570941-,PRE-CONSTRUCTION,5594705.16,,,,,,,,,,
2026-05-22,570943-,COMPLETED-CONSTRUCTION,2294913.35,,,,,,,,,,
2026-05-22,571340-,UNDER-CONSTRUCTION,0.0,,,,,,,,,,
2026-05-22,57Y340-,UNDER-CONSTRUCTION,0.0,,,,,,,,,,
2026-05-22,57Y395-,UNDER-CONSTRUCTION,0.0,,,,,,,,,,
2026-05-22,5H0015-,UNDER-CONSTRUCTION,0.0,,,,,,,,,,
2026-05-22,5H0025-,UNDER-CONSTRUCTION,0.0,,,,,,,,,,
2026-05-22,5H0040-,UNDER-CONSTRUCTION,0.0,,,,,,,,,,
2026-05-22,5H0045-,UNDER-CONSTRUCTION,0.0,,,,,,,,,,
2026-05-22,610890-,COMPLETED-CONSTRUCTION,26576353.770000003,,,,,,,,,,
2026-05-22,611010-,PRE-CONSTRUCTION,38435521.0,,,,,,,,,,
2026-05-22,61Y240-,UNDER-CONSTRUCTION,0.0,,,,,,,,,,
2026-05-22,621082-,PRE-CONSTRUCTION,45117574.14,,,,,,,,,,
2026-05-22,621410-,UNDER-CONSTRUCTION,98837785.79,,,,,,,,,,
2026-05-22,621490-,PRE-CONSTRUCTION,63008224.05,,,,,,,,,,
2026-05-22,621530-,COMPLETED-CONSTRUCTION,56538772.59,,,,,,,,,,
2026-05-22,621595-,COMPLETED-CONSTRUCTION,11033263.58,,,,,,,,,,
2026-05-22,621720-,PRE-CONSTRUCTION,90087339.48,,,,,,,,,,
2026-05-22,621730-,PRE-CONSTRUCTION,54166267.84,,,,,,,,,,
2026-05-22,621740-,PRE-CONSTRUCTION,6192000.0,,,,,,,,,,
2026-05-22,631260-,COMPLETED-CONSTRUCTION,13969227.17,,,,,,,,,,
2026-05-22,631270-,PRE-CONSTRUCTION,1532000.0,,,,,,,,,,
2026-05-22,631490-,COMPLETED-CONSTRUCTION,38392338.85,,,,,,,,,,
2026-05-22,631550-,PRE-CONSTRUCTION,19583265.03,,,,,,,,,,
2026-05-22,631570-,COMPLETED-CONSTRUCTION,14484139.95,,,,,,,,,,
2026-05-22,632670-,PRE-CONSTRUCTION,70484804.66,,,,,,,,,,
2026-05-22,632710-,PRE-CONSTRUCTION,525000.0,,,,,,,,,,
2026-05-22,632810-,PRE-CONSTRUCTION,51956246.879999995,,,,,,,,,,
2026-05-22,632885-,COMPLETED-CONSTRUCTION,6235140.44,,,,,,,,,,
2026-05-22,641900-,PRE-CONSTRUCTION,44707726.19,,,,,,,,,,
2026-05-22,642040-,PRE-CONSTRUCTION,10964911.08,,,,,,,,,,
2026-05-22,642170-,COMPLETED-CONSTRUCTION,7440495.82,,,,,,,,,,
2026-05-22,642260-,PRE-CONSTRUCTION,28055745.99,,,,,,,,,,
2026-05-22,650540-,UNDER-CONSTRUCTION,24668331.94,,,,,,,,,,
2026-05-22,661950-,PRE-CONSTRUCTION,222106853.24,,,,,,,,,,
2026-05-22,662340-,UNDER-CONSTRUCTION,0.0,,,,,,,,,,
2026-05-22,662420-,PRE-CONSTRUCTION,210361897.68,,,,,,,,,,
2026-05-22,662510-,COMPLETED-CONSTRUCTION,64666647.92,,,,,,,,,,
2026-05-22,712520-,PRE-CONSTRUCTION,167867829.71,,,,,,,,,,
2026-05-22,712804-,UNDER-CONSTRUCTION,0.0,,,,,,,,,,
2026-05-22,713210-,COMPLETED-CONSTRUCTION,89274364.19000001,,,,,,,,,,
2026-05-22,713300-,UNDER-CONSTRUCTION,129695999.53,,,,,,,,,,
2026-05-22,71Y272-,UNDER-CONSTRUCTION,0.0,,,,,,,,,,
2026-05-22,71Y804-,UNDER-CONSTRUCTION,0.0,,,,,,,,,,
2026-05-22,71Y910-,UNDER-CONSTRUCTION,0.0,,,,,,,,,,
2026-05-22,720670-,UNDER-CONSTRUCTION,0.0,,,,,,,,,,
2026-05-22,720792-,UNDER-CONSTRUCTION,0.0,,,,,,,,,,
2026-05-22,720970-,COMPLETED-CONSTRUCTION,38202012.85,,,,,,,,,,
2026-05-22,721000-,PRE-CONSTRUCTION,64175649.900000006,,,,,,,,,,
2026-05-22,721010-,PRE-CONSTRUCTION,96880773.89,,,,,,,,,,
2026-05-22,721290-,UNDER-CONSTRUCTION,97738916.65,,,,,,,,,,
2026-05-22,721440-,COMPLETED-CONSTRUCTION,71121408.7,,,,,,,,,,
2026-05-22,721540-,UNDER-CONSTRUCTION,0.0,,,,,,,,,,
2026-05-22,721770-,PRE-CONSTRUCTION,36722694.94,,,,,,,,,,
2026-05-22,721780-,UNDER-CONSTRUCTION,56082581.53,,,,,,,,,,
2026-05-22,721790-,UNDER-CONSTRUCTION,32594365.119999997,,,,,,,,,,
2026-05-22,722030-,COMPLETED-CONSTRUCTION,45925222.51,,,,,,,,,,
2026-05-22,731048-,UNDER-CONSTRUCTION,109910220.48,,,,,,,,,,
2026-05-22,731830-,COMPLETED-CONSTRUCTION,8768519.27,,,,,,,,,,
2026-05-22,731865-,COMPLETED-CONSTRUCTION,21588083.32,,,,,,,,,,
2026-05-22,742710-,UNDER-CONSTRUCTION,0.0,,,,,,,,,,
2026-05-22,742870-,PRE-CONSTRUCTION,77769972.85,,,,,,,,,,
2026-05-22,750530-,UNKNOWN,0.0,,,,,,,,,,
2026-05-22,751230-,PRE-CONSTRUCTION,20900000.0,,,,,,,,,,
2026-05-22,751420-,PRE-CONSTRUCTION,20511564.2,,,,,,,,,,
2026-05-22,751770-,UNDER-CONSTRUCTION,41927701.8,,,,,,,,,,
2026-05-22,751775-,UNDER-CONSTRUCTION,28278577.09,,,,,,,,,,
2026-05-22,751810-,COMPLETED-CONSTRUCTION,5445887.449999999,,,,,,,,,,
2026-05-22,751850-,PRE-CONSTRUCTION,27083000.0,,,,,,,,,,
2026-05-22,751910-,PRE-CONSTRUCTION,596000.0,,,,,,,,,,
2026-05-22,752180-,PRE-CONSTRUCTION,25205000.0,,,,,,,,,,
2026-05-22,752210-,PRE-CONSTRUCTION,28710495.01,,,,,,,,,,
2026-05-22,76Y595-,UNDER-CONSTRUCTION,0.0,,,,,,,,,,
2026-05-22,770271-,PRE-CONSTRUCTION,185000.0,,,,,,,,,,
2026-05-22,770944-,UNDER-CONSTRUCTION,0.0,,,,,,,,,,
2026-05-22,770975-,UNDER-CONSTRUCTION,0.0,,,,,,,,,,
2026-05-22,771100-,UNKNOWN,783421.89,,,,,,,,,,
2026-05-22,771248-,UNKNOWN,34117.47,,,,,,,,,,
2026-05-22,780580-,UNDER-CONSTRUCTION,0.0,,,,,,,,,,
2026-05-22,M000348,UNDER-CONSTRUCTION,213226.35,,,,,,,,,,
2026-05-22,M002432,UNKNOWN,0.0,,,,,,,,,,
2026-05-22,M002484,UNDER-CONSTRUCTION,0.0,,,,,,,,,,
2026-05-22,M002485,UNDER-CONSTRUCTION,0.0,,,,,,,,,,
2026-05-22,M002491,UNDER-CONSTRUCTION,0.0,,,,,,,,,,
2026-05-22,M002492,UNDER-CONSTRUCTION,0.0,,,,,,,,,,
2026-05-22,M002497,UNDER-CONSTRUCTION,0.0,,,,,,,,,,
2026-05-22,M002681,UNDER-CONSTRUCTION,0.0,,,,,,,,,,
2026-05-22,M002793,UNDER-CONSTRUCTION,0.0,,,,,,,,,,
2026-05-22,M003308,COMPLETED-CONSTRUCTION,98205527.32,,,,,,,,,,
2026-05-22,M003521,UNDER-CONSTRUCTION,0.0,,,,,,,,,,
2026-05-22,M003681,UNDER-CONSTRUCTION,0.0,,,,,,,,,,
2026-05-22,M003686,UNDER-CONSTRUCTION,0.0,,,,,,,,,,
2026-05-22,M003688,PRE-CONSTRUCTION,15975000.0,,,,,,,,,,
2026-05-22,M004059,PRE-CONSTRUCTION,28755.0,,,,,,,,,,
2026-05-22,M004114,UNKNOWN,13931.86,,,,,,,,,,
2026-05-22,M004115,UNKNOWN,8906.48,,,,,,,,,,
2026-05-22,M004116,UNKNOWN,19061.16,,,,,,,,,,
2026-05-22,M004117,UNKNOWN,16660.87,,,,,,,,,,
2026-05-22,M004417,COMPLETED-CONSTRUCTION,37804590.24,,,,,,,,,,
2026-05-22,M004473,UNDER-CONSTRUCTION,82000.0,,,,,,,,,,
2026-05-22,M004474,UNDER-CONSTRUCTION,77440.1,,,,,,,,,,
2026-05-22,M004475,UNDER-CONSTRUCTION,77000.0,,,,,,,,,,
2026-05-22,M004512,PRE-CONSTRUCTION,2750693.0,,,,,,,,,,
2026-05-22,M004513,PRE-CONSTRUCTION,980919.0,,,,,,,,,,
2026-05-22,M004514,PRE-CONSTRUCTION,1158781.0,,,,,,,,,,
2026-05-22,M004515,PRE-CONSTRUCTION,5298686.0,,,,,,,,,,
2026-05-22,M004516,PRE-CONSTRUCTION,7727885.0,,,,,,,,,,
2026-05-22,M004517,PRE-CONSTRUCTION,6943886.0,,,,,,,,,,
2026-05-22,M004518,PRE-CONSTRUCTION,2127644.0,,,,,,,,,,
2026-05-22,M004519,PRE-CONSTRUCTION,2919222.0,,,,,,,,,,
2026-05-22,M004520,PRE-CONSTRUCTION,5803985.0,,,,,,,,,,
2026-05-22,M004521,PRE-CONSTRUCTION,3831907.0,,,,,,,,,,
2026-05-22,M004522,PRE-CONSTRUCTION,63007.74,,,,,,,,,,
2026-05-22,M004538,PRE-CONSTRUCTION,144940.25,,,,,,,,,,
2026-05-22,M004629,PRE-CONSTRUCTION,799228.45,,,,,,,,,,
2026-05-22,M004721,COMPLETED-CONSTRUCTION,2672417.65,,,,,,,,,,
2026-05-22,M004804,COMPLETED-CONSTRUCTION,2050491.39,,,,,,,,,,
2026-05-22,M004805,COMPLETED-CONSTRUCTION,20777301.93,,,,,,,,,,
2026-05-22,M004808,COMPLETED-CONSTRUCTION,19231713.0,,,,,,,,,,
2026-05-22,M004812,PRE-CONSTRUCTION,713541.81,,,,,,,,,,
2026-05-22,M004817,PRE-CONSTRUCTION,4120569.6,,,,,,,,,,
2026-05-22,M004819,COMPLETED-CONSTRUCTION,4006069.0,,,,,,,,,,
2026-05-22,M004823,PRE-CONSTRUCTION,33112.0,,,,,,,,,,
2026-05-22,M004828,COMPLETED-CONSTRUCTION,4978509.73,,,,,,,,,,
2026-05-22,M004842,COMPLETED-CONSTRUCTION,805580.95,,,,,,,,,,
2026-05-22,M004845,COMPLETED-CONSTRUCTION,4271457.11,,,,,,,,,,
2026-05-22,M004850,PRE-CONSTRUCTION,1762906.6,,,,,,,,,,
2026-05-22,M004853,COMPLETED-CONSTRUCTION,2498550.38,,,,,,,,,,
2026-05-22,M004854,PRE-CONSTRUCTION,993351.6,,,,,,,,,,
2026-05-22,M004855,PRE-CONSTRUCTION,2162967.0,,,,,,,,,,
2026-05-22,M004857,PRE-CONSTRUCTION,732963.0,,,,,,,,,,
2026-05-22,M004863,PRE-CONSTRUCTION,518145.0,,,,,,,,,,
2026-05-22,M004879,COMPLETED-CONSTRUCTION,768156.76,,,,,,,,,,
2026-05-22,M004921,COMPLETED-CONSTRUCTION,29573327.69,,,,,,,,,,
2026-05-22,M004922,COMPLETED-CONSTRUCTION,35553272.269999996,,,,,,,,,,
2026-05-22,M004935,COMPLETED-CONSTRUCTION,2531684.11,,,,,,,,,,
2026-05-22,M004941,COMPLETED-CONSTRUCTION,3932616.1,,,,,,,,,,
2026-05-22,M004944,PRE-CONSTRUCTION,274230.0,,,,,,,,,,
2026-05-22,M004945,PRE-CONSTRUCTION,426771.0,,,,,,,,,,
2026-05-22,M004952,COMPLETED-CONSTRUCTION,1979610.38,,,,,,,,,,
2026-05-22,M004957,PRE-CONSTRUCTION,603306.0,,,,,,,,,,
2026-05-22,M004959,COMPLETED-CONSTRUCTION,4851940.18,,,,,,,,,,
2026-05-22,M004960,COMPLETED-CONSTRUCTION,312004.23,,,,,,,,,,
2026-05-22,M004962,COMPLETED-CONSTRUCTION,5257336.97,,,,,,,,,,
2026-05-22,M004965,COMPLETED-CONSTRUCTION,5108757.54,,,,,,,,,,
2026-05-22,M004967,COMPLETED-CONSTRUCTION,1890167.92,,,,,,,,,,
2026-05-22,M004970,PRE-CONSTRUCTION,131131.0,,,,,,,,,,
2026-05-22,M004974,COMPLETED-CONSTRUCTION,2682289.86,,,,,,,,,,
2026-05-22,M004984,PRE-CONSTRUCTION,847709.0,,,,,,,,,,
2026-05-22,M004987,PRE-CONSTRUCTION,2260779.0,,,,,,,,,,
2026-05-22,M004990,COMPLETED-CONSTRUCTION,1887365.07,,,,,,,,,,
2026-05-22,M004997,COMPLETED-CONSTRUCTION,1336965.96,,,,,,,,,,
2026-05-22,M004999,PRE-CONSTRUCTION,338479.59,,,,,,,,,,
2026-05-22,M005001,COMPLETED-CONSTRUCTION,3266148.76,,,,,,,,,,
2026-05-22,M005002,COMPLETED-CONSTRUCTION,1812830.91,,,,,,,,,,
2026-05-22,M005003,COMPLETED-CONSTRUCTION,3995798.94,,,,,,,,,,
2026-05-22,M005004,COMPLETED-CONSTRUCTION,5144109.19,,,,,,,,,,
2026-05-22,M005012,PRE-CONSTRUCTION,2450000.0,,,,,,,,,,
2026-05-22,M005017,PRE-CONSTRUCTION,823112.0,,,,,,,,,,
2026-05-22,M005021,PRE-CONSTRUCTION,2566158.3,,,,,,,,,,
2026-05-22,M005023,PRE-CONSTRUCTION,1875550.0,,,,,,,,,,
2026-05-22,M005024,PRE-CONSTRUCTION,4460840.0,,,,,,,,,,
2026-05-22,M005025,PRE-CONSTRUCTION,392861.0,,,,,,,,,,
2026-05-22,M005026,PRE-CONSTRUCTION,27613.0,,,,,,,,,,
2026-05-22,M005033,COMPLETED-CONSTRUCTION,622870.89,,,,,,,,,,
2026-05-22,M005037,COMPLETED-CONSTRUCTION,3855797.9,,,,,,,,,,
2026-05-22,M005039,PRE-CONSTRUCTION,18350.0,,,,,,,,,,
2026-05-22,M005044,COMPLETED-CONSTRUCTION,6522379.22,,,,,,,,,,
2026-05-22,M005046,COMPLETED-CONSTRUCTION,2209550.78,,,,,,,,,,
2026-05-22,M005047,PRE-CONSTRUCTION,378945.0,,,,,,,,,,
2026-05-22,M005051,COMPLETED-CONSTRUCTION,1136455.78,,,,,,,,,,
2026-05-22,M005056,COMPLETED-CONSTRUCTION,5323220.98,,,,,,,,,,
2026-05-22,M005057,PRE-CONSTRUCTION,210720.0,,,,,,,,,,
2026-05-22,M005059,COMPLETED-CONSTRUCTION,985594.41,,,,,,,,,,
2026-05-22,M005062,PRE-CONSTRUCTION,42134.0,,,,,,,,,,
2026-05-22,M005065,COMPLETED-CONSTRUCTION,3026787.23,,,,,,,,,,
2026-05-22,M005066,COMPLETED-CONSTRUCTION,5086685.44,,,,,,,,,,
2026-05-22,M005070,COMPLETED-CONSTRUCTION,4124722.58,,,,,,,,,,
2026-05-22,M005071,COMPLETED-CONSTRUCTION,539298.06,,,,,,,,,,
2026-05-22,M005073,COMPLETED-CONSTRUCTION,2179753.12,,,,,,,,,,
2026-05-22,M005074,UNDER-CONSTRUCTION,6681499.45,,,,,,,,,,
2026-05-22,M005075,COMPLETED-CONSTRUCTION,336354.52,,,,,,,,,,
2026-05-22,M005081,COMPLETED-CONSTRUCTION,1524846.56,,,,,,,,,,
2026-05-22,M005085,COMPLETED-CONSTRUCTION,2569717.05,,,,,,,,,,
2026-05-22,M005086,COMPLETED-CONSTRUCTION,4333994.85,,,,,,,,,,
2026-05-22,M005089,PRE-CONSTRUCTION,52153.0,,,,,,,,,,
2026-05-22,M005090,COMPLETED-CONSTRUCTION,1340200.43,,,,,,,,,,
2026-05-22,M005091,COMPLETED-CONSTRUCTION,4498035.4,,,,,,,,,,
2026-05-22,M005092,PRE-CONSTRUCTION,18653.0,,,,,,,,,,
2026-05-22,M005093,PRE-CONSTRUCTION,390704.0,,,,,,,,,,
2026-05-22,M005094,PRE-CONSTRUCTION,2277509.0,,,,,,,,,,
2026-05-22,M005095,PRE-CONSTRUCTION,3046278.0,,,,,,,,,,
2026-05-22,M005099,COMPLETED-CONSTRUCTION,732079.46,,,,,,,,,,
2026-05-22,M005103,COMPLETED-CONSTRUCTION,3343690.28,,,,,,,,,,
2026-05-22,M005104,COMPLETED-CONSTRUCTION,1905462.58,,,,,,,,,,
2026-05-22,M005124,PRE-CONSTRUCTION,1895927.0,,,,,,,,,,
2026-05-22,M005130,COMPLETED-CONSTRUCTION,1318017.07,,,,,,,,,,
2026-05-22,M005131,PRE-CONSTRUCTION,1148311.97,,,,,,,,,,
2026-05-22,M005132,PRE-CONSTRUCTION,450687.0,,,,,,,,,,
2026-05-22,M005133,COMPLETED-CONSTRUCTION,5655556.49,,,,,,,,,,
2026-05-22,M005137,COMPLETED-CONSTRUCTION,2030518.44,,,,,,,,,,
2026-05-22,M005140,PRE-CONSTRUCTION,237232.0,,,,,,,,,,
2026-05-22,M005141,PRE-CONSTRUCTION,193159.0,,,,,,,,,,
2026-05-22,M005142,COMPLETED-CONSTRUCTION,2524233.48,,,,,,,,,,
2026-05-22,M005145,PRE-CONSTRUCTION,1986703.2,,,,,,,,,,
2026-05-22,M005147,PRE-CONSTRUCTION,1618795.2,,,,,,,,,,
2026-05-22,M005148,PRE-CONSTRUCTION,3197688.02,,,,,,,,,,
2026-05-22,M005149,PRE-CONSTRUCTION,1223276.62,,,,,,,,,,
2026-05-22,M005150,COMPLETED-CONSTRUCTION,3439971.26,,,,,,,,,,
2026-05-22,M005151,COMPLETED-CONSTRUCTION,2248872.53,,,,,,,,,,
2026-05-22,M005152,PRE-CONSTRUCTION,2256531.0,,,,,,,,,,
2026-05-22,M005153,PRE-CONSTRUCTION,623196.0,,,,,,,,,,
2026-05-22,M005154,COMPLETED-CONSTRUCTION,1008652.51,,,,,,,,,,
2026-05-22,M005157,COMPLETED-CONSTRUCTION,2090450.03,,,,,,,,,,
2026-05-22,M005158,COMPLETED-CONSTRUCTION,2574109.15,,,,,,,,,,
2026-05-22,M005159,UNDER-CONSTRUCTION,4410882.64,,,,,,,,,,
2026-05-22,M005160,UNDER-CONSTRUCTION,3585026.51,,,,,,,,,,
2026-05-22,M005161,PRE-CONSTRUCTION,115283.0,,,,,,,,,,
2026-05-22,M005165,PRE-CONSTRUCTION,493743.0,,,,,,,,,,
2026-05-22,M005166,COMPLETED-CONSTRUCTION,854285.02,,,,,,,,,,
2026-05-22,M005167,COMPLETED-CONSTRUCTION,2082192.03,,,,,,,,,,
2026-05-22,M005168,PRE-CONSTRUCTION,867457.0,,,,,,,,,,
2026-05-22,M005169,PRE-CONSTRUCTION,3050000.0,,,,,,,,,,
2026-05-22,M005173,COMPLETED-CONSTRUCTION,4232390.6,,,,,,,,,,
2026-05-22,M005176,UNDER-CONSTRUCTION,3455824.99,,,,,,,,,,
2026-05-22,M005177,PRE-CONSTRUCTION,2264475.0,,,,,,,,,,
2026-05-22,M005181,PRE-CONSTRUCTION,4526755.0,,,,,,,,,,
2026-05-22,M005186,COMPLETED-CONSTRUCTION,1083115.98,,,,,,,,,,
2026-05-22,M005190,COMPLETED-CONSTRUCTION,3048740.42,,,,,,,,,,
2026-05-22,M005193,COMPLETED-CONSTRUCTION,3175867.65,,,,,,,,,,
2026-05-22,M005199,COMPLETED-CONSTRUCTION,14067768.01,,,,,,,,,,
2026-05-22,M005202,PRE-CONSTRUCTION,804787.25,,,,,,,,,,
2026-05-22,M005203,PRE-CONSTRUCTION,1536000.54,,,,,,,,,,
2026-05-22,M005204,COMPLETED-CONSTRUCTION,1868963.08,,,,,,,,,,
2026-05-22,M005208,PRE-CONSTRUCTION,2449620.0,,,,,,,,,,
2026-05-22,M005209,COMPLETED-CONSTRUCTION,4768402.81,,,,,,,,,,
2026-05-22,M005210,UNDER-CONSTRUCTION,2282459.14,,,,,,,,,,
2026-05-22,M005212,PRE-CONSTRUCTION,846188.0,,,,,,,,,,
2026-05-22,M005215,COMPLETED-CONSTRUCTION,3106311.35,,,,,,,,,,
2026-05-22,M005216,UNDER-CONSTRUCTION,2638992.06,,,,,,,,,,
2026-05-22,M005218,COMPLETED-CONSTRUCTION,2885225.0,,,,,,,,,,
2026-05-22,M005220,COMPLETED-CONSTRUCTION,3639396.9,,,,,,,,,,
2026-05-22,M005241,COMPLETED-CONSTRUCTION,2673187.03,,,,,,,,,,
2026-05-22,M005242,PRE-CONSTRUCTION,515071.0,,,,,,,,,,
2026-05-22,M005243,COMPLETED-CONSTRUCTION,1200752.48,,,,,,,,,,
2026-05-22,M005245,COMPLETED-CONSTRUCTION,1382576.13,,,,,,,,,,
2026-05-22,M005246,COMPLETED-CONSTRUCTION,3619750.0,,,,,,,,,,
2026-05-22,M005247,COMPLETED-CONSTRUCTION,3372385.24,,,,,,,,,,
2026-05-22,M005248,COMPLETED-CONSTRUCTION,8171025.2,,,,,,,,,,
2026-05-22,M005249,PRE-CONSTRUCTION,1773542.0,,,,,,,,,,
2026-05-22,M005250,PRE-CONSTRUCTION,1691775.0,,,,,,,,,,
2026-05-22,M005251,COMPLETED-CONSTRUCTION,1537630.17,,,,,,,,,,
2026-05-22,M005252,COMPLETED-CONSTRUCTION,3050200.0,,,,,,,,,,
2026-05-22,M005253,COMPLETED-CONSTRUCTION,2754375.16,,,,,,,,,,
2026-05-22,M005254,PRE-CONSTRUCTION,25168.0,,,,,,,,,,
2026-05-22,M005256,COMPLETED-CONSTRUCTION,2395258.22,,,,,,,,,,
2026-05-22,M005257,PRE-CONSTRUCTION,1597944.0,,,,,,,,,,
2026-05-22,M005258,PRE-CONSTRUCTION,33715.0,,,,,,,,,,
2026-05-22,M005260,PRE-CONSTRUCTION,17780.0,,,,,,,,,,
2026-05-22,M005261,COMPLETED-CONSTRUCTION,1255416.63,,,,,,,,,,
2026-05-22,M005262,COMPLETED-CONSTRUCTION,4453645.5,,,,,,,,,,
2026-05-22,M005263,COMPLETED-CONSTRUCTION,2072809.87,,,,,,,,,,
2026-05-22,M005264,COMPLETED-CONSTRUCTION,342513.73,,,,,,,,,,
2026-05-22,M005267,COMPLETED-CONSTRUCTION,3394690.42,,,,,,,,,,
2026-05-22,M005268,PRE-CONSTRUCTION,50221.0,,,,,,,,,,
2026-05-22,M005272,PRE-CONSTRUCTION,111856.0,,,,,,,,,,
2026-05-22,M005275,COMPLETED-CONSTRUCTION,321994.2,,,,,,,,,,
2026-05-22,M005276,PRE-CONSTRUCTION,263400.0,,,,,,,,,,
2026-05-22,M005278,PRE-CONSTRUCTION,1307342.5,,,,,,,,,,
2026-05-22,M005283,COMPLETED-CONSTRUCTION,4478385.65,,,,,,,,,,
2026-05-22,M005285,COMPLETED-CONSTRUCTION,2161589.98,,,,,,,,,,
2026-05-22,M005287,COMPLETED-CONSTRUCTION,2467343.07,,,,,,,,,,
2026-05-22,M005288,COMPLETED-CONSTRUCTION,5367293.22,,,,,,,,,,
2026-05-22,M005289,UNDER-CONSTRUCTION,0.0,,,,,,,,,,
2026-05-22,M005291,UNDER-CONSTRUCTION,0.0,,,,,,,,,,
2026-05-22,M005292,COMPLETED-CONSTRUCTION,4277869.65,,,,,,,,,,
2026-05-22,M005293,COMPLETED-CONSTRUCTION,415061.93,,,,,,,,,,
2026-05-22,M005297,COMPLETED-CONSTRUCTION,759104.99,,,,,,,,,,
2026-05-22,M005300,COMPLETED-CONSTRUCTION,5010880.07,,,,,,,,,,
2026-05-22,M005303,PRE-CONSTRUCTION,1941806.0,,,,,,,,,,
2026-05-22,M005312,COMPLETED-CONSTRUCTION,3557985.9,,,,,,,,,,
2026-05-22,M005318,PRE-CONSTRUCTION,2868912.0,,,,,,,,,,
2026-05-22,M005323,PRE-CONSTRUCTION,296770.0,,,,,,,,,,
2026-05-22,M005330,PRE-CONSTRUCTION,987205.7,,,,,,,,,,
2026-05-22,M005331,PRE-CONSTRUCTION,777983.0,,,,,,,,,,
2026-05-22,M005332,COMPLETED-CONSTRUCTION,548256.92,,,,,,,,,,
2026-05-22,M005333,COMPLETED-CONSTRUCTION,2842162.58,,,,,,,,,,
2026-05-22,M005337,COMPLETED-CONSTRUCTION,2339154.79,,,,,,,,,,
2026-05-22,M005339,COMPLETED-CONSTRUCTION,3438272.51,,,,,,,,,,
2026-05-22,M005340,COMPLETED-CONSTRUCTION,1582407.03,,,,,,,,,,
2026-05-22,M005347,COMPLETED-CONSTRUCTION,2251567.06,,,,,,,,,,
2026-05-22,M005351,COMPLETED-CONSTRUCTION,9421274.03,,,,,,,,,,
2026-05-22,M005355,PRE-CONSTRUCTION,1360762.5,,,,,,,,,,
2026-05-22,M005359,PRE-CONSTRUCTION,22477.0,,,,,,,,,,
2026-05-22,M005360,COMPLETED-CONSTRUCTION,1530847.85,,,,,,,,,,
2026-05-22,M005365,COMPLETED-CONSTRUCTION,1712448.39,,,,,,,,,,
2026-05-22,M005366,COMPLETED-CONSTRUCTION,2694408.88,,,,,,,,,,
2026-05-22,M005367,COMPLETED-CONSTRUCTION,1028925.57,,,,,,,,,,
2026-05-22,M005395,COMPLETED-CONSTRUCTION,2824276.17,,,,,,,,,,
2026-05-22,M005396,COMPLETED-CONSTRUCTION,5051258.74,,,,,,,,,,
2026-05-22,M005401,COMPLETED-CONSTRUCTION,16957342.38,,,,,,,,,,
2026-05-22,M005411,COMPLETED-CONSTRUCTION,1802397.89,,,,,,,,,,
2026-05-22,M005416,PRE-CONSTRUCTION,75000.0,,,,,,,,,,
2026-05-22,M005430,COMPLETED-CONSTRUCTION,897368.33,,,,,,,,,,
2026-05-22,M005432,COMPLETED-CONSTRUCTION,1741138.55,,,,,,,,,,
2026-05-22,M005451,COMPLETED-CONSTRUCTION,8228033.84,,,,,,,,,,
2026-05-22,M005508,PRE-CONSTRUCTION,1960411.0,,,,,,,,,,
2026-05-22,M005540,COMPLETED-CONSTRUCTION,15222976.06,,,,,,,,,,
2026-05-22,M005546,PRE-CONSTRUCTION,2039355.0,,,,,,,,,,
2026-05-22,M005559,PRE-CONSTRUCTION,3895814.0,,,,,,,,,,
2026-05-22,M005568,COMPLETED-CONSTRUCTION,8972597.3,,,,,,,,,,
2026-05-22,M005569,COMPLETED-CONSTRUCTION,4718540.33,,,,,,,,,,
2026-05-22,M005570,COMPLETED-CONSTRUCTION,8100979.88,,,,,,,,,,
2026-05-22,M005571,COMPLETED-CONSTRUCTION,1586332.37,,,,,,,,,,
2026-05-22,M005572,COMPLETED-CONSTRUCTION,2017218.9,,,,,,,,,,
2026-05-22,M005573,COMPLETED-CONSTRUCTION,2014983.08,,,,,,,,,,
2026-05-22,M005575,COMPLETED-CONSTRUCTION,6973158.51,,,,,,,,,,
2026-05-22,M005578,COMPLETED-CONSTRUCTION,5661084.5,,,,,,,,,,
2026-05-22,M005584,COMPLETED-CONSTRUCTION,2125406.32,,,,,,,,,,
2026-05-22,M005586,COMPLETED-CONSTRUCTION,3544154.33,,,,,,,,,,
2026-05-22,M005587,COMPLETED-CONSTRUCTION,2071423.81,,,,,,,,,,
2026-05-22,M005588,COMPLETED-CONSTRUCTION,1694898.39,,,,,,,,,,
2026-05-22,M005589,COMPLETED-CONSTRUCTION,2612529.17,,,,,,,,,,
2026-05-22,M005590,COMPLETED-CONSTRUCTION,4081039.71,,,,,,,,,,
2026-05-22,M005592,PRE-CONSTRUCTION,4985600.0,,,,,,,,,,
2026-05-22,M005593,PRE-CONSTRUCTION,1878419.0,,,,,,,,,,
2026-05-22,M005594,PRE-CONSTRUCTION,372800.0,,,,,,,,,,
2026-05-22,M005595,COMPLETED-CONSTRUCTION,3825336.3,,,,,,,,,,
2026-05-22,M005597,PRE-CONSTRUCTION,3407840.0,,,,,,,,,,
2026-05-22,M005598,PRE-CONSTRUCTION,580640.0,,,,,,,,,,
2026-05-22,M005599,COMPLETED-CONSTRUCTION,1883462.65,,,,,,,,,,
2026-05-22,M005601,COMPLETED-CONSTRUCTION,2077148.49,,,,,,,,,,
2026-05-22,M005602,PRE-CONSTRUCTION,1337600.0,,,,,,,,,,
2026-05-22,M005603,COMPLETED-CONSTRUCTION,2622872.2,,,,,,,,,,
2026-05-22,M005604,PRE-CONSTRUCTION,1468320.0,,,,,,,,,,
2026-05-22,M005607,COMPLETED-CONSTRUCTION,2917705.3,,,,,,,,,,
2026-05-22,M005609,COMPLETED-CONSTRUCTION,5003432.26,,,,,,,,,,
2026-05-22,M005610,COMPLETED-CONSTRUCTION,5000116.44,,,,,,,,,,
2026-05-22,M005613,COMPLETED-CONSTRUCTION,3226178.91,,,,,,,,,,
2026-05-22,M005614,COMPLETED-CONSTRUCTION,2409153.45,,,,,,,,,,
2026-05-22,M005616,COMPLETED-CONSTRUCTION,2179502.38,,,,,,,,,,
2026-05-22,M005626,COMPLETED-CONSTRUCTION,1590640.08,,,,,,,,,,
2026-05-22,M005630,PRE-CONSTRUCTION,777800.0,,,,,,,,,,
2026-05-22,M005634,COMPLETED-CONSTRUCTION,3821784.46,,,,,,,,,,
2026-05-22,M005635,COMPLETED-CONSTRUCTION,2863156.31,,,,,,,,,,
2026-05-22,M005637,COMPLETED-CONSTRUCTION,3205819.5,,,,,,,,,,
2026-05-22,M005638,COMPLETED-CONSTRUCTION,2104258.05,,,,,,,,,,
2026-05-22,M005639,COMPLETED-CONSTRUCTION,4816050.11,,,,,,,,,,
2026-05-22,M005640,PRE-CONSTRUCTION,672834.0,,,,,,,,,,
2026-05-22,M005642,COMPLETED-CONSTRUCTION,2466381.69,,,,,,,,,,
2026-05-22,M005644,COMPLETED-CONSTRUCTION,918926.38,,,,,,,,,,
2026-05-22,M005645,COMPLETED-CONSTRUCTION,2529047.89,,,,,,,,,,
2026-05-22,M005647,COMPLETED-CONSTRUCTION,440336.58,,,,,,,,,,
2026-05-22,M005649,COMPLETED-CONSTRUCTION,3385447.25,,,,,,,,,,
2026-05-22,M005652,COMPLETED-CONSTRUCTION,4439817.52,,,,,,,,,,
2026-05-22,M005653,COMPLETED-CONSTRUCTION,4166217.54,,,,,,,,,,
2026-05-22,M005658,COMPLETED-CONSTRUCTION,1359833.16,,,,,,,,,,
2026-05-22,M005663,COMPLETED-CONSTRUCTION,2984453.96,,,,,,,,,,
2026-05-22,M005664,COMPLETED-CONSTRUCTION,2388812.24,,,,,,,,,,
2026-05-22,M005666,COMPLETED-CONSTRUCTION,789395.49,,,,,,,,,,
2026-05-22,M005667,COMPLETED-CONSTRUCTION,11483685.15,,,,,,,,,,
2026-05-22,M005668,COMPLETED-CONSTRUCTION,361083.75,,,,,,,,,,
2026-05-22,M005669,COMPLETED-CONSTRUCTION,20717622.18,,,,,,,,,,
2026-05-22,M005670,COMPLETED-CONSTRUCTION,7261350.550000001,,,,,,,,,,
2026-05-22,M005674,COMPLETED-CONSTRUCTION,300061.68,,,,,,,,,,
2026-05-22,M005675,COMPLETED-CONSTRUCTION,563869.41,,,,,,,,,,
2026-05-22,M005676,COMPLETED-CONSTRUCTION,504875.6,,,,,,,,,,
2026-05-22,M005677,COMPLETED-CONSTRUCTION,838802.86,,,,,,,,,,
2026-05-22,M005678,COMPLETED-CONSTRUCTION,2111388.4,,,,,,,,,,
2026-05-22,M005682,COMPLETED-CONSTRUCTION,744735.27,,,,,,,,,,
2026-05-22,M005685,COMPLETED-CONSTRUCTION,1975574.31,,,,,,,,,,
2026-05-22,M005686,COMPLETED-CONSTRUCTION,1532765.37,,,,,,,,,,
2026-05-22,M005687,COMPLETED-CONSTRUCTION,2592264.8200000003,,,,,,,,,,
2026-05-22,M005689,COMPLETED-CONSTRUCTION,5580189.35,,,,,,,,,,
2026-05-22,M005690,COMPLETED-CONSTRUCTION,2100651.23,,,,,,,,,,
2026-05-22,M005691,PRE-CONSTRUCTION,819645.0,,,,,,,,,,
2026-05-22,M005699,COMPLETED-CONSTRUCTION,7299249.45,,,,,,,,,,
2026-05-22,M005700,COMPLETED-CONSTRUCTION,4511737.62,,,,,,,,,,
2026-05-22,M005701,COMPLETED-CONSTRUCTION,5048958.63,,,,,,,,,,
2026-05-22,M005704,COMPLETED-CONSTRUCTION,1283717.9,,,,,,,,,,
2026-05-22,M005705,COMPLETED-CONSTRUCTION,597819.55,,,,,,,,,,
2026-05-22,M005708,COMPLETED-CONSTRUCTION,22593675.39,,,,,,,,,,
2026-05-22,M005709,COMPLETED-CONSTRUCTION,18436779.82,,,,,,,,,,
2026-05-22,M005710,COMPLETED-CONSTRUCTION,727377.15,,,,,,,,,,
2026-05-22,M005713,COMPLETED-CONSTRUCTION,48043594.97,,,,,,,,,,
2026-05-22,M005716,COMPLETED-CONSTRUCTION,3857661.86,,,,,,,,,,
2026-05-22,M005719,COMPLETED-CONSTRUCTION,1972113.14,,,,,,,,,,
2026-05-22,M005721,COMPLETED-CONSTRUCTION,4302986.25,,,,,,,,,,
2026-05-22,M005722,COMPLETED-CONSTRUCTION,4747860.39,,,,,,,,,,
2026-05-22,M005723,COMPLETED-CONSTRUCTION,574858.8,,,,,,,,,,
2026-05-22,M005724,COMPLETED-CONSTRUCTION,3026335.6,,,,,,,,,,
2026-05-22,M005725,COMPLETED-CONSTRUCTION,1139216.47,,,,,,,,,,
2026-05-22,M005727,COMPLETED-CONSTRUCTION,3024288.9,,,,,,,,,,
2026-05-22,M005728,COMPLETED-CONSTRUCTION,1687231.84,,,,,,,,,,
2026-05-22,M005729,COMPLETED-CONSTRUCTION,1007060.77,,,,,,,,,,
2026-05-22,M005730,COMPLETED-CONSTRUCTION,1585950.7000000002,,,,,,,,,,
2026-05-22,M005731,COMPLETED-CONSTRUCTION,6420009.06,,,,,,,,,,
2026-05-22,M005732,COMPLETED-CONSTRUCTION,6603825.18,,,,,,,,,,
2026-05-22,M005733,COMPLETED-CONSTRUCTION,1026926.81,,,,,,,,,,
2026-05-22,M005734,COMPLETED-CONSTRUCTION,874862.27,,,,,,,,,,
2026-05-22,M005735,COMPLETED-CONSTRUCTION,2213665.62,,,,,,,,,,
2026-05-22,M005736,COMPLETED-CONSTRUCTION,2489822.04,,,,,,,,,,
2026-05-22,M005737,COMPLETED-CONSTRUCTION,4293041.82,,,,,,,,,,
2026-05-22,M005738,COMPLETED-CONSTRUCTION,1286849.87,,,,,,,,,,
2026-05-22,M005740,COMPLETED-CONSTRUCTION,2339129.02,,,,,,,,,,
2026-05-22,M005741,COMPLETED-CONSTRUCTION,787612.63,,,,,,,,,,
2026-05-22,M005742,COMPLETED-CONSTRUCTION,1337205.48,,,,,,,,,,
2026-05-22,M005743,COMPLETED-CONSTRUCTION,1696107.43,,,,,,,,,,
2026-05-22,M005744,COMPLETED-CONSTRUCTION,3922375.31,,,,,,,,,,
2026-05-22,M005745,COMPLETED-CONSTRUCTION,2443873.77,,,,,,,,,,
2026-05-22,M005746,UNDER-CONSTRUCTION,555308.24,,,,,,,,,,
2026-05-22,M005747,COMPLETED-CONSTRUCTION,1214321.35,,,,,,,,,,
2026-05-22,M005748,COMPLETED-CONSTRUCTION,2736120.81,,,,,,,,,,
2026-05-22,M005749,PRE-CONSTRUCTION,1039885.0,,,,,,,,,,
2026-05-22,M005750,UNDER-CONSTRUCTION,1229589.9,,,,,,,,,,
2026-05-22,M005751,COMPLETED-CONSTRUCTION,2019401.76,,,,,,,,,,
2026-05-22,M005752,COMPLETED-CONSTRUCTION,5251789.47,,,,,,,,,,
2026-05-22,M005753,COMPLETED-CONSTRUCTION,2690510.09,,,,,,,,,,
2026-05-22,M005754,COMPLETED-CONSTRUCTION,1663797.03,,,,,,,,,,
2026-05-22,M005755,PRE-CONSTRUCTION,1244130.0,,,,,,,,,,
2026-05-22,M005757,COMPLETED-CONSTRUCTION,2073562.6,,,,,,,,,,
2026-05-22,M005758,COMPLETED-CONSTRUCTION,2809123.63,,,,,,,,,,
2026-05-22,M005759,COMPLETED-CONSTRUCTION,397757.96,,,,,,,,,,
2026-05-22,M005761,COMPLETED-CONSTRUCTION,1088264.04,,,,,,,,,,
2026-05-22,M005762,COMPLETED-CONSTRUCTION,1330248.22,,,,,,,,,,
2026-05-22,M005763,COMPLETED-CONSTRUCTION,456183.77,,,,,,,,,,
2026-05-22,M005764,COMPLETED-CONSTRUCTION,1549927.49,,,,,,,,,,
2026-05-22,M005766,COMPLETED-CONSTRUCTION,3328897.04,,,,,,,,,,
2026-05-22,M005767,COMPLETED-CONSTRUCTION,3520860.39,,,,,,,,,,
2026-05-22,M005768,COMPLETED-CONSTRUCTION,2675041.36,,,,,,,,,,
2026-05-22,M005769,COMPLETED-CONSTRUCTION,1135484.89,,,,,,,,,,
2026-05-22,M005770,COMPLETED-CONSTRUCTION,2945204.7,,,,,,,,,,
2026-05-22,M005771,COMPLETED-CONSTRUCTION,924133.25,,,,,,,,,,
2026-05-22,M005772,COMPLETED-CONSTRUCTION,987849.69,,,,,,,,,,
2026-05-22,M005773,COMPLETED-CONSTRUCTION,2937552.38,,,,,,,,,,
2026-05-22,M005774,COMPLETED-CONSTRUCTION,2003602.67,,,,,,,,,,
2026-05-22,M005775,COMPLETED-CONSTRUCTION,1886989.67,,,,,,,,,,
2026-05-22,M005776,COMPLETED-CONSTRUCTION,2825532.38,,,,,,,,,,
2026-05-22,M005777,COMPLETED-CONSTRUCTION,2181819.34,,,,,,,,,,
2026-05-22,M005778,COMPLETED-CONSTRUCTION,614665.51,,,,,,,,,,
2026-05-22,M005779,COMPLETED-CONSTRUCTION,398191.55,,,,,,,,,,
2026-05-22,M005780,COMPLETED-CONSTRUCTION,4837046.78,,,,,,,,,,
2026-05-22,M005781,COMPLETED-CONSTRUCTION,1255964.05,,,,,,,,,,
2026-05-22,M005782,COMPLETED-CONSTRUCTION,1187022.21,,,,,,,,,,
2026-05-22,M005783,COMPLETED-CONSTRUCTION,532955.79,,,,,,,,,,
2026-05-22,M005784,COMPLETED-CONSTRUCTION,1644441.73,,,,,,,,,,
2026-05-22,M005785,COMPLETED-CONSTRUCTION,1058453.31,,,,,,,,,,
2026-05-22,M005786,COMPLETED-CONSTRUCTION,589499.02,,,,,,,,,,
2026-05-22,M005788,COMPLETED-CONSTRUCTION,2974118.49,,,,,,,,,,
2026-05-22,M005789,COMPLETED-CONSTRUCTION,1057292.76,,,,,,,,,,
2026-05-22,M005790,COMPLETED-CONSTRUCTION,1720861.34,,,,,,,,,,
2026-05-22,M005791,COMPLETED-CONSTRUCTION,1563625.37,,,,,,,,,,
2026-05-22,M005792,COMPLETED-CONSTRUCTION,1456248.58,,,,,,,,,,
2026-05-22,M005793,COMPLETED-CONSTRUCTION,1774178.52,,,,,,,,,,
2026-05-22,M005794,COMPLETED-CONSTRUCTION,421720.74,,,,,,,,,,
2026-05-22,M005795,PRE-CONSTRUCTION,539267.0,,,,,,,,,,
2026-05-22,M005796,COMPLETED-CONSTRUCTION,1054514.45,,,,,,,,,,
2026-05-22,M005797,COMPLETED-CONSTRUCTION,4150733.66,,,,,,,,,,
2026-05-22,M005798,COMPLETED-CONSTRUCTION,1372717.38,,,,,,,,,,
2026-05-22,M005799,COMPLETED-CONSTRUCTION,2323562.76,,,,,,,,,,
2026-05-22,M005800,COMPLETED-CONSTRUCTION,2906685.15,,,,,,,,,,
2026-05-22,M005801,COMPLETED-CONSTRUCTION,874581.93,,,,,,,,,,
2026-05-22,M005802,COMPLETED-CONSTRUCTION,1576048.02,,,,,,,,,,
2026-05-22,M005803,COMPLETED-CONSTRUCTION,3232747.38,,,,,,,,,,
2026-05-22,M005805,COMPLETED-CONSTRUCTION,1681384.7,,,,,,,,,,
2026-05-22,M005806,COMPLETED-CONSTRUCTION,1169027.6,,,,,,,,,,
2026-05-22,M005807,COMPLETED-CONSTRUCTION,1336078.7,,,,,,,,,,
2026-05-22,M005808,COMPLETED-CONSTRUCTION,6999165.13,,,,,,,,,,
2026-05-22,M005809,COMPLETED-CONSTRUCTION,4735893.84,,,,,,,,,,
2026-05-22,M005810,COMPLETED-CONSTRUCTION,1047192.05,,,,,,,,,,
2026-05-22,M005811,COMPLETED-CONSTRUCTION,4817722.22,,,,,,,,,,
2026-05-22,M005812,COMPLETED-CONSTRUCTION,3822842.13,,,,,,,,,,
2026-05-22,M005813,COMPLETED-CONSTRUCTION,2310206.99,,,,,,,,,,
2026-05-22,M005814,COMPLETED-CONSTRUCTION,2466249.87,,,,,,,,,,
2026-05-22,M005815,COMPLETED-CONSTRUCTION,356822.10000000003,,,,,,,,,,
2026-05-22,M005817,COMPLETED-CONSTRUCTION,17139067.17,,,,,,,,,,
2026-05-22,M005818,COMPLETED-CONSTRUCTION,634137.05,,,,,,,,,,
2026-05-22,M005819,COMPLETED-CONSTRUCTION,715271.39,,,,,,,,,,
2026-05-22,M005820,COMPLETED-CONSTRUCTION,6204033.16,,,,,,,,,,
2026-05-22,M005821,PRE-CONSTRUCTION,1878000.0,,,,,,,,,,
2026-05-22,M005822,COMPLETED-CONSTRUCTION,6090640.86,,,,,,,,,,
2026-05-22,M005823,COMPLETED-CONSTRUCTION,14291518.26,,,,,,,,,,
2026-05-22,M005824,COMPLETED-CONSTRUCTION,1768591.92,,,,,,,,,,
2026-05-22,M005825,COMPLETED-CONSTRUCTION,3633091.48,,,,,,,,,,
2026-05-22,M005826,COMPLETED-CONSTRUCTION,666105.29,,,,,,,,,,
2026-05-22,M005827,COMPLETED-CONSTRUCTION,1190481.38,,,,,,,,,,
2026-05-22,M005828,PRE-CONSTRUCTION,699840.0,,,,,,,,,,
2026-05-22,M005829,COMPLETED-CONSTRUCTION,729135.66,,,,,,,,,,
2026-05-22,M005830,COMPLETED-CONSTRUCTION,556549.44,,,,,,,,,,
2026-05-22,M005831,COMPLETED-CONSTRUCTION,237100.41,,,,,,,,,,
2026-05-22,M005833,COMPLETED-CONSTRUCTION,1307328.04,,,,,,,,,,
2026-05-22,M005834,COMPLETED-CONSTRUCTION,929367.85,,,,,,,,,,
2026-05-22,M005838,COMPLETED-CONSTRUCTION,1444856.79,,,,,,,,,,
2026-05-22,M005839,COMPLETED-CONSTRUCTION,1431546.96,,,,,,,,,,
2026-05-22,M005840,COMPLETED-CONSTRUCTION,746684.7,,,,,,,,,,
2026-05-22,M005841,COMPLETED-CONSTRUCTION,1135015.15,,,,,,,,,,
2026-05-22,M005842,COMPLETED-CONSTRUCTION,2268967.82,,,,,,,,,,
2026-05-22,M005843,COMPLETED-CONSTRUCTION,255571.46,,,,,,,,,,
2026-05-22,M005844,COMPLETED-CONSTRUCTION,38283.46,,,,,,,,,,
2026-05-22,M005845,COMPLETED-CONSTRUCTION,937692.39,,,,,,,,,,
2026-05-22,M005846,COMPLETED-CONSTRUCTION,289448.05,,,,,,,,,,
2026-05-22,M005847,COMPLETED-CONSTRUCTION,1599343.13,,,,,,,,,,
2026-05-22,M005848,COMPLETED-CONSTRUCTION,648788.46,,,,,,,,,,
2026-05-22,M005849,COMPLETED-CONSTRUCTION,206860.44,,,,,,,,,,
2026-05-22,M005850,COMPLETED-CONSTRUCTION,363083.08,,,,,,,,,,
2026-05-22,M005851,COMPLETED-CONSTRUCTION,277469.56,,,,,,,,,,
2026-05-22,M005853,COMPLETED-CONSTRUCTION,493778.47,,,,,,,,,,
2026-05-22,M005855,COMPLETED-CONSTRUCTION,3217396.64,,,,,,,,,,
2026-05-22,M005856,COMPLETED-CONSTRUCTION,641691.6599999999,,,,,,,,,,
2026-05-22,M005857,COMPLETED-CONSTRUCTION,16723637.9,,,,,,,,,,
2026-05-22,M005858,COMPLETED-CONSTRUCTION,375280.35,,,,,,,,,,
2026-05-22,M005859,COMPLETED-CONSTRUCTION,2589756.56,,,,,,,,,,
2026-05-22,M005860,COMPLETED-CONSTRUCTION,22980.91,,,,,,,,,,
2026-05-22,M005861,COMPLETED-CONSTRUCTION,969983.42,,,,,,,,,,
2026-05-22,M005862,COMPLETED-CONSTRUCTION,2488263.78,,,,,,,,,,
2026-05-22,M005864,COMPLETED-CONSTRUCTION,2892057.5,,,,,,,,,,
2026-05-22,M005865,COMPLETED-CONSTRUCTION,5881050.61,,,,,,,,,,
2026-05-22,M005866,COMPLETED-CONSTRUCTION,6018501.08,,,,,,,,,,
2026-05-22,M005867,COMPLETED-CONSTRUCTION,1930774.71,,,,,,,,,,
2026-05-22,M005869,COMPLETED-CONSTRUCTION,22675770.35,,,,,,,,,,
2026-05-22,M005870,COMPLETED-CONSTRUCTION,22165609.08,,,,,,,,,,
2026-05-22,M005871,COMPLETED-CONSTRUCTION,10927796.0,,,,,,,,,,
2026-05-22,M005872,COMPLETED-CONSTRUCTION,17053874.29,,,,,,,,,,
2026-05-22,M005873,COMPLETED-CONSTRUCTION,21286037.2,,,,,,,,,,
2026-05-22,M005874,COMPLETED-CONSTRUCTION,25117201.86,,,,,,,,,,
2026-05-22,M005875,COMPLETED-CONSTRUCTION,11777158.43,,,,,,,,,,
2026-05-22,M005876,COMPLETED-CONSTRUCTION,388710.91,,,,,,,,,,
2026-05-22,M005877,COMPLETED-CONSTRUCTION,1945103.12,,,,,,,,,,
2026-05-22,M005878,UNDER-CONSTRUCTION,3142152.65,,,,,,,,,,
2026-05-22,M005879,COMPLETED-CONSTRUCTION,499924.17,,,,,,,,,,
2026-05-22,M005880,COMPLETED-CONSTRUCTION,9422995.03,,,,,,,,,,
2026-05-22,M005881,COMPLETED-CONSTRUCTION,8773309.69,,,,,,,,,,
2026-05-22,M005882,COMPLETED-CONSTRUCTION,890527.22,,,,,,,,,,
2026-05-22,M005883,COMPLETED-CONSTRUCTION,10906131.09,,,,,,,,,,
2026-05-22,M005884,COMPLETED-CONSTRUCTION,2461888.77,,,,,,,,,,
2026-05-22,M005885,COMPLETED-CONSTRUCTION,30506.89,,,,,,,,,,
2026-05-22,M005886,COMPLETED-CONSTRUCTION,2142124.56,,,,,,,,,,
2026-05-22,M005887,COMPLETED-CONSTRUCTION,1710579.27,,,,,,,,,,
2026-05-22,M005888,COMPLETED-CONSTRUCTION,3529858.64,,,,,,,,,,
2026-05-22,M005889,COMPLETED-CONSTRUCTION,23634994.89,,,,,,,,,,
2026-05-22,M005890,COMPLETED-CONSTRUCTION,3513676.79,,,,,,,,,,
2026-05-22,M005891,COMPLETED-CONSTRUCTION,1845121.08,,,,,,,,,,
2026-05-22,M005892,COMPLETED-CONSTRUCTION,4907888.09,,,,,,,,,,
2026-05-22,M005894,COMPLETED-CONSTRUCTION,657029.86,,,,,,,,,,
2026-05-22,M005895,COMPLETED-CONSTRUCTION,1138568.2,,,,,,,,,,
2026-05-22,M005896,COMPLETED-CONSTRUCTION,3915388.11,,,,,,,,,,
2026-05-22,M005897,COMPLETED-CONSTRUCTION,4704649.94,,,,,,,,,,
2026-05-22,M005898,COMPLETED-CONSTRUCTION,803273.49,,,,,,,,,,
2026-05-22,M005899,COMPLETED-CONSTRUCTION,1104023.72,,,,,,,,,,
2026-05-22,M005900,COMPLETED-CONSTRUCTION,2818064.99,,,,,,,,,,
2026-05-22,M005901,COMPLETED-CONSTRUCTION,833493.86,,,,,,,,,,
2026-05-22,M005902,COMPLETED-CONSTRUCTION,1839177.18,,,,,,,,,,
2026-05-22,M005903,COMPLETED-CONSTRUCTION,3319311.28,,,,,,,,,,
2026-05-22,M005904,COMPLETED-CONSTRUCTION,13658664.24,,,,,,,,,,
2026-05-22,M005905,COMPLETED-CONSTRUCTION,3328143.23,,,,,,,,,,
2026-05-22,M005906,COMPLETED-CONSTRUCTION,5561018.67,,,,,,,,,,
2026-05-22,M005907,COMPLETED-CONSTRUCTION,967894.77,,,,,,,,,,
2026-05-22,M005908,COMPLETED-CONSTRUCTION,1893786.81,,,,,,,,,,
2026-05-22,M005909,COMPLETED-CONSTRUCTION,2499287.56,,,,,,,,,,
2026-05-22,M005910,COMPLETED-CONSTRUCTION,1940487.15,,,,,,,,,,
2026-05-22,M005911,COMPLETED-CONSTRUCTION,5063032.16,,,,,,,,,,
2026-05-22,M005912,COMPLETED-CONSTRUCTION,800441.48,,,,,,,,,,
2026-05-22,M005913,COMPLETED-CONSTRUCTION,3559284.42,,,,,,,,,,
2026-05-22,M005914,COMPLETED-CONSTRUCTION,2645632.62,,,,,,,,,,
2026-05-22,M005915,COMPLETED-CONSTRUCTION,2642875.97,,,,,,,,,,
2026-05-22,M005916,COMPLETED-CONSTRUCTION,4185924.8,,,,,,,,,,
2026-05-22,M005917,COMPLETED-CONSTRUCTION,8891543.58,,,,,,,,,,
2026-05-22,M005918,COMPLETED-CONSTRUCTION,1262100.94,,,,,,,,,,
2026-05-22,M005919,COMPLETED-CONSTRUCTION,2187863.23,,,,,,,,,,
2026-05-22,M005920,COMPLETED-CONSTRUCTION,3421025.78,,,,,,,,,,
2026-05-22,M005921,COMPLETED-CONSTRUCTION,3055420.96,,,,,,,,,,
2026-05-22,M005922,COMPLETED-CONSTRUCTION,1784113.27,,,,,,,,,,
2026-05-22,M005923,COMPLETED-CONSTRUCTION,1903836.95,,,,,,,,,,
2026-05-22,M005924,COMPLETED-CONSTRUCTION,650125.99,,,,,,,,,,
2026-05-22,M005925,COMPLETED-CONSTRUCTION,1040486.14,,,,,,,,,,
2026-05-22,M005926,COMPLETED-CONSTRUCTION,2309880.81,,,,,,,,,,
2026-05-22,M005927,COMPLETED-CONSTRUCTION,1575422.8,,,,,,,,,,
2026-05-22,M005928,COMPLETED-CONSTRUCTION,4519802.09,,,,,,,,,,
2026-05-22,M005929,COMPLETED-CONSTRUCTION,2342936.38,,,,,,,,,,
2026-05-22,M005930,COMPLETED-CONSTRUCTION,1461431.03,,,,,,,,,,
2026-05-22,M005931,COMPLETED-CONSTRUCTION,17249123.4,,,,,,,,,,
2026-05-22,M005932,COMPLETED-CONSTRUCTION,204777.63,,,,,,,,,,
2026-05-22,M005933,COMPLETED-CONSTRUCTION,671734.95,,,,,,,,,,
2026-05-22,M005934,COMPLETED-CONSTRUCTION,243284.97,,,,,,,,,,
2026-05-22,M005935,COMPLETED-CONSTRUCTION,296542.18,,,,,,,,,,
2026-05-22,M005936,COMPLETED-CONSTRUCTION,567334.59,,,,,,,,,,
2026-05-22,M005938,COMPLETED-CONSTRUCTION,5612784.180000001,,,,,,,,,,
2026-05-22,M005939,COMPLETED-CONSTRUCTION,6767446.35,,,,,,,,,,
2026-05-22,M005940,COMPLETED-CONSTRUCTION,594238.55,,,,,,,,,,
2026-05-22,M005942,COMPLETED-CONSTRUCTION,14564686.99,,,,,,,,,,
2026-05-22,M005943,COMPLETED-CONSTRUCTION,1079331.69,,,,,,,,,,
2026-05-22,M005946,COMPLETED-CONSTRUCTION,1311822.28,,,,,,,,,,
2026-05-22,M005947,COMPLETED-CONSTRUCTION,1797473.18,,,,,,,,,,
2026-05-22,M005949,COMPLETED-CONSTRUCTION,684779.77,,,,,,,,,,
2026-05-22,M005950,COMPLETED-CONSTRUCTION,4029942.82,,,,,,,,,,
2026-05-22,M005952,COMPLETED-CONSTRUCTION,546006.01,,,,,,,,,,
2026-05-22,M005953,COMPLETED-CONSTRUCTION,926909.3,,,,,,,,,,
2026-05-22,M005954,COMPLETED-CONSTRUCTION,9156676.62,,,,,,,,,,
2026-05-22,M005955,COMPLETED-CONSTRUCTION,7123347.29,,,,,,,,,,
2026-05-22,M005956,COMPLETED-CONSTRUCTION,704046.49,,,,,,,,,,
2026-05-22,M005957,COMPLETED-CONSTRUCTION,900250.52,,,,,,,,,,
2026-05-22,M005958,COMPLETED-CONSTRUCTION,222202.7,,,,,,,,,,
2026-05-22,M005959,COMPLETED-CONSTRUCTION,3270374.33,,,,,,,,,,
2026-05-22,M005960,COMPLETED-CONSTRUCTION,2999493.22,,,,,,,,,,
2026-05-22,M005961,COMPLETED-CONSTRUCTION,10795864.14,,,,,,,,,,
2026-05-22,M005962,COMPLETED-CONSTRUCTION,1919248.84,,,,,,,,,,
2026-05-22,M005963,COMPLETED-CONSTRUCTION,244240.38,,,,,,,,,,
2026-05-22,M005964,COMPLETED-CONSTRUCTION,5616322.14,,,,,,,,,,
2026-05-22,M005965,COMPLETED-CONSTRUCTION,2107396.26,,,,,,,,,,
2026-05-22,M005966,COMPLETED-CONSTRUCTION,3200409.93,,,,,,,,,,
2026-05-22,M005967,COMPLETED-CONSTRUCTION,1397896.74,,,,,,,,,,
2026-05-22,M005968,COMPLETED-CONSTRUCTION,8483192.17,,,,,,,,,,
2026-05-22,M005969,COMPLETED-CONSTRUCTION,862000.17,,,,,,,,,,
2026-05-22,M005970,COMPLETED-CONSTRUCTION,5774496.45,,,,,,,,,,
2026-05-22,M005971,COMPLETED-CONSTRUCTION,2028513.27,,,,,,,,,,
2026-05-22,M005972,COMPLETED-CONSTRUCTION,2164573.26,,,,,,,,,,
2026-05-22,M005973,COMPLETED-CONSTRUCTION,1863230.1,,,,,,,,,,
2026-05-22,M005974,COMPLETED-CONSTRUCTION,373993.76,,,,,,,,,,
2026-05-22,M005975,COMPLETED-CONSTRUCTION,1635419.86,,,,,,,,,,
2026-05-22,M005976,COMPLETED-CONSTRUCTION,2816730.1,,,,,,,,,,
2026-05-22,M005978,COMPLETED-CONSTRUCTION,3097355.91,,,,,,,,,,
2026-05-22,M005979,COMPLETED-CONSTRUCTION,3099418.32,,,,,,,,,,
2026-05-22,M005980,COMPLETED-CONSTRUCTION,2043968.59,,,,,,,,,,
2026-05-22,M005981,COMPLETED-CONSTRUCTION,2318845.48,,,,,,,,,,
2026-05-22,M005982,COMPLETED-CONSTRUCTION,2036870.52,,,,,,,,,,
2026-05-22,M005983,COMPLETED-CONSTRUCTION,2501964.07,,,,,,,,,,
2026-05-22,M005985,COMPLETED-CONSTRUCTION,2372235.39,,,,,,,,,,
2026-05-22,M005986,COMPLETED-CONSTRUCTION,768211.19,,,,,,,,,,
2026-05-22,M005987,COMPLETED-CONSTRUCTION,1715582.35,,,,,,,,,,
2026-05-22,M005988,COMPLETED-CONSTRUCTION,3421903.59,,,,,,,,,,
2026-05-22,M005989,COMPLETED-CONSTRUCTION,2882113.21,,,,,,,,,,
2026-05-22,M005990,COMPLETED-CONSTRUCTION,3531122.26,,,,,,,,,,
2026-05-22,M005991,COMPLETED-CONSTRUCTION,2771154.84,,,,,,,,,,
2026-05-22,M005992,COMPLETED-CONSTRUCTION,2145198.39,,,,,,,,,,
2026-05-22,M005993,COMPLETED-CONSTRUCTION,2133660.63,,,,,,,,,,
2026-05-22,M005994,COMPLETED-CONSTRUCTION,2296874.46,,,,,,,,,,
2026-05-22,M005996,COMPLETED-CONSTRUCTION,2370672.51,,,,,,,,,,
2026-05-22,M005997,COMPLETED-CONSTRUCTION,2239648.14,,,,,,,,,,
2026-05-22,M005998,COMPLETED-CONSTRUCTION,1620659.47,,,,,,,,,,
2026-05-22,M005999,COMPLETED-CONSTRUCTION,1454636.72,,,,,,,,,,
2026-05-22,M006000,COMPLETED-CONSTRUCTION,4321039.38,,,,,,,,,,
2026-05-22,M006001,COMPLETED-CONSTRUCTION,1418206.14,,,,,,,,,,
2026-05-22,M006002,COMPLETED-CONSTRUCTION,1686123.36,,,,,,,,,,
2026-05-22,M006003,COMPLETED-CONSTRUCTION,2539787.9,,,,,,,,,,
2026-05-22,M006004,COMPLETED-CONSTRUCTION,260776.54,,,,,,,,,,
2026-05-22,M006005,COMPLETED-CONSTRUCTION,4273813.31,,,,,,,,,,
2026-05-22,M006006,COMPLETED-CONSTRUCTION,1751674.02,,,,,,,,,,
2026-05-22,M006007,COMPLETED-CONSTRUCTION,3414150.4,,,,,,,,,,
2026-05-22,M006008,COMPLETED-CONSTRUCTION,1854154.69,,,,,,,,,,
2026-05-22,M006009,COMPLETED-CONSTRUCTION,1882253.51,,,,,,,,,,
2026-05-22,M006010,COMPLETED-CONSTRUCTION,1463990.43,,,,,,,,,,
2026-05-22,M006011,COMPLETED-CONSTRUCTION,1969487.74,,,,,,,,,,
2026-05-22,M006012,COMPLETED-CONSTRUCTION,3039942.17,,,,,,,,,,
2026-05-22,M006013,COMPLETED-CONSTRUCTION,2597155.85,,,,,,,,,,
2026-05-22,M006014,COMPLETED-CONSTRUCTION,3026745.66,,,,,,,,,,
2026-05-22,M006015,COMPLETED-CONSTRUCTION,344851.46,,,,,,,,,,
2026-05-22,M006016,COMPLETED-CONSTRUCTION,4570993.23,,,,,,,,,,
2026-05-22,M006017,COMPLETED-CONSTRUCTION,17687078.56,,,,,,,,,,
2026-05-22,M006018,COMPLETED-CONSTRUCTION,666109.1,,,,,,,,,,
2026-05-22,M006019,COMPLETED-CONSTRUCTION,3281537.8299999996,,,,,,,,,,
2026-05-22,M006020,COMPLETED-CONSTRUCTION,1639630.93,,,,,,,,,,
2026-05-22,M006021,COMPLETED-CONSTRUCTION,13836526.19,,,,,,,,,,
2026-05-22,M006022,COMPLETED-CONSTRUCTION,6410708.73,,,,,,,,,,
2026-05-22,M006024,COMPLETED-CONSTRUCTION,15222301.77,,,,,,,,,,
2026-05-22,M006025,COMPLETED-CONSTRUCTION,1530681.0,,,,,,,,,,
2026-05-22,M006026,COMPLETED-CONSTRUCTION,2358097.12,,,,,,,,,,
2026-05-22,M006027,COMPLETED-CONSTRUCTION,636300.0,,,,,,,,,,
2026-05-22,M006028,COMPLETED-CONSTRUCTION,2377421.28,,,,,,,,,,
2026-05-22,M006029,COMPLETED-CONSTRUCTION,10762068.72,,,,,,,,,,
2026-05-22,M006030,COMPLETED-CONSTRUCTION,3110466.23,,,,,,,,,,
2026-05-22,M006031,COMPLETED-CONSTRUCTION,2132453.81,,,,,,,,,,
2026-05-22,M006032,COMPLETED-CONSTRUCTION,1786887.3,,,,,,,,,,
2026-05-22,M006033,COMPLETED-CONSTRUCTION,599502.1,,,,,,,,,,
2026-05-22,M006035,COMPLETED-CONSTRUCTION,349453.52,,,,,,,,,,
2026-05-22,M006036,COMPLETED-CONSTRUCTION,691091.5,,,,,,,,,,
2026-05-22,M006037,COMPLETED-CONSTRUCTION,3038649.3,,,,,,,,,,
2026-05-22,M006038,COMPLETED-CONSTRUCTION,674992.69,,,,,,,,,,
2026-05-22,M006039,COMPLETED-CONSTRUCTION,592420.55,,,,,,,,,,
2026-05-22,M006040,COMPLETED-CONSTRUCTION,5794970.65,,,,,,,,,,
2026-05-22,M006041,COMPLETED-CONSTRUCTION,6626573.07,,,,,,,,,,
2026-05-22,M006043,COMPLETED-CONSTRUCTION,3064763.37,,,,,,,,,,
2026-05-22,M006044,COMPLETED-CONSTRUCTION,2950038.22,,,,,,,,,,
2026-05-22,M006045,COMPLETED-CONSTRUCTION,2403826.77,,,,,,,,,,
2026-05-22,M006046,COMPLETED-CONSTRUCTION,4041124.79,,,,,,,,,,
2026-05-22,M006049,COMPLETED-CONSTRUCTION,14926449.63,,,,,,,,,,
2026-05-22,M006050,COMPLETED-CONSTRUCTION,25917585.0,,,,,,,,,,
2026-05-22,M006051,COMPLETED-CONSTRUCTION,14376561.19,,,,,,,,,,
2026-05-22,M006053,COMPLETED-CONSTRUCTION,1187694.69,,,,,,,,,,
2026-05-22,M006054,COMPLETED-CONSTRUCTION,1918722.85,,,,,,,,,,
2026-05-22,M006055,COMPLETED-CONSTRUCTION,717101.59,,,,,,,,,,
2026-05-22,M006056,COMPLETED-CONSTRUCTION,1768165.0499999998,,,,,,,,,,
2026-05-22,M006057,COMPLETED-CONSTRUCTION,1394828.55,,,,,,,,,,
2026-05-22,M006058,COMPLETED-CONSTRUCTION,16108282.49,,,,,,,,,,
2026-05-22,M006059,COMPLETED-CONSTRUCTION,7170735.51,,,,,,,,,,
2026-05-22,M006060,COMPLETED-CONSTRUCTION,9809992.93,,,,,,,,,,
2026-05-22,M006061,COMPLETED-CONSTRUCTION,5008632.24,,,,,,,,,,
2026-05-22,M006062,COMPLETED-CONSTRUCTION,25501692.0,,,,,,,,,,
2026-05-22,M006063,COMPLETED-CONSTRUCTION,16394509.2,,,,,,,,,,
2026-05-22,M006064,PRE-CONSTRUCTION,1960126.72,,,,,,,,,,
2026-05-22,M006066,COMPLETED-CONSTRUCTION,895378.64,,,,,,,,,,
2026-05-22,M006067,COMPLETED-CONSTRUCTION,1534339.48,,,,,,,,,,
2026-05-22,M006068,COMPLETED-CONSTRUCTION,8382454.6,,,,,,,,,,
2026-05-22,M006069,COMPLETED-CONSTRUCTION,785340.72,,,,,,,,,,
2026-05-22,M006071,PRE-CONSTRUCTION,246500.0,,,,,,,,,,
2026-05-22,M006072,PRE-CONSTRUCTION,783000.0,,,,,,,,,,
2026-05-22,M006073,PRE-CONSTRUCTION,209200.0,,,,,,,,,,
2026-05-22,M006074,PRE-CONSTRUCTION,116200.0,,,,,,,,,,
2026-05-22,M006075,COMPLETED-CONSTRUCTION,5114105.399999999,,,,,,,,,,
2026-05-22,M006076,COMPLETED-CONSTRUCTION,3066483.57,,,,,,,,,,
2026-05-22,M006077,COMPLETED-CONSTRUCTION,801885.78,,,,,,,,,,
2026-05-22,M006078,COMPLETED-CONSTRUCTION,2258790.51,,,,,,,,,,
2026-05-22,M006079,COMPLETED-CONSTRUCTION,1251579.58,,,,,,,,,,
2026-05-22,M006080,COMPLETED-CONSTRUCTION,4688891.97,,,,,,,,,,
2026-05-22,M006081,COMPLETED-CONSTRUCTION,5049192.79,,,,,,,,,,
2026-05-22,M006082,COMPLETED-CONSTRUCTION,2700852.11,,,,,,,,,,
2026-05-22,M006083,COMPLETED-CONSTRUCTION,8665344.63,,,,,,,,,,
2026-05-22,M006084,COMPLETED-CONSTRUCTION,2035693.74,,,,,,,,,,
2026-05-22,M006085,COMPLETED-CONSTRUCTION,4241828.94,,,,,,,,,,
2026-05-22,M006086,COMPLETED-CONSTRUCTION,1452756.52,,,,,,,,,,
2026-05-22,M006087,COMPLETED-CONSTRUCTION,600251.26,,,,,,,,,,
2026-05-22,M006088,COMPLETED-CONSTRUCTION,688268.02,,,,,,,,,,
2026-05-22,M006089,COMPLETED-CONSTRUCTION,2863712.59,,,,,,,,,,
2026-05-22,M006090,COMPLETED-CONSTRUCTION,1125263.8,,,,,,,,,,
2026-05-22,M006091,COMPLETED-CONSTRUCTION,862285.32,,,,,,,,,,
2026-05-22,M006092,COMPLETED-CONSTRUCTION,3071955.4,,,,,,,,,,
2026-05-22,M006093,COMPLETED-CONSTRUCTION,2769705.32,,,,,,,,,,
2026-05-22,M006094,COMPLETED-CONSTRUCTION,1673439.88,,,,,,,,,,
2026-05-22,M006095,COMPLETED-CONSTRUCTION,7544283.81,,,,,,,,,,
2026-05-22,M006096,COMPLETED-CONSTRUCTION,3916342.67,,,,,,,,,,
2026-05-22,M006097,COMPLETED-CONSTRUCTION,7855566.84,,,,,,,,,,
2026-05-22,M006098,COMPLETED-CONSTRUCTION,3840980.34,,,,,,,,,,
2026-05-22,M006099,COMPLETED-CONSTRUCTION,663776.28,,,,,,,,,,
2026-05-22,M006100,COMPLETED-CONSTRUCTION,8016956.25,,,,,,,,,,
2026-05-22,M006101,COMPLETED-CONSTRUCTION,3546698.97,,,,,,,,,,
2026-05-22,M006102,COMPLETED-CONSTRUCTION,4816784.98,,,,,,,,,,
2026-05-22,M006103,COMPLETED-CONSTRUCTION,3443134.65,,,,,,,,,,
2026-05-22,M006104,COMPLETED-CONSTRUCTION,3392833.44,,,,,,,,,,
2026-05-22,M006105,COMPLETED-CONSTRUCTION,42670671.13,,,,,,,,,,
2026-05-22,M006106,COMPLETED-CONSTRUCTION,492964.85,,,,,,,,,,
2026-05-22,M006107,COMPLETED-CONSTRUCTION,2383005.14,,,,,,,,,,
2026-05-22,M006108,COMPLETED-CONSTRUCTION,3300900.82,,,,,,,,,,
2026-05-22,M006109,COMPLETED-CONSTRUCTION,2292846.0,,,,,,,,,,
2026-05-22,M006110,UNDER-CONSTRUCTION,1430470.84,,,,,,,,,,
2026-05-22,M006111,COMPLETED-CONSTRUCTION,483232.3,,,,,,,,,,
2026-05-22,M006112,COMPLETED-CONSTRUCTION,256347.6,,,,,,,,,,
2026-05-22,M006113,COMPLETED-CONSTRUCTION,3460162.75,,,,,,,,,,
2026-05-22,M006114,COMPLETED-CONSTRUCTION,4131280.87,,,,,,,,,,
2026-05-22,M006115,COMPLETED-CONSTRUCTION,6291886.46,,,,,,,,,,
2026-05-22,M006116,COMPLETED-CONSTRUCTION,1345548.44,,,,,,,,,,
2026-05-22,M006117,COMPLETED-CONSTRUCTION,3954232.84,,,,,,,,,,
2026-05-22,M006118,COMPLETED-CONSTRUCTION,2585236.03,,,,,,,,,,
2026-05-22,M006119,COMPLETED-CONSTRUCTION,2696112.59,,,,,,,,,,
2026-05-22,M006120,COMPLETED-CONSTRUCTION,986671.53,,,,,,,,,,
2026-05-22,M006121,COMPLETED-CONSTRUCTION,4325052.38,,,,,,,,,,
2026-05-22,M006122,COMPLETED-CONSTRUCTION,6432912.55,,,,,,,,,,
2026-05-22,M006123,COMPLETED-CONSTRUCTION,2340154.47,,,,,,,,,,
2026-05-22,M006124,UNDER-CONSTRUCTION,5568869.81,,,,,,,,,,
2026-05-22,M006125,COMPLETED-CONSTRUCTION,2047675.84,,,,,,,,,,
2026-05-22,M006126,COMPLETED-CONSTRUCTION,603743.5,,,,,,,,,,
2026-05-22,M006127,COMPLETED-CONSTRUCTION,4541890.0,,,,,,,,,,
2026-05-22,M006128,COMPLETED-CONSTRUCTION,1101931.1,,,,,,,,,,
2026-05-22,M006129,COMPLETED-CONSTRUCTION,1810691.64,,,,,,,,,,
2026-05-22,M006130,COMPLETED-CONSTRUCTION,4623207.62,,,,,,,,,,
2026-05-22,M006131,COMPLETED-CONSTRUCTION,2750155.5,,,,,,,,,,
2026-05-22,M006132,COMPLETED-CONSTRUCTION,2598896.1,,,,,,,,,,
2026-05-22,M006133,COMPLETED-CONSTRUCTION,1478304.06,,,,,,,,,,
2026-05-22,M006134,COMPLETED-CONSTRUCTION,1654908.13,,,,,,,,,,
2026-05-22,M006135,COMPLETED-CONSTRUCTION,477612.11,,,,,,,,,,
2026-05-22,M006136,COMPLETED-CONSTRUCTION,3243348.74,,,,,,,,,,
2026-05-22,M006137,COMPLETED-CONSTRUCTION,811206.62,,,,,,,,,,
2026-05-22,M006138,COMPLETED-CONSTRUCTION,2616847.39,,,,,,,,,,
2026-05-22,M006139,COMPLETED-CONSTRUCTION,2097813.45,,,,,,,,,,
2026-05-22,M006140,COMPLETED-CONSTRUCTION,4850503.73,,,,,,,,,,
2026-05-22,M006141,COMPLETED-CONSTRUCTION,1443629.54,,,,,,,,,,
2026-05-22,M006142,COMPLETED-CONSTRUCTION,3266840.4,,,,,,,,,,
2026-05-22,M006143,COMPLETED-CONSTRUCTION,4573442.32,,,,,,,,,,
2026-05-22,M006144,COMPLETED-CONSTRUCTION,2617951.29,,,,,,,,,,
2026-05-22,M006145,COMPLETED-CONSTRUCTION,4953916.95,,,,,,,,,,
2026-05-22,M006146,COMPLETED-CONSTRUCTION,2032306.28,,,,,,,,,,
2026-05-22,M006147,COMPLETED-CONSTRUCTION,743042.09,,,,,,,,,,
2026-05-22,M006148,COMPLETED-CONSTRUCTION,2578729.38,,,,,,,,,,
2026-05-22,M006149,COMPLETED-CONSTRUCTION,2339002.82,,,,,,,,,,
2026-05-22,M006150,COMPLETED-CONSTRUCTION,735611.96,,,,,,,,,,
2026-05-22,M006151,COMPLETED-CONSTRUCTION,502551.05,,,,,,,,,,
2026-05-22,M006152,COMPLETED-CONSTRUCTION,968016.33,,,,,,,,,,
2026-05-22,M006153,COMPLETED-CONSTRUCTION,3070902.9400000004,,,,,,,,,,
2026-05-22,M006154,COMPLETED-CONSTRUCTION,2110752.86,,,,,,,,,,
2026-05-22,M006155,COMPLETED-CONSTRUCTION,2277653.27,,,,,,,,,,
2026-05-22,M006156,COMPLETED-CONSTRUCTION,4434431.11,,,,,,,,,,
2026-05-22,M006157,COMPLETED-CONSTRUCTION,975505.98,,,,,,,,,,
2026-05-22,M006158,COMPLETED-CONSTRUCTION,3308613.93,,,,,,,,,,
2026-05-22,M006160,COMPLETED-CONSTRUCTION,591288.07,,,,,,,,,,
2026-05-22,M006161,COMPLETED-CONSTRUCTION,2060000.0,,,,,,,,,,
2026-05-22,M006162,COMPLETED-CONSTRUCTION,4935268.43,,,,,,,,,,
2026-05-22,M006163,COMPLETED-CONSTRUCTION,1437704.21,,,,,,,,,,
2026-05-22,M006164,COMPLETED-CONSTRUCTION,868383.7799999999,,,,,,,,,,
2026-05-22,M006165,COMPLETED-CONSTRUCTION,3367552.58,,,,,,,,,,
2026-05-22,M006166,COMPLETED-CONSTRUCTION,6726751.91,,,,,,,,,,
2026-05-22,M006167,COMPLETED-CONSTRUCTION,37719737.51,,,,,,,,,,
2026-05-22,M006168,PRE-CONSTRUCTION,2669585.0,,,,,,,,,,
2026-05-22,M006169,PRE-CONSTRUCTION,0.0,,,,,,,,,,
2026-05-22,M006170,PRE-CONSTRUCTION,3416837.37,,,,,,,,,,
2026-05-22,M006171,UNDER-CONSTRUCTION,0.0,,,,,,,,,,
2026-05-22,M006172,PRE-CONSTRUCTION,1962816.45,,,,,,,,,,
2026-05-22,M006173,COMPLETED-CONSTRUCTION,2103896.66,,,,,,,,,,
2026-05-22,M006174,PRE-CONSTRUCTION,1603764.66,,,,,,,,,,
2026-05-22,M006175,COMPLETED-CONSTRUCTION,1757232.34,,,,,,,,,,
2026-05-22,M006176,COMPLETED-CONSTRUCTION,2825694.17,,,,,,,,,,
2026-05-22,M006177,COMPLETED-CONSTRUCTION,1261216.14,,,,,,,,,,
2026-05-22,M006178,COMPLETED-CONSTRUCTION,6600730.63,,,,,,,,,,
2026-05-22,M006179,UNDER-CONSTRUCTION,2149894.18,,,,,,,,,,
2026-05-22,M006180,COMPLETED-CONSTRUCTION,2238376.14,,,,,,,,,,
2026-05-22,M006182,PRE-CONSTRUCTION,1815000.71,,,,,,,,,,
2026-05-22,M006183,COMPLETED-CONSTRUCTION,4042885.01,,,,,,,,,,
2026-05-22,M006184,COMPLETED-CONSTRUCTION,870477.28,,,,,,,,,,
2026-05-22,M006185,COMPLETED-CONSTRUCTION,1424597.28,,,,,,,,,,
2026-05-22,M006186,COMPLETED-CONSTRUCTION,3267926.62,,,,,,,,,,
2026-05-22,M006187,COMPLETED-CONSTRUCTION,6408514.26,,,,,,,,,,
2026-05-22,M006188,COMPLETED-CONSTRUCTION,3107343.86,,,,,,,,,,
2026-05-22,M006189,COMPLETED-CONSTRUCTION,4135556.04,,,,,,,,,,
2026-05-22,M006190,COMPLETED-CONSTRUCTION,2256158.04,,,,,,,,,,
2026-05-22,M006191,COMPLETED-CONSTRUCTION,1539055.82,,,,,,,,,,
2026-05-22,M006192,COMPLETED-CONSTRUCTION,9443861.61,,,,,,,,,,
2026-05-22,M006193,COMPLETED-CONSTRUCTION,1511901.56,,,,,,,,,,
2026-05-22,M006194,COMPLETED-CONSTRUCTION,2027587.24,,,,,,,,,,
2026-05-22,M006196,COMPLETED-CONSTRUCTION,675779.53,,,,,,,,,,
2026-05-22,M006197,COMPLETED-CONSTRUCTION,2816114.2,,,,,,,,,,
2026-05-22,M006198,COMPLETED-CONSTRUCTION,1161400.0,,,,,,,,,,
2026-05-22,M006199,COMPLETED-CONSTRUCTION,1426782.99,,,,,,,,,,
2026-05-22,M006201,COMPLETED-CONSTRUCTION,1747235.0,,,,,,,,,,
2026-05-22,M006202,COMPLETED-CONSTRUCTION,824500.0,,,,,,,,,,
2026-05-22,M006203,COMPLETED-CONSTRUCTION,263210.6,,,,,,,,,,
2026-05-22,M006204,COMPLETED-CONSTRUCTION,2180550.45,,,,,,,,,,
2026-05-22,M006205,COMPLETED-CONSTRUCTION,865000.0,,,,,,,,,,
2026-05-22,M006206,UNDER-CONSTRUCTION,1067000.0,,,,,,,,,,
2026-05-22,M006207,COMPLETED-CONSTRUCTION,1731248.7200000002,,,,,,,,,,
2026-05-22,M006208,COMPLETED-CONSTRUCTION,2606333.5,,,,,,,,,,
2026-05-22,M006209,COMPLETED-CONSTRUCTION,1088661.0,,,,,,,,,,
2026-05-22,M006210,COMPLETED-CONSTRUCTION,997584.0,,,,,,,,,,
2026-05-22,M006212,COMPLETED-CONSTRUCTION,5386297.9,,,,,,,,,,
2026-05-22,M006213,COMPLETED-CONSTRUCTION,1664103.13,,,,,,,,,,
2026-05-22,M006214,COMPLETED-CONSTRUCTION,4083798.26,,,,,,,,,,
2026-05-22,M006215,COMPLETED-CONSTRUCTION,2977643.1,,,,,,,,,,
2026-05-22,M006216,COMPLETED-CONSTRUCTION,7123899.8,,,,,,,,,,
2026-05-22,M006217,COMPLETED-CONSTRUCTION,8244028.58,,,,,,,,,,
2026-05-22,M006218,COMPLETED-CONSTRUCTION,5587974.01,,,,,,,,,,
2026-05-22,M006219,COMPLETED-CONSTRUCTION,6878504.0,,,,,,,,,,
2026-05-22,M006220,COMPLETED-CONSTRUCTION,1954138.26,,,,,,,,,,
2026-05-22,M006221,COMPLETED-CONSTRUCTION,1079585.73,,,,,,,,,,
2026-05-22,M006222,COMPLETED-CONSTRUCTION,2848551.92,,,,,,,,,,
2026-05-22,M006223,COMPLETED-CONSTRUCTION,6731715.65,,,,,,,,,,
2026-05-22,M006224,COMPLETED-CONSTRUCTION,4694897.68,,,,,,,,,,
2026-05-22,M006225,COMPLETED-CONSTRUCTION,3413757.24,,,,,,,,,,
2026-05-22,M006226,COMPLETED-CONSTRUCTION,1884987.54,,,,,,,,,,
2026-05-22,M006227,COMPLETED-CONSTRUCTION,5224520.75,,,,,,,,,,
2026-05-22,M006229,COMPLETED-CONSTRUCTION,4571728.45,,,,,,,,,,
2026-05-22,M006230,COMPLETED-CONSTRUCTION,1544432.16,,,,,,,,,,
2026-05-22,M006231,COMPLETED-CONSTRUCTION,1727629.77,,,,,,,,,,
2026-05-22,M006232,COMPLETED-CONSTRUCTION,1895001.42,,,,,,,,,,
2026-05-22,M006233,COMPLETED-CONSTRUCTION,4151085.91,,,,,,,,,,
2026-05-22,M006234,COMPLETED-CONSTRUCTION,4175243.81,,,,,,,,,,
2026-05-22,M006235,COMPLETED-CONSTRUCTION,7497984.25,,,,,,,,,,
2026-05-22,M006236,COMPLETED-CONSTRUCTION,2428667.76,,,,,,,,,,
2026-05-22,M006237,COMPLETED-CONSTRUCTION,12019852.08,,,,,,,,,,
2026-05-22,M006238,COMPLETED-CONSTRUCTION,6577716.53,,,,,,,,,,
2026-05-22,M006239,COMPLETED-CONSTRUCTION,9446576.43,,,,,,,,,,
2026-05-22,M006240,COMPLETED-CONSTRUCTION,3285249.4,,,,,,,,,,
2026-05-22,M006241,COMPLETED-CONSTRUCTION,5594581.76,,,,,,,,,,
2026-05-22,M006242,COMPLETED-CONSTRUCTION,5936528.5,,,,,,,,,,
2026-05-22,M006243,COMPLETED-CONSTRUCTION,9231047.6,,,,,,,,,,
2026-05-22,M006244,COMPLETED-CONSTRUCTION,5996606.34,,,,,,,,,,
2026-05-22,M006245,COMPLETED-CONSTRUCTION,7494264.64,,,,,,,,,,
2026-05-22,M006246,COMPLETED-CONSTRUCTION,2612792.49,,,,,,,,,,
2026-05-22,M006247,COMPLETED-CONSTRUCTION,15877076.44,,,,,,,,,,
2026-05-22,M006248,COMPLETED-CONSTRUCTION,8160273.58,,,,,,,,,,
2026-05-22,M006249,COMPLETED-CONSTRUCTION,3853739.36,,,,,,,,,,
2026-05-22,M006250,COMPLETED-CONSTRUCTION,7240620.7,,,,,,,,,,
2026-05-22,M006251,COMPLETED-CONSTRUCTION,8346968.6,,,,,,,,,,
2026-05-22,M006252,COMPLETED-CONSTRUCTION,4837046.55,,,,,,,,,,
2026-05-22,M006253,COMPLETED-CONSTRUCTION,7298389.44,,,,,,,,,,
2026-05-22,M006254,COMPLETED-CONSTRUCTION,1103320.61,,,,,,,,,,
2026-05-22,M006255,COMPLETED-CONSTRUCTION,4290631.6,,,,,,,,,,
2026-05-22,M006256,COMPLETED-CONSTRUCTION,6724815.0,,,,,,,,,,
2026-05-22,M006257,COMPLETED-CONSTRUCTION,6526018.7,,,,,,,,,,
2026-05-22,M006258,COMPLETED-CONSTRUCTION,8268953.19,,,,,,,,,,
2026-05-22,M006259,COMPLETED-CONSTRUCTION,1561653.09,,,,,,,,,,
2026-05-22,M006260,COMPLETED-CONSTRUCTION,4830192.67,,,,,,,,,,
2026-05-22,M006261,COMPLETED-CONSTRUCTION,1849578.8,,,,,,,,,,
2026-05-22,M006262,UNDER-CONSTRUCTION,5850000.0,,,,,,,,,,
2026-05-22,M006263,COMPLETED-CONSTRUCTION,2362036.0,,,,,,,,,,
2026-05-22,M006264,UNDER-CONSTRUCTION,1346302.48,,,,,,,,,,
2026-05-22,M006265,COMPLETED-CONSTRUCTION,1035770.0,,,,,,,,,,
2026-05-22,M006266,COMPLETED-CONSTRUCTION,2332049.7,,,,,,,,,,
2026-05-22,M006267,COMPLETED-CONSTRUCTION,7913511.79,,,,,,,,,,
2026-05-22,M006268,COMPLETED-CONSTRUCTION,1793274.33,,,,,,,,,,
2026-05-22,M006269,COMPLETED-CONSTRUCTION,3404678.06,,,,,,,,,,
2026-05-22,M006270,COMPLETED-CONSTRUCTION,2829008.74,,,,,,,,,,
2026-05-22,M006271,COMPLETED-CONSTRUCTION,8002905.91,,,,,,,,,,
2026-05-22,M006272,COMPLETED-CONSTRUCTION,4423953.52,,,,,,,,,,
2026-05-22,M006273,PRE-CONSTRUCTION,51500000.0,,,,,,,,,,
2026-05-22,M006274,PRE-CONSTRUCTION,51500000.0,,,,,,,,,,
2026-05-22,M006275,UNDER-CONSTRUCTION,5551440.0,,,,,,,,,,
2026-05-22,M006276,COMPLETED-CONSTRUCTION,2677756.46,,,,,,,,,,
2026-05-22,M006277,COMPLETED-CONSTRUCTION,3276158.09,,,,,,,,,,
2026-05-22,M006278,COMPLETED-CONSTRUCTION,5304308.36,,,,,,,,,,
2026-05-22,M006279,COMPLETED-CONSTRUCTION,592668.82,,,,,,,,,,
2026-05-22,M006280,COMPLETED-CONSTRUCTION,4266152.23,,,,,,,,,,
2026-05-22,M006281,COMPLETED-CONSTRUCTION,876212.3,,,,,,,,,,
2026-05-22,M006282,COMPLETED-CONSTRUCTION,3068322.54,,,,,,,,,,
2026-05-22,M006283,COMPLETED-CONSTRUCTION,4437309.08,,,,,,,,,,
2026-05-22,M006284,COMPLETED-CONSTRUCTION,3808397.71,,,,,,,,,,
2026-05-22,M006285,COMPLETED-CONSTRUCTION,2325800.87,,,,,,,,,,
2026-05-22,M006286,COMPLETED-CONSTRUCTION,1380003.4,,,,,,,,,,
2026-05-22,M006287,COMPLETED-CONSTRUCTION,2033960.6,,,,,,,,,,
2026-05-22,M006289,UNDER-CONSTRUCTION,3197304.02,,,,,,,,,,
2026-05-22,M006290,COMPLETED-CONSTRUCTION,5745249.66,,,,,,,,,,
2026-05-22,M006291,UNDER-CONSTRUCTION,432812.27,,,,,,,,,,
2026-05-22,M006292,COMPLETED-CONSTRUCTION,7190638.72,,,,,,,,,,
2026-05-22,M006293,COMPLETED-CONSTRUCTION,4955227.63,,,,,,,,,,
2026-05-22,M006295,COMPLETED-CONSTRUCTION,1671285.15,,,,,,,,,,
2026-05-22,M006296,COMPLETED-CONSTRUCTION,1170314.47,,,,,,,,,,
2026-05-22,M006298,COMPLETED-CONSTRUCTION,30183542.51,,,,,,,,,,
2026-05-22,M006300,COMPLETED-CONSTRUCTION,3856549.1,,,,,,,,,,
2026-05-22,M006302,COMPLETED-CONSTRUCTION,3390183.36,,,,,,,,,,
2026-05-22,M006303,COMPLETED-CONSTRUCTION,2863149.35,,,,,,,,,,
2026-05-22,M006308,COMPLETED-CONSTRUCTION,7450196.18,,,,,,,,,,
2026-05-22,M006309,COMPLETED-CONSTRUCTION,179711.78,,,,,,,,,,
2026-05-22,M006310,COMPLETED-CONSTRUCTION,3360000.0,,,,,,,,,,
2026-05-22,M006311,COMPLETED-CONSTRUCTION,6149000.0,,,,,,,,,,
2026-05-22,M006312,COMPLETED-CONSTRUCTION,1188200.0,,,,,,,,,,
2026-05-22,M006313,COMPLETED-CONSTRUCTION,2680301.2,,,,,,,,,,
2026-05-22,M006314,COMPLETED-CONSTRUCTION,3781109.18,,,,,,,,,,
2026-05-22,M006315,COMPLETED-CONSTRUCTION,1479915.38,,,,,,,,,,
2026-05-22,M006316,UNDER-CONSTRUCTION,1675502.93,,,,,,,,,,
2026-05-22,M006317,COMPLETED-CONSTRUCTION,1231248.45,,,,,,,,,,
2026-05-22,M006318,COMPLETED-CONSTRUCTION,3218533.98,,,,,,,,,,
2026-05-22,M006319,COMPLETED-CONSTRUCTION,2559912.73,,,,,,,,,,
2026-05-22,M006320,COMPLETED-CONSTRUCTION,4664587.03,,,,,,,,,,
2026-05-22,M006321,COMPLETED-CONSTRUCTION,6365217.96,,,,,,,,,,
2026-05-22,M006322,COMPLETED-CONSTRUCTION,3532655.79,,,,,,,,,,
2026-05-22,M006323,COMPLETED-CONSTRUCTION,5727722.47,,,,,,,,,,
2026-05-22,M006324,COMPLETED-CONSTRUCTION,1049383.45,,,,,,,,,,
2026-05-22,M006325,COMPLETED-CONSTRUCTION,1140882.61,,,,,,,,,,
2026-05-22,M006326,COMPLETED-CONSTRUCTION,8805752.07,,,,,,,,,,
2026-05-22,M006327,COMPLETED-CONSTRUCTION,2378429.64,,,,,,,,,,
2026-05-22,M006328,COMPLETED-CONSTRUCTION,3244668.99,,,,,,,,,,
2026-05-22,M006329,COMPLETED-CONSTRUCTION,1763764.46,,,,,,,,,,
2026-05-22,M006330,COMPLETED-CONSTRUCTION,6896278.99,,,,,,,,,,
2026-05-22,M006331,COMPLETED-CONSTRUCTION,6695433.63,,,,,,,,,,
2026-05-22,M006332,COMPLETED-CONSTRUCTION,3076272.8,,,,,,,,,,
2026-05-22,M006333,COMPLETED-CONSTRUCTION,6895484.63,,,,,,,,,,
2026-05-22,M006335,COMPLETED-CONSTRUCTION,5138902.22,,,,,,,,,,
2026-05-22,M006336,COMPLETED-CONSTRUCTION,1092214.77,,,,,,,,,,
2026-05-22,M006337,COMPLETED-CONSTRUCTION,873258.23,,,,,,,,,,
2026-05-22,M006338,COMPLETED-CONSTRUCTION,4978087.2,,,,,,,,,,
2026-05-22,M006339,COMPLETED-CONSTRUCTION,1987624.36,,,,,,,,,,
2026-05-22,M006340,COMPLETED-CONSTRUCTION,6704325.78,,,,,,,,,,
2026-05-22,M006341,COMPLETED-CONSTRUCTION,15241611.59,,,,,,,,,,
2026-05-22,M006342,COMPLETED-CONSTRUCTION,3845008.35,,,,,,,,,,
2026-05-22,M006343,COMPLETED-CONSTRUCTION,686067.32,,,,,,,,,,
2026-05-22,M006344,UNDER-CONSTRUCTION,2395000.0,,,,,,,,,,
2026-05-22,M006345,COMPLETED-CONSTRUCTION,1387076.13,,,,,,,,,,
2026-05-22,M006346,COMPLETED-CONSTRUCTION,1394848.44,,,,,,,,,,
2026-05-22,M006347,COMPLETED-CONSTRUCTION,1098288.14,,,,,,,,,,
2026-05-22,M006348,COMPLETED-CONSTRUCTION,806480.96,,,,,,,,,,
2026-05-22,M006349,COMPLETED-CONSTRUCTION,11001593.12,,,,,,,,,,
2026-05-22,M006350,UNDER-CONSTRUCTION,13892653.32,,,,,,,,,,
2026-05-22,M006351,COMPLETED-CONSTRUCTION,20067745.53,,,,,,,,,,
2026-05-22,M006352,COMPLETED-CONSTRUCTION,1279675.05,,,,,,,,,,
2026-05-22,M006353,COMPLETED-CONSTRUCTION,6125884.88,,,,,,,,,,
2026-05-22,M006354,COMPLETED-CONSTRUCTION,1446978.15,,,,,,,,,,
2026-05-22,M006355,COMPLETED-CONSTRUCTION,1171506.0,,,,,,,,,,
2026-05-22,M006356,COMPLETED-CONSTRUCTION,2357902.0,,,,,,,,,,
2026-05-22,M006357,UNDER-CONSTRUCTION,1316672.0,,,,,,,,,,
2026-05-22,M006359,UNDER-CONSTRUCTION,1900135.0,,,,,,,,,,
2026-05-22,M006361,COMPLETED-CONSTRUCTION,5468515.62,,,,,,,,,,
2026-05-22,M006362,COMPLETED-CONSTRUCTION,7098929.57,,,,,,,,,,
2026-05-22,M006363,COMPLETED-CONSTRUCTION,1009039.34,,,,,,,,,,
2026-05-22,M006364,COMPLETED-CONSTRUCTION,5048485.95,,,,,,,,,,
2026-05-22,M006365,COMPLETED-CONSTRUCTION,4411049.34,,,,,,,,,,
2026-05-22,M006366,COMPLETED-CONSTRUCTION,1791691.1,,,,,,,,,,
2026-05-22,M006367,COMPLETED-CONSTRUCTION,852598.05,,,,,,,,,,
2026-05-22,M006368,COMPLETED-CONSTRUCTION,16022640.0,,,,,,,,,,
2026-05-22,M006369,COMPLETED-CONSTRUCTION,1072260.51,,,,,,,,,,
2026-05-22,M006370,COMPLETED-CONSTRUCTION,3195179.49,,,,,,,,,,
2026-05-22,M006371,COMPLETED-CONSTRUCTION,1131671.01,,,,,,,,,,
2026-05-22,M006372,COMPLETED-CONSTRUCTION,2423869.75,,,,,,,,,,
2026-05-22,M006373,COMPLETED-CONSTRUCTION,4237833.19,,,,,,,,,,
2026-05-22,M006374,COMPLETED-CONSTRUCTION,1130934.45,,,,,,,,,,
2026-05-22,M006375,COMPLETED-CONSTRUCTION,2841387.56,,,,,,,,,,
2026-05-22,M006376,COMPLETED-CONSTRUCTION,6171045.99,,,,,,,,,,
2026-05-22,M006377,COMPLETED-CONSTRUCTION,6212193.35,,,,,,,,,,
2026-05-22,M006378,COMPLETED-CONSTRUCTION,1398275.0,,,,,,,,,,
2026-05-22,M006379,COMPLETED-CONSTRUCTION,2264227.64,,,,,,,,,,
2026-05-22,M006380,COMPLETED-CONSTRUCTION,1633062.79,,,,,,,,,,
2026-05-22,M006381,PRE-CONSTRUCTION,352822.0,,,,,,,,,,
2026-05-22,M006382,COMPLETED-CONSTRUCTION,446508.88,,,,,,,,,,
2026-05-22,M006383,COMPLETED-CONSTRUCTION,317832.86,,,,,,,,,,
2026-05-22,M006384,COMPLETED-CONSTRUCTION,780982.5,,,,,,,,,,
2026-05-22,M006385,COMPLETED-CONSTRUCTION,394021.2,,,,,,,,,,
2026-05-22,M006386,COMPLETED-CONSTRUCTION,517084.65,,,,,,,,,,
2026-05-22,M006387,COMPLETED-CONSTRUCTION,1081170.0,,,,,,,,,,
2026-05-22,M006388,UNDER-CONSTRUCTION,1108040.7,,,,,,,,,,
2026-05-22,M006389,UNDER-CONSTRUCTION,1765915.0,,,,,,,,,,
2026-05-22,M006391,COMPLETED-CONSTRUCTION,2641112.63,,,,,,,,,,
2026-05-22,M006392,COMPLETED-CONSTRUCTION,764846.0,,,,,,,,,,
2026-05-22,M006393,UNDER-CONSTRUCTION,767693.0,,,,,,,,,,
2026-05-22,M006394,COMPLETED-CONSTRUCTION,12793622.32,,,,,,,,,,
2026-05-22,M006395,COMPLETED-CONSTRUCTION,3811310.21,,,,,,,,,,
2026-05-22,M006396,COMPLETED-CONSTRUCTION,7463229.83,,,,,,,,,,
2026-05-22,M006397,COMPLETED-CONSTRUCTION,1479251.49,,,,,,,,,,
2026-05-22,M006398,COMPLETED-CONSTRUCTION,16432822.53,,,,,,,,,,
2026-05-22,M006399,COMPLETED-CONSTRUCTION,4388326.65,,,,,,,,,,
2026-05-22,M006400,UNDER-CONSTRUCTION,3413344.29,,,,,,,,,,
2026-05-22,M006401,COMPLETED-CONSTRUCTION,11593486.29,,,,,,,,,,
2026-05-22,M006402,COMPLETED-CONSTRUCTION,1123789.28,,,,,,,,,,
2026-05-22,M006403,COMPLETED-CONSTRUCTION,2694483.25,,,,,,,,,,
2026-05-22,M006404,COMPLETED-CONSTRUCTION,2388696.14,,,,,,,,,,
2026-05-22,M006405,COMPLETED-CONSTRUCTION,2354305.15,,,,,,,,,,
2026-05-22,M006406,COMPLETED-CONSTRUCTION,6680901.49,,,,,,,,,,
2026-05-22,M006407,COMPLETED-CONSTRUCTION,7936589.64,,,,,,,,,,
2026-05-22,M006408,COMPLETED-CONSTRUCTION,1999327.47,,,,,,,,,,
2026-05-22,M006409,PRE-CONSTRUCTION,7153963.94,,,,,,,,,,
2026-05-22,M006410,UNDER-CONSTRUCTION,4193623.93,,,,,,,,,,
2026-05-22,M006411,COMPLETED-CONSTRUCTION,2411480.14,,,,,,,,,,
2026-05-22,M006412,UNDER-CONSTRUCTION,2288791.14,,,,,,,,,,
2026-05-22,M006413,UNDER-CONSTRUCTION,1533758.33,,,,,,,,,,
2026-05-22,M006414,COMPLETED-CONSTRUCTION,2697400.0,,,,,,,,,,
2026-05-22,M006415,COMPLETED-CONSTRUCTION,10021543.3,,,,,,,,,,
2026-05-22,M006416,COMPLETED-CONSTRUCTION,3156880.88,,,,,,,,,,
2026-05-22,M006417,COMPLETED-CONSTRUCTION,6221183.0,,,,,,,,,,
2026-05-22,M006418,UNDER-CONSTRUCTION,2447046.32,,,,,,,,,,
2026-05-22,M006419,COMPLETED-CONSTRUCTION,10179851.41,,,,,,,,,,
2026-05-22,M006420,COMPLETED-CONSTRUCTION,1845264.75,,,,,,,,,,
2026-05-22,M006421,UNDER-CONSTRUCTION,1997871.12,,,,,,,,,,
2026-05-22,M006422,UNDER-CONSTRUCTION,2710703.2,,,,,,,,,,
2026-05-22,M006423,UNDER-CONSTRUCTION,5583034.01,,,,,,,,,,
2026-05-22,M006424,COMPLETED-CONSTRUCTION,4549921.19,,,,,,,,,,
2026-05-22,M006425,COMPLETED-CONSTRUCTION,297083.99,,,,,,,,,,
2026-05-22,M006426,COMPLETED-CONSTRUCTION,904869.23,,,,,,,,,,
2026-05-22,M006427,COMPLETED-CONSTRUCTION,726626.22,,,,,,,,,,
2026-05-22,M006428,COMPLETED-CONSTRUCTION,7258484.59,,,,,,,,,,
2026-05-22,M006429,COMPLETED-CONSTRUCTION,3192822.44,,,,,,,,,,
2026-05-22,M006430,COMPLETED-CONSTRUCTION,4009788.87,,,,,,,,,,
2026-05-22,M006431,UNDER-CONSTRUCTION,4934418.31,,,,,,,,,,
2026-05-22,M006432,UNDER-CONSTRUCTION,1778905.99,,,,,,,,,,
2026-05-22,M006433,COMPLETED-CONSTRUCTION,904681.0,,,,,,,,,,
2026-05-22,M006435,COMPLETED-CONSTRUCTION,3029018.15,,,,,,,,,,
2026-05-22,M006437,COMPLETED-CONSTRUCTION,7341046.09,,,,,,,,,,
2026-05-22,M006438,UNDER-CONSTRUCTION,1668319.36,,,,,,,,,,
2026-05-22,M006439,COMPLETED-CONSTRUCTION,12872783.25,,,,,,,,,,
2026-05-22,M006440,COMPLETED-CONSTRUCTION,13686922.59,,,,,,,,,,
2026-05-22,M006441,COMPLETED-CONSTRUCTION,13663102.24,,,,,,,,,,
2026-05-22,M006442,COMPLETED-CONSTRUCTION,12639911.44,,,,,,,,,,
2026-05-22,M006443,COMPLETED-CONSTRUCTION,12809254.91,,,,,,,,,,
2026-05-22,M006444,PRE-CONSTRUCTION,4289482.44,,,,,,,,,,
2026-05-22,M006445,COMPLETED-CONSTRUCTION,7300760.42,,,,,,,,,,
2026-05-22,M006446,COMPLETED-CONSTRUCTION,4662438.76,,,,,,,,,,
2026-05-22,M006448,COMPLETED-CONSTRUCTION,43832379.48,,,,,,,,,,
2026-05-22,M006450,UNDER-CONSTRUCTION,4013453.82,,,,,,,,,,
2026-05-22,M006452,PRE-CONSTRUCTION,4600000.0,,,,,,,,,,
2026-05-22,M006453,COMPLETED-CONSTRUCTION,5358814.0,,,,,,,,,,
2026-05-22,M006454,UNDER-CONSTRUCTION,2828875.1,,,,,,,,,,
2026-05-22,M006455,UNDER-CONSTRUCTION,2602725.75,,,,,,,,,,
2026-05-22,M006457,COMPLETED-CONSTRUCTION,13458029.34,,,,,,,,,,
2026-05-22,M006461,COMPLETED-CONSTRUCTION,3715967.33,,,,,,,,,,
2026-05-22,M006462,UNDER-CONSTRUCTION,3012734.27,,,,,,,,,,
2026-05-22,M006463,COMPLETED-CONSTRUCTION,426483.09,,,,,,,,,,
2026-05-22,M006464,UNDER-CONSTRUCTION,4361762.41,,,,,,,,,,
2026-05-22,M006465,COMPLETED-CONSTRUCTION,3420259.4,,,,,,,,,,
2026-05-22,M006466,COMPLETED-CONSTRUCTION,780357.01,,,,,,,,,,
2026-05-22,M006467,COMPLETED-CONSTRUCTION,660088.46,,,,,,,,,,
2026-05-22,M006468,COMPLETED-CONSTRUCTION,2478555.15,,,,,,,,,,
2026-05-22,M006470,UNDER-CONSTRUCTION,3511603.29,,,,,,,,,,
2026-05-22,M006472,COMPLETED-CONSTRUCTION,3762613.82,,,,,,,,,,
2026-05-22,M006473,COMPLETED-CONSTRUCTION,993000.0,,,,,,,,,,
2026-05-22,M006474,UNDER-CONSTRUCTION,1017000.0,,,,,,,,,,
2026-05-22,M006475,COMPLETED-CONSTRUCTION,1034500.0,,,,,,,,,,
2026-05-22,M006477,UNDER-CONSTRUCTION,2831739.33,,,,,,,,,,
2026-05-22,M006478,COMPLETED-CONSTRUCTION,19359786.01,,,,,,,,,,
2026-05-22,M006479,COMPLETED-CONSTRUCTION,678000.0,,,,,,,,,,
2026-05-22,M006480,UNDER-CONSTRUCTION,4320483.98,,,,,,,,,,
2026-05-22,M006481,COMPLETED-CONSTRUCTION,25385943.13,,,,,,,,,,
2026-05-22,M006482,COMPLETED-CONSTRUCTION,2785000.0,,,,,,,,,,
2026-05-22,M006483,COMPLETED-CONSTRUCTION,13308429.24,,,,,,,,,,
2026-05-22,M006484,UNDER-CONSTRUCTION,1691665.5,,,,,,,,,,
2026-05-22,M006485,UNDER-CONSTRUCTION,2283349.3,,,,,,,,,,
2026-05-22,M006487,UNDER-CONSTRUCTION,1594157.25,,,,,,,,,,
2026-05-22,M006488,UNDER-CONSTRUCTION,4356200.0,,,,,,,,,,
2026-05-22,M006489,COMPLETED-CONSTRUCTION,19688086.55,,,,,,,,,,
2026-05-22,M006492,COMPLETED-CONSTRUCTION,1338556.0,,,,,,,,,,
2026-05-22,M006493,UNDER-CONSTRUCTION,6093304.96,,,,,,,,,,
2026-05-22,M006495,COMPLETED-CONSTRUCTION,3969817.32,,,,,,,,,,
2026-05-22,M006496,UNDER-CONSTRUCTION,6768812.3,,,,,,,,,,
2026-05-22,M006497,COMPLETED-CONSTRUCTION,4988652.55,,,,,,,,,,
2026-05-22,M006498,UNDER-CONSTRUCTION,0.0,,,,,,,,,,
2026-05-22,M006499,COMPLETED-CONSTRUCTION,10832322.72,,,,,,,,,,
2026-05-22,M006500,UNDER-CONSTRUCTION,933999.15,,,,,,,,,,
2026-05-22,M006501,COMPLETED-CONSTRUCTION,2478149.03,,,,,,,,,,
2026-05-22,M006502,COMPLETED-CONSTRUCTION,10507799.72,,,,,,,,,,
2026-05-22,M006503,COMPLETED-CONSTRUCTION,3934961.16,,,,,,,,,,
2026-05-22,M006504,COMPLETED-CONSTRUCTION,2862134.36,,,,,,,,,,
2026-05-22,M006505,UNDER-CONSTRUCTION,1187064.97,,,,,,,,,,
2026-05-22,M006506,UNDER-CONSTRUCTION,0.0,,,,,,,,,,
2026-05-22,M006507,UNDER-CONSTRUCTION,897450.0,,,,,,,,,,
2026-05-22,M006508,UNDER-CONSTRUCTION,1158293.25,,,,,,,,,,
2026-05-22,M006509,PRE-CONSTRUCTION,2500000.0,,,,,,,,,,
2026-05-22,M006510,UNDER-CONSTRUCTION,638357.88,,,,,,,,,,
2026-05-22,M006511,UNDER-CONSTRUCTION,1266580.4,,,,,,,,,,
2026-05-22,M006513,COMPLETED-CONSTRUCTION,5300833.5,,,,,,,,,,
2026-05-22,M006514,PRE-CONSTRUCTION,1000000.0,,,,,,,,,,
2026-05-22,M006515,UNDER-CONSTRUCTION,2025014.0,,,,,,,,,,
2026-05-22,M006519,UNDER-CONSTRUCTION,763669.0,,,,,,,,,,
2026-05-22,M006520,PRE-CONSTRUCTION,1500000.0,,,,,,,,,,
2026-05-22,M006521,PRE-CONSTRUCTION,2000000.0,,,,,,,,,,
2026-05-22,M006522,PRE-CONSTRUCTION,1100000.0,,,,,,,,,,
2026-05-22,M006523,COMPLETED-CONSTRUCTION,1884360.14,,,,,,,,,,
2026-05-22,M006524,COMPLETED-CONSTRUCTION,4924899.92,,,,,,,,,,
2026-05-22,M006525,COMPLETED-CONSTRUCTION,460226.6,,,,,,,,,,
2026-05-22,M006526,COMPLETED-CONSTRUCTION,5113544.4,,,,,,,,,,
2026-05-22,M006528,COMPLETED-CONSTRUCTION,2893043.74,,,,,,,,,,
2026-05-22,M006529,UNDER-CONSTRUCTION,1553400.45,,,,,,,,,,
2026-05-22,M006530,PRE-CONSTRUCTION,800000.0,,,,,,,,,,
2026-05-22,M006531,UNDER-CONSTRUCTION,2074995.0,,,,,,,,,,
2026-05-22,M006532,PRE-CONSTRUCTION,2012500.0,,,,,,,,,,
2026-05-22,M006533,PRE-CONSTRUCTION,1586000.0,,,,,,,,,,
2026-05-22,M006534,PRE-CONSTRUCTION,1900000.0,,,,,,,,,,
2026-05-22,M006535,PRE-CONSTRUCTION,830000.0,,,,,,,,,,
2026-05-22,M006536,COMPLETED-CONSTRUCTION,5765703.17,,,,,,,,,,
2026-05-22,M006537,COMPLETED-CONSTRUCTION,7587109.57,,,,,,,,,,
2026-05-22,M006538,UNDER-CONSTRUCTION,2780325.25,,,,,,,,,,
2026-05-22,M006539,COMPLETED-CONSTRUCTION,1726854.12,,,,,,,,,,
2026-05-22,M006540,UNDER-CONSTRUCTION,12808319.69,,,,,,,,,,
2026-05-22,M006541,COMPLETED-CONSTRUCTION,5854384.5,,,,,,,,,,
2026-05-22,M006542,COMPLETED-CONSTRUCTION,1518512.78,,,,,,,,,,
2026-05-22,M006543,UNDER-CONSTRUCTION,5172881.52,,,,,,,,,,
2026-05-22,M006544,UNDER-CONSTRUCTION,7910051.85,,,,,,,,,,
2026-05-22,M006545,COMPLETED-CONSTRUCTION,7361208.62,,,,,,,,,,
2026-05-22,M006546,UNDER-CONSTRUCTION,4038709.84,,,,,,,,,,
2026-05-22,M006547,COMPLETED-CONSTRUCTION,2743380.94,,,,,,,,,,
2026-05-22,M006548,COMPLETED-CONSTRUCTION,5270099.42,,,,,,,,,,
2026-05-22,M006549,COMPLETED-CONSTRUCTION,4486976.01,,,,,,,,,,
2026-05-22,M006550,COMPLETED-CONSTRUCTION,7166455.09,,,,,,,,,,
2026-05-22,M006551,UNDER-CONSTRUCTION,5034772.56,,,,,,,,,,
2026-05-22,M006552,COMPLETED-CONSTRUCTION,5185631.31,,,,,,,,,,
2026-05-22,M006553,UNDER-CONSTRUCTION,2729823.19,,,,,,,,,,
2026-05-22,M006554,UNDER-CONSTRUCTION,3183279.64,,,,,,,,,,
2026-05-22,M006555,UNDER-CONSTRUCTION,4005505.47,,,,,,,,,,
2026-05-22,M006556,UNDER-CONSTRUCTION,8337257.15,,,,,,,,,,
2026-05-22,M006558,UNDER-CONSTRUCTION,0.0,,,,,,,,,,
2026-05-22,M006560,PRE-CONSTRUCTION,6851076.34,,,,,,,,,,
2026-05-22,M006562,UNDER-CONSTRUCTION,0.0,,,,,,,,,,
2026-05-22,M006563,COMPLETED-CONSTRUCTION,8921575.42,,,,,,,,,,
2026-05-22,M006564,UNDER-CONSTRUCTION,13447897.86,,,,,,,,,,
2026-05-22,M006565,PRE-CONSTRUCTION,6255532.8,,,,,,,,,,
2026-05-22,M006566,UNDER-CONSTRUCTION,0.0,,,,,,,,,,
2026-05-22,M006567,COMPLETED-CONSTRUCTION,29360677.12,,,,,,,,,,
2026-05-22,M006568,UNDER-CONSTRUCTION,17979090.55,,,,,,,,,,
2026-05-22,M006569,UNDER-CONSTRUCTION,24572002.15,,,,,,,,,,
2026-05-22,M006570,UNDER-CONSTRUCTION,11957097.2,,,,,,,,,,
2026-05-22,M006571,COMPLETED-CONSTRUCTION,7325047.22,,,,,,,,,,
2026-05-22,M006572,COMPLETED-CONSTRUCTION,5239672.75,,,,,,,,,,
2026-05-22,M006573,UNDER-CONSTRUCTION,9925212.0,,,,,,,,,,
2026-05-22,M006574,UNDER-CONSTRUCTION,5029708.0,,,,,,,,,,
2026-05-22,M006579,UNDER-CONSTRUCTION,2974688.37,,,,,,,,,,
2026-05-22,M006580,UNDER-CONSTRUCTION,4130325.0,,,,,,,,,,
2026-05-22,M006583,UNDER-CONSTRUCTION,4824443.77,,,,,,,,,,
2026-05-22,M006584,UNDER-CONSTRUCTION,5832269.92,,,,,,,,,,
2026-05-22,M006585,UNDER-CONSTRUCTION,1753460.63,,,,,,,,,,
2026-05-22,M006586,PRE-CONSTRUCTION,1500000.0,,,,,,,,,,
2026-05-22,M006587,PRE-CONSTRUCTION,1930000.0,,,,,,,,,,
2026-05-22,M006588,UNDER-CONSTRUCTION,1945150.0,,,,,,,,,,
2026-05-22,M006590,PRE-CONSTRUCTION,1530000.0,,,,,,,,,,
2026-05-22,M006591,PRE-CONSTRUCTION,1430000.0,,,,,,,,,,
2026-05-22,M006592,UNDER-CONSTRUCTION,9720901.72,,,,,,,,,,
2026-05-22,M006593,UNDER-CONSTRUCTION,17514700.98,,,,,,,,,,
2026-05-22,M006597,PRE-CONSTRUCTION,2100000.0,,,,,,,,,,
2026-05-22,M006598,PRE-CONSTRUCTION,1700000.0,,,,,,,,,,
2026-05-22,M006599,UNDER-CONSTRUCTION,2001268.0,,,,,,,,,,
2026-05-22,M006600,PRE-CONSTRUCTION,2900000.0,,,,,,,,,,
2026-05-22,M006602,PRE-CONSTRUCTION,1500000.0,,,,,,,,,,
2026-05-22,M006603,PRE-CONSTRUCTION,1150000.0,,,,,,,,,,
2026-05-22,M006605,UNDER-CONSTRUCTION,1421157.87,,,,,,,,,,
2026-05-22,M006606,COMPLETED-CONSTRUCTION,4480335.2,,,,,,,,,,
2026-05-22,M006607,UNDER-CONSTRUCTION,4073829.95,,,,,,,,,,
2026-05-22,M006608,PRE-CONSTRUCTION,6171627.44,,,,,,,,,,
2026-05-22,M006609,UNDER-CONSTRUCTION,7503059.25,,,,,,,,,,
2026-05-22,M006610,UNDER-CONSTRUCTION,1423739.06,,,,,,,,,,
2026-05-22,M006611,UNDER-CONSTRUCTION,1008263.67,,,,,,,,,,
2026-05-22,M006612,UNDER-CONSTRUCTION,527269.14,,,,,,,,,,
2026-05-22,M006613,UNDER-CONSTRUCTION,2040185.0,,,,,,,,,,
2026-05-22,M006614,UNDER-CONSTRUCTION,1733295.9,,,,,,,,,,
2026-05-22,M006615,UNDER-CONSTRUCTION,0.0,,,,,,,,,,
2026-05-22,M006616,UNDER-CONSTRUCTION,1187212.9,,,,,,,,,,
2026-05-22,M006617,PRE-CONSTRUCTION,69689.85,,,,,,,,,,
2026-05-22,M006618,PRE-CONSTRUCTION,4342610.6,,,,,,,,,,
2026-05-22,M006620,UNDER-CONSTRUCTION,0.0,,,,,,,,,,
2026-05-22,M006621,PRE-CONSTRUCTION,1990097.22,,,,,,,,,,
2026-05-22,M006623,UNDER-CONSTRUCTION,4728747.94,,,,,,,,,,
2026-05-22,M006625,UNDER-CONSTRUCTION,4692686.22,,,,,,,,,,
2026-05-22,M006626,UNDER-CONSTRUCTION,4115564.0,,,,,,,,,,
2026-05-22,M006627,UNDER-CONSTRUCTION,6943033.49,,,,,,,,,,
2026-05-22,M006628,UNDER-CONSTRUCTION,0.0,,,,,,,,,,
2026-05-22,M006629,UNDER-CONSTRUCTION,7126916.32,,,,,,,,,,
2026-05-22,M006630,UNDER-CONSTRUCTION,1163573.64,,,,,,,,,,
2026-05-22,M006631,UNDER-CONSTRUCTION,3387526.72,,,,,,,,,,
2026-05-22,M006632,UNDER-CONSTRUCTION,2071255.01,,,,,,,,,,
2026-05-22,M006633,UNDER-CONSTRUCTION,4194656.0,,,,,,,,,,
2026-05-22,M006634,UNDER-CONSTRUCTION,2112736.94,,,,,,,,,,
2026-05-22,M006635,UNDER-CONSTRUCTION,1136583.96,,,,,,,,,,
2026-05-22,M006636,UNDER-CONSTRUCTION,0.0,,,,,,,,,,
2026-05-22,M006637,PRE-CONSTRUCTION,0.0,,,,,,,,,,
2026-05-22,M006638,UNDER-CONSTRUCTION,0.0,,,,,,,,,,
2026-05-22,M006639,UNDER-CONSTRUCTION,0.0,,,,,,,,,,
2026-05-22,M006640,UNDER-CONSTRUCTION,4532854.79,,,,,,,,,,
2026-05-22,M006641,UNDER-CONSTRUCTION,4658408.36,,,,,,,,,,
2026-05-22,M006642,UNDER-CONSTRUCTION,0.0,,,,,,,,,,
2026-05-22,M006643,UNDER-CONSTRUCTION,3014369.09,,,,,,,,,,
2026-05-22,M006644,PRE-CONSTRUCTION,7949452.0,,,,,,,,,,
2026-05-22,M006645,PRE-CONSTRUCTION,10200185.0,,,,,,,,,,
2026-05-22,M006646,UNDER-CONSTRUCTION,31378532.88,,,,,,,,,,
2026-05-22,M006647,UNDER-CONSTRUCTION,9479284.02,,,,,,,,,,
2026-05-22,M006648,UNDER-CONSTRUCTION,5952681.66,,,,,,,,,,
2026-05-22,M006649,UNDER-CONSTRUCTION,0.0,,,,,,,,,,
2026-05-22,M006650,COMPLETED-CONSTRUCTION,7099443.77,,,,,,,,,,
2026-05-22,M006651,UNDER-CONSTRUCTION,12255547.05,,,,,,,,,,
2026-05-22,M006652,UNDER-CONSTRUCTION,12813415.29,,,,,,,,,,
2026-05-22,M006653,UNDER-CONSTRUCTION,21731246.86,,,,,,,,,,
2026-05-22,M006654,UNDER-CONSTRUCTION,3110061.44,,,,,,,,,,
2026-05-22,M006655,PRE-CONSTRUCTION,3745000.0,,,,,,,,,,
2026-05-22,M006656,UNDER-CONSTRUCTION,956212.45,,,,,,,,,,
2026-05-22,M006657,UNDER-CONSTRUCTION,0.0,,,,,,,,,,
2026-05-22,M006658,UNDER-CONSTRUCTION,1101099.48,,,,,,,,,,
2026-05-22,M006659,PRE-CONSTRUCTION,952495.65,,,,,,,,,,
2026-05-22,M006660,UNDER-CONSTRUCTION,0.0,,,,,,,,,,
2026-05-22,M006661,PRE-CONSTRUCTION,255000.0,,,,,,,,,,
2026-05-22,M006662,UNDER-CONSTRUCTION,1604410.1,,,,,,,,,,
2026-05-22,M006663,PRE-CONSTRUCTION,2320000.0,,,,,,,,,,
2026-05-22,M006664,COMPLETED-CONSTRUCTION,506952.22,,,,,,,,,,
2026-05-22,M006665,UNDER-CONSTRUCTION,2799069.28,,,,,,,,,,
2026-05-22,M006666,UNDER-CONSTRUCTION,0.0,,,,,,,,,,
2026-05-22,M006667,UNDER-CONSTRUCTION,0.0,,,,,,,,,,
2026-05-22,M006668,PRE-CONSTRUCTION,0.0,,,,,,,,,,
2026-05-22,M006669,UNDER-CONSTRUCTION,4872240.18,,,,,,,,,,
2026-05-22,M006670,UNDER-CONSTRUCTION,2009745.59,,,,,,,,,,
2026-05-22,M006672,PRE-CONSTRUCTION,4747000.0,,,,,,,,,,
2026-05-22,M006673,PRE-CONSTRUCTION,2113000.0,,,,,,,,,,
2026-05-22,M006674,PRE-CONSTRUCTION,3866000.0,,,,,,,,,,
2026-05-22,M006675,PRE-CONSTRUCTION,2475000.0,,,,,,,,,,
2026-05-22,M006676,UNDER-CONSTRUCTION,0.0,,,,,,,,,,
2026-05-22,M006677,UNDER-CONSTRUCTION,9033055.17,,,,,,,,,,
2026-05-22,M006678,UNDER-CONSTRUCTION,7156529.12,,,,,,,,,,
2026-05-22,M006679,UNDER-CONSTRUCTION,0.0,,,,,,,,,,
2026-05-22,M006680,PRE-CONSTRUCTION,0.0,,,,,,,,,,
2026-05-22,M006681,PRE-CONSTRUCTION,1683171.12,,,,,,,,,,
2026-05-22,M006682,UNDER-CONSTRUCTION,22572253.1,,,,,,,,,,
2026-05-22,M006683,UNDER-CONSTRUCTION,5977708.17,,,,,,,,,,
2026-05-22,M006684,UNDER-CONSTRUCTION,3796853.83,,,,,,,,,,
2026-05-22,M006685,UNDER-CONSTRUCTION,4248409.92,,,,,,,,,,
2026-05-22,M006686,PRE-CONSTRUCTION,7045461.33,,,,,,,,,,
2026-05-22,M006687,PRE-CONSTRUCTION,0.0,,,,,,,,,,
2026-05-22,M006688,PRE-CONSTRUCTION,2850763.0,,,,,,,,,,
2026-05-22,M006689,UNDER-CONSTRUCTION,1110054.34,,,,,,,,,,
2026-05-22,M006690,UNDER-CONSTRUCTION,0.0,,,,,,,,,,
2026-05-22,M006691,PRE-CONSTRUCTION,2508565.0,,,,,,,,,,
2026-05-22,M006692,UNDER-CONSTRUCTION,3479997.82,,,,,,,,,,
2026-05-22,M006693,UNDER-CONSTRUCTION,0.0,,,,,,,,,,
2026-05-22,M006694,UNDER-CONSTRUCTION,4947625.86,,,,,,,,,,
2026-05-22,M006695,UNDER-CONSTRUCTION,4914456.99,,,,,,,,,,
2026-05-22,M006696,UNDER-CONSTRUCTION,0.0,,,,,,,,,,
2026-05-22,M006697,UNDER-CONSTRUCTION,7762560.14,,,,,,,,,,
2026-05-22,M006698,PRE-CONSTRUCTION,2763512.76,,,,,,,,,,
2026-05-22,M006699,PRE-CONSTRUCTION,3360000.0,,,,,,,,,,
2026-05-22,M006700,PRE-CONSTRUCTION,0.0,,,,,,,,,,
2026-05-22,M006701,UNDER-CONSTRUCTION,2024489.45,,,,,,,,,,
2026-05-22,M006702,UNDER-CONSTRUCTION,0.0,,,,,,,,,,
2026-05-22,M006703,PRE-CONSTRUCTION,1858286.98,,,,,,,,,,
2026-05-22,M006704,UNDER-CONSTRUCTION,844564.06,,,,,,,,,,
2026-05-22,M006706,PRE-CONSTRUCTION,13516604.92,,,,,,,,,,
2026-05-22,M006707,PRE-CONSTRUCTION,13705984.0,,,,,,,,,,
2026-05-22,M006708,PRE-CONSTRUCTION,14592073.0,,,,,,,,,,
2026-05-22,M006709,UNDER-CONSTRUCTION,6660712.28,,,,,,,,,,
2026-05-22,M006710,UNDER-CONSTRUCTION,1413262.97,,,,,,,,,,
2026-05-22,M006711,UNDER-CONSTRUCTION,2488262.26,,,,,,,,,,
2026-05-22,M006713,PRE-CONSTRUCTION,13614866.0,,,,,,,,,,
2026-05-22,M006714,PRE-CONSTRUCTION,12974401.0,,,,,,,,,,
2026-05-22,M006715,UNDER-CONSTRUCTION,6635558.66,,,,,,,,,,
2026-05-22,M006716,PRE-CONSTRUCTION,250000.0,,,,,,,,,,
2026-05-22,M006717,PRE-CONSTRUCTION,250000.0,,,,,,,,,,
2026-05-22,M006719,PRE-CONSTRUCTION,300000.0,,,,,,,,,,
2026-05-22,M006721,UNDER-CONSTRUCTION,0.0,,,,,,,,,,
2026-05-22,M006722,UNDER-CONSTRUCTION,0.0,,,,,,,,,,
2026-05-22,M006723,UNDER-CONSTRUCTION,0.0,,,,,,,,,,
2026-05-22,M006724,PRE-CONSTRUCTION,8553651.64,,,,,,,,,,
2026-05-22,M006725,UNDER-CONSTRUCTION,0.0,,,,,,,,,,
2026-05-22,M006726,UNDER-CONSTRUCTION,0.0,,,,,,,,,,
2026-05-22,M006727,UNDER-CONSTRUCTION,0.0,,,,,,,,,,
2026-05-22,M006728,PRE-CONSTRUCTION,0.0,,,,,,,,,,
2026-05-22,M006729,PRE-CONSTRUCTION,4008035.48,,,,,,,,,,
2026-05-22,M006730,UNDER-CONSTRUCTION,0.0,,,,,,,,,,
2026-05-22,M006731,UNDER-CONSTRUCTION,0.0,,,,,,,,,,
2026-05-22,M006732,PRE-CONSTRUCTION,0.0,,,,,,,,,,
2026-05-22,M006733,PRE-CONSTRUCTION,5043798.0,,,,,,,,,,
2026-05-22,M006734,PRE-CONSTRUCTION,2248276.0,,,,,,,,,,
2026-05-22,M006735,PRE-CONSTRUCTION,3925831.84,,,,,,,,,,
2026-05-22,M006736,PRE-CONSTRUCTION,4461845.01,,,,,,,,,,
2026-05-22,M006737,PRE-CONSTRUCTION,0.0,,,,,,,,,,
2026-05-22,M006738,PRE-CONSTRUCTION,350000.0,,,,,,,,,,
2026-05-22,M006739,PRE-CONSTRUCTION,1744448.41,,,,,,,,,,
2026-05-22,M006740,UNDER-CONSTRUCTION,0.0,,,,,,,,,,
2026-05-22,M006741,PRE-CONSTRUCTION,9126697.34,,,,,,,,,,
2026-05-22,M006742,PRE-CONSTRUCTION,3067875.38,,,,,,,,,,
2026-05-22,M006743,PRE-CONSTRUCTION,5390446.84,,,,,,,,,,
2026-05-22,M006744,PRE-CONSTRUCTION,2944209.0,,,,,,,,,,
2026-05-22,M006745,PRE-CONSTRUCTION,2369741.81,,,,,,,,,,
2026-05-22,M006746,PRE-CONSTRUCTION,1912533.24,,,,,,,,,,
2026-05-22,M006747,PRE-CONSTRUCTION,4975000.0,,,,,,,,,,
2026-05-22,M006748,UNDER-CONSTRUCTION,250000.0,,,,,,,,,,
2026-05-22,M006749,PRE-CONSTRUCTION,375000.0,,,,,,,,,,
2026-05-22,M006750,PRE-CONSTRUCTION,5578196.98,,,,,,,,,,
2026-05-22,M006764,PRE-CONSTRUCTION,2825000.0,,,,,,,,,,
2026-05-22,M006765,PRE-CONSTRUCTION,2535000.0,,,,,,,,,,
2026-05-22,M006766,PRE-CONSTRUCTION,1975000.0,,,,,,,,,,
2026-05-22,M006767,PRE-CONSTRUCTION,2724285.86,,,,,,,,,,
2026-05-22,M006768,PRE-CONSTRUCTION,2800000.0,,,,,,,,,,
2026-05-22,M006769,PRE-CONSTRUCTION,2436932.61,,,,,,,,,,
2026-05-22,M006771,PRE-CONSTRUCTION,0.0,,,,,,,,,,
2026-05-22,M006772,PRE-CONSTRUCTION,0.0,,,,,,,,,,
2026-05-22,M006773,PRE-CONSTRUCTION,0.0,,,,,,,,,,
2026-05-22,M006774,UNDER-CONSTRUCTION,0.0,,,,,,,,,,
2026-05-22,M006775,PRE-CONSTRUCTION,1811697.0,,,,,,,,,,
2026-05-22,M006776,PRE-CONSTRUCTION,870593.0,,,,,,,,,,
2026-05-22,M006777,UNDER-CONSTRUCTION,0.0,,,,,,,,,,
2026-05-22,M006778,PRE-CONSTRUCTION,0.0,,,,,,,,,,
2026-05-22,M006779,PRE-CONSTRUCTION,0.0,,,,,,,,,,
2026-05-22,M006780,PRE-CONSTRUCTION,3020000.0,,,,,,,,,,
2026-05-22,M006781,PRE-CONSTRUCTION,4201459.13,,,,,,,,,,
2026-05-22,M006782,PRE-CONSTRUCTION,3102098.0,,,,,,,,,,
2026-05-22,M006783,PRE-CONSTRUCTION,3620000.0,,,,,,,,,,
2026-05-22,M006784,PRE-CONSTRUCTION,1210000.0,,,,,,,,,,
2026-05-22,M006785,PRE-CONSTRUCTION,1790000.0,,,,,,,,,,
2026-05-22,M006786,PRE-CONSTRUCTION,930000.0,,,,,,,,,,
2026-05-22,M006787,PRE-CONSTRUCTION,2115000.0,,,,,,,,,,
2026-05-22,M006788,PRE-CONSTRUCTION,850000.0,,,,,,,,,,
2026-05-22,M006789,PRE-CONSTRUCTION,5500000.0,,,,,,,,,,
2026-05-22,M006791,PRE-CONSTRUCTION,4521685.0,,,,,,,,,,
2026-05-22,M006792,PRE-CONSTRUCTION,4013816.99,,,,,,,,,,
2026-05-22,M006793,PRE-CONSTRUCTION,1836910.75,,,,,,,,,,
2026-05-22,M006794,PRE-CONSTRUCTION,3305331.9,,,,,,,,,,
2026-05-22,M006795,PRE-CONSTRUCTION,4013816.99,,,,,,,,,,
2026-05-22,M006796,PRE-CONSTRUCTION,315000.0,,,,,,,,,,
2026-05-22,M006797,PRE-CONSTRUCTION,626805.0,,,,,,,,,,
2026-05-22,M006798,PRE-CONSTRUCTION,14399494.06,,,,,,,,,,
2026-05-22,M006799,PRE-CONSTRUCTION,0.0,,,,,,,,,,
2026-05-22,M006800,PRE-CONSTRUCTION,5262536.3,,,,,,,,,,
2026-05-22,M006801,PRE-CONSTRUCTION,3425289.43,,,,,,,,,,
2026-05-22,M006802,PRE-CONSTRUCTION,7935046.62,,,,,,,,,,
2026-05-22,M006803,PRE-CONSTRUCTION,10864028.97,,,,,,,,,,
2026-05-22,M006804,PRE-CONSTRUCTION,2005350.0,,,,,,,,,,
2026-05-22,M006805,PRE-CONSTRUCTION,1398180.0,,,,,,,,,,
2026-05-22,M006806,PRE-CONSTRUCTION,25042395.0,,,,,,,,,,
2026-05-22,M006807,PRE-CONSTRUCTION,1001520.0,,,,,,,,,,
2026-05-22,M006809,PRE-CONSTRUCTION,5996196.02,,,,,,,,,,
2026-05-22,M006810,PRE-CONSTRUCTION,3857710.85,,,,,,,,,,
2026-05-22,M006811,PRE-CONSTRUCTION,4589930.31,,,,,,,,,,
2026-05-22,M006812,PRE-CONSTRUCTION,14000000.0,,,,,,,,,,
2026-05-22,M006813,PRE-CONSTRUCTION,670000.0,,,,,,,,,,
2026-05-22,M006814,UNDER-CONSTRUCTION,0.0,,,,,,,,,,
2026-05-22,M006815,PRE-CONSTRUCTION,0.0,,,,,,,,,,
2026-05-22,M006816,PRE-CONSTRUCTION,0.0,,,,,,,,,,
2026-05-22,M006817,PRE-CONSTRUCTION,6520229.0,,,,,,,,,,
2026-05-22,M006818,PRE-CONSTRUCTION,874133.0,,,,,,,,,,
2026-05-22,M006819,PRE-CONSTRUCTION,1361613.0,,,,,,,,,,
2026-05-22,M006820,PRE-CONSTRUCTION,1038543.0,,,,,,,,,,
2026-05-22,M006821,PRE-CONSTRUCTION,0.0,,,,,,,,,,
2026-05-22,M006822,PRE-CONSTRUCTION,1524600.0,,,,,,,,,,
2026-05-22,M006823,PRE-CONSTRUCTION,1822690.72,,,,,,,,,,
2026-05-22,M006824,UNDER-CONSTRUCTION,0.0,,,,,,,,,,
2026-05-22,M006825,UNDER-CONSTRUCTION,0.0,,,,,,,,,,
2026-05-22,M006826,PRE-CONSTRUCTION,3079799.82,,,,,,,,,,
2026-05-22,M006827,PRE-CONSTRUCTION,2250000.0,,,,,,,,,,
2026-05-22,M006828,PRE-CONSTRUCTION,2010000.0,,,,,,,,,,
2026-05-22,M006830,PRE-CONSTRUCTION,369000.0,,,,,,,,,,
2026-05-22,M006831,PRE-CONSTRUCTION,1300000.0,,,,,,,,,,
2026-05-22,M006832,PRE-CONSTRUCTION,600000.0,,,,,,,,,,
2026-05-22,M006833,PRE-CONSTRUCTION,320000.0,,,,,,,,,,
2026-05-22,M006834,PRE-CONSTRUCTION,2325000.0,,,,,,,,,,
2026-05-22,M006835,PRE-CONSTRUCTION,2515000.0,,,,,,,,,,
2026-05-22,M006837,PRE-CONSTRUCTION,2381710.21,,,,,,,,,,
2026-05-22,M006838,PRE-CONSTRUCTION,2952998.48,,,,,,,,,,
2026-05-22,M006839,PRE-CONSTRUCTION,2226121.1,,,,,,,,,,
2026-05-22,M006840,PRE-CONSTRUCTION,2392372.14,,,,,,,,,,
2026-05-22,M006841,PRE-CONSTRUCTION,2740330.0,,,,,,,,,,
2026-05-22,M006842,PRE-CONSTRUCTION,812542.44,,,,,,,,,,
2026-05-22,M006843,PRE-CONSTRUCTION,2090581.0,,,,,,,,,,
2026-05-22,M006844,PRE-CONSTRUCTION,1019637.0,,,,,,,,,,
2026-05-22,M006845,PRE-CONSTRUCTION,850000.0,,,,,,,,,,
2026-05-22,M006846,PRE-CONSTRUCTION,3372968.31,,,,,,,,,,
2026-05-22,M006847,PRE-CONSTRUCTION,5863495.31,,,,,,,,,,
2026-05-22,M006848,PRE-CONSTRUCTION,3671666.95,,,,,,,,,,
2026-05-22,M006849,PRE-CONSTRUCTION,2397086.73,,,,,,,,,,
2026-05-22,M006850,PRE-CONSTRUCTION,1128087.74,,,,,,,,,,
2026-05-22,M006851,PRE-CONSTRUCTION,1840915.02,,,,,,,,,,
2026-05-22,M006852,PRE-CONSTRUCTION,35000.0,,,,,,,,,,
2026-05-22,M006853,PRE-CONSTRUCTION,1890149.25,,,,,,,,,,
2026-05-22,M006854,PRE-CONSTRUCTION,2774976.41,,,,,,,,,,
2026-05-22,M006855,PRE-CONSTRUCTION,0.0,,,,,,,,,,
2026-05-22,M006856,PRE-CONSTRUCTION,6880065.73,,,,,,,,,,
2026-05-22,M006857,PRE-CONSTRUCTION,5004009.46,,,,,,,,,,
2026-05-22,M006858,PRE-CONSTRUCTION,3920717.12,,,,,,,,,,
2026-05-22,M006859,PRE-CONSTRUCTION,4977158.25,,,,,,,,,,
2026-05-22,M006860,PRE-CONSTRUCTION,3835761.65,,,,,,,,,,
2026-05-22,M006861,PRE-CONSTRUCTION,2585702.37,,,,,,,,,,
2026-05-22,M006862,PRE-CONSTRUCTION,3797395.5,,,,,,,,,,
2026-05-22,M006868,PRE-CONSTRUCTION,9631616.13,,,,,,,,,,
2026-05-22,M006869,PRE-CONSTRUCTION,6756641.13,,,,,,,,,,
2026-05-22,M006870,PRE-CONSTRUCTION,3945875.83,,,,,,,,,,
2026-05-22,M006871,PRE-CONSTRUCTION,4640016.89,,,,,,,,,,
2026-05-22,M006872,PRE-CONSTRUCTION,12448522.71,,,,,,,,,,
2026-05-22,M006874,PRE-CONSTRUCTION,2201059.0,,,,,,,,,,
2026-05-22,M006875,PRE-CONSTRUCTION,3400000.0,,,,,,,,,,
2026-05-22,M006876,PRE-CONSTRUCTION,1875000.0,,,,,,,,,,
2026-05-22,M006894,PRE-CONSTRUCTION,4633063.68,,,,,,,,,,
2026-05-22,M006895,PRE-CONSTRUCTION,2902838.0,,,,,,,,,,
2026-05-22,M006896,PRE-CONSTRUCTION,4441758.33,,,,,,,,,,
2026-05-22,M006897,PRE-CONSTRUCTION,2447472.9,,,,,,,,,,
2026-05-22,M006898,PRE-CONSTRUCTION,1800480.0,,,,,,,,,,
2026-05-22,M006899,PRE-CONSTRUCTION,1578570.0,,,,,,,,,,
2026-05-22,M006900,PRE-CONSTRUCTION,1589649.0,,,,,,,,,,
2026-05-22,M006901,PRE-CONSTRUCTION,588381.0,,,,,,,,,,
2026-05-22,M006902,PRE-CONSTRUCTION,2970929.0,,,,,,,,,,
2026-05-22,M006903,PRE-CONSTRUCTION,1230657.0,,,,,,,,,,
2026-05-22,M006904,PRE-CONSTRUCTION,2841854.0,,,,,,,,,,
2026-05-22,M006905,PRE-CONSTRUCTION,3100000.0,,,,,,,,,,
2026-05-22,M006906,PRE-CONSTRUCTION,5313069.43,,,,,,,,,,
2026-05-22,M006907,PRE-CONSTRUCTION,0.0,,,,,,,,,,
2026-05-22,M006908,PRE-CONSTRUCTION,2530000.0,,,,,,,,,,
2026-05-22,M006909,PRE-CONSTRUCTION,4400000.0,,,,,,,,,,
2026-05-22,M006910,PRE-CONSTRUCTION,1356300.0,,,,,,,,,,
2026-05-22,M006911,PRE-CONSTRUCTION,2497000.0,,,,,,,,,,
2026-05-22,M006912,PRE-CONSTRUCTION,3982000.0,,,,,,,,,,
2026-05-22,M006913,PRE-CONSTRUCTION,1331000.0,,,,,,,,,,
2026-05-22,M006914,PRE-CONSTRUCTION,1969000.0,,,,,,,,,,
2026-05-22,M006915,PRE-CONSTRUCTION,3410000.0,,,,,,,,,,
2026-05-22,M006920,PRE-CONSTRUCTION,5132772.0,,,,,,,,,,
2026-05-22,M006921,PRE-CONSTRUCTION,5011126.08,,,,,,,,,,
2026-05-22,M006922,PRE-CONSTRUCTION,0.0,,,,,,,,,,
2026-05-22,M006923,PRE-CONSTRUCTION,3040810.06,,,,,,,,,,
2026-05-22,M006924,PRE-CONSTRUCTION,7463350.42,,,,,,,,,,
2026-05-22,M006925,PRE-CONSTRUCTION,6186752.85,,,,,,,,,,
2026-05-22,M006926,PRE-CONSTRUCTION,5346349.05,,,,,,,,,,
2026-05-22,M006927,PRE-CONSTRUCTION,1250000.0,,,,,,,,,,
2026-05-22,M006929,PRE-CONSTRUCTION,4120600.0,,,,,,,,,,
2026-05-22,M006930,PRE-CONSTRUCTION,2497000.0,,,,,,,,,,
2026-05-22,M006931,PRE-CONSTRUCTION,2430488.57,,,,,,,,,,
2026-05-22,M006932,PRE-CONSTRUCTION,2854853.01,,,,,,,,,,
2026-05-22,M006933,PRE-CONSTRUCTION,5004650.0,,,,,,,,,,
2026-05-22,M006934,PRE-CONSTRUCTION,3752083.22,,,,,,,,,,
2026-05-22,M006935,PRE-CONSTRUCTION,366654.79,,,,,,,,,,
2026-05-22,M006936,PRE-CONSTRUCTION,444925.61,,,,,,,,,,
2026-05-22,M006937,PRE-CONSTRUCTION,3287225.0,,,,,,,,,,
2026-05-22,M006938,PRE-CONSTRUCTION,12000000.0,,,,,,,,,,
2026-05-22,M006939,PRE-CONSTRUCTION,3396082.0,,,,,,,,,,
2026-05-22,M006944,PRE-CONSTRUCTION,474720.0,,,,,,,,,,
2026-05-22,M006945,PRE-CONSTRUCTION,1325000.0,,,,,,,,,,
2026-05-22,M006953,PRE-CONSTRUCTION,3506445.84,,,,,,,,,,
2026-05-22,M006954,PRE-CONSTRUCTION,4580519.53,,,,,,,,,,
2026-05-22,M006955,PRE-CONSTRUCTION,6219574.09,,,,,,,,,,
2026-05-22,M006956,PRE-CONSTRUCTION,3671442.03,,,,,,,,,,
2026-05-22,M006957,PRE-CONSTRUCTION,49084.68,,,,,,,,,,
2026-05-22,M006958,PRE-CONSTRUCTION,2141217.46,,,,,,,,,,
2026-05-22,M006959,PRE-CONSTRUCTION,6035911.91,,,,,,,,,,
2026-05-22,M006960,PRE-CONSTRUCTION,4550000.0,,,,,,,,,,
2026-05-22,M006961,PRE-CONSTRUCTION,3350000.0,,,,,,,,,,
2026-05-22,M006963,PRE-CONSTRUCTION,35663495.45,,,,,,,,,,
2026-05-22,M006964,PRE-CONSTRUCTION,2575000.0,,,,,,,,,,
2026-05-22,M006965,PRE-CONSTRUCTION,1540000.0,,,,,,,,,,
2026-05-22,M006966,PRE-CONSTRUCTION,2540000.0,,,,,,,,,,
2026-05-22,M006967,PRE-CONSTRUCTION,3540000.0,,,,,,,,,,
2026-05-22,M006968,PRE-CONSTRUCTION,3450000.0,,,,,,,,,,
2026-05-22,M006969,PRE-CONSTRUCTION,554490.0,,,,,,,,,,
2026-05-22,M006970,PRE-CONSTRUCTION,3400000.0,,,,,,,,,,
2026-05-22,M006971,PRE-CONSTRUCTION,2850000.0,,,,,,,,,,
2026-05-22,M006972,PRE-CONSTRUCTION,3840000.0,,,,,,,,,,
2026-05-22,M006973,PRE-CONSTRUCTION,2328000.0,,,,,,,,,,
2026-05-22,M006974,PRE-CONSTRUCTION,4282500.0,,,,,,,,,,
2026-05-22,M006975,PRE-CONSTRUCTION,4584000.0,,,,,,,,,,
2026-05-22,M006976,PRE-CONSTRUCTION,4542000.0,,,,,,,,,,
2026-05-22,M006977,PRE-CONSTRUCTION,1626000.0,,,,,,,,,,
2026-05-22,M006978,PRE-CONSTRUCTION,1968000.0,,,,,,,,,,
2026-05-22,M006979,PRE-CONSTRUCTION,5148000.0,,,,,,,,,,
2026-05-22,M006980,PRE-CONSTRUCTION,4098000.0,,,,,,,,,,
2026-05-22,M006982,PRE-CONSTRUCTION,1614000.0,,,,,,,,,,
2026-05-22,M006983,PRE-CONSTRUCTION,4044000.0,,,,,,,,,,
2026-05-22,M006984,PRE-CONSTRUCTION,2130000.0,,,,,,,,,,
2026-05-22,M006985,PRE-CONSTRUCTION,756000.0,,,,,,,,,,
2026-05-22,M006986,PRE-CONSTRUCTION,1623000.0,,,,,,,,,,
2026-05-22,M006987,PRE-CONSTRUCTION,3249000.0,,,,,,,,,,
2026-05-22,M006988,PRE-CONSTRUCTION,2790000.0,,,,,,,,,,
2026-05-22,M006990,PRE-CONSTRUCTION,3255000.0,,,,,,,,,,
2026-05-22,M006991,PRE-CONSTRUCTION,2394000.0,,,,,,,,,,
2026-05-22,M006992,PRE-CONSTRUCTION,3873000.0,,,,,,,,,,
2026-05-22,M007012,PRE-CONSTRUCTION,2300000.0,,,,,,,,,,
2026-05-22,M007013,PRE-CONSTRUCTION,2300000.0,,,,,,,,,,
2026-05-22,M007014,PRE-CONSTRUCTION,2850000.0,,,,,,,,,,
2026-05-22,M007015,PRE-CONSTRUCTION,3700000.0,,,,,,,,,,
2026-05-22,M007016,PRE-CONSTRUCTION,2050000.0,,,,,,,,,,
2026-05-22,M007017,PRE-CONSTRUCTION,2850000.0,,,,,,,,,,
2026-06-05,0000197,UNKNOWN,125000.0,,,,,,,,No,,2026-06-04
2026-06-05,0000265,COMPLETED-CONSTRUCTION,6086889.85,,100.0,,2021-12-14,2017-11-02,,2021-11-08,No,CMES INC,2026-06-04
2026-06-05,0000293,PRE-CONSTRUCTION,46196838.87,,,,,,,,No,,2026-06-04
2026-06-05,0000297,COMPLETED-CONSTRUCTION,34881555.61,,90.13,,,2018-11-30,,2022-11-19,No,C W Matthews Contracting,2026-06-04
2026-06-05,0000304,COMPLETED-CONSTRUCTION,8223041.0,,92.86,,2021-09-21,2019-10-18,,2021-06-30,No,TALLEY CST CO INC,2026-06-04
2026-06-05,0000305,COMPLETED-CONSTRUCTION,5539684.859999999,,100.0,,2019-11-12,2017-04-21,,2019-06-20,No,TALLEY CST COMPANY INC,2026-06-04
2026-06-05,0000309,PRE-CONSTRUCTION,3794850.62,,,,,,,,No,,2026-06-04
2026-06-05,0000315,COMPLETED-CONSTRUCTION,4051270.76,,87.96000000000001,2020-05-31,,2017-11-17,,2020-06-19,No,Baldwin Paving Company,2026-06-04
2026-06-05,0000316,PRE-CONSTRUCTION,1181030.16,,,,,,,,No,,2026-06-04
2026-06-05,0000397,PRE-CONSTRUCTION,817000.0,,,,,,,,No,,2026-06-04
2026-06-05,0000402,PRE-CONSTRUCTION,24850946.92,,,,,,,,No,,2026-06-04
2026-06-05,0000405,PRE-CONSTRUCTION,54351253.0,,,,,,,,No,,2026-06-04
2026-06-05,0000406,PRE-CONSTRUCTION,96463831.19,,,,,,,,No,,2026-06-04
2026-06-05,0000411,UNDER-CONSTRUCTION,50285917.91,,95.22,2025-10-31,,2023-02-20,,,No,E R SNELL CONTRACTOR,2026-06-04
2026-06-05,0000414,PRE-CONSTRUCTION,115778027.68,,,,,,,,No,,2026-06-04
2026-06-05,0000415,PRE-CONSTRUCTION,151540345.78,,,,,,,,No,,2026-06-04
2026-06-05,0000416,PRE-CONSTRUCTION,69886390.02,,,,,,,,No,,2026-06-04
2026-06-05,0000419,PRE-CONSTRUCTION,30897617.43,,,,,,,,No,,2026-06-04
2026-06-05,0000420,PRE-CONSTRUCTION,71395734.75,,,,,,,,No,,2026-06-04
2026-06-05,0000425,COMPLETED-CONSTRUCTION,50857474.53,,96.13,,2021-08-27,2017-06-16,,2021-06-04,No,G P ENTERPRISES INC,2026-06-04
2026-06-05,0000473,UNDER-CONSTRUCTION,73296743.13,,76.51,,,2021-11-05,,,No,OXFORD CONSTRUCTION CO,2026-06-04
2026-06-05,0000475,COMPLETED-CONSTRUCTION,37541660.8,,91.46,,,2021-07-30,,2025-08-18,No,OXFORD CONSTRUCTION CO,2026-06-04
2026-06-05,0000477,PRE-CONSTRUCTION,177339296.44,,,,,,,,No,,2026-06-04
2026-06-05,0000519,UNDER-CONSTRUCTION,61891673.94,,69.48,2027-02-28,,2023-04-14,,,No,GRIFFIN GRADING &CONCRETE,2026-06-04
2026-06-05,0000520,COMPLETED-CONSTRUCTION,88254990.05,,98.43,,,2020-11-20,,2025-06-27,No,REAMES & SON CST CO INC,2026-06-04
2026-06-05,0000534,PRE-CONSTRUCTION,685000.0,,,,,,,,No,,2026-06-04
2026-06-05,0000562,PRE-CONSTRUCTION,20213000.0,,,,,,,,No,,2026-06-04
2026-06-05,0000566,COMPLETED-CONSTRUCTION,78514926.94,,95.4,2020-05-31,2023-05-01,2014-12-24,,2020-05-31,No,C W Matthews Contracting,2026-06-04
2026-06-05,0000716,UNDER-CONSTRUCTION,0.0,,,,,,,,No,CONTRACTOR FOR AIRPORT,2026-06-04
2026-06-05,0000762,COMPLETED-CONSTRUCTION,76076851.52000001,,95.06,,2020-12-07,2017-06-16,,2020-10-09,No,REAMES & SON CST CO INC,2026-06-04
2026-06-05,0000807,PRE-CONSTRUCTION,0.0,,,,,,,,No,,2026-06-04
2026-06-05,0000821,PRE-CONSTRUCTION,18100464.81,,,,,,,,Yes,,2026-06-04
2026-06-05,0000932,PRE-CONSTRUCTION,2800000.0,,,,,,,,No,,2026-06-04
2026-06-05,0001040,PRE-CONSTRUCTION,52615020.92,,,,,,,,No,,2026-06-04
2026-06-05,0001042,PRE-CONSTRUCTION,23300000.0,,,,,,,,No,,2026-06-04
2026-06-05,0001043,PRE-CONSTRUCTION,15200000.0,,,,,,,,No,,2026-06-04
2026-06-05,0001044,PRE-CONSTRUCTION,129839328.0,,,,,,,,No,,2026-06-04
2026-06-05,0001047,PRE-CONSTRUCTION,21008113.6,,,,,,,,No,,2026-06-04
2026-06-05,0001096,UNDER-CONSTRUCTION,4224484.0,,,,,,,,No,CMES INC,2026-06-04
2026-06-05,0001322,PRE-CONSTRUCTION,35000000.0,,,,,,,,No,,2026-06-04
2026-06-05,0001323,PRE-CONSTRUCTION,40000000.0,,,,,,,,No,,2026-06-04
2026-06-05,0001324,PRE-CONSTRUCTION,25000000.0,,,,,,,,No,,2026-06-04
2026-06-05,0001325,PRE-CONSTRUCTION,50000000.0,,,,,,,,No,,2026-06-04
2026-06-05,0001327,PRE-CONSTRUCTION,83000000.0,,,,,,,,No,,2026-06-04
2026-06-05,0001328,PRE-CONSTRUCTION,32000000.0,,,,,,,,No,,2026-06-04
2026-06-05,0001333,PRE-CONSTRUCTION,295200000.0,,,,,,,,No,,2026-06-04
2026-06-05,0001334,PRE-CONSTRUCTION,188800000.0,,,,,,,,No,,2026-06-04
2026-06-05,0001339,PRE-CONSTRUCTION,18479286.0,,,,,,,,No,,2026-06-04
2026-06-05,0001572,COMPLETED-CONSTRUCTION,10994222.0,,90.49,,2022-01-04,2018-06-22,,2021-10-29,No,EAST COAST ASPHALT LLC,2026-06-04
2026-06-05,0001757,COMPLETED-CONSTRUCTION,5939974820.26,,100.0,2024-04-25,,2022-05-23,,2024-08-31,No,SR 400 PEACH PARTNERS,2026-06-04
2026-06-05,0001809,PRE-CONSTRUCTION,11374554.0,,,,,,,,No,,2026-06-04
2026-06-05,0001810,COMPLETED-CONSTRUCTION,8361641.14,,98.26,2020-08-23,2020-12-01,2019-02-22,,2020-09-01,No,MCLENDON ENTERPRISES INC,2026-06-04
2026-06-05,0001812,COMPLETED-CONSTRUCTION,17690438.0,,93.02,,2023-07-06,2018-07-20,,2021-04-01,Yes,Southeastern Site Develop,2026-06-04
2026-06-05,0001815,PRE-CONSTRUCTION,6308000.0,,,,,,,,No,,2026-06-04
2026-06-05,0001816,PRE-CONSTRUCTION,6308000.0,,,,,,,,No,,2026-06-04
2026-06-05,0001817,COMPLETED-CONSTRUCTION,61687379.93,,92.4,,,2014-06-20,,2024-11-11,No,C W Matthews Contracting,2026-06-04
2026-06-05,0001820,PRE-CONSTRUCTION,4470333.9799999995,,,,,,,,No,,2026-06-04
2026-06-05,0001821,PRE-CONSTRUCTION,50553940.0,,,,,,,,No,,2026-06-04
2026-06-05,0001822,PRE-CONSTRUCTION,87260830.84,,,,,,,,No,,2026-06-04
2026-06-05,0001823,PRE-CONSTRUCTION,4318077.28,,,,,,,,No,,2026-06-04
2026-06-05,0002040,COMPLETED-CONSTRUCTION,2143068.2199999997,,80.45,,2021-11-03,2020-05-22,,2021-05-31,No,PITTMAN CONSTRUCTION CO,2026-06-04
2026-06-05,0002377,COMPLETED-CONSTRUCTION,688719.97,,,,2019-09-30,,,,No,ATLANTA CREATIVE GRAPHICS,2026-06-04
2026-06-05,0002391,PRE-CONSTRUCTION,24954699.57,,,,,,,,No,,2026-06-04
2026-06-05,0002392,COMPLETED-CONSTRUCTION,42835103.78999999,,84.29,2020-05-31,,2014-03-07,,2020-05-12,No,C W Matthews Contracting,2026-06-04
2026-06-05,0002393,PRE-CONSTRUCTION,119610925.99,,,,,,,,No,,2026-06-04
2026-06-05,0002415,COMPLETED-CONSTRUCTION,8408482.59,,99.27,,2021-02-26,2017-07-03,,2019-11-15,No,BRTU CONSTRUCTION INC,2026-06-04
2026-06-05,0002525,PRE-CONSTRUCTION,49285140.5,,,,,,,,No,,2026-06-04
2026-06-05,0002626,COMPLETED-CONSTRUCTION,60389214.07,,94.69,,2022-04-04,2014-06-20,,2021-04-15,No,C W Matthews Contracting,2026-06-04
2026-06-05,0002861,COMPLETED-CONSTRUCTION,16904639.54,,88.73,,2025-03-06,2021-01-22,,2025-01-02,No,PLANT IMPROVEMENT CO INC,2026-06-04
2026-06-05,0002862,UNDER-CONSTRUCTION,177218554.55,,18.09,2028-11-30,,2025-03-19,,,No,C.W. MATTHEWS CONTRACTING,2026-06-04
2026-06-05,0002863,PRE-CONSTRUCTION,28166450.12,,,,,,,,No,,2026-06-04
2026-06-05,0002864,PRE-CONSTRUCTION,12589782.43,,,,,,,,No,,2026-06-04
2026-06-05,0002865,PRE-CONSTRUCTION,68159972.88,,,,,,,,No,,2026-06-04
2026-06-05,0002866,PRE-CONSTRUCTION,41095322.120000005,,,,,,,,No,,2026-06-04
2026-06-05,0002868,PRE-CONSTRUCTION,47361441.31,,,,,,,,No,,2026-06-04
2026-06-05,0002869,PRE-CONSTRUCTION,6215944.0,,,,,,,,No,,2026-06-04
2026-06-05,0002882,COMPLETED-CONSTRUCTION,6400791.05,,84.73,,2021-02-16,2017-07-21,,2019-06-10,No,C W Matthews Contracting,2026-06-04
2026-06-05,0002923,COMPLETED-CONSTRUCTION,23386012.92,,92.21,,,2015-11-16,,2020-01-15,No,REEVES CONSTRUCTION CO,2026-06-04
2026-06-05,0002981,PRE-CONSTRUCTION,23553426.01,,,,,,,,No,,2026-06-04
2026-06-05,0003061,PRE-CONSTRUCTION,9437000.0,,,,,,,,No,,2026-06-04
2026-06-05,0003081,COMPLETED-CONSTRUCTION,5872764.02,,91.8,2020-05-24,2022-02-15,2018-08-17,,2020-10-31,No,TIDWELL CONSTRUCTION CO,2026-06-04
2026-06-05,0003625,COMPLETED-CONSTRUCTION,27074970.09,,89.72,2018-07-22,2021-03-15,2016-09-30,,2020-07-31,No,EVERETT DYKES GRASSINC CO,2026-06-04
2026-06-05,0003626,UNDER-CONSTRUCTION,85549622.97,,42.66,2028-09-30,,2024-10-28,,,No,E R SNELL CONTRACTOR INC,2026-06-04
2026-06-05,0003627,PRE-CONSTRUCTION,6859308.63,,,,,,,,No,,2026-06-04
2026-06-05,0003628,PRE-CONSTRUCTION,12482725.04,,,,,,,,No,,2026-06-04
2026-06-05,0003682,UNDER-CONSTRUCTION,195129339.16,,27.95,2028-06-09,,2024-05-31,,,No,C W Matthews Contracting,2026-06-04
2026-06-05,0003701,PRE-CONSTRUCTION,29375280.0,,,,,,,,No,,2026-06-04
2026-06-05,0003948,COMPLETED-CONSTRUCTION,4104734.87,,90.46,,2023-01-26,2019-09-20,,2022-08-15,No,KNIGHT & ASSOCIATES INC,2026-06-04
2026-06-05,0004295,PRE-CONSTRUCTION,45900000.0,,,,,,,,No,,2026-06-04
2026-06-05,0004296,PRE-CONSTRUCTION,75500000.0,,,,,,,,No,,2026-06-04
2026-06-05,0004297,PRE-CONSTRUCTION,25000000.0,,,,,,,,No,,2026-06-04
2026-06-05,0004298,PRE-CONSTRUCTION,132900000.0,,,,,,,,No,,2026-06-04
2026-06-05,0004299,PRE-CONSTRUCTION,108276483.39,,,,,,,,No,,2026-06-04
2026-06-05,0004300,PRE-CONSTRUCTION,58100000.0,,,,,,,,No,,2026-06-04
2026-06-05,0004301,PRE-CONSTRUCTION,14200000.0,,,,,,,,No,,2026-06-04
2026-06-05,0004302,PRE-CONSTRUCTION,5400000.0,,,,,,,,No,,2026-06-04
2026-06-05,0004303,PRE-CONSTRUCTION,33800000.0,,,,,,,,No,,2026-06-04
2026-06-05,0004304,PRE-CONSTRUCTION,33800000.0,,,,,,,,No,,2026-06-04
2026-06-05,0004407,UNDER-CONSTRUCTION,0.0,,,,,,,,No,APAC SE,2026-06-04
2026-06-05,0004428,UNDER-CONSTRUCTION,31078812.86,,92.26,,,2022-05-03,,,No,CMES INC,2026-06-04
2026-06-05,0004497,PRE-CONSTRUCTION,2000000.0,,,,,,,,No,,2026-06-04
2026-06-05,0004634,UNDER-CONSTRUCTION,66790902.47,,9.68,2027-11-23,,2025-05-27,,,No,CMES INC,2026-06-04
2026-06-05,0004748,PRE-CONSTRUCTION,11561189.7,,,,,,,,No,,2026-06-04
2026-06-05,0004749,PRE-CONSTRUCTION,44826432.93,,,,,,,,No,,2026-06-04
2026-06-05,0004750,PRE-CONSTRUCTION,63187436.84,,,,,,,,No,,2026-06-04
2026-06-05,0004751,PRE-CONSTRUCTION,50613176.25,,,,,,,,No,,2026-06-04
2026-06-05,0004752,PRE-CONSTRUCTION,76621723.99000001,,,,,,,,No,,2026-06-04
2026-06-05,0004753,PRE-CONSTRUCTION,66491748.42,,,,,,,,No,,2026-06-04
2026-06-05,0004754,PRE-CONSTRUCTION,104683534.59,,,,,,,,No,,2026-06-04
2026-06-05,0004768,PRE-CONSTRUCTION,93294144.98,,,,,,,,No,,2026-06-04
2026-06-05,0004769,PRE-CONSTRUCTION,136687173.28,,,,,,,,No,,2026-06-04
2026-06-05,0004770,PRE-CONSTRUCTION,75134416.64,,,,,,,,No,,2026-06-04
2026-06-05,0004771,PRE-CONSTRUCTION,97825233.29,,,,,,,,No,,2026-06-04
2026-06-05,0004772,PRE-CONSTRUCTION,75944377.57000001,,,,,,,,No,,2026-06-04
2026-06-05,0004773,PRE-CONSTRUCTION,64839444.07,,,,,,,,No,,2026-06-04
2026-06-05,0004774,PRE-CONSTRUCTION,103744351.48,,,,,,,,No,,2026-06-04
2026-06-05,0004775,PRE-CONSTRUCTION,60492782.11,,,,,,,,No,,2026-06-04
2026-06-05,0004776,PRE-CONSTRUCTION,93148244.1,,,,,,,,No,,2026-06-04
2026-06-05,0004777,PRE-CONSTRUCTION,38525866.8,,,,,,,,No,,2026-06-04
2026-06-05,0004778,PRE-CONSTRUCTION,117190354.0,,,,,,,,No,,2026-06-04
2026-06-05,0004779,PRE-CONSTRUCTION,95275456.0,,,,,,,,No,,2026-06-04
2026-06-05,0004790,PRE-CONSTRUCTION,54445487.45,,,,,,,,No,,2026-06-04
2026-06-05,0004791,PRE-CONSTRUCTION,42760902.8,,,,,,,,No,,2026-06-04
2026-06-05,0004792,PRE-CONSTRUCTION,40581404.44,,,,,,,,No,,2026-06-04
2026-06-05,0004793,PRE-CONSTRUCTION,25917888.46,,,,,,,,No,,2026-06-04
2026-06-05,0004794,PRE-CONSTRUCTION,36017357.44,,,,,,,,No,,2026-06-04
2026-06-05,0004795,PRE-CONSTRUCTION,26798909.71,,,,,,,,No,,2026-06-04
2026-06-05,0004796,PRE-CONSTRUCTION,79028425.91,,,,,,,,No,,2026-06-04
2026-06-05,0004797,PRE-CONSTRUCTION,26415269.729999997,,,,,,,,No,,2026-06-04
2026-06-05,0004800,PRE-CONSTRUCTION,125914350.96,,,,,,,,No,,2026-06-04
2026-06-05,0004801,PRE-CONSTRUCTION,74319311.45,,,,,,,,No,,2026-06-04
2026-06-05,0004802,PRE-CONSTRUCTION,30787663.15,,,,,,,,No,,2026-06-04
2026-06-05,0004803,PRE-CONSTRUCTION,34942969.55,,,,,,,,No,,2026-06-04
2026-06-05,0004808,PRE-CONSTRUCTION,55162761.9,,,,,,,,No,,2026-06-04
2026-06-05,0004809,PRE-CONSTRUCTION,83177487.98,,,,,,,,No,,2026-06-04
2026-06-05,0004810,PRE-CONSTRUCTION,14523020.4,,,,,,,,No,,2026-06-04
2026-06-05,0004811,PRE-CONSTRUCTION,99822893.84,,,,,,,,No,,2026-06-04
2026-06-05,0004812,PRE-CONSTRUCTION,28656138.64,,,,,,,,No,,2026-06-04
2026-06-05,0004813,PRE-CONSTRUCTION,63977266.93,,,,,,,,No,,2026-06-04
2026-06-05,0004814,PRE-CONSTRUCTION,51346252.91,,,,,,,,No,,2026-06-04
2026-06-05,0004911,PRE-CONSTRUCTION,1840910.78,,,,,,,,No,,2026-06-04
2026-06-05,0004912,PRE-CONSTRUCTION,12448000.0,,,,,,,,No,,2026-06-04
2026-06-05,0004914,PRE-CONSTRUCTION,5590000.0,,,,,,,,No,,2026-06-04
2026-06-05,0004915,UNDER-CONSTRUCTION,90882122.76,,96.88,2025-05-31,,2016-09-02,,,No,GP'S ENTERPRISES INC,2026-06-04
2026-06-05,0005228,PRE-CONSTRUCTION,30152000.0,,,,,,,,No,,2026-06-04
2026-06-05,0005248,PRE-CONSTRUCTION,18000000.0,,,,,,,,No,,2026-06-04
2026-06-05,0005312,PRE-CONSTRUCTION,7877500.0,,,,,,,,No,,2026-06-04
2026-06-05,0005313,PRE-CONSTRUCTION,51063524.74,,,,,,,,No,,2026-06-04
2026-06-05,0005314,PRE-CONSTRUCTION,5478347.0,,,,,,,,No,,2026-06-04
2026-06-05,0005317,UNDER-CONSTRUCTION,5407371.72,,45.28,2026-03-31,,2025-01-31,,,No,BARTOW PAVING COMPANY INC,2026-06-04
2026-06-05,0005529,PRE-CONSTRUCTION,1000000.0,,,,,,,,No,,2026-06-04
2026-06-05,0005530,COMPLETED-CONSTRUCTION,8660834.280000001,,85.07000000000001,2023-05-31,2023-07-26,2018-08-17,,2023-05-31,No,WRIGHT BROTHERS CST CO,2026-06-04
2026-06-05,0005533,COMPLETED-CONSTRUCTION,6912622.640000001,,95.3,2025-10-06,,2023-09-01,2025-08-18,,No,SOUTHERN CONCRETE CST CO,2026-06-04
2026-06-05,0005569,PRE-CONSTRUCTION,1000000.0,,,,,,,,No,,2026-06-04
2026-06-05,0005749,PRE-CONSTRUCTION,3662032.52,,,,,,,,No,,2026-06-04
2026-06-05,0005821,PRE-CONSTRUCTION,349300.0,,,,,,,,No,,2026-06-04
2026-06-05,0005828,PRE-CONSTRUCTION,10000000.0,,,,,,,,No,,2026-06-04
2026-06-05,0005941,PRE-CONSTRUCTION,6970548.66,,,,,,,,No,,2026-06-04
2026-06-05,0005970,PRE-CONSTRUCTION,3154000.0,,,,,,,,No,,2026-06-04
2026-06-05,0006019,PRE-CONSTRUCTION,34478134.489999995,,,,,,,,No,,2026-06-04
2026-06-05,0006036,PRE-CONSTRUCTION,15180839.0,,,,,,,,No,,2026-06-04
2026-06-05,0006037,PRE-CONSTRUCTION,7561031.0,,,,,,,,No,,2026-06-04
2026-06-05,0006038,PRE-CONSTRUCTION,9328000.0,,,,,,,,No,,2026-06-04
2026-06-05,0006039,PRE-CONSTRUCTION,47986595.08,,,,,,,,No,,2026-06-04
2026-06-05,0006042,PRE-CONSTRUCTION,3921000.0,,,,,,,,No,,2026-06-04
2026-06-05,0006047,PRE-CONSTRUCTION,50332525.0,,,,,,,,No,,2026-06-04
2026-06-05,0006049,UNDER-CONSTRUCTION,110094076.91,,99.31,,,2020-04-17,,,No,CMES INC,2026-06-04
2026-06-05,0006060,PRE-CONSTRUCTION,197000.0,,,,,,,,No,,2026-06-04
2026-06-05,0006061,PRE-CONSTRUCTION,287000.0,,,,,,,,No,,2026-06-04
2026-06-05,0006068,PRE-CONSTRUCTION,1913957.4699999995,,,,,,,,No,,2026-06-04
2026-06-05,0006078,PRE-CONSTRUCTION,41627446.4,,,,,,,,No,,2026-06-04
2026-06-05,0006253,PRE-CONSTRUCTION,176184793.49,,,,,,,,No,,2026-06-04
2026-06-05,0006294,COMPLETED-CONSTRUCTION,2149178.69,,96.09,,2019-11-21,2017-09-22,,2019-06-30,No,Baldwin Paving Company,2026-06-04
2026-06-05,0006327,COMPLETED-CONSTRUCTION,55768171.77,,96.68,2021-07-23,2024-01-31,2018-08-17,,2023-03-14,No,E R SNELL CONTRACTOR INC,2026-06-04
2026-06-05,0006328,UNDER-CONSTRUCTION,129441733.89,,99.77,,,2022-04-04,,,No,SCOTT BRIDGE COMPANY INC,2026-06-04
2026-06-05,0006416,COMPLETED-CONSTRUCTION,3302294.02,,99.24,,2019-10-28,2018-05-18,,2019-07-31,No,NORTHWEST GA PAVING INC,2026-06-04
2026-06-05,0006436,UNDER-CONSTRUCTION,16987900.0,,,,,,,,Yes,REEVES CONSTRUCTION CO,2026-06-04
2026-06-05,0006439,COMPLETED-CONSTRUCTION,46974584.79,,96.18,,2021-02-26,2017-06-16,,2019-12-31,No,PITTMAN CONSTRUCTION CO,2026-06-04
2026-06-05,0006446,UNDER-CONSTRUCTION,46174017.15,,59.28,2026-04-30,,2023-04-14,,,Yes,ROBINSON PAVING COMPANY,2026-06-04
2026-06-05,0006463,COMPLETED-CONSTRUCTION,2609800.31,,98.73,,2020-11-19,2019-06-21,,2020-07-31,No,Moye Electric Company Inc,2026-06-04
2026-06-05,0006576,COMPLETED-CONSTRUCTION,1566036.0,,100.0,,2022-05-09,2018-07-23,,2022-04-12,No,CONSTRUCTION 57 INC,2026-06-04
2026-06-05,0006644,COMPLETED-CONSTRUCTION,625000.0,,100.0,,2020-02-17,2018-12-07,,2019-07-24,No,THE CORBETT GROUP LLC,2026-06-04
2026-06-05,0006658,COMPLETED-CONSTRUCTION,2946360.1100000003,,96.49,,2020-01-15,2017-07-21,,2019-07-31,No,C W Matthews Contracting,2026-06-04
2026-06-05,0006666,PRE-CONSTRUCTION,31448751.72,,,,,,,,No,,2026-06-04
2026-06-05,0006670,PRE-CONSTRUCTION,1034551.08,,,,,,,,No,,2026-06-04
2026-06-05,0006671,PRE-CONSTRUCTION,45238524.08,,,,,,,,No,,2026-06-04
2026-06-05,0006672,PRE-CONSTRUCTION,66968449.879999995,,,,,,,,No,,2026-06-04
2026-06-05,0006673,PRE-CONSTRUCTION,47771703.2,,,,,,,,No,,2026-06-04
2026-06-05,0006684,COMPLETED-CONSTRUCTION,12851102.62,,100.0,,,2022-04-25,2024-03-19,2024-08-12,No,PRECISION 2000,2026-06-04
2026-06-05,0006689,PRE-CONSTRUCTION,9471344.16,,,,,,,,No,,2026-06-04
2026-06-05,0006697,PRE-CONSTRUCTION,3211284.22,,,,,,,,No,,2026-06-04
2026-06-05,0006700,UNDER-CONSTRUCTION,84580068.17,,83.15,,,2021-05-21,,,No,BALFOUR BEATTY INFRASTRUC,2026-06-04
2026-06-05,0006811,PRE-CONSTRUCTION,1670000.0,,,,,,,,No,,2026-06-04
2026-06-05,0006857,UNDER-CONSTRUCTION,43946835.7,,56.19,,,2022-04-01,,,No,C W Matthews Contracting,2026-06-04
2026-06-05,0006860,COMPLETED-CONSTRUCTION,9884668.22,,100.0,,2021-10-29,2017-05-11,,2020-04-29,No,CMES INC,2026-06-04
2026-06-05,0006862,COMPLETED-CONSTRUCTION,64202012.35,,99.07,,,2018-12-14,,2024-05-31,No,C W Matthews Contracting,2026-06-04
2026-06-05,0006866,UNDER-CONSTRUCTION,42522193.77,,56.19,,,2022-04-01,,,No,C W Matthews Contracting,2026-06-04
2026-06-05,0006873,COMPLETED-CONSTRUCTION,3222029.49,,,,2020-05-18,,,,No,VERTICAL EARTH INC,2026-06-04
2026-06-05,0006878,PRE-CONSTRUCTION,33258618.0,,,,,,,,No,,2026-06-04
2026-06-05,0006883,PRE-CONSTRUCTION,20019837.89,,,,,,,,No,,2026-06-04
2026-06-05,0006888,PRE-CONSTRUCTION,12225000.0,,,,,,,,No,,2026-06-04
2026-06-05,0006894,PRE-CONSTRUCTION,20996596.54,,,,,,,,No,,2026-06-04
2026-06-05,0006895,PRE-CONSTRUCTION,28444634.12,,,,,,,,No,,2026-06-04
2026-06-05,0006896,PRE-CONSTRUCTION,14716273.02,,,,,,,,No,,2026-06-04
2026-06-05,0006897,PRE-CONSTRUCTION,31792887.68,,,,,,,,No,,2026-06-04
2026-06-05,0006900,COMPLETED-CONSTRUCTION,63041370.84,,97.42,2020-11-30,,2014-05-02,,2024-03-29,No,C W Matthews Contracting,2026-06-04
2026-06-05,0006901,COMPLETED-CONSTRUCTION,53805224.879999995,,97.42,2020-11-30,,2014-05-02,,2024-03-29,No,C W Matthews Contracting,2026-06-04
2026-06-05,0006903,PRE-CONSTRUCTION,16499000.0,,,,,,,,No,,2026-06-04
2026-06-05,0006905,PRE-CONSTRUCTION,32406755.0,,,,,,,,No,,2026-06-04
2026-06-05,0006915,PRE-CONSTRUCTION,90271104.13,,,,,,,,No,,2026-06-04
2026-06-05,0006921,PRE-CONSTRUCTION,64110853.1,,,,,,,,No,,2026-06-04
2026-06-05,0006922,PRE-CONSTRUCTION,97684133.5,,,,,,,,No,,2026-06-04
2026-06-05,0006924,PRE-CONSTRUCTION,252690895.74,,,,,,,,No,,2026-06-04
2026-06-05,0006930,PRE-CONSTRUCTION,86164135.56,,,,,,,,No,,2026-06-04
2026-06-05,0006931,PRE-CONSTRUCTION,18088000.0,,,,,,,,No,,2026-06-04
2026-06-05,0006932,COMPLETED-CONSTRUCTION,4298000.0,,100.0,,2023-04-25,2020-10-01,,2023-04-11,No,PITTMAN CONSTRUCTION CO,2026-06-04
2026-06-05,0006934,UNDER-CONSTRUCTION,46402281.489999995,,,2027-01-26,,2025-02-06,,,No,CMES INC,2026-06-04
2026-06-05,0006935,UNDER-CONSTRUCTION,8571370.92,,92.08,2025-09-12,,2023-06-02,,,No,E R SNELL CONTRACTOR INC,2026-06-04
2026-06-05,0006937,PRE-CONSTRUCTION,105195421.25,,,,,,,,No,,2026-06-04
2026-06-05,0006965,PRE-CONSTRUCTION,46528000.0,,,,,,,,No,,2026-06-04
2026-06-05,0006966,PRE-CONSTRUCTION,38105000.0,,,,,,,,No,,2026-06-04
2026-06-05,0006967,UNDER-CONSTRUCTION,7062106.13,,,,,,,,No,QUALITY CST BY MCLEROY,2026-06-04
2026-06-05,0006968,PRE-CONSTRUCTION,3284080.2,,,,,,,,No,,2026-06-04
2026-06-05,0006969,PRE-CONSTRUCTION,12211000.0,,,,,,,,No,,2026-06-04
2026-06-05,0006970,PRE-CONSTRUCTION,945000.0,,,,,,,,No,,2026-06-04
2026-06-05,0006972,PRE-CONSTRUCTION,93752055.17,,,,,,,,No,,2026-06-04
2026-06-05,0006987,PRE-CONSTRUCTION,325000.0,,,,,,,,No,,2026-06-04
2026-06-05,0006988,PRE-CONSTRUCTION,317000.0,,,,,,,,No,,2026-06-04
2026-06-05,0007019,PRE-CONSTRUCTION,72527461.53,,,,,,,,No,,2026-06-04
2026-06-05,0007028,COMPLETED-CONSTRUCTION,6447588.43,,99.5,,,2019-07-19,,2022-01-11,No,Baldwin Paving Company,2026-06-04
2026-06-05,0007037,COMPLETED-CONSTRUCTION,26747567.549999997,,100.0,2021-09-22,2022-10-14,2019-05-17,,2022-07-15,Yes,SCOTT BRIDGE COMPANY INC,2026-06-04
2026-06-05,0007042,COMPLETED-CONSTRUCTION,7824480.99,,98.88,,2021-07-01,2018-07-20,,2020-07-14,Yes,ROBINSON PAVING COMPANY,2026-06-04
2026-06-05,0007043,COMPLETED-CONSTRUCTION,7819265.95,,94.91,,2023-01-03,2018-09-21,,2021-06-09,No,MCCOY GRADING INC,2026-06-04
2026-06-05,0007044,COMPLETED-CONSTRUCTION,5394158.72,,98.17,2022-10-09,2025-08-06,2021-07-02,,2023-07-07,No,MCCOY GRADING INC,2026-06-04
2026-06-05,0007047,COMPLETED-CONSTRUCTION,5138047.32,,98.35,,2022-06-14,2020-06-19,,2022-03-28,No,TALLEY CST CO INC,2026-06-04
2026-06-05,0007050,COMPLETED-CONSTRUCTION,20648358.529999997,,99.93,,2022-04-11,2016-06-17,,2019-12-31,No,GA BRIDGE & CONCRETE LLC,2026-06-04
2026-06-05,0007052,PRE-CONSTRUCTION,3339521.98,,,,,,,,No,,2026-06-04
2026-06-05,0007053,PRE-CONSTRUCTION,3680567.69,,,,,,,,No,,2026-06-04
2026-06-05,0007055,UNDER-CONSTRUCTION,5985629.42,,42.03,2026-12-31,,2025-01-03,,,No,E R SNELL CONTRACTOR INC,2026-06-04
2026-06-05,0007057,COMPLETED-CONSTRUCTION,3320304.77,,93.77,2023-01-04,2023-10-02,2022-02-04,,2023-04-21,No,E R SNELL CONTRACTOR INC,2026-06-04
2026-06-05,0007095,PRE-CONSTRUCTION,1649000.0,,,,,,,,No,,2026-06-04
2026-06-05,0007128,UNDER-CONSTRUCTION,83605975.92,,81.88,,,2017-10-20,,,No,PRINCE CONTRACTING LLC,2026-06-04
2026-06-05,0007153,COMPLETED-CONSTRUCTION,5900023.380000001,,98.81,,2021-02-26,2017-09-22,,2020-09-10,No,SOUTHERN CONCRETE CST CO,2026-06-04
2026-06-05,0007154,COMPLETED-CONSTRUCTION,8832850.45,,98.81,,2021-02-26,2017-09-22,,2020-09-10,No,SOUTHERN CONCRETE CST CO,2026-06-04
2026-06-05,0007157,COMPLETED-CONSTRUCTION,4276116.49,,99.86,,2020-02-24,2016-09-30,,2019-10-16,No,TALLEY CST COMPANY INC,2026-06-04
2026-06-05,0007170,COMPLETED-CONSTRUCTION,12282197.67,,99.35,,,2021-09-17,,2023-08-23,No,SCOTT BRIDGE COMPANY INC,2026-06-04
2026-06-05,0007174,COMPLETED-CONSTRUCTION,27320221.44,,99.55,2020-12-07,2022-10-07,2018-12-14,,2022-05-31,No,C W Matthews Contracting,2026-06-04
2026-06-05,0007176,COMPLETED-CONSTRUCTION,3634119.23,,92.07,2019-09-14,2020-04-27,2018-12-14,,2020-03-16,No,TALLEY CST CO INC,2026-06-04
2026-06-05,0007177,COMPLETED-CONSTRUCTION,3697775.68,,97.45,,2021-08-18,2019-09-20,,2021-03-30,No,TALLEY CST CO INC,2026-06-04
2026-06-05,0007179,COMPLETED-CONSTRUCTION,3382283.42,,91.16,,,2020-07-17,,2021-08-21,No,GREGORY BRIDGE COMPANY,2026-06-04
2026-06-05,0007219,PRE-CONSTRUCTION,710000.0,,,,,,,,No,,2026-06-04
2026-06-05,0007233,PRE-CONSTRUCTION,119784201.26,,,,,,,,No,,2026-06-04
2026-06-05,0007259,COMPLETED-CONSTRUCTION,35580687.400000006,,99.25,,,2017-07-21,,2022-08-25,No,BALFOUR BEATTY INFRASTRUC,2026-06-04
2026-06-05,0007313,COMPLETED-CONSTRUCTION,10213288.89,,86.72,2020-05-31,2020-08-25,2015-12-07,,2020-05-31,No,BALDWIN PAVING CO INC,2026-06-04
2026-06-05,0007319,COMPLETED-CONSTRUCTION,24166009.51,,94.36,2019-11-06,2020-10-09,2017-04-21,,2020-07-24,No,CMES INC,2026-06-04
2026-06-05,0007386,COMPLETED-CONSTRUCTION,49371369.27,,93.1,,2024-04-02,2020-02-21,,2023-04-04,No,REAMES & SON CST CO INC,2026-06-04
2026-06-05,0007413,COMPLETED-CONSTRUCTION,19298977.53,,,,2023-12-21,,,,Yes,MCLENDON ENTERPRISE,2026-06-04
2026-06-05,0007414,COMPLETED-CONSTRUCTION,55318454.260000005,,93.07,,2022-06-07,2016-11-04,,2021-03-18,No,PLANT IMPROVEMENT CO INC,2026-06-04
2026-06-05,0007416,PRE-CONSTRUCTION,128890751.01,,,,,,,,No,,2026-06-04
2026-06-05,0007480,PRE-CONSTRUCTION,11462650.0,,,,,,,,No,,2026-06-04
2026-06-05,0007494,PRE-CONSTRUCTION,65426056.94,,,,,,,,No,,2026-06-04
2026-06-05,0007516,PRE-CONSTRUCTION,25343395.75,,,,,,,,No,,2026-06-04
2026-06-05,0007517,PRE-CONSTRUCTION,2775000.0,,,,,,,,No,,2026-06-04
2026-06-05,0007518,PRE-CONSTRUCTION,33557218.519999996,,,,,,,,No,,2026-06-04
2026-06-05,0007519,PRE-CONSTRUCTION,46968273.65,,,,,,,,No,,2026-06-04
2026-06-05,0007520,PRE-CONSTRUCTION,28058386.93,,,,,,,,No,,2026-06-04
2026-06-05,0007526,UNDER-CONSTRUCTION,82187296.03,,87.39,,,2020-12-18,,,No,C W Matthews Contracting,2026-06-04
2026-06-05,0007529,COMPLETED-CONSTRUCTION,4574254.57,,,,2020-02-13,,,,No,BALDWIN PAVING CO INC,2026-06-04
2026-06-05,0007532,COMPLETED-CONSTRUCTION,5749679.699999999,,84.46000000000001,,2020-12-15,2018-06-06,,2019-06-30,No,EXCELLERE CST LLC,2026-06-04
2026-06-05,0007533,COMPLETED-CONSTRUCTION,3173923.71,,87.11,,2024-01-05,2021-09-14,,2023-12-14,No,CMES INC,2026-06-04
2026-06-05,0007535,COMPLETED-CONSTRUCTION,19710868.74,,100.0,2026-04-30,2023-02-20,2024-08-22,,,No,ER SNELL CONTRACTOR INC,2026-06-04
2026-06-05,0007540,COMPLETED-CONSTRUCTION,1180795.06,,100.0,,2022-05-09,2021-01-05,,2022-04-14,No,EXCELLERE CST LLC,2026-06-04
2026-06-05,0007573,PRE-CONSTRUCTION,359960.0,,,,,,,,No,,2026-06-04
2026-06-05,0007593,COMPLETED-CONSTRUCTION,487982.31,,78.92,,,2018-09-27,2023-05-15,2023-05-15,No,GA DEVELOPMENT PARTNERS,2026-06-04
2026-06-05,0007597,PRE-CONSTRUCTION,220500.0,,,,,,,,No,,2026-06-04
2026-06-05,0007613,COMPLETED-CONSTRUCTION,8452969.69,,100.0,,2021-11-15,2017-08-10,,2021-06-16,No,OSHMIV CONSTRUCTION LLC,2026-06-04
2026-06-05,0007618,COMPLETED-CONSTRUCTION,5904634.81,,100.0,,2024-08-13,2019-03-28,2024-04-19,2024-04-19,No,PRECISION 2000 INC,2026-06-04
2026-06-05,0007631,COMPLETED-CONSTRUCTION,5612578.78,,96.43,,2021-05-06,2019-01-08,,2021-01-21,No,ASTRA GROUP INC,2026-06-04
2026-06-05,0007633,COMPLETED-CONSTRUCTION,578734.0,,100.0,,2020-12-07,2017-04-27,,2019-12-13,No,Southeastern Site Develop,2026-06-04
2026-06-05,0007640,PRE-CONSTRUCTION,1498614.09,,,,,,,,No,,2026-06-04
2026-06-05,0007664,COMPLETED-CONSTRUCTION,6551897.86,,95.83,,2021-09-20,2019-04-23,,2020-12-10,No,EAST COAST ASPHALT LLC,2026-06-04
2026-06-05,0007667,PRE-CONSTRUCTION,5463846.92,,,,,,,,No,,2026-06-04
2026-06-05,0007680,PRE-CONSTRUCTION,7611000.0,,,,,,,,No,,2026-06-04
2026-06-05,0007681,PRE-CONSTRUCTION,3644000.0,,,,,,,,No,,2026-06-04
2026-06-05,0007691,COMPLETED-CONSTRUCTION,96106525.13,,98.53,,,2017-10-20,,2024-08-20,No,C W Matthews Contracting,2026-06-04
2026-06-05,0007692,PRE-CONSTRUCTION,88587143.64,,,,,,,,No,,2026-06-04
2026-06-05,0007831,PRE-CONSTRUCTION,11608431.66,,,,,,,,No,,2026-06-04
2026-06-05,0007832,PRE-CONSTRUCTION,42981938.44,,,,,,,,No,,2026-06-04
2026-06-05,0007833,PRE-CONSTRUCTION,77056000.0,,,,,,,,No,,2026-06-04
2026-06-05,0007834,PRE-CONSTRUCTION,11054330.42,,,,,,,,No,,2026-06-04
2026-06-05,0007836,PRE-CONSTRUCTION,104420056.53,,,,,,,,No,,2026-06-04
2026-06-05,0007837,PRE-CONSTRUCTION,45306375.78,,,,,,,,No,,2026-06-04
2026-06-05,0007838,COMPLETED-CONSTRUCTION,91524442.29,,9.94,2027-12-31,,2023-12-29,2024-12-31,2024-12-31,No,,2026-06-04
2026-06-05,0007841,UNDER-CONSTRUCTION,118897077.33,,15.8,2028-02-03,,2024-08-30,,,No,E R SNELL CONTRACTOR INC,2026-06-04
2026-06-05,0007843,COMPLETED-CONSTRUCTION,47986802.44,,90.14,2026-05-03,,2023-03-03,,2026-05-27,No,VERTICAL EARTH INC,2026-06-04
2026-06-05,0007844,UNDER-CONSTRUCTION,66953970.93,,39.05,2027-12-12,,2022-08-05,,,No,VERTICAL EARTH INC,2026-06-04
2026-06-05,0007846,PRE-CONSTRUCTION,28765664.790000003,,,,,,,,No,,2026-06-04
2026-06-05,0007848,PRE-CONSTRUCTION,18625879.01,,,,,,,,No,,2026-06-04
2026-06-05,0007849,PRE-CONSTRUCTION,34927195.5,,,,,,,,No,,2026-06-04
2026-06-05,0007850,PRE-CONSTRUCTION,22191427.89,,,,,,,,No,,2026-06-04
2026-06-05,0007852,PRE-CONSTRUCTION,49707173.27,,,,,,,,No,,2026-06-04
2026-06-05,0007853,PRE-CONSTRUCTION,69383113.22,,,,,,,,No,,2026-06-04
2026-06-05,0007854,PRE-CONSTRUCTION,56798884.04,,,,,,,,No,,2026-06-04
2026-06-05,0007855,PRE-CONSTRUCTION,235053577.35,,,,,,,,No,,2026-06-04
2026-06-05,0007856,PRE-CONSTRUCTION,0.0,,,,,,,,No,,2026-06-04
2026-06-05,0007857,PRE-CONSTRUCTION,37188483.0,,,,,,,,No,,2026-06-04
2026-06-05,0007859,PRE-CONSTRUCTION,30833875.0,,,,,,,,No,,2026-06-04
2026-06-05,0007860,PRE-CONSTRUCTION,31082000.0,,,,,,,,No,,2026-06-04
2026-06-05,0007861,PRE-CONSTRUCTION,15970000.0,,,,,,,,No,,2026-06-04
2026-06-05,0007862,PRE-CONSTRUCTION,102650680.72,,,,,,,,No,,2026-06-04
2026-06-05,0007863,PRE-CONSTRUCTION,18623864.16,,,,,,,,No,,2026-06-04
2026-06-05,0007864,PRE-CONSTRUCTION,120369380.0,,,,,,,,No,,2026-06-04
2026-06-05,0007866,PRE-CONSTRUCTION,105713863.44,,,,,,,,No,,2026-06-04
2026-06-05,0007867,PRE-CONSTRUCTION,56313847.370000005,,,,,,,,No,,2026-06-04
2026-06-05,0007869,PRE-CONSTRUCTION,99558644.47,,,,,,,,No,,2026-06-04
2026-06-05,0007870,PRE-CONSTRUCTION,81034804.64,,,,,,,,No,,2026-06-04
2026-06-05,0007871,PRE-CONSTRUCTION,38667196.0,,,,,,,,No,,2026-06-04
2026-06-05,0007875,PRE-CONSTRUCTION,84733115.25,,,,,,,,No,,2026-06-04
2026-06-05,0007879,PRE-CONSTRUCTION,338877192.14,,,,,,,,No,,2026-06-04
2026-06-05,0007880,PRE-CONSTRUCTION,36429066.25,,,,,,,,No,,2026-06-04
2026-06-05,0007881,PRE-CONSTRUCTION,196058281.87,,,,,,,,No,,2026-06-04
2026-06-05,0007891,PRE-CONSTRUCTION,46505565.2,,,,,,,,No,,2026-06-04
2026-06-05,0007893,PRE-CONSTRUCTION,78123334.48,,,,,,,,No,,2026-06-04
2026-06-05,0007894,PRE-CONSTRUCTION,57682844.0,,,,,,,,No,,2026-06-04
2026-06-05,0007895,PRE-CONSTRUCTION,41245759.96,,,,,,,,No,,2026-06-04
2026-06-05,0007896,PRE-CONSTRUCTION,56602178.24,,,,,,,,No,,2026-06-04
2026-06-05,0007897,PRE-CONSTRUCTION,119293502.24,,,,,,,,No,,2026-06-04
2026-06-05,0007898,PRE-CONSTRUCTION,130548380.24,,,,,,,,No,,2026-06-04
2026-06-05,0007899,PRE-CONSTRUCTION,71593743.6,,,,,,,,No,,2026-06-04
2026-06-05,0007904,PRE-CONSTRUCTION,12249025.0,,,,,,,,No,,2026-06-04
2026-06-05,0007910,PRE-CONSTRUCTION,150000.0,,,,,,,,No,,2026-06-04
2026-06-05,0007930,PRE-CONSTRUCTION,71877011.52,,,,,,,,No,,2026-06-04
2026-06-05,0007931,PRE-CONSTRUCTION,50788128.84,,,,,,,,No,,2026-06-04
2026-06-05,0007932,PRE-CONSTRUCTION,33475145.380000003,,,,,,,,No,,2026-06-04
2026-06-05,0007933,PRE-CONSTRUCTION,77254584.80000001,,,,,,,,No,,2026-06-04
2026-06-05,0007934,PRE-CONSTRUCTION,77798344.07000001,,,,,,,,No,,2026-06-04
2026-06-05,0007935,PRE-CONSTRUCTION,30801698.119999997,,,,,,,,No,,2026-06-04
2026-06-05,0007937,PRE-CONSTRUCTION,40853697.61,,,,,,,,No,,2026-06-04
2026-06-05,0007938,PRE-CONSTRUCTION,16326156.76,,,,,,,,No,,2026-06-04
2026-06-05,0007942,PRE-CONSTRUCTION,500000.0,,,,,,,,No,,2026-06-04
2026-06-05,0007944,PRE-CONSTRUCTION,6525000.0,,,,,,,,No,,2026-06-04
2026-06-05,0007949,COMPLETED-CONSTRUCTION,2935364.33,,100.0,,2021-04-20,2017-07-05,,2019-10-06,No,BRTU CONSTRUCTION INC,2026-06-04
2026-06-05,0007952,PRE-CONSTRUCTION,2916718.75,,,,,,,,No,,2026-06-04
2026-06-05,0008006,PRE-CONSTRUCTION,96210102.22,,,,,,,,No,,2026-06-04
2026-06-05,0008007,PRE-CONSTRUCTION,110462241.48,,,,,,,,No,,2026-06-04
2026-06-05,0008008,PRE-CONSTRUCTION,20541350.0,,,,,,,,No,,2026-06-04
2026-06-05,0008009,PRE-CONSTRUCTION,22993967.64,,,,,,,,No,,2026-06-04
2026-06-05,0008010,PRE-CONSTRUCTION,12507915.36,,,,,,,,No,,2026-06-04
2026-06-05,0008011,PRE-CONSTRUCTION,6098387.6,,,,,,,,No,,2026-06-04
2026-06-05,0008012,PRE-CONSTRUCTION,3805250.0,,,,,,,,No,,2026-06-04
2026-06-05,0008013,PRE-CONSTRUCTION,19514113.16,,,,,,,,No,,2026-06-04
2026-06-05,0008014,PRE-CONSTRUCTION,21665840.0,,,,,,,,No,,2026-06-04
2026-06-05,0008015,PRE-CONSTRUCTION,63330919.44,,,,,,,,No,,2026-06-04
2026-06-05,0008016,UNDER-CONSTRUCTION,25815177.07,,87.93,2026-06-13,,2022-08-05,,,Yes,G P ENTERPRISES INC,2026-06-04
2026-06-05,0008017,PRE-CONSTRUCTION,123411264.12,,,,,,,,No,,2026-06-04
2026-06-05,0008019,PRE-CONSTRUCTION,50185068.58,,,,,,,,No,,2026-06-04
2026-06-05,0008020,PRE-CONSTRUCTION,78094838.08,,,,,,,,Yes,,2026-06-04
2026-06-05,0008021,PRE-CONSTRUCTION,9856600.0,,,,,,,,No,,2026-06-04
2026-06-05,0008022,PRE-CONSTRUCTION,94779594.01,,,,,,,,No,,2026-06-04
2026-06-05,0008023,PRE-CONSTRUCTION,10251360.0,,,,,,,,No,,2026-06-04
2026-06-05,0008024,PRE-CONSTRUCTION,18700353.1,,,,,,,,No,,2026-06-04
2026-06-05,0008025,PRE-CONSTRUCTION,49983129.4,,,,,,,,No,,2026-06-04
2026-06-05,0008026,PRE-CONSTRUCTION,21194640.0,,,,,,,,No,,2026-06-04
2026-06-05,0008027,PRE-CONSTRUCTION,37175546.84,,,,,,,,No,,2026-06-04
2026-06-05,0008028,PRE-CONSTRUCTION,9574757.0,,,,,,,,No,,2026-06-04
2026-06-05,0008029,PRE-CONSTRUCTION,47559869.88,,,,,,,,No,,2026-06-04
2026-06-05,0008030,PRE-CONSTRUCTION,9250000.0,,,,,,,,No,,2026-06-04
2026-06-05,0008031,PRE-CONSTRUCTION,13320000.0,,,,,,,,No,,2026-06-04
2026-06-05,0008032,PRE-CONSTRUCTION,44106539.33,,,,,,,,No,,2026-06-04
2026-06-05,0008038,PRE-CONSTRUCTION,73594725.7,,,,,,,,No,,2026-06-04
2026-06-05,0008039,PRE-CONSTRUCTION,118353503.68,,,,,,,,No,,2026-06-04
2026-06-05,0008043,COMPLETED-CONSTRUCTION,1853729.35,,96.35,,2020-02-13,2018-08-17,,2019-11-06,No,BARTOW PAVING COMPANY INC,2026-06-04
2026-06-05,0008121,COMPLETED-CONSTRUCTION,4113959.13,,81.45,,,2019-10-22,,2024-11-21,No,ER SNELL CONTRACTOR INC,2026-06-04
2026-06-05,0008280,PRE-CONSTRUCTION,361000.0,,,,,,,,No,,2026-06-04
2026-06-05,0008288,COMPLETED-CONSTRUCTION,2721218.91,,94.71,2025-03-07,,2023-10-06,2025-02-06,,No,EXCELLERE CST LLC,2026-06-04
2026-06-05,0008289,COMPLETED-CONSTRUCTION,9935904.97,,93.85,2023-06-02,2023-11-01,2021-06-18,,2023-10-31,Yes,MCLENDON ENTERPRISES INC,2026-06-04
2026-06-05,0008290,PRE-CONSTRUCTION,2553881.5300000003,,,,,,,,No,,2026-06-04
2026-06-05,0008291,PRE-CONSTRUCTION,1570000.0,,,,,,,,No,,2026-06-04
2026-06-05,0008314,COMPLETED-CONSTRUCTION,24200264.57,,99.92,,,2020-04-17,,2022-12-11,No,C W Matthews Contracting,2026-06-04
2026-06-05,0008336,PRE-CONSTRUCTION,7644631.359999999,,,,,,,,No,,2026-06-04
2026-06-05,0008337,PRE-CONSTRUCTION,19183912.8,,,,,,,,No,,2026-06-04
2026-06-05,0008338,PRE-CONSTRUCTION,38200000.0,,,,,,,,No,,2026-06-04
2026-06-05,0008345,PRE-CONSTRUCTION,66168851.349999994,,,,,,,,No,,2026-06-04
2026-06-05,0008346,UNDER-CONSTRUCTION,53620984.0,,,,,,,,Yes,E R SNELL CONTRACTOR INC,2026-06-04
2026-06-05,0008348,PRE-CONSTRUCTION,39350000.0,,,,,,,,No,,2026-06-04
2026-06-05,0008349,PRE-CONSTRUCTION,45205917.96,,,,,,,,No,,2026-06-04
2026-06-05,0008350,UNDER-CONSTRUCTION,41205690.0,,,,,,,,Yes,E R SNELL CONTRACTOR INC,2026-06-04
2026-06-05,0008351,UNDER-CONSTRUCTION,27671889.96,,,,,,,,Yes,ER SNELL CONTRACTORS INC,2026-06-04
2026-06-05,0008353,PRE-CONSTRUCTION,28452366.48,,,,,,,,No,,2026-06-04
2026-06-05,0008354,PRE-CONSTRUCTION,52479115.120000005,,,,,,,,No,,2026-06-04
2026-06-05,0008356,PRE-CONSTRUCTION,55677467.18,,,,,,,,No,,2026-06-04
2026-06-05,0008357,UNDER-CONSTRUCTION,84946600.19999999,,43.61,2028-10-08,,2022-09-02,,,No,C W Matthews Contracting,2026-06-04
2026-06-05,0008358,PRE-CONSTRUCTION,101675003.92,,,,,,,,No,,2026-06-04
2026-06-05,0008359,PRE-CONSTRUCTION,22538086.76,,,,,,,,No,,2026-06-04
2026-06-05,0008376,PRE-CONSTRUCTION,14146000.0,,,,,,,,No,,2026-06-04
2026-06-05,0008378,PRE-CONSTRUCTION,23147604.53,,,,,,,,No,,2026-06-04
2026-06-05,0008382,COMPLETED-CONSTRUCTION,10814592.42,,99.3,,2019-12-11,2016-08-05,,2019-11-30,No,BARTOW PAVING COMPANY INC,2026-06-04
2026-06-05,0008383,PRE-CONSTRUCTION,2539000.0,,,,,,,,No,,2026-06-04
2026-06-05,0008384,UNDER-CONSTRUCTION,5660367.47,,,,,,,,No,R J HAYNIE & ASSCOCIATES,2026-06-04
2026-06-05,0008385,PRE-CONSTRUCTION,3134000.0,,,,,,,,No,,2026-06-04
2026-06-05,0008386,PRE-CONSTRUCTION,1478000.0,,,,,,,,No,,2026-06-04
2026-06-05,0008387,PRE-CONSTRUCTION,98083535.18,,,,,,,,No,,2026-06-04
2026-06-05,0008390,PRE-CONSTRUCTION,10007452.6,,,,,,,,No,,2026-06-04
2026-06-05,0008423,PRE-CONSTRUCTION,606432.5,,,,,,,,No,,2026-06-04
2026-06-05,0008429,COMPLETED-CONSTRUCTION,44614183.26,,98.89,2020-10-22,,2017-07-21,,2022-01-28,No,CMES INC,2026-06-04
2026-06-05,0008430,COMPLETED-CONSTRUCTION,44578246.75,,93.85,2023-10-23,,2020-04-17,,2026-01-07,No,G P'S ENTERPRISES INC,2026-06-04
2026-06-05,0008431,COMPLETED-CONSTRUCTION,31125200.25,,94.71,,2023-11-20,2019-11-22,,2023-04-03,No,E R SNELL CONTRACTOR INC,2026-06-04
2026-06-05,0008433,PRE-CONSTRUCTION,56516800.0,,,,,,,,No,,2026-06-04
2026-06-05,0008434,PRE-CONSTRUCTION,38742000.0,,,,,,,,No,,2026-06-04
2026-06-05,0008440,PRE-CONSTRUCTION,1446000.0,,,,,,,,No,,2026-06-04
2026-06-05,0008441,PRE-CONSTRUCTION,768000.0,,,,,,,,No,,2026-06-04
2026-06-05,0008445,PRE-CONSTRUCTION,70000000.0,,,,,,,,No,,2026-06-04
2026-06-05,0008458,PRE-CONSTRUCTION,55472640.0,,,,,,,,Yes,,2026-06-04
2026-06-05,0008477,PRE-CONSTRUCTION,15050000.0,,,,,,,,No,,2026-06-04
2026-06-05,0008483,PRE-CONSTRUCTION,16659825.0,,,,,,,,No,,2026-06-04
2026-06-05,0008517,PRE-CONSTRUCTION,12050102.0,,,,,,,,No,,2026-06-04
2026-06-05,0008520,PRE-CONSTRUCTION,3800000.0,,,,,,,,No,,2026-06-04
2026-06-05,0008521,PRE-CONSTRUCTION,3995000.0,,,,,,,,No,,2026-06-04
2026-06-05,0008542,COMPLETED-CONSTRUCTION,3948879.05,,99.22,,2020-06-05,2015-06-19,,2019-06-10,No,BALDWIN PAVING CO INC,2026-06-04
2026-06-05,0008583,PRE-CONSTRUCTION,67108000.0,,,,,,,,No,,2026-06-04
2026-06-05,0008598,COMPLETED-CONSTRUCTION,5659099.9,,94.98,,,2021-07-30,,2022-07-31,No,C W Matthews Contracting,2026-06-04
2026-06-05,0008600,COMPLETED-CONSTRUCTION,3307786.1199999996,,79.34,2020-06-09,2022-12-22,2019-05-17,,2021-06-04,No,Baldwin Paving Company,2026-06-04
2026-06-05,0008601,PRE-CONSTRUCTION,18587266.46,,,,,,,,No,,2026-06-04
2026-06-05,0008604,PRE-CONSTRUCTION,7964411.0,,,,,,,,No,,2026-06-04
2026-06-05,0008613,COMPLETED-CONSTRUCTION,9105272.63,,97.74,,2022-09-15,2018-09-21,,2021-07-11,No,MCLENDON ENTERPRISES INC,2026-06-04
2026-06-05,0008614,COMPLETED-CONSTRUCTION,825956.73,,,,2019-08-12,,,,No,SD & C INC,2026-06-04
2026-06-05,0008619,PRE-CONSTRUCTION,69520000.0,,,,,,,,No,,2026-06-04
2026-06-05,0008647,COMPLETED-CONSTRUCTION,1805259.8,,97.75,,2021-12-14,2020-07-17,,2021-07-07,No,MCCOY GRADING INC,2026-06-04
2026-06-05,0008666,PRE-CONSTRUCTION,75590158.98,,,,,,,,No,,2026-06-04
2026-06-05,0008668,PRE-CONSTRUCTION,8476000.0,,,,,,,,No,,2026-06-04
2026-06-05,0008669,PRE-CONSTRUCTION,43822000.0,,,,,,,,No,,2026-06-04
2026-06-05,0008670,PRE-CONSTRUCTION,10878000.0,,,,,,,,No,,2026-06-04
2026-06-05,0008671,PRE-CONSTRUCTION,14192000.0,,,,,,,,No,,2026-06-04
2026-06-05,0008672,PRE-CONSTRUCTION,8153000.0,,,,,,,,No,,2026-06-04
2026-06-05,0008673,PRE-CONSTRUCTION,7663000.0,,,,,,,,No,,2026-06-04
2026-06-05,0008674,PRE-CONSTRUCTION,49737000.0,,,,,,,,No,,2026-06-04
2026-06-05,0008675,PRE-CONSTRUCTION,23855000.0,,,,,,,,No,,2026-06-04
2026-06-05,0008676,PRE-CONSTRUCTION,14200000.0,,,,,,,,No,,2026-06-04
2026-06-05,0008677,PRE-CONSTRUCTION,18456000.0,,,,,,,,No,,2026-06-04
2026-06-05,0008678,PRE-CONSTRUCTION,17066000.0,,,,,,,,No,,2026-06-04
2026-06-05,0008679,PRE-CONSTRUCTION,14796000.0,,,,,,,,No,,2026-06-04
2026-06-05,0008680,COMPLETED-CONSTRUCTION,5583986.710000001,,91.89,2024-08-31,,2023-01-06,2024-08-31,,Yes,J A LONG INC,2026-06-04
2026-06-05,0008682,PRE-CONSTRUCTION,9721000.0,,,,,,,,No,,2026-06-04
2026-06-05,0008688,UNKNOWN,65848.94,,,,,,,,No,,2026-06-04
2026-06-05,0008704,PRE-CONSTRUCTION,6400000.0,,,,,,,,No,,2026-06-04
2026-06-05,0008705,PRE-CONSTRUCTION,6400000.0,,,,,,,,No,,2026-06-04
2026-06-05,0008706,PRE-CONSTRUCTION,1000000.0,,,,,,,,No,,2026-06-04
2026-06-05,0008708,PRE-CONSTRUCTION,1250000.0,,,,,,,,No,,2026-06-04
2026-06-05,0008709,PRE-CONSTRUCTION,6000000.0,,,,,,,,No,,2026-06-04
2026-06-05,0008710,PRE-CONSTRUCTION,6000000.0,,,,,,,,No,,2026-06-04
2026-06-05,0008743,UNDER-CONSTRUCTION,68897.64,,,,,,,,No,Peek Pavement Markings,2026-06-04
2026-06-05,0008759,COMPLETED-CONSTRUCTION,3520520.23,,99.72,2025-11-30,,2023-12-01,2025-09-23,,No,TALLEY CST CO INC,2026-06-04
2026-06-05,0008766,PRE-CONSTRUCTION,1875000.0,,,,,,,,No,,2026-06-04
2026-06-05,0008930,UNDER-CONSTRUCTION,17714.64,,,,,,,,No,DIVERISFIED TRAFFIC SERVC,2026-06-04
2026-06-05,0008942,PRE-CONSTRUCTION,1550000.0,,,,,,,,No,,2026-06-04
2026-06-05,0008943,PRE-CONSTRUCTION,300000.0,,,,,,,,No,,2026-06-04
2026-06-05,0008944,PRE-CONSTRUCTION,165000.0,,,,,,,,No,,2026-06-04
2026-06-05,0008945,PRE-CONSTRUCTION,275000.0,,,,,,,,No,,2026-06-04
2026-06-05,0008956,UNDER-CONSTRUCTION,46702.15,,,,,,,,No,DIVERSIFIED TRAFFIC SRVC,2026-06-04
2026-06-05,0008986,COMPLETED-CONSTRUCTION,750000.0,,100.0,,2019-10-23,2017-08-15,,2019-06-11,No,SAM HALL & SONS INC,2026-06-04
2026-06-05,0009011,COMPLETED-CONSTRUCTION,17272271.12,,98.31,,,2021-01-22,,2026-01-20,No,E R SNELL CONTRACTOR INC,2026-06-04
2026-06-05,0009012,PRE-CONSTRUCTION,8729500.82,,,,,,,,No,,2026-06-04
2026-06-05,0009029,COMPLETED-CONSTRUCTION,3967000.0,,100.0,,2022-03-07,2019-07-03,,2021-11-15,No,MASSANA CST INC,2026-06-04
2026-06-05,0009036,UNDER-CONSTRUCTION,2073000.0,,,,,,,,No,OXFORD CONSTRUCTION CO,2026-06-04
2026-06-05,0009045,COMPLETED-CONSTRUCTION,838153.0,,100.0,,,2021-02-04,,2022-12-07,No,LEWALLEN CONSTRUCTION CO,2026-06-04
2026-06-05,0009060,COMPLETED-CONSTRUCTION,1063040.0,,100.0,,2020-12-15,2017-10-24,,2019-11-05,No,A1 CONTRACTING LLC,2026-06-04
2026-06-05,0009062,COMPLETED-CONSTRUCTION,483750.0,,100.0,,2023-04-05,2021-08-13,,2022-09-13,No,SWINDELL CST COMPANY INC,2026-06-04
2026-06-05,0009089,COMPLETED-CONSTRUCTION,856200.0,,95.19,,2023-05-16,2021-06-14,,2022-12-29,No,EXCELLERE CST LLC,2026-06-04
2026-06-05,0009164,COMPLETED-CONSTRUCTION,76172000.72999999,,94.56,,,2020-03-20,,2024-03-12,No,C W Matthews Contracting,2026-06-04
2026-06-05,0009293,PRE-CONSTRUCTION,3343000.0,,,,,,,,No,,2026-06-04
2026-06-05,0009294,COMPLETED-CONSTRUCTION,853088.29,,100.0,,2024-02-26,2020-09-01,,2023-06-05,No,TRI SCAPES INC,2026-06-04
2026-06-05,0009315,PRE-CONSTRUCTION,2251890.83,,,,,,,,No,,2026-06-04
2026-06-05,0009316,COMPLETED-CONSTRUCTION,48862227.11,,93.58,2018-05-31,2021-01-12,2015-09-04,,2019-09-29,No,CMES INC,2026-06-04
2026-06-05,0009323,COMPLETED-CONSTRUCTION,49937810.44,,95.48,2021-05-31,2022-10-17,2016-04-05,,2021-05-11,No,E R SNELL CONTRACTOR INC,2026-06-04
2026-06-05,0009378,PRE-CONSTRUCTION,2465000.0,,,,,,,,No,,2026-06-04
2026-06-05,0009395,PRE-CONSTRUCTION,114604718.98,,,,,,,,No,,2026-06-04
2026-06-05,0009397,UNDER-CONSTRUCTION,86478046.62,,,2025-12-25,,2024-07-03,,,No,REEVES YOUNG LLC,2026-06-04
2026-06-05,0009398,PRE-CONSTRUCTION,49756268.0,,,,,,,,No,,2026-06-04
2026-06-05,0009400,UNDER-CONSTRUCTION,51099115.400000006,,63.07,,,2022-03-04,,,No,E R SNELL CONTRACTOR INC,2026-06-04
2026-06-05,0009643,PRE-CONSTRUCTION,562437.68,,,,,,,,No,,2026-06-04
2026-06-05,0009679,COMPLETED-CONSTRUCTION,60020053.92,,97.07,2023-05-18,,2019-06-21,,2023-09-01,No,G P'S ENTERPRISES INC,2026-06-04
2026-06-05,0009681,PRE-CONSTRUCTION,500000.0,,,,,,,,No,,2026-06-04
2026-06-05,0009825,UNDER-CONSTRUCTION,7408845.0,,,,,,,,No,E R SNELL,2026-06-04
2026-06-05,0009831,PRE-CONSTRUCTION,4400000.0,,,,,,,,No,,2026-06-04
2026-06-05,0009835,COMPLETED-CONSTRUCTION,5182609.8,,90.63,,2021-08-20,2018-08-17,,2020-03-25,No,CMES INC,2026-06-04
2026-06-05,0009836,UNDER-CONSTRUCTION,8708803.92,,,,,,,,No,WILSON CST MANAGEMENT LLC,2026-06-04
2026-06-05,0009855,COMPLETED-CONSTRUCTION,3867474.81,,85.57000000000001,,,2019-12-20,,2021-04-07,No,REAMES & SON CST CO INC,2026-06-04
2026-06-05,0009860,COMPLETED-CONSTRUCTION,10176938.03,,98.69,2018-02-14,2021-03-04,2017-07-21,,2020-04-24,No,WRIGHT BROS CST CO INC,2026-06-04
2026-06-05,0009861,COMPLETED-CONSTRUCTION,23039132.32,,99.3,,2023-08-28,2019-07-08,,2022-08-05,No,BRASFIELD & GORRIE LLC,2026-06-04
2026-06-05,0009862,COMPLETED-CONSTRUCTION,10876862.92,,99.85,,2020-05-18,2017-09-22,,2019-07-31,No,KIEWIT INFRASTRUCTURE SO,2026-06-04
2026-06-05,0009864,COMPLETED-CONSTRUCTION,10559604.08,,95.69,2019-01-24,2020-04-30,2016-01-22,,2019-10-21,No,C W Matthews Contracting,2026-06-04
2026-06-05,0009872,COMPLETED-CONSTRUCTION,3000737.5599999996,,84.25,,2020-02-17,2017-12-15,,2019-11-06,No,REEVES CONSTRUCTION CO,2026-06-04
2026-06-05,0009874,COMPLETED-CONSTRUCTION,3990590.34,,89.43,2025-05-29,,2023-06-30,2025-05-14,2025-05-14,No,CURB&GUTTER PROFESSIONALS,2026-06-04
2026-06-05,0009880,COMPLETED-CONSTRUCTION,4123519.84,,95.12,,2022-08-17,2020-10-16,,2022-03-01,No,UNDERGROUND EXCAVATING,2026-06-04
2026-06-05,0009901,COMPLETED-CONSTRUCTION,6284289.61,,92.63,,,2021-06-18,,2023-08-29,No,C W Matthews Contracting,2026-06-04
2026-06-05,0009916,COMPLETED-CONSTRUCTION,3579721.35,,110.98,2023-12-23,,2022-07-01,2023-12-14,,No,E R SNELL CONTRACTOR INC,2026-06-04
2026-06-05,0009919,COMPLETED-CONSTRUCTION,6362925.29,,86.14,,2023-07-29,2018-06-22,,2020-08-11,No,VERTICAL EARTH INC,2026-06-04
2026-06-05,0009928,UNDER-CONSTRUCTION,5309211.18,,38.42,2027-03-31,,2025-05-02,,,No,E R SNELL CONTRACTOR INC,2026-06-04
2026-06-05,0009931,COMPLETED-CONSTRUCTION,8640918.42,,90.51,2026-04-30,,2022-08-05,2024-11-06,,No,CMES INC,2026-06-04
2026-06-05,0009948,COMPLETED-CONSTRUCTION,3445388.39,,82.88,2019-11-14,2020-08-25,2018-06-22,,2020-05-29,No,VERTICAL EARTH INC,2026-06-04
2026-06-05,0009949,COMPLETED-CONSTRUCTION,4933731.67,,97.89,2022-04-30,2022-06-07,2020-07-17,,2022-04-27,No,GRIZZLE GRADING INC,2026-06-04
2026-06-05,0009950,COMPLETED-CONSTRUCTION,6786487.5,,98.75,,2020-12-18,2018-05-18,,2020-10-16,No,C W Matthews Contracting,2026-06-04
2026-06-05,0009960,COMPLETED-CONSTRUCTION,3574680.15,,94.02,,,2022-02-04,,2024-06-04,No,C W Matthews Contracting,2026-06-04
2026-06-05,0009966,UNDER-CONSTRUCTION,3569671.91,,70.59,2024-07-24,,2022-12-16,,,No,KNIGHT & ASSOCIATES INC,2026-06-04
2026-06-05,0009967,COMPLETED-CONSTRUCTION,4415267.13,,90.71,,,2022-04-01,,2025-02-17,No,Baldwin Paving Co,2026-06-04
2026-06-05,0009971,COMPLETED-CONSTRUCTION,4887547.35,,97.46,,2023-09-22,2019-04-19,,2021-11-26,No,Piedmont Paving Inc,2026-06-04
2026-06-05,0009972,COMPLETED-CONSTRUCTION,3744115.37,,97.46,,2023-09-22,2019-04-19,,2021-11-26,No,Piedmont Paving Inc,2026-06-04
2026-06-05,0009975,UNDER-CONSTRUCTION,16620914.55,,96.77,,,2021-07-02,,,No,C W Matthews Contracting,2026-06-04
2026-06-05,0009988,COMPLETED-CONSTRUCTION,6269134.01,,93.85,,2021-10-29,2018-05-18,,2021-04-30,No,CMES INC,2026-06-04
2026-06-05,0009989,COMPLETED-CONSTRUCTION,5608733.029999999,,82.56,2025-04-07,,2022-12-02,2024-07-31,,No,PITTMAN CONSTRUCTION CO,2026-06-04
2026-06-05,0009990,COMPLETED-CONSTRUCTION,6861724.0,,93.86,2025-01-29,,2023-02-03,2025-01-29,,No,PEACH STATE CST CO LLC,2026-06-04
2026-06-05,0010009,COMPLETED-CONSTRUCTION,7305714.04,,97.88,,2020-12-07,2017-07-24,,2019-06-29,No,ASTRA GROUP INC,2026-06-04
2026-06-05,0010010,UNDER-CONSTRUCTION,2429880.0,,,,,,,,No,JOHNSON LANDSCAPING INC,2026-06-04
2026-06-05,0010028,UNDER-CONSTRUCTION,9804110.53,,,2023-10-28,,2022-09-15,,,No,APAC-ATLANTIC INC,2026-06-04
2026-06-05,0010038,UNDER-CONSTRUCTION,0.0,,,,,,,,No,,2026-06-04
2026-06-05,0010041,UNKNOWN,90201.86,,,,,,,,No,,2026-06-04
2026-06-05,0010121,COMPLETED-CONSTRUCTION,2385717.8600000003,,92.72,,2021-07-27,2017-06-16,,2021-06-22,No,AMERICAN LIGHTING&SIGNAL,2026-06-04
2026-06-05,0010176,PRE-CONSTRUCTION,3781400.0,,,,,,,,No,,2026-06-04
2026-06-05,0010186,PRE-CONSTRUCTION,4290000.0,,,,,,,,No,,2026-06-04
2026-06-05,0010195,COMPLETED-CONSTRUCTION,20959074.229999997,,95.92,2024-05-03,,2019-06-21,,2024-06-10,No,CMES INC,2026-06-04
2026-06-05,0010211,COMPLETED-CONSTRUCTION,12422471.44,,96.5,2019-05-31,2019-10-21,2017-02-17,,2019-07-29,No,E R SNELL CONTRACTOR INC,2026-06-04
2026-06-05,0010212,COMPLETED-CONSTRUCTION,25417203.72,,99.92,2022-09-09,2023-08-17,2019-10-22,,2022-12-08,No,ER SNELL & MAAI,2026-06-04
2026-06-05,0010213,COMPLETED-CONSTRUCTION,1315000.0,,100.0,,2023-11-21,2020-11-24,,2022-12-31,No,GRIFFIN GRADING &CONCRETE,2026-06-04
2026-06-05,0010236,PRE-CONSTRUCTION,14869472.78,,,,,,,,No,,2026-06-04
2026-06-05,0010288,PRE-CONSTRUCTION,2500000.0,,,,,,,,No,,2026-06-04
2026-06-05,0010295,PRE-CONSTRUCTION,47506000.010000005,,,,,,,,No,,2026-06-04
2026-06-05,0010296,PRE-CONSTRUCTION,6351073.0,,,,,,,,No,,2026-06-04
2026-06-05,0010297,COMPLETED-CONSTRUCTION,53291508.92,,92.66,,,2021-11-05,,2025-09-17,Yes,REAMES & SON CST CO INC,2026-06-04
2026-06-05,0010317,PRE-CONSTRUCTION,5792038.24,,,,,,,,No,,2026-06-04
2026-06-05,0010318,PRE-CONSTRUCTION,27408417.4,,,,,,,,Yes,,2026-06-04
2026-06-05,0010319,PRE-CONSTRUCTION,22920049.86,,,,,,,,No,,2026-06-04
2026-06-05,0010323,COMPLETED-CONSTRUCTION,5204963.6899999995,,100.0,,,2020-04-18,2025-07-28,2025-07-28,No,PRECISION 2000 INC,2026-06-04
2026-06-05,0010331,COMPLETED-CONSTRUCTION,2698404.1,,100.0,,2022-06-14,2019-03-26,,2020-07-06,No,TRI SCAPES INC,2026-06-04
2026-06-05,0010332,COMPLETED-CONSTRUCTION,2356630.58,,100.0,,2020-12-07,2019-01-03,,2020-02-28,No,GA DEVELOPMENT PARTNERS,2026-06-04
2026-06-05,0010333,COMPLETED-CONSTRUCTION,6210024.0,,100.0,,2022-03-21,2020-03-31,,2021-12-07,No,QUALITY CST BY MCLEROY,2026-06-04
2026-06-05,0010334,COMPLETED-CONSTRUCTION,1895908.65,,99.81,,2020-01-30,2016-08-05,,2019-09-25,No,R J HAYNIE & ASSOCIATES,2026-06-04
2026-06-05,0010336,COMPLETED-CONSTRUCTION,550000.0,,100.0,,2019-12-26,2018-08-20,,2019-08-26,No,ASTRA GROUP INC,2026-06-04
2026-06-05,0010348,PRE-CONSTRUCTION,32582050.0,,,,,,,,No,,2026-06-04
2026-06-05,0010385,COMPLETED-CONSTRUCTION,6936649.109999999,,100.0,,2024-05-16,2021-03-30,,2024-05-03,No,Vertical Earth,2026-06-04
2026-06-05,0010409,COMPLETED-CONSTRUCTION,3350068.31,,96.5,,2020-02-13,2018-08-17,,2019-11-18,No,TALLEY CST CO INC,2026-06-04
2026-06-05,0010410,COMPLETED-CONSTRUCTION,7157694.81,,99.35,,2023-02-17,2018-08-17,,2020-11-24,No,WRIGHT BROTHERS CST CO,2026-06-04
2026-06-05,0010428,COMPLETED-CONSTRUCTION,4859819.21,,85.82000000000001,2025-01-17,,2023-06-02,2025-01-17,2025-01-16,No,J A LONG INC,2026-06-04
2026-06-05,0010441,PRE-CONSTRUCTION,34899163.0,,,,,,,,No,,2026-06-04
2026-06-05,0010554,COMPLETED-CONSTRUCTION,26953205.68,,96.68,2021-07-23,2024-01-31,2018-08-17,,2023-03-14,No,E R SNELL CONTRACTOR INC,2026-06-04
2026-06-05,0010555,UNDER-CONSTRUCTION,81059118.33,,81.01,2027-07-20,,2024-07-05,,,No,G P ENTERPRISES INC,2026-06-04
2026-06-05,0010571,COMPLETED-CONSTRUCTION,25320998.29,,96.27,2025-03-26,,2022-07-01,2025-03-26,,No,OXFORD CONSTRUCTION CO,2026-06-04
2026-06-05,0010574,COMPLETED-CONSTRUCTION,187500.0,,100.0,,2020-02-13,2018-07-23,,2019-12-06,No,GREENE CONCRETE CST INC,2026-06-04
2026-06-05,0010588,COMPLETED-CONSTRUCTION,575400.0,,100.0,,2023-04-05,2021-08-13,,2022-09-13,No,SWINDELL CST COMPANY INC,2026-06-04
2026-06-05,0010593,COMPLETED-CONSTRUCTION,312500.0,,100.0,,2020-01-14,2018-11-20,,2019-11-07,No,BLOUNT & SONS CONCRETE,2026-06-04
2026-06-05,0010598,COMPLETED-CONSTRUCTION,500000.0,,100.0,,2020-08-04,2018-07-30,,2019-12-18,No,HTS CONSTRUCTION INC,2026-06-04
2026-06-05,0010601,UNDER-CONSTRUCTION,437512.0,,86.59,,,2020-01-13,,,No,GREENE CONCRETE CST INC,2026-06-04
2026-06-05,0010604,COMPLETED-CONSTRUCTION,375000.0,,100.0,,,2019-04-23,,2020-06-30,No,SAM HALL & SONS INC,2026-06-04
2026-06-05,0010606,COMPLETED-CONSTRUCTION,370158.1,,100.0,,2020-09-03,2018-07-30,,2019-12-31,No,WAYBACK FARMS INC,2026-06-04
2026-06-05,0010611,COMPLETED-CONSTRUCTION,311467.55,,100.0,,2021-01-15,2019-08-07,,2020-06-01,No,A C BLOUNT CONCRETE SERV,2026-06-04
2026-06-05,0010613,COMPLETED-CONSTRUCTION,498893.12,,100.0,,2021-01-05,2018-04-05,,2020-01-24,No,CONSTRUCTION 57 INC,2026-06-04
2026-06-05,0010615,COMPLETED-CONSTRUCTION,640591.25,,100.0,,2020-12-15,2019-07-05,,2020-04-23,No,Southeastern Site Develop,2026-06-04
2026-06-05,0010620,COMPLETED-CONSTRUCTION,3137279.0,,100.0,,2022-09-16,2017-12-19,,2022-01-11,No,ALEXANDER CONTRACTING CO,2026-06-04
2026-06-05,0010621,COMPLETED-CONSTRUCTION,500000.0,,100.0,,2021-10-07,2019-09-16,,2020-06-11,No,EXCELLERE CST LLC,2026-06-04
2026-06-05,0010624,COMPLETED-CONSTRUCTION,650000.0,,100.0,,2022-02-24,2019-12-18,,2021-06-25,No,EARTH-SCAPES INC,2026-06-04
2026-06-05,0010633,COMPLETED-CONSTRUCTION,787046.0,,100.0,,2022-05-09,2018-12-26,,2022-04-18,No,CMES INC,2026-06-04
2026-06-05,0010636,COMPLETED-CONSTRUCTION,625000.0,,100.0,,2021-02-26,2017-07-03,,2019-11-15,No,BRTU CONSTRUCTION INC,2026-06-04
2026-06-05,0010638,COMPLETED-CONSTRUCTION,812816.69,,100.0,,2020-05-01,2019-12-31,,2020-04-15,No,CMES INC,2026-06-04
2026-06-05,0010639,COMPLETED-CONSTRUCTION,702998.75,,100.0,,2021-06-17,2019-09-09,,2020-11-13,No,BROOKS BERRY HAYNIE&ASSOC,2026-06-04
2026-06-05,0010643,COMPLETED-CONSTRUCTION,687500.0,,100.0,,2021-06-23,2018-09-18,,2020-09-30,No,DENYSE COMPANIES,2026-06-04
2026-06-05,0010648,COMPLETED-CONSTRUCTION,868766.71,,100.0,,2019-08-12,2018-06-01,,2019-07-18,No,EXCELLERE CST LLC,2026-06-04
2026-06-05,0010649,COMPLETED-CONSTRUCTION,686315.9,,100.0,,2020-04-27,2018-10-25,,2019-12-31,No,EXCELLERE CST LLC,2026-06-04
2026-06-05,0010669,COMPLETED-CONSTRUCTION,437500.0,,100.0,,2022-05-10,2020-10-14,,2021-08-25,No,A C BLOUNT CONCRETE SERV,2026-06-04
2026-06-05,0010671,COMPLETED-CONSTRUCTION,814000.0,,100.0,,2020-04-20,2018-06-05,,2019-12-31,No,QUALITY CST BY MCLEROY,2026-06-04
2026-06-05,0010673,COMPLETED-CONSTRUCTION,334900.0,,100.0,,2022-10-24,2019-10-08,,2021-03-25,No,GREENE CONCRETE CST INC,2026-06-04
2026-06-05,0010676,COMPLETED-CONSTRUCTION,626777.0,,100.0,,2022-08-30,2021-01-13,,2022-02-18,No,TRI SCAPES INC,2026-06-04
2026-06-05,0010677,COMPLETED-CONSTRUCTION,468750.0,,100.0,,2020-07-20,2019-06-25,,2020-06-29,No,COLWELL CST CO INC,2026-06-04
2026-06-05,0010678,COMPLETED-CONSTRUCTION,429759.83,,100.0,,2021-06-03,2020-06-09,,2021-04-19,No,VERTICAL EARTH INC,2026-06-04
2026-06-05,0010679,COMPLETED-CONSTRUCTION,668700.0,,100.0,,2022-02-15,2019-08-22,,2021-06-30,No,VERTICAL EARTH INC,2026-06-04
2026-06-05,0010688,COMPLETED-CONSTRUCTION,230980.85,,100.0,,2020-11-03,2019-09-09,,2020-02-27,No,COLWELL CST COMPANY INC,2026-06-04
2026-06-05,0010692,COMPLETED-CONSTRUCTION,336544.03,,100.0,,2020-05-18,2019-07-31,,2020-03-30,No,TRI SCAPES INC,2026-06-04
2026-06-05,0010698,COMPLETED-CONSTRUCTION,281250.0,,100.0,,2020-11-19,2019-08-22,,2020-04-01,No,Y-DELTA INC,2026-06-04
2026-06-05,0010702,COMPLETED-CONSTRUCTION,606858.76,,100.0,,2020-07-20,2018-10-02,,2020-06-30,No,EXCELLERE CST LLC,2026-06-04
2026-06-05,0010705,COMPLETED-CONSTRUCTION,500000.0,,100.0,,2021-04-23,2019-12-04,,2020-11-10,No,TRI SCAPES INC,2026-06-04
2026-06-05,0010706,COMPLETED-CONSTRUCTION,662650.48,,100.0,,2021-03-04,2019-07-12,,2020-04-24,No,OHMSHIV CONSTRUCTION LLC,2026-06-04
2026-06-05,0010711,COMPLETED-CONSTRUCTION,1099999.99,,100.0,,2022-05-12,2018-12-26,,2021-03-25,No,GREENE CONCRETE CST INC,2026-06-04
2026-06-05,0010712,COMPLETED-CONSTRUCTION,1263845.0,,100.0,,2024-04-11,2021-07-29,,2023-02-28,No,SAM HALL & SONS INC,2026-06-04
2026-06-05,0010715,COMPLETED-CONSTRUCTION,477566.83,,100.0,,2019-12-04,2018-03-13,,2019-11-01,No,WASHINGTON MACHINE SHOP,2026-06-04
2026-06-05,0010716,COMPLETED-CONSTRUCTION,1156907.32,,100.0,,2020-01-30,2019-02-05,,2020-01-22,No,Y-DELTA INC,2026-06-04
2026-06-05,0010719,COMPLETED-CONSTRUCTION,602408.7,,100.0,,2020-01-30,2018-03-02,,2019-12-18,No,Southern Asphalt LLC,2026-06-04
2026-06-05,0010721,COMPLETED-CONSTRUCTION,2724673.75,,100.0,,2022-07-21,2019-11-14,,2021-06-30,No,LEWALLEN CST CO INC,2026-06-04
2026-06-05,0010724,COMPLETED-CONSTRUCTION,1228000.0,,100.0,,2023-01-05,2020-11-02,,2022-11-01,No,EXECELLERE CST LLC,2026-06-04
2026-06-05,0010725,COMPLETED-CONSTRUCTION,875390.0,,100.0,,2023-03-06,2020-04-29,,2023-01-26,No,TRI SCAPES INC,2026-06-04
2026-06-05,0010731,COMPLETED-CONSTRUCTION,666231.78,,100.0,,2022-04-04,2019-09-03,,2021-06-30,No,EXCELLERE CST LLC,2026-06-04
2026-06-05,0010739,COMPLETED-CONSTRUCTION,10464990.96,,95.42,,2022-10-26,2019-04-19,,2021-12-11,No,REEVES CONSTRUCTION CO,2026-06-04
2026-06-05,0010768,COMPLETED-CONSTRUCTION,7244974.38,,100.0,,2022-03-17,2019-02-14,,2022-02-03,No,VERTICAL EARTH INC,2026-06-04
2026-06-05,0010778,PRE-CONSTRUCTION,10000.0,,,,,,,,No,,2026-06-04
2026-06-05,0010814,PRE-CONSTRUCTION,66431500.0,,,,,,,,No,,2026-06-04
2026-06-05,0010844,COMPLETED-CONSTRUCTION,13330557.72,,97.12,,2023-02-10,2019-12-20,,2022-05-05,Yes,C AND H PAVING INC,2026-06-04
2026-06-05,0010880,COMPLETED-CONSTRUCTION,1271842.85,,,,2021-01-25,,,,No,Vertical Earth,2026-06-04
2026-06-05,0010926,COMPLETED-CONSTRUCTION,5213818.58,,86.18,,,2018-11-30,,2020-07-11,No,OXFORD CONSTRUCTION CO,2026-06-04
2026-06-05,0010943,COMPLETED-CONSTRUCTION,1282597.31,,85.02,,2020-11-17,2016-12-16,,2019-12-31,No,E R SNELL CONTRACTOR INC,2026-06-04
2026-06-05,0011372,COMPLETED-CONSTRUCTION,10195087.19,,99.03,,2026-03-11,2021-12-31,,2025-03-04,Yes,REEVES CONSTRUCTION CO,2026-06-04
2026-06-05,0011373,COMPLETED-CONSTRUCTION,12772571.19,,96.39,,2025-03-25,2020-01-17,,2023-04-20,Yes,UNITED INFRASTRUCTURE GR,2026-06-04
2026-06-05,0011377,COMPLETED-CONSTRUCTION,6090000.0,,98.08,,2024-11-05,2020-10-16,,2023-03-15,Yes,C AND H PAVING INC,2026-06-04
2026-06-05,0011378,COMPLETED-CONSTRUCTION,3429450.0,,99.65,,2024-11-25,2020-10-16,,2023-05-11,Yes,REEVES CONSRUCTION CO,2026-06-04
2026-06-05,0011379,PRE-CONSTRUCTION,7550000.0,,,,,,,,Yes,,2026-06-04
2026-06-05,0011381,COMPLETED-CONSTRUCTION,3693361.0,,,,2022-06-16,,,,Yes,REEVES CONSTRUCTION,2026-06-04
2026-06-05,0011382,UNDER-CONSTRUCTION,39312938.79,,,,,,,,Yes,"Snell, Er",2026-06-04
2026-06-05,0011384,COMPLETED-CONSTRUCTION,1320929.0,,,,2019-08-19,,,,Yes,JHC CORP,2026-06-04
2026-06-05,0011386,COMPLETED-CONSTRUCTION,8340739.77,,,,2019-08-19,,,,Yes,REEVES CONSTRUCTION CO,2026-06-04
2026-06-05,0011389,PRE-CONSTRUCTION,10330736.0,,,,,,,,Yes,,2026-06-04
2026-06-05,0011390,PRE-CONSTRUCTION,1598109.0,,,,,,,,Yes,,2026-06-04
2026-06-05,0011392,COMPLETED-CONSTRUCTION,5233243.86,,,,2020-02-12,,,,Yes,R J HAYNIE & ASSOCIATES,2026-06-04
2026-06-05,0011394,COMPLETED-CONSTRUCTION,7818646.88,,,,2019-08-30,,,,Yes,E R SNELL CONTRACTOR INC,2026-06-04
2026-06-05,0011396,COMPLETED-CONSTRUCTION,3832757.0,,,,2021-01-14,,,,Yes,REEVES CONSTRUCTION CO,2026-06-04
2026-06-05,0011400,COMPLETED-CONSTRUCTION,1455760.34,,,,2020-02-12,,,,Yes,R J HAYNIE & ASSOCIATES,2026-06-04
2026-06-05,0011402,COMPLETED-CONSTRUCTION,624749.83,,,,2020-02-12,,,,Yes,Beams Contracting Inc,2026-06-04
2026-06-05,0011406,COMPLETED-CONSTRUCTION,4604560.640000001,,,,2020-02-12,,,,Yes,R J HAYNIE & ASSOCIATES,2026-06-04
2026-06-05,0011407,COMPLETED-CONSTRUCTION,2963884.89,,,,2020-02-12,,,,Yes,R J HAYNIE & ASSOCIATES,2026-06-04
2026-06-05,0011408,COMPLETED-CONSTRUCTION,7456861.0,,,,2023-07-10,,,,Yes,ER SNELL CONTRACTOR INC,2026-06-04
2026-06-05,0011409,UNDER-CONSTRUCTION,19683219.0,,,,,,,,Yes,ER SNELL CONTRACTOR INC,2026-06-04
2026-06-05,0011413,COMPLETED-CONSTRUCTION,19508319.9,,,,2022-06-16,,,,Yes,REEVES CONSTRUCTION,2026-06-04
2026-06-05,0011415,UNDER-CONSTRUCTION,5418150.0,,,,,,,,Yes,REEVES CONSTRUCTION,2026-06-04
2026-06-05,0011416,PRE-CONSTRUCTION,548856.0,,,,,,,,Yes,,2026-06-04
2026-06-05,0011417,COMPLETED-CONSTRUCTION,1122404.21,,,,2019-07-25,,,,Yes,"Snell, Er",2026-06-04
2026-06-05,0011418,COMPLETED-CONSTRUCTION,10149610.0,,,,2022-11-02,,,,Yes,SUPERIOR CONSTRUCTION,2026-06-04
2026-06-05,0011419,COMPLETED-CONSTRUCTION,6193980.0,,,,2022-10-12,,,,Yes,ER SNELL CONTRACTOR INC,2026-06-04
2026-06-05,0011420,COMPLETED-CONSTRUCTION,3498687.5,,,,2021-06-10,,,,Yes,"Snell, Er",2026-06-04
2026-06-05,0011421,UNDER-CONSTRUCTION,7143938.0,,,,,,,,Yes,REEVES CONSTRUCTION,2026-06-04
2026-06-05,0011424,UNDER-CONSTRUCTION,5560855.0,,,,,,,,Yes,ER SNELL CONTRACTOR INC,2026-06-04
2026-06-05,0011429,COMPLETED-CONSTRUCTION,3149654.92,,88.79,,2022-10-11,2019-03-22,,2020-10-06,Yes,C W Matthews Contracting,2026-06-04
2026-06-05,0011430,COMPLETED-CONSTRUCTION,4876433.59,,98.66,2018-09-09,2019-07-31,2017-07-21,,2019-07-31,Yes,MCCOY GRADING INC,2026-06-04
2026-06-05,0011431,COMPLETED-CONSTRUCTION,6011251.38,,93.53,,2021-05-19,2018-06-22,,2019-12-31,Yes,REEVES CONSTRUCTION CO,2026-06-04
2026-06-05,0011432,UNDER-CONSTRUCTION,191874.0,,,,2021-12-06,,,,Yes,REEVES CONSTRUCTION CO,2026-06-04
2026-06-05,0011433,COMPLETED-CONSTRUCTION,10002605.18,,,,2021-08-10,,,,Yes,SE SITE DEV&SCOTTS BRIDGE,2026-06-04
2026-06-05,0011434,UNDER-CONSTRUCTION,58269412.0,,86.43,2026-03-31,,2022-11-04,,,Yes,ROBINSON PAVING COMPANY,2026-06-04
2026-06-05,0011435,PRE-CONSTRUCTION,22400000.0,,,,,,,,Yes,,2026-06-04
2026-06-05,0011436,UNDER-CONSTRUCTION,47000000.0,,,,,,,,Yes,ROBINSON PAVING COMPANY,2026-06-04
2026-06-05,0011439,COMPLETED-CONSTRUCTION,10136488.59,,92.5,,2021-12-14,2018-12-14,,2020-09-14,Yes,REEVES CONSTRUCTION CO,2026-06-04
2026-06-05,0011443,COMPLETED-CONSTRUCTION,4641217.51,,99.49,,2021-06-25,2018-07-20,,2020-04-02,Yes,TIC-THE INDUSTRIAL CO,2026-06-04
2026-06-05,0011580,COMPLETED-CONSTRUCTION,891454.0,,,,2020-07-23,,,,Yes,EVERETT DYKES GRASSING CO,2026-06-04
2026-06-05,0011584,COMPLETED-CONSTRUCTION,10986.0,,81.23,2020-05-31,2020-10-27,2019-07-19,,2020-03-19,Yes,J HIERS COMPANY INC,2026-06-04
2026-06-05,0011600,COMPLETED-CONSTRUCTION,13968.0,,81.23,2020-05-31,2020-10-27,2019-07-19,,2020-03-19,Yes,J HIERS COMPANY INC,2026-06-04
2026-06-05,0011611,COMPLETED-CONSTRUCTION,31293.0,,81.23,2020-05-31,2020-10-27,2019-07-19,,2020-03-19,Yes,J HIERS COMPANY INC,2026-06-04
2026-06-05,0011612,COMPLETED-CONSTRUCTION,30857.0,,81.23,2020-05-31,2020-10-27,2019-07-19,,2020-03-19,Yes,J HIERS COMPANY INC,2026-06-04
2026-06-05,0011613,COMPLETED-CONSTRUCTION,19659.0,,81.23,2020-05-31,2020-10-27,2019-07-19,,2020-03-19,Yes,J Hiers Company,2026-06-04
2026-06-05,0011614,COMPLETED-CONSTRUCTION,56368.0,,81.23,2020-05-31,2020-10-27,2019-07-19,,2020-03-19,Yes,J HIERS COMPANY INC,2026-06-04
2026-06-05,0011615,COMPLETED-CONSTRUCTION,27195.0,,81.23,2020-05-31,2020-10-27,2019-07-19,,2020-03-19,Yes,J HIERS COMPANY INC,2026-06-04
2026-06-05,0011616,COMPLETED-CONSTRUCTION,66754.0,,81.23,2020-05-31,2023-04-07,2019-07-19,,2020-03-19,Yes,SIKES BROTHERS INC,2026-06-04
2026-06-05,0011617,COMPLETED-CONSTRUCTION,54600.0,,81.23,2020-05-31,2020-10-27,2019-07-19,,2020-03-19,Yes,J HIERS COMPANY INC,2026-06-04
2026-06-05,0011618,COMPLETED-CONSTRUCTION,62499.0,,81.23,2020-05-31,2020-10-27,2019-07-19,,2020-03-19,Yes,J HIERS COMPANY INC,2026-06-04
2026-06-05,0011619,COMPLETED-CONSTRUCTION,12297.0,,81.23,2020-05-31,2023-04-07,2019-07-19,,2020-03-19,Yes,SIKES BROTHERS INC,2026-06-04
2026-06-05,0011620,COMPLETED-CONSTRUCTION,12398.75,,81.23,2020-05-31,2023-04-07,2019-07-19,,2020-03-19,Yes,SIKES BROTHERS INC,2026-06-04
2026-06-05,0011621,COMPLETED-CONSTRUCTION,11689.0,,81.23,2020-05-31,2020-10-27,2019-07-19,,2020-03-19,Yes,J HIERS COMPANY INC,2026-06-04
2026-06-05,0011622,COMPLETED-CONSTRUCTION,21149.5,,81.23,2020-05-31,2023-04-07,2019-07-19,,2020-03-19,Yes,SIKES BROTHERS INC,2026-06-04
2026-06-05,0011623,COMPLETED-CONSTRUCTION,19245.2,,81.23,2020-05-31,2020-10-27,2019-07-19,,2020-03-19,Yes,J HIERS COMPANY INC,2026-06-04
2026-06-05,0011624,COMPLETED-CONSTRUCTION,49000.0,,81.23,2020-05-31,2020-10-27,2019-07-19,,2020-03-19,Yes,J HIERS COMPANY INC,2026-06-04
2026-06-05,0011625,COMPLETED-CONSTRUCTION,17652.5,,81.23,2020-05-31,2023-04-07,2019-07-19,,2020-03-19,Yes,SIKES BROTHERS INC,2026-06-04
2026-06-05,0011626,COMPLETED-CONSTRUCTION,11282.6,,81.23,2020-05-31,2020-10-27,2019-07-19,,2020-03-19,Yes,J HIERS COMPANY INC,2026-06-04
2026-06-05,0011627,COMPLETED-CONSTRUCTION,37288.2,,81.23,2020-05-31,2020-10-27,2019-07-19,,2020-03-19,Yes,J HIERS COMPANY INC,2026-06-04
2026-06-05,0011630,UNDER-CONSTRUCTION,31489.5,,,,2023-04-07,,,,Yes,SIKES BROTHERS INC,2026-06-04
2026-06-05,0011633,COMPLETED-CONSTRUCTION,233692.0,,,,2019-08-30,,,,Yes,EVERETT DYKES GRASSING CO,2026-06-04
2026-06-05,0011635,COMPLETED-CONSTRUCTION,52781.7,,,,2022-04-12,,,,Yes,EVERETT DYKES GRASSING CO,2026-06-04
2026-06-05,0011636,COMPLETED-CONSTRUCTION,210830.43,,,,2022-04-12,,,,Yes,EVERETT DYKES GRASSING CO,2026-06-04
2026-06-05,0011637,COMPLETED-CONSTRUCTION,166507.64,,,,2022-04-12,,,,Yes,EVERETT DYKES GRASSING CO,2026-06-04
2026-06-05,0011639,COMPLETED-CONSTRUCTION,18789454.18,,89.8,2022-05-31,,2017-08-18,,2023-09-14,No,Strickland &Sons Pipeline,2026-06-04
2026-06-05,0011640,COMPLETED-CONSTRUCTION,5215928.7,,100.0,,2021-01-05,2018-03-16,,2019-12-19,No,CMES INC,2026-06-04
2026-06-05,0011641,COMPLETED-CONSTRUCTION,2303684.42,,77.53,,2020-10-27,2018-06-14,,2020-06-29,No,TRI SCAPES INC,2026-06-04
2026-06-05,0011660,COMPLETED-CONSTRUCTION,14164772.0,,98.07,,2024-02-23,2020-09-18,,2023-06-30,Yes,E R SNELL CONTRACTOR INC,2026-06-04
2026-06-05,0011677,COMPLETED-CONSTRUCTION,1794080.33,,84.47,2019-05-31,,2016-12-16,,2019-06-28,No,E R SNELL CONTRACTOR INC,2026-06-04
2026-06-05,0011678,COMPLETED-CONSTRUCTION,7298041.58,,97.76,,,2019-06-21,,2021-11-29,No,EAST COAST ASPHALT LLC,2026-06-04
2026-06-05,0011679,COMPLETED-CONSTRUCTION,5316973.4399999995,,97.76,,,2019-06-21,,2021-11-29,No,EAST COAST ASPHALT LLC,2026-06-04
2026-06-05,0011680,COMPLETED-CONSTRUCTION,6346860.97,,98.3,,2024-01-12,2019-06-21,,2021-09-29,No,EAST COAST ASPHALT LLC,2026-06-04
2026-06-05,0011683,COMPLETED-CONSTRUCTION,11436090.29,,94.65,,2023-02-28,2019-05-17,,2022-03-02,No,SOUTHERN CONCRETE CST CO,2026-06-04
2026-06-05,0011684,COMPLETED-CONSTRUCTION,11119037.8,,99.72,,,2017-12-15,,2023-03-31,No,GEORGIA BRIDGE & CONCRETE,2026-06-04
2026-06-05,0011685,COMPLETED-CONSTRUCTION,8575406.43,,96.59,,2022-08-26,2018-05-18,,2020-11-05,No,Southeastern Site Develop,2026-06-04
2026-06-05,0011686,COMPLETED-CONSTRUCTION,7298490.09,,99.77,,2022-02-15,2018-09-21,,2021-08-13,No,SUMMERS-TAYLOR INC,2026-06-04
2026-06-05,0011688,COMPLETED-CONSTRUCTION,12203920.41,,94.99,2020-05-18,2021-09-13,2018-09-21,,2021-04-30,No,SOUTHERN CONCRETE CST CO,2026-06-04
2026-06-05,0011690,COMPLETED-CONSTRUCTION,5241728.57,,97.03,,,2018-08-17,,2019-08-24,No,E R SNELL CONTRACTOR INC,2026-06-04
2026-06-05,0011691,COMPLETED-CONSTRUCTION,6777305.02,,94.38,,2021-02-26,2018-08-17,,2019-12-18,No,C W Matthews Contracting,2026-06-04
2026-06-05,0011727,COMPLETED-CONSTRUCTION,3839068.22,,99.4,2024-07-10,,2022-09-30,2024-07-10,,No,WILLIAMS POWER & SIGNAL,2026-06-04
2026-06-05,0011730,COMPLETED-CONSTRUCTION,7755431.75,,98.7,,,2022-02-04,,2025-09-03,No,EAST COAST ASPHALT LLC,2026-06-04
2026-06-05,0011733,COMPLETED-CONSTRUCTION,365000.0,,100.0,,2023-02-22,2021-02-02,,2022-12-20,No,REEVES CONSTRUCTION CO,2026-06-04
2026-06-05,0011747,COMPLETED-CONSTRUCTION,250000.0,,100.0,,2021-08-18,2019-11-15,,2021-07-06,No,AC BLOUNT CST SERVICE INC,2026-06-04
2026-06-05,0011833,PRE-CONSTRUCTION,12849633.47,,,,,,,,No,,2026-06-04
2026-06-05,0011840,COMPLETED-CONSTRUCTION,13593948.39,,,,2021-10-21,,,,Yes,MCLENDON ENTERPRISES INC,2026-06-04
2026-06-05,0011841,COMPLETED-CONSTRUCTION,2665109.76,,,,2021-10-21,,,,Yes,MCLENDON ENTERPRISES INC,2026-06-04
2026-06-05,0011845,UNDER-CONSTRUCTION,6774387.63,,95.03,2025-12-05,,2023-10-06,,,No,KNIGHT & ASSOCIATES INC,2026-06-04
2026-06-05,0011856,COMPLETED-CONSTRUCTION,452745.67,,,,2022-04-12,,,,Yes,EVERETT DYKES GRASSING CO,2026-06-04
2026-06-05,0011858,COMPLETED-CONSTRUCTION,351072.0,,,,2022-04-12,,,,Yes,EVERETT DYKES GRASSING CO,2026-06-04
2026-06-05,0011859,COMPLETED-CONSTRUCTION,35949.0,,,,2022-04-12,,,,Yes,EVERETT DYKES GRSSING CO,2026-06-04
2026-06-05,0011860,UNDER-CONSTRUCTION,113104.0,,,,2021-12-06,,,,Yes,EVERETT DYKES GRASSING CO,2026-06-04
2026-06-05,0011866,UNDER-CONSTRUCTION,64886.0,,,,2021-12-06,,,,Yes,EVERETT DYKES GRASSING CO,2026-06-04
2026-06-05,0011867,UNDER-CONSTRUCTION,51177.75,,,,2021-12-06,,,,Yes,EVERETT DYKES GRASSING CO,2026-06-04
2026-06-05,0011869,COMPLETED-CONSTRUCTION,1019129.0,,,,2023-03-31,,,,Yes,ELLIS WOOD CONTRACTING,2026-06-04
2026-06-05,0011871,COMPLETED-CONSTRUCTION,634997.22,,,,2021-07-19,,,,Yes,REEVES CONSTRUCTION CO,2026-06-04
2026-06-05,0011879,COMPLETED-CONSTRUCTION,61196.0,,,,2021-04-19,,,,Yes,SIKES BROTHERS INC,2026-06-04
2026-06-05,0011880,COMPLETED-CONSTRUCTION,31757.0,,,,2021-04-19,,,,Yes,SIKES BROTHERS INC,2026-06-04
2026-06-05,0011881,COMPLETED-CONSTRUCTION,116922.0,,,,2021-04-19,,,,Yes,SIKES BROTHERS INC,2026-06-04
2026-06-05,0011882,COMPLETED-CONSTRUCTION,98146.0,,,,2021-04-19,,,,Yes,SIKES BROTHERS INC,2026-06-04
2026-06-05,0011883,COMPLETED-CONSTRUCTION,33188.0,,,,2021-04-19,,,,Yes,SIKES BROTHERS INC,2026-06-04
2026-06-05,0011884,COMPLETED-CONSTRUCTION,44692.0,,,,2021-04-19,,,,Yes,SIKES BROTHERS INC,2026-06-04
2026-06-05,0011885,COMPLETED-CONSTRUCTION,43289.0,,,,2021-04-19,,,,Yes,SIKES BROTHERS INC,2026-06-04
2026-06-05,0011886,COMPLETED-CONSTRUCTION,46230.0,,,,2021-04-19,,,,Yes,SIKES BROTHERS INC,2026-06-04
2026-06-05,0011887,COMPLETED-CONSTRUCTION,116922.0,,,,2021-04-19,,,,Yes,SIKES BROTHERS INC,2026-06-04
2026-06-05,0011888,COMPLETED-CONSTRUCTION,57718.0,,,,2021-04-19,,,,Yes,SIKES BROTHERS INC,2026-06-04
2026-06-05,0011889,COMPLETED-CONSTRUCTION,79947.0,,,,2022-07-25,,,,Yes,SIKES BROTHERS INC,2026-06-04
2026-06-05,0011890,COMPLETED-CONSTRUCTION,196431.0,,,,2024-12-19,,,,Yes,SIKES BROTHERS INC,2026-06-04
2026-06-05,0011891,COMPLETED-CONSTRUCTION,243650.0,,,,2022-07-25,,,,Yes,SIKES BROTHERS INC,2026-06-04
2026-06-05,0011892,COMPLETED-CONSTRUCTION,38985.0,,,,2022-07-25,,,,Yes,SIKES BROTHERS INC,2026-06-04
2026-06-05,0011893,COMPLETED-CONSTRUCTION,331583.0,,,,2024-12-19,,,,Yes,SIKES BROTHERS INC,2026-06-04
2026-06-05,0011899,COMPLETED-CONSTRUCTION,21378.7,,93.9,,2023-02-09,2021-01-22,,2022-04-20,Yes,SIKES BROTHERS INC,2026-06-04
2026-06-05,0011900,COMPLETED-CONSTRUCTION,13908.45,,93.9,,2023-02-09,2021-01-22,,2022-04-20,Yes,SIKES BROTHERS INC,2026-06-04
2026-06-05,0011908,COMPLETED-CONSTRUCTION,575560.0,,100.0,,2021-09-10,2019-10-18,,2020-09-23,Yes,EVERETT DYKES GRASSING CO,2026-06-04
2026-06-05,0011909,COMPLETED-CONSTRUCTION,411053.25,,100.0,,2021-09-10,2019-10-18,,2020-09-23,Yes,EVERETT DYKES GRASSING CO,2026-06-04
2026-06-05,0011910,COMPLETED-CONSTRUCTION,367731.2,,100.0,,2021-09-10,2019-10-18,,2020-09-23,Yes,EVERETT DYKES GRASSING CO,2026-06-04
2026-06-05,0011913,UNDER-CONSTRUCTION,49925.5,,,,2023-07-06,,,,Yes,"East Coast Asphalt, LLC",2026-06-04
2026-06-05,0011914,COMPLETED-CONSTRUCTION,63636.0,,,,2022-08-22,,,,Yes,EAST COAST ASPHALT,2026-06-04
2026-06-05,0011923,COMPLETED-CONSTRUCTION,6708.0,,,,2022-08-22,,,,Yes,EAST COAST ASPHALT,2026-06-04
2026-06-05,0011943,COMPLETED-CONSTRUCTION,25322.0,,,,2022-08-22,,,,Yes,EAST COAST ASPHALT,2026-06-04
2026-06-05,0011950,COMPLETED-CONSTRUCTION,13787.0,,,,2022-08-22,,,,Yes,EAST COAST ASPHALT,2026-06-04
2026-06-05,0011958,COMPLETED-CONSTRUCTION,27045.0,,,,2022-08-22,,,,Yes,EAST COAST ASPHALT,2026-06-04
2026-06-05,0011964,COMPLETED-CONSTRUCTION,6894.0,,,,2022-08-22,,,,Yes,EAST COAST ASPHALT,2026-06-04
2026-06-05,0011969,COMPLETED-CONSTRUCTION,17234.0,,,,2022-08-22,,,,Yes,EAST COAST ASPHALT,2026-06-04
2026-06-05,0011973,COMPLETED-CONSTRUCTION,32481.0,,,,2022-08-22,,,,Yes,EAST COAST ASPHALT,2026-06-04
2026-06-05,0011974,COMPLETED-CONSTRUCTION,18295.0,,,,2022-08-22,,,,Yes,EAST COAST ASPHALT,2026-06-04
2026-06-05,0011976,COMPLETED-CONSTRUCTION,16306.0,,,,2022-08-22,,,,Yes,EAST COAST ASPHALT,2026-06-04
2026-06-05,0011977,COMPLETED-CONSTRUCTION,5674.0,,,,2022-08-22,,,,Yes,EAST COAST ASPHALT,2026-06-04
2026-06-05,0011978,COMPLETED-CONSTRUCTION,30094.0,,,,2022-08-22,,,,Yes,EAST COAST ASPHALT,2026-06-04
2026-06-05,0011979,COMPLETED-CONSTRUCTION,16572.0,,,,2022-08-22,,,,Yes,EAST COAST ASPHALT,2026-06-04
2026-06-05,0011980,COMPLETED-CONSTRUCTION,9545.0,,,,2022-08-22,,,,Yes,EAST COAST ASPHALT,2026-06-04
2026-06-05,0011981,COMPLETED-CONSTRUCTION,17287.0,,,,2022-08-22,,,,Yes,EAST COAST ASPHALT,2026-06-04
2026-06-05,0011982,COMPLETED-CONSTRUCTION,22007.0,,,,2022-08-22,,,,Yes,EAST COAST ASPHALT,2026-06-04
2026-06-05,0011983,COMPLETED-CONSTRUCTION,38712.0,,,,2022-08-22,,,,Yes,EAST COAST ASPHALT,2026-06-04
2026-06-05,0011984,COMPLETED-CONSTRUCTION,6628.0,,,,2022-08-22,,,,Yes,EAST COAST ASPHALT,2026-06-04
2026-06-05,0011985,COMPLETED-CONSTRUCTION,13257.0,,,,2022-08-22,,,,Yes,EAST COAST ASPHALT,2026-06-04
2026-06-05,0011986,COMPLETED-CONSTRUCTION,11269.0,,,,2022-08-22,,,,Yes,EAST COAST ASPHALT,2026-06-04
2026-06-05,0011987,COMPLETED-CONSTRUCTION,9280.0,,,,2022-08-22,,,,Yes,EAST COAST ASPHALT,2026-06-04
2026-06-05,0011988,COMPLETED-CONSTRUCTION,32878.0,,,,2022-08-22,,,,Yes,EAST COAST ASPHALT,2026-06-04
2026-06-05,0011989,COMPLETED-CONSTRUCTION,30094.0,,,,2022-08-22,,,,Yes,EAST COAST ASPHALT,2026-06-04
2026-06-05,0011990,COMPLETED-CONSTRUCTION,11931.0,,,,2022-08-22,,,,Yes,EAST COAST ASPHALT,2026-06-04
2026-06-05,0011991,COMPLETED-CONSTRUCTION,11534.0,,,,2022-08-22,,,,Yes,EAST COAST ASPHALT,2026-06-04
2026-06-05,0011992,COMPLETED-CONSTRUCTION,10871.0,,,,2022-08-22,,,,Yes,EAST COAST ASPHALT,2026-06-04
2026-06-05,0011993,COMPLETED-CONSTRUCTION,13257.0,,,,2022-08-22,,,,Yes,EAST COAST ASPHALT,2026-06-04
2026-06-05,0011994,COMPLETED-CONSTRUCTION,16306.0,,,,2022-08-22,,,,Yes,EAST COAST ASPHALT,2026-06-04
2026-06-05,0011995,COMPLETED-CONSTRUCTION,13655.0,,,,2022-08-22,,,,Yes,EAST COAST ASPHALT,2026-06-04
2026-06-05,0011996,COMPLETED-CONSTRUCTION,12197.0,,,,2022-08-22,,,,Yes,EAST COAST ASPHALT,2026-06-04
2026-06-05,0011997,COMPLETED-CONSTRUCTION,9015.0,,,,2022-08-22,,,,Yes,EAST COAST ASPHALT,2026-06-04
2026-06-05,0011999,COMPLETED-CONSTRUCTION,31685.0,,,,2022-08-22,,,,Yes,EAST COAST ASPHALT,2026-06-04
2026-06-05,0012000,COMPLETED-CONSTRUCTION,5965.0,,,,2022-08-22,,,,Yes,EAST COAST ASPHALT,2026-06-04
2026-06-05,0012006,COMPLETED-CONSTRUCTION,44015.0,,,,2022-08-22,,,,Yes,EAST COAST ASPHALT,2026-06-04
2026-06-05,0012008,COMPLETED-CONSTRUCTION,7689.0,,,,2022-08-22,,,,Yes,EAST COAST ASPHALT,2026-06-04
2026-06-05,0012010,COMPLETED-CONSTRUCTION,17632.0,,,,2022-08-22,,,,Yes,EAST COAST ASPHALT,2026-06-04
2026-06-05,0012014,COMPLETED-CONSTRUCTION,11391.0,,,,2022-08-22,,,,Yes,EAST COAST ASPHALT,2026-06-04
2026-06-05,0012017,COMPLETED-CONSTRUCTION,11931.0,,,,2022-08-22,,,,Yes,EAST COAST ASPHALT,2026-06-04
2026-06-05,0012020,COMPLETED-CONSTRUCTION,17500.0,,,,2022-08-22,,,,Yes,EAST COAST ASPHALT,2026-06-04
2026-06-05,0012021,COMPLETED-CONSTRUCTION,14715.0,,,,2022-08-22,,,,Yes,EAST COAST ASPHALT,2026-06-04
2026-06-05,0012036,COMPLETED-CONSTRUCTION,9280.0,,,,2022-08-22,,,,Yes,EAST COAST ASPHALT,2026-06-04
2026-06-05,0012037,COMPLETED-CONSTRUCTION,14185.0,,,,2022-08-22,,,,Yes,EAST COAST ASPHALT,2026-06-04
2026-06-05,0012039,COMPLETED-CONSTRUCTION,30890.0,,,,2022-08-22,,,,Yes,EAST COAST ASPHALT,2026-06-04
2026-06-05,0012040,COMPLETED-CONSTRUCTION,17977.0,,,,2022-08-22,,,,Yes,EAST COAST ASPHALT,2026-06-04
2026-06-05,0012041,COMPLETED-CONSTRUCTION,25587.0,,,,2022-08-22,,,,Yes,EAST COAST ASPHALT,2026-06-04
2026-06-05,0012042,COMPLETED-CONSTRUCTION,53030.0,,,,2022-08-22,,,,Yes,EAST COAST ASPHALT,2026-06-04
2026-06-05,0012045,COMPLETED-CONSTRUCTION,364618.09,,99.9,,2023-07-06,2021-11-05,,2022-10-11,Yes,SIKES BROTHERS INC,2026-06-04
2026-06-05,0012049,COMPLETED-CONSTRUCTION,924000.0,,99.76,2020-02-28,2020-09-09,2019-04-19,,2019-12-18,Yes,EVERETT DYKES GRASSING CO,2026-06-04
2026-06-05,0012050,COMPLETED-CONSTRUCTION,682537.13,,99.9,,2023-07-06,2021-11-05,,2022-10-11,Yes,SIKES BROTHERS INC,2026-06-04
2026-06-05,0012055,COMPLETED-CONSTRUCTION,166498.0,,,,2021-12-08,,,,Yes,EVERETT GRASSING CO INC,2026-06-04
2026-06-05,0012060,COMPLETED-CONSTRUCTION,13623.72,,,,2021-12-08,,,,Yes,EVERETT GRASSING CO INC,2026-06-04
2026-06-05,0012063,COMPLETED-CONSTRUCTION,32476.03,,,,2021-12-08,,,,Yes,EVERETT GRASSING CO INC,2026-06-04
2026-06-05,0012066,COMPLETED-CONSTRUCTION,76856.02,,,,2021-12-08,,,,Yes,EVERETT GRASSING CO INC,2026-06-04
2026-06-05,0012069,COMPLETED-CONSTRUCTION,54447.96,,,,2021-12-08,,,,Yes,EVERETT GRASSING CO INC,2026-06-04
2026-06-05,0012070,COMPLETED-CONSTRUCTION,221997.0,,,,2021-12-08,,,,Yes,EVERETT GRASSING CO INC,2026-06-04
2026-06-05,0012071,COMPLETED-CONSTRUCTION,86125.42,,,,2021-12-08,,,,Yes,EVERETT GRASSING CO INC,2026-06-04
2026-06-05,0012074,COMPLETED-CONSTRUCTION,118740.56,,,,2021-12-08,,,,Yes,EVERETT GRASSING CO INC,2026-06-04
2026-06-05,0012075,COMPLETED-CONSTRUCTION,176907.65,,,,2021-12-08,,,,Yes,EVERETT GRASSING CO INC,2026-06-04
2026-06-05,0012077,COMPLETED-CONSTRUCTION,62437.0,,,,2021-12-08,,,,Yes,EVERETT GRASSING CO INC,2026-06-04
2026-06-05,0012079,COMPLETED-CONSTRUCTION,32517.13,,,,2021-12-08,,,,Yes,EVERETT GRASSING CO INC,2026-06-04
2026-06-05,0012087,COMPLETED-CONSTRUCTION,262010.0,,,,2022-04-25,,,,Yes,MCLENDON ENTERPRISES INC,2026-06-04
2026-06-05,0012088,COMPLETED-CONSTRUCTION,151690.0,,,,2022-04-25,,,,Yes,MCLENDON ENTERPRISES INC,2026-06-04
2026-06-05,0012089,COMPLETED-CONSTRUCTION,55160.0,,,,2022-04-25,,,,Yes,MCLENDON ENTERPRISES INC,2026-06-04
2026-06-05,0012092,COMPLETED-CONSTRUCTION,25056.93,,93.9,,2023-02-09,2021-01-22,,2022-04-20,Yes,SIKES BROTHERS INC,2026-06-04
2026-06-05,0012093,COMPLETED-CONSTRUCTION,14761.47,,93.9,,2023-02-09,2021-01-22,,2022-04-20,Yes,SIKES BROTHERS INC,2026-06-04
2026-06-05,0012094,COMPLETED-CONSTRUCTION,38010.59,,93.9,,2023-02-09,2021-01-22,,2022-04-20,Yes,SIKES BROTHERS INC,2026-06-04
2026-06-05,0012110,COMPLETED-CONSTRUCTION,40985.9,,93.9,,2023-02-09,2021-01-22,,2022-04-20,Yes,SIEKS BROTHERS INC,2026-06-04
2026-06-05,0012111,COMPLETED-CONSTRUCTION,14763.95,,93.9,,2023-02-09,2021-01-22,,2022-04-20,Yes,SIKES BROTHERS INC,2026-06-04
2026-06-05,0012112,COMPLETED-CONSTRUCTION,64936.25,,93.9,,2023-02-09,2021-01-22,,2022-04-20,Yes,SIKES BROTHERS INC,2026-06-04
2026-06-05,0012113,COMPLETED-CONSTRUCTION,31620.25,,93.9,,2023-02-09,2021-01-22,,2022-04-20,Yes,SIKES BROTHERS INC,2026-06-04
2026-06-05,0012114,COMPLETED-CONSTRUCTION,101302.55,,93.9,,2023-02-09,2021-01-22,,2022-04-20,Yes,SIKES BROTHERS INC,2026-06-04
2026-06-05,0012115,COMPLETED-CONSTRUCTION,10436.85,,93.9,,2023-02-09,2021-01-22,,2022-04-20,Yes,SIKES BROTHERS INC,2026-06-04
2026-06-05,0012116,COMPLETED-CONSTRUCTION,77044.65,,93.9,,2023-02-09,2021-01-22,,2022-04-20,Yes,SIKES BROTHERS INC,2026-06-04
2026-06-05,0012117,COMPLETED-CONSTRUCTION,68838.95,,93.9,,2023-02-09,2021-01-22,,2022-04-20,Yes,SIKES BROTHERS INC,2026-06-04
2026-06-05,0012120,COMPLETED-CONSTRUCTION,30932.55,,93.9,,2023-02-09,2021-01-22,,2022-04-20,Yes,SIKES BROTHERS INC,2026-06-04
2026-06-05,0012126,COMPLETED-CONSTRUCTION,30800.0,,,,2022-07-27,,,,Yes,MCLENDON ENTERPRISES INC,2026-06-04
2026-06-05,0012127,COMPLETED-CONSTRUCTION,7000.0,,,,2022-05-19,,,,Yes,MCLENDON ENTERPRISES INC,2026-06-04
2026-06-05,0012128,COMPLETED-CONSTRUCTION,68600.0,,,,2022-05-19,,,,Yes,MCLENDON ENTERPRISES INC,2026-06-04
2026-06-05,0012129,COMPLETED-CONSTRUCTION,37800.0,,,,2022-05-19,,,,Yes,MCLENDON ENTERPRISES INC,2026-06-04
2026-06-05,0012130,UNDER-CONSTRUCTION,9800.0,,,,2022-05-19,,,,Yes,ELLIS WOOD CONTRACTING,2026-06-04
2026-06-05,0012140,UNDER-CONSTRUCTION,572748.0,,,,2022-07-28,,,,Yes,J HIERS COMPANY INC,2026-06-04
2026-06-05,0012141,UNDER-CONSTRUCTION,256784.0,,,,2022-07-28,,,,Yes,J HIERS COMPANY INC,2026-06-04
2026-06-05,0012142,UNDER-CONSTRUCTION,422050.1,,,,2022-07-28,,,,Yes,J HIERS COMPANY INC,2026-06-04
2026-06-05,0012153,UNDER-CONSTRUCTION,7432.5,,,,2019-10-04,,,,Yes,JERRY D RUSHING CST CO,2026-06-04
2026-06-05,0012154,UNDER-CONSTRUCTION,41497.29,,,,2019-09-13,,,,Yes,JERRY D RUSHING CST CO,2026-06-04
2026-06-05,0012155,UNDER-CONSTRUCTION,122169.43,,,,2019-07-30,,,,Yes,JERRY D RUSHING CST CO,2026-06-04
2026-06-05,0012156,COMPLETED-CONSTRUCTION,60582.8,,100.0,,2022-10-11,2020-03-20,,2020-08-05,Yes,EAST COAST ASPHALT LLC,2026-06-04
2026-06-05,0012157,COMPLETED-CONSTRUCTION,26434.11,,100.0,,2022-10-11,2020-03-20,,2020-08-05,Yes,EAST COAST ASPHALT LLC,2026-06-04
2026-06-05,0012158,COMPLETED-CONSTRUCTION,101064.8,,100.0,,2022-10-11,2020-03-20,,2020-08-05,Yes,EAST COAST ASPHALT LLC,2026-06-04
2026-06-05,0012159,COMPLETED-CONSTRUCTION,98000.0,,100.0,,2022-10-11,2020-03-20,,2020-08-05,Yes,EAST COAST ASPHALT LLC,2026-06-04
2026-06-05,0012160,COMPLETED-CONSTRUCTION,119528.8,,100.0,,2022-10-11,2020-03-20,,2020-08-05,Yes,EAST COAST ASPHALT LLC,2026-06-04
2026-06-05,0012169,COMPLETED-CONSTRUCTION,574000.0,,,,2024-12-19,,,,Yes,THE SCRUGGS COMPANY,2026-06-04
2026-06-05,0012170,COMPLETED-CONSTRUCTION,185316.4,,99.71,,2021-05-19,2019-11-22,,2020-10-31,Yes,EVERETT DYKES GRASSING CO,2026-06-04
2026-06-05,0012174,COMPLETED-CONSTRUCTION,27938.93,,99.74,,2023-01-26,2021-02-19,,2022-05-23,Yes,SIKES BROTHERS INC,2026-06-04
2026-06-05,0012177,COMPLETED-CONSTRUCTION,322407.0,,,,2021-10-21,,,,Yes,EVERETT DYKES GRASSING CO,2026-06-04
2026-06-05,0012178,COMPLETED-CONSTRUCTION,169502.75,,,,2021-10-21,,,,Yes,EVERETT DYKES GRASSING CO,2026-06-04
2026-06-05,0012179,COMPLETED-CONSTRUCTION,53766.54,,,,2021-10-21,,,,Yes,EVERETT DYKES GRASSING CO,2026-06-04
2026-06-05,0012180,UNDER-CONSTRUCTION,185000.0,,,,2023-02-02,,,,Yes,EAST COAST ASPHALT LLC,2026-06-04
2026-06-05,0012181,UNDER-CONSTRUCTION,263000.0,,,,2023-02-02,,,,Yes,EAST COAST ASPHALT LLC,2026-06-04
2026-06-05,0012182,UNDER-CONSTRUCTION,46000.0,,,,2023-02-02,,,,Yes,EAST COAST ASPHALT LLC,2026-06-04
2026-06-05,0012183,UNDER-CONSTRUCTION,47000.0,,,,2023-02-02,,,,Yes,EAST COAST ASPHALT LLC,2026-06-04
2026-06-05,0012190,UNDER-CONSTRUCTION,316072.42,,,,2019-07-12,,,,Yes,EVERETT DYKES GRASSING CO,2026-06-04
2026-06-05,0012191,COMPLETED-CONSTRUCTION,933000.0,,,,2022-07-28,,,,Yes,EVERETT DYKES GRASSING CO,2026-06-04
2026-06-05,0012193,COMPLETED-CONSTRUCTION,600000.0,,,,2023-08-01,,,,Yes,THE SCRUGGS COMPANY,2026-06-04
2026-06-05,0012195,COMPLETED-CONSTRUCTION,543000.0,,,,2023-08-01,,,,Yes,THE SCRUGGS COMPANY,2026-06-04
2026-06-05,0012196,COMPLETED-CONSTRUCTION,595230.0,,,,2019-08-08,,,,Yes,EVERETT DYKES GRASSING CO,2026-06-04
2026-06-05,0012197,COMPLETED-CONSTRUCTION,339797.63,,,,2021-06-10,,,,Yes,REEVES CONSTRUCTION CO,2026-06-04
2026-06-05,0012198,COMPLETED-CONSTRUCTION,901246.88,,,,2021-06-10,,,,Yes,REEVES CONSTRUCTION CO,2026-06-04
2026-06-05,0012199,UNDER-CONSTRUCTION,773557.65,,,,2019-07-12,,,,Yes,EVERETT DYKES GRASSING CO,2026-06-04
2026-06-05,0012200,COMPLETED-CONSTRUCTION,160841.0,,,,2021-06-10,,,,Yes,REEVES CONSTRUCTION CO,2026-06-04
2026-06-05,0012201,UNDER-CONSTRUCTION,20136.71,,,,2022-10-11,,,,Yes,EAST COAST ASPHALT LLC,2026-06-04
2026-06-05,0012202,UNDER-CONSTRUCTION,16913.73,,,,2022-10-11,,,,Yes,EAST COAST ASPHALT LLC,2026-06-04
2026-06-05,0012204,UNDER-CONSTRUCTION,12225.28,,,,2022-10-11,,,,Yes,EAST COAST ASPHALT LLC,2026-06-04
2026-06-05,0012205,UNDER-CONSTRUCTION,24770.0,,,,2022-10-11,,,,Yes,EAST COAST ASPHALT LLC,2026-06-04
2026-06-05,0012207,UNDER-CONSTRUCTION,23923.0,,,,2022-10-11,,,,Yes,EAST COAST ASPHALT LLC,2026-06-04
2026-06-05,0012208,UNDER-CONSTRUCTION,26927.0,,,,2022-10-11,,,,Yes,EAST COAST ASPHALT LLC,2026-06-04
2026-06-05,0012209,UNDER-CONSTRUCTION,29542.0,,,,2022-10-11,,,,Yes,EAST COAST ASPHALT LLC,2026-06-04
2026-06-05,0012215,COMPLETED-CONSTRUCTION,20546.76,,99.74,,2023-01-26,2021-02-19,,2022-05-23,Yes,SIKES BROTHERS INC,2026-06-04
2026-06-05,0012217,UNDER-CONSTRUCTION,271051.48,,,,2019-11-19,,,,Yes,Moye Electric Company Inc,2026-06-04
2026-06-05,0012218,COMPLETED-CONSTRUCTION,4205105.0,,,,2024-01-25,,,,Yes,MCLENDON ENTERPRISES INC,2026-06-04
2026-06-05,0012225,COMPLETED-CONSTRUCTION,71676.23,,99.74,,2023-01-26,2021-02-19,,2022-05-23,Yes,SIKES BROTHERS INC,2026-06-04
2026-06-05,0012239,COMPLETED-CONSTRUCTION,17668.58,,99.74,,2023-01-26,2021-02-19,,2022-05-23,Yes,SIKES BROTHERS INC,2026-06-04
2026-06-05,0012250,UNDER-CONSTRUCTION,15218.45,,,,2021-07-21,,,,Yes,EAST COAST ASPHALT LLC,2026-06-04
2026-06-05,0012251,UNDER-CONSTRUCTION,19099.0,,,,2021-07-21,,,,Yes,EAST COAST ASPHALT LLC,2026-06-04
2026-06-05,0012252,UNDER-CONSTRUCTION,13730.0,,,,2021-07-21,,,,Yes,EAST COAST ASPHALT LLC,2026-06-04
2026-06-05,0012253,UNDER-CONSTRUCTION,93922.7,,,,2021-07-21,,,,Yes,EAST COAST ASPHALT LLC,2026-06-04
2026-06-05,0012254,COMPLETED-CONSTRUCTION,26618.46,,99.74,,2023-01-26,2021-02-19,,2022-05-23,Yes,SIKES BROTHERS INC,2026-06-04
2026-06-05,0012255,COMPLETED-CONSTRUCTION,26633.06,,99.74,,2023-01-26,2021-02-19,,2022-05-23,Yes,SIKES BROTHERS INC,2026-06-04
2026-06-05,0012256,COMPLETED-CONSTRUCTION,29003.63,,99.74,,2023-01-26,2021-02-19,,2022-05-23,Yes,SIKES BROTHERS INC,2026-06-04
2026-06-05,0012257,COMPLETED-CONSTRUCTION,4714.04,,99.74,,2023-01-26,2021-02-19,,2022-05-23,Yes,SIKES BROTHERS INC,2026-06-04
2026-06-05,0012258,COMPLETED-CONSTRUCTION,47226.15,,99.74,,2023-01-26,2021-02-19,,2022-05-23,Yes,SIKES BROTHERS INC,2026-06-04
2026-06-05,0012259,COMPLETED-CONSTRUCTION,28178.87,,99.74,,2023-01-26,2021-02-19,,2022-05-23,Yes,SIKES BROTHERS INC,2026-06-04
2026-06-05,0012261,COMPLETED-CONSTRUCTION,18834.8,,99.74,,2023-01-26,2021-02-19,,2022-05-23,Yes,SIKES BROTHERS INC,2026-06-04
2026-06-05,0012262,COMPLETED-CONSTRUCTION,61088.21,,99.74,,2023-01-26,2021-02-19,,2022-05-23,Yes,SIKES BROTHERS INC,2026-06-04
2026-06-05,0012270,COMPLETED-CONSTRUCTION,23824.19,,99.74,,2023-01-26,2021-02-19,,2022-05-23,Yes,SIKES BROTHERS INC,2026-06-04
2026-06-05,0012275,COMPLETED-CONSTRUCTION,336207.2,,99.71,,2021-05-19,2019-11-22,,2020-10-31,Yes,EVERETT DYKES GRASSING CO,2026-06-04
2026-06-05,0012283,COMPLETED-CONSTRUCTION,51990.6,,99.53,2020-04-30,2020-10-27,2019-05-17,,2019-10-31,Yes,EAST COAST ASPHALT LLC,2026-06-04
2026-06-05,0012284,UNDER-CONSTRUCTION,16817.8,,,,2021-10-18,,,,Yes,PEEK PAVEMENT MARKETING L,2026-06-04
2026-06-05,0012287,UNDER-CONSTRUCTION,46646.5,,,,2021-10-18,,,,Yes,SIKES BROTHERS INC,2026-06-04
2026-06-05,0012292,COMPLETED-CONSTRUCTION,48000.0,,99.53,2020-04-30,2020-10-27,2019-05-17,,2019-10-31,Yes,EAST COAST ASPHALT LLC,2026-06-04
2026-06-05,0012294,COMPLETED-CONSTRUCTION,103622.6,,99.53,2020-04-30,2020-10-27,2019-05-17,,2019-10-31,Yes,EAST COAST ASPHALT LLC,2026-06-04
2026-06-05,0012297,COMPLETED-CONSTRUCTION,90864.3,,99.53,2020-04-30,2020-10-27,2019-05-17,,2019-10-31,Yes,EAST COAST ASPHALT LLC,2026-06-04
2026-06-05,0012298,COMPLETED-CONSTRUCTION,120943.3,,99.53,2020-04-30,2020-10-27,2019-05-17,,2019-10-31,Yes,EAST COAST ASPHALT LLC,2026-06-04
2026-06-05,0012299,COMPLETED-CONSTRUCTION,22676.0,,99.53,2020-04-30,2020-10-27,2019-05-17,,2019-10-31,Yes,EAST COAST ASPHALT LLC,2026-06-04
2026-06-05,0012304,UNDER-CONSTRUCTION,910037.0,,,,,,,,Yes,SIKES BROTHERS INC,2026-06-04
2026-06-05,0012307,COMPLETED-CONSTRUCTION,1078994.8,,,,2021-02-04,,,,Yes,MCLENDON ENTERPRISES,2026-06-04
2026-06-05,0012308,UNDER-CONSTRUCTION,630000.0,,,,,,,,Yes,SIKES BROTHERS INC,2026-06-04
2026-06-05,0012313,COMPLETED-CONSTRUCTION,14650.7,,93.9,,2023-02-09,2021-01-22,,2022-04-20,Yes,SIKES BROTHERS INC,2026-06-04
2026-06-05,0012315,COMPLETED-CONSTRUCTION,7077.5,,93.9,,2023-02-09,2021-01-22,,2022-04-20,Yes,SIKES BROTHERS INC,2026-06-04
2026-06-05,0012338,COMPLETED-CONSTRUCTION,55299.71,,,,2021-04-16,,,,Yes,MCLENDON ENTERPRISES INC,2026-06-04
2026-06-05,0012347,COMPLETED-CONSTRUCTION,24182.78,,,,2021-04-16,,,,Yes,MCLENDON ENTERPRISES INC,2026-06-04
2026-06-05,0012348,COMPLETED-CONSTRUCTION,20852.65,,,,2021-04-16,,,,Yes,MCLENDON ENTERPRISES INC,2026-06-04
2026-06-05,0012349,COMPLETED-CONSTRUCTION,22515.26,,,,2021-04-16,,,,Yes,MCLENDON ENTERPRISES INC,2026-06-04
2026-06-05,0012350,COMPLETED-CONSTRUCTION,30196.6,,,,2021-04-16,,,,Yes,MCLENDON ENTERPRISES INC,2026-06-04
2026-06-05,0012351,COMPLETED-CONSTRUCTION,58780.2,,,,2021-04-16,,,,Yes,MCLENDON ENTERPRISES INC,2026-06-04
2026-06-05,0012352,COMPLETED-CONSTRUCTION,114519.72,,,,2021-04-16,,,,Yes,MCLENDON ENTERPRISES INC,2026-06-04
2026-06-05,0012353,COMPLETED-CONSTRUCTION,34444.69,,,,2021-04-16,,,,Yes,MCLENDON ENTERPRISES INC,2026-06-04
2026-06-05,0012355,COMPLETED-CONSTRUCTION,58868.46,,,,2021-04-16,,,,Yes,MCLENDON ENTERPRISES INC,2026-06-04
2026-06-05,0012356,COMPLETED-CONSTRUCTION,34859.65,,,,2021-04-16,,,,Yes,MCLENDON ENTERPRISES INC,2026-06-04
2026-06-05,0012357,COMPLETED-CONSTRUCTION,46380.16,,,,2021-04-16,,,,Yes,MCLENDON ENTERPRISES INC,2026-06-04
2026-06-05,0012358,COMPLETED-CONSTRUCTION,86055.19,,,,2021-04-16,,,,Yes,MCLENDON ENTERPRISES INC,2026-06-04
2026-06-05,0012359,COMPLETED-CONSTRUCTION,113350.43,,,,2021-04-16,,,,Yes,MCLENDON ENTERPRISES INC,2026-06-04
2026-06-05,0012368,UNDER-CONSTRUCTION,104621.0,,,,2023-06-01,,,,Yes,SIKES BROTHERS INC,2026-06-04
2026-06-05,0012369,UNDER-CONSTRUCTION,112100.0,,,,2023-06-01,,,,Yes,SIKES BROTHERS INC,2026-06-04
2026-06-05,0012370,UNDER-CONSTRUCTION,148883.0,,,,2023-06-01,,,,Yes,SIKES BROTHERS INC,2026-06-04
2026-06-05,0012371,UNDER-CONSTRUCTION,36651.0,,,,2023-06-01,,,,Yes,SIKES BROTHERS INC,2026-06-04
2026-06-05,0012372,UNDER-CONSTRUCTION,24743.0,,,,2023-06-01,,,,Yes,SIKES BROTHERS INC,2026-06-04
2026-06-05,0012377,UNDER-CONSTRUCTION,348853.0,,,,2021-02-10,,,,Yes,EVERETT DYKES GRASSING CO,2026-06-04
2026-06-05,0012378,UNDER-CONSTRUCTION,28010.0,,,,2021-02-10,,,,Yes,EVERETT DYKES GRASSING CO,2026-06-04
2026-06-05,0012379,UNKNOWN,175815.0,,,,,,,,Yes,,2026-06-04
2026-06-05,0012381,COMPLETED-CONSTRUCTION,15118.4,,100.0,,2022-10-11,2020-03-20,,2020-08-05,Yes,EAST COAST ASPHALT LLC,2026-06-04
2026-06-05,0012383,COMPLETED-CONSTRUCTION,34746.6,,100.0,,2022-10-11,2020-03-20,,2020-08-05,Yes,EAST COAST ASPHALT LLC,2026-06-04
2026-06-05,0012386,COMPLETED-CONSTRUCTION,79302.32,,100.0,,2022-10-11,2020-03-20,,2020-08-05,Yes,EAST COAST ASPHALT LLC,2026-06-04
2026-06-05,0012387,COMPLETED-CONSTRUCTION,45787.0,,,,2019-08-07,,,,Yes,EAST COAST ASPHALT LLC,2026-06-04
2026-06-05,0012390,COMPLETED-CONSTRUCTION,91000.0,,100.0,,2022-10-11,2020-03-20,,2020-08-05,Yes,EAST COAST ASPHALT LLC,2026-06-04
2026-06-05,0012392,COMPLETED-CONSTRUCTION,18889.4,,100.0,,2022-10-11,2020-03-20,,2020-08-05,Yes,EAST COAST ASPHALT LLC,2026-06-04
2026-06-05,0012398,COMPLETED-CONSTRUCTION,5600.0,,,,2022-07-19,,,,Yes,EAST COAST ASPHALT LLC,2026-06-04
2026-06-05,0012408,COMPLETED-CONSTRUCTION,86800.0,,,,2019-08-08,,,,Yes,EAST COAST ASPHALT LLC,2026-06-04
2026-06-05,0012410,COMPLETED-CONSTRUCTION,98000.0,,,,2022-07-19,,,,Yes,EAST COAST ASPHALT LLC,2026-06-04
2026-06-05,0012411,COMPLETED-CONSTRUCTION,159109.0,,,,2022-07-19,,,,Yes,EAST COAST ASPHALT LLC,2026-06-04
2026-06-05,0012412,COMPLETED-CONSTRUCTION,229824.0,,,,2022-07-19,,,,Yes,EAST COAST ASPHALT LLC,2026-06-04
2026-06-05,0012413,COMPLETED-CONSTRUCTION,5040.0,,,,2022-07-19,,,,Yes,EAST COAST ASPHALT LLC,2026-06-04
2026-06-05,0012414,COMPLETED-CONSTRUCTION,194466.0,,,,2022-07-19,,,,Yes,EAST COAST ASPHALT LLC,2026-06-04
2026-06-05,0012415,COMPLETED-CONSTRUCTION,22400.0,,,,2022-07-19,,,,Yes,EAST COAST ASPHALT LLC,2026-06-04
2026-06-05,0012416,COMPLETED-CONSTRUCTION,104918.0,,,,2022-07-19,,,,Yes,EAST COAST ASPHALT LLC,2026-06-04
2026-06-05,0012417,COMPLETED-CONSTRUCTION,42000.0,,,,2022-07-19,,,,Yes,EAST COAST ASPHALT LLC,2026-06-04
2026-06-05,0012419,UNDER-CONSTRUCTION,622980.0,,,,2021-04-20,,,,Yes,EAST COAST ASPHALT,2026-06-04
2026-06-05,0012420,UNDER-CONSTRUCTION,279900.0,,,,2022-09-12,,,,Yes,MID-STATE STRIPING INC,2026-06-04
2026-06-05,0012424,UNDER-CONSTRUCTION,212285.0,,,,2021-04-20,,,,Yes,EAST COAST ASPHALT,2026-06-04
2026-06-05,0012428,UNDER-CONSTRUCTION,626279.0,,,,2021-04-20,,,,Yes,EAST COAST ASPHALT,2026-06-04
2026-06-05,0012430,COMPLETED-CONSTRUCTION,224021.0,,,,2022-11-21,,,,Yes,MCLENDON ENTERPRISES INC,2026-06-04
2026-06-05,0012431,COMPLETED-CONSTRUCTION,224041.0,,,,2022-11-21,,,,Yes,MCLENDON ENTERPRISES INC,2026-06-04
2026-06-05,0012432,UNDER-CONSTRUCTION,2285733.51,,90.57,2023-07-31,2025-03-25,2022-08-05,,,Yes,MCLENDON ENTERPRISES INC,2026-06-04
2026-06-05,0012437,COMPLETED-CONSTRUCTION,283482.0,,,,2022-12-07,,,,Yes,SIKES BROTHERS INC,2026-06-04
2026-06-05,0012438,COMPLETED-CONSTRUCTION,287358.0,,,,2022-12-07,,,,Yes,SIKES BROTHERS INC,2026-06-04
2026-06-05,0012439,COMPLETED-CONSTRUCTION,81594.0,,,,2022-12-07,,,,Yes,SIKES BROTHERS INC,2026-06-04
2026-06-05,0012440,COMPLETED-CONSTRUCTION,65166.0,,,,2022-12-07,,,,Yes,SIKES BROTHERS INC,2026-06-04
2026-06-05,0012441,COMPLETED-CONSTRUCTION,83216.0,,,,2022-12-07,,,,Yes,SIKES BROTHERS INC,2026-06-04
2026-06-05,0012442,COMPLETED-CONSTRUCTION,149491.0,,,,2022-12-07,,,,Yes,SIKES BROTHERS INC,2026-06-04
2026-06-05,0012443,COMPLETED-CONSTRUCTION,149491.0,,,,2022-12-07,,,,Yes,SIKES BROTHERS INC,2026-06-04
2026-06-05,0012444,COMPLETED-CONSTRUCTION,157500.0,,,,2022-12-07,,,,Yes,GA CENTRAL RAILWAY LP,2026-06-04
2026-06-05,0012451,UNDER-CONSTRUCTION,224911.0,,,,,,,,Yes,THE SCRUGGS COMPANY,2026-06-04
2026-06-05,0012452,COMPLETED-CONSTRUCTION,56270.0,,99.71,,2021-05-19,2019-11-22,,2020-10-31,Yes,EVERETT DYKES GRASSING CO,2026-06-04
2026-06-05,0012453,COMPLETED-CONSTRUCTION,92717.0,,99.71,,2021-05-19,2019-11-22,,2020-10-31,Yes,EVERETT DYKES GRASSING CO,2026-06-04
2026-06-05,0012454,COMPLETED-CONSTRUCTION,45404.1,,99.71,,2021-05-19,2019-11-22,,2020-10-31,Yes,EVERETT DYKES GRASSING CO,2026-06-04
2026-06-05,0012455,COMPLETED-CONSTRUCTION,82453.0,,99.71,,2021-05-19,2019-11-22,,2020-10-31,Yes,EVERETT DYKES GRASSING CO,2026-06-04
2026-06-05,0012456,COMPLETED-CONSTRUCTION,119162.0,,99.71,,2021-05-19,2019-11-22,,2020-10-31,Yes,EVERETT DYKES GRASSING CO,2026-06-04
2026-06-05,0012462,COMPLETED-CONSTRUCTION,41466.42,,,,2021-11-02,,,,Yes,SIKES BROTHER INC,2026-06-04
2026-06-05,0012475,COMPLETED-CONSTRUCTION,116555.0,,,,2021-12-08,,,,Yes,SIKES BROTHER INC,2026-06-04
2026-06-05,0012476,COMPLETED-CONSTRUCTION,51268.0,,,,2021-12-08,,,,Yes,SIKES BROTHER INC,2026-06-04
2026-06-05,0012477,COMPLETED-CONSTRUCTION,51268.0,,,,2021-12-08,,,,Yes,SIKES BROTHER INC,2026-06-04
2026-06-05,0012478,COMPLETED-CONSTRUCTION,79351.0,,,,2021-12-08,,,,Yes,SIKES BROTHER INC,2026-06-04
2026-06-05,0012479,COMPLETED-CONSTRUCTION,15262.0,,,,2021-12-08,,,,Yes,EAST COAST ASPHALT,2026-06-04
2026-06-05,0012481,COMPLETED-CONSTRUCTION,34687.0,,,,2021-12-08,,,,Yes,EAST COST ASPHALT,2026-06-04
2026-06-05,0012482,COMPLETED-CONSTRUCTION,15262.0,,,,2021-12-08,,,,Yes,EAST COAST ASPHALT,2026-06-04
2026-06-05,0012483,COMPLETED-CONSTRUCTION,13216.12,,,,2021-12-08,,,,Yes,EAST COAST ASPHALT,2026-06-04
2026-06-05,0012484,COMPLETED-CONSTRUCTION,34687.0,,,,2021-12-08,,,,Yes,EAST COAST ASPHALT,2026-06-04
2026-06-05,0012485,COMPLETED-CONSTRUCTION,30407.78,,,,2021-12-08,,,,Yes,EAST COAST ASPHALT,2026-06-04
2026-06-05,0012487,COMPLETED-CONSTRUCTION,274427.86,,,,2019-07-09,,,,Yes,J HEIRS COMPANY,2026-06-04
2026-06-05,0012489,COMPLETED-CONSTRUCTION,2820936.21,,96.98,2019-09-30,2020-10-28,2018-11-30,,2020-01-18,Yes,J HIERS COMPANY INC,2026-06-04
2026-06-05,0012490,UNDER-CONSTRUCTION,32704.2,,,,2021-06-24,,,,Yes,LITTLEFIELD CONSTRUCTION,2026-06-04
2026-06-05,0012491,UNDER-CONSTRUCTION,10531.96,,,,2021-06-24,,,,Yes,LITTLEFIELD CONSTRUCTION,2026-06-04
2026-06-05,0012492,UNDER-CONSTRUCTION,24718.52,,,,2021-06-24,,,,Yes,LITTLEFIELD CONSTRUCTION,2026-06-04
2026-06-05,0012496,UNDER-CONSTRUCTION,528235.0,,,,2020-07-22,,,,Yes,SIKES BROTHERS INC,2026-06-04
2026-06-05,0012497,COMPLETED-CONSTRUCTION,60259.76,,,,2021-06-24,,,,Yes,J HIERS COMPANY INC,2026-06-04
2026-06-05,0012498,COMPLETED-CONSTRUCTION,115352.0,,,,2021-06-24,,,,Yes,J HIERS COMPANY INC,2026-06-04
2026-06-05,0012499,COMPLETED-CONSTRUCTION,413764.0,,,,2021-06-24,,,,Yes,J HIERS COMPANY INC,2026-06-04
2026-06-05,0012500,COMPLETED-CONSTRUCTION,828400.0,,,,2023-01-16,,,,Yes,LITTLEFIELD CST COMPANY,2026-06-04
2026-06-05,0012503,COMPLETED-CONSTRUCTION,611858.9,,96.1,2024-06-20,2024-12-02,2023-03-03,2024-09-10,2024-09-10,Yes,CURB&GUTTER PROFESSIONALS,2026-06-04
2026-06-05,0012504,COMPLETED-CONSTRUCTION,749063.79,,96.98,2019-09-30,2020-10-28,2018-11-30,,2020-01-18,Yes,J HIERS COMPANY INC,2026-06-04
2026-06-05,0012505,COMPLETED-CONSTRUCTION,1000000.0,,96.1,2024-06-20,2024-12-02,2023-03-03,2024-09-10,2024-09-10,Yes,CURB&GUTTER PROFESSIONALS,2026-06-04
2026-06-05,0012507,UNDER-CONSTRUCTION,135389.5,,,,2020-07-21,,,,Yes,J.W. OLIVER CONSTRUCTION,2026-06-04
2026-06-05,0012509,UNDER-CONSTRUCTION,13915.0,,,,2020-07-21,,,,Yes,J.W. OLIVER CONSTRUCTION,2026-06-04
2026-06-05,0012510,COMPLETED-CONSTRUCTION,925000.0,,96.1,2024-06-20,2024-12-02,2023-03-03,2024-09-10,2024-09-10,Yes,CURB&GUTTER PROFESSIONALS,2026-06-04
2026-06-05,0012511,UNDER-CONSTRUCTION,136000.0,,,,2020-07-21,,,,Yes,J.W. OLIVER CONSTRUCTION,2026-06-04
2026-06-05,0012512,UNDER-CONSTRUCTION,41128.0,,,,2020-07-21,,,,Yes,J.W. OLIVER CONSTRUCTION,2026-06-04
2026-06-05,0012513,UNDER-CONSTRUCTION,50584.0,,,,2020-07-21,,,,Yes,J.W. OLIVER CONSTRUCTION,2026-06-04
2026-06-05,0012515,COMPLETED-CONSTRUCTION,10647.05,,,,2021-06-24,,,,Yes,Georgia Asphalt Producers,2026-06-04
2026-06-05,0012516,COMPLETED-CONSTRUCTION,11573.97,,,,2021-06-24,,,,Yes,Georgia Asphalt Producers,2026-06-04
2026-06-05,0012517,COMPLETED-CONSTRUCTION,73062.18,,,,2021-06-24,,,,Yes,J HIERS COMPANY INC,2026-06-04
2026-06-05,0012520,UNDER-CONSTRUCTION,701028.0,,,,2020-11-19,,,,Yes,SOUTHERN CONCRETE CST INC,2026-06-04
2026-06-05,0012525,COMPLETED-CONSTRUCTION,28182.3,,99.53,2020-04-30,2020-10-27,2019-05-17,,2019-10-31,Yes,EAST COAST ASPHALT LLC,2026-06-04
2026-06-05,0012526,COMPLETED-CONSTRUCTION,54584.0,,99.53,2020-04-30,2020-10-27,2019-05-17,,2019-10-31,Yes,EAST COAST ASPHALT LLC,2026-06-04
2026-06-05,0012527,COMPLETED-CONSTRUCTION,61060.0,,99.53,2020-04-30,2020-10-27,2019-05-17,,2019-10-31,Yes,EAST COAST ASPHALT LLC,2026-06-04
2026-06-05,0012528,COMPLETED-CONSTRUCTION,23848.0,,99.53,2020-04-30,2020-10-27,2019-05-17,,2019-10-31,Yes,EAST COAST ASPHALT LLC,2026-06-04
2026-06-05,0012533,COMPLETED-CONSTRUCTION,27166.0,,99.53,2020-04-30,2020-10-27,2019-05-17,,2019-10-31,Yes,EAST COAST ASPHALT LLC,2026-06-04
2026-06-05,0012534,COMPLETED-CONSTRUCTION,56417.0,,99.53,2020-04-30,2020-10-27,2019-05-17,,2019-10-31,Yes,EAST COAST ASPHALT LLC,2026-06-04
2026-06-05,0012535,COMPLETED-CONSTRUCTION,14560.0,,99.53,2020-04-30,2020-10-27,2019-05-17,,2019-10-31,Yes,EAST COAST ASPHALT LLC,2026-06-04
2026-06-05,0012536,COMPLETED-CONSTRUCTION,165193.15,,,,2021-07-19,,,,Yes,EVERETT DYKES GRASSING,2026-06-04
2026-06-05,0012538,COMPLETED-CONSTRUCTION,147817.2,,,,2021-07-19,,,,Yes,EVERETT DYKES GRASSING,2026-06-04
2026-06-05,0012539,COMPLETED-CONSTRUCTION,390000.0,,,,2023-03-01,,,,Yes,EAST COAST ASPHALT LLC,2026-06-04
2026-06-05,0012540,COMPLETED-CONSTRUCTION,450000.0,,,,2023-05-12,,,,Yes,REEVES CONSTRUCTION CO,2026-06-04
2026-06-05,0012548,UNDER-CONSTRUCTION,68084.0,,,,,,,,Yes,GRIFFIN GRADING &CONCRETE,2026-06-04
2026-06-05,0012549,COMPLETED-CONSTRUCTION,48277.0,,,,2024-02-16,,,,Yes,GRIFFIN GRADING &CONCRETE,2026-06-04
2026-06-05,0012554,COMPLETED-CONSTRUCTION,52359.0,,,,2024-09-23,,,,Yes,GRIFFIN GRADING &CONCRTE,2026-06-04
2026-06-05,0012556,COMPLETED-CONSTRUCTION,58358.0,,,,2024-02-16,,,,Yes,GRIFFIN GRADING &CONCRETE,2026-06-04
2026-06-05,0012557,COMPLETED-CONSTRUCTION,16172.0,,,,2024-02-16,,,,Yes,GRIFFIN GRADING &CONCRETE,2026-06-04
2026-06-05,0012559,COMPLETED-CONSTRUCTION,11903.0,,,,2024-02-16,,,,Yes,GRIFFIN GRADING &CONCRETE,2026-06-04
2026-06-05,0012560,COMPLETED-CONSTRUCTION,80047.0,,,,2024-02-16,,,,Yes,GRIFFIN GRADING &CONCRETE,2026-06-04
2026-06-05,0012561,COMPLETED-CONSTRUCTION,20896.0,,,,2024-02-16,,,,Yes,GRIFFIN GRADING &CONCRETE,2026-06-04
2026-06-05,0012562,COMPLETED-CONSTRUCTION,19271.0,,,,2024-02-16,,,,Yes,GRIFFIN GRADING &CONCRETE,2026-06-04
2026-06-05,0012563,COMPLETED-CONSTRUCTION,19217.0,,,,2024-02-16,,,,Yes,GRIFFIN GRADING &CONCRETE,2026-06-04
2026-06-05,0012564,COMPLETED-CONSTRUCTION,18294.0,,,,2024-02-16,,,,Yes,GRIFFIN GRADING &CONCRETE,2026-06-04
2026-06-05,0012568,UNDER-CONSTRUCTION,39447.9,,,,2023-07-06,,,,Yes,"East Coast Asphalt, LLC",2026-06-04
2026-06-05,0012570,UNDER-CONSTRUCTION,18944.72,,,,2023-07-06,,,,Yes,"East Coast Asphalt, LLC",2026-06-04
2026-06-05,0012574,COMPLETED-CONSTRUCTION,6082774.88,,98.76,,2019-08-19,2017-01-20,,2019-08-19,Yes,REEVES CONSTRUCTION CO,2026-06-04
2026-06-05,0012575,COMPLETED-CONSTRUCTION,14714719.98,,91.54,,,2019-11-22,,2025-03-04,Yes,C AND H PAVING INC,2026-06-04
2026-06-05,0012576,COMPLETED-CONSTRUCTION,3284132.89,,90.01,,2024-11-04,2020-11-20,,2023-03-17,Yes,C AND H PAVING INC,2026-06-04
2026-06-05,0012577,UNDER-CONSTRUCTION,52730628.44,,85.60000000000001,,,2020-05-22,,,Yes,C W Matthews Contracting,2026-06-04
2026-06-05,0012579,COMPLETED-CONSTRUCTION,3490773.43,,,,2021-08-10,,,,Yes,ALEXANDER CONTRACTING CO,2026-06-04
2026-06-05,0012586,UNDER-CONSTRUCTION,8848387.86,,100.0,2025-11-28,,2023-07-25,,,No,JHC Corporation,2026-06-04
2026-06-05,0012596,UNDER-CONSTRUCTION,4394918.05,,23.9,2026-10-31,,2025-05-02,,,No,F S SCARBROUGH LLC,2026-06-04
2026-06-05,0012597,PRE-CONSTRUCTION,13376137.46,,,,,,,,No,,2026-06-04
2026-06-05,0012599,COMPLETED-CONSTRUCTION,3593346.07,,100.0,,2021-09-23,2019-01-03,,2021-08-01,No,BARTOW PAVING COMPANY INC,2026-06-04
2026-06-05,0012600,COMPLETED-CONSTRUCTION,767016.71,,91.19,,2020-02-13,2019-01-31,,2019-07-10,No,A1 CONTRACTING,2026-06-04
2026-06-05,0012601,COMPLETED-CONSTRUCTION,695340.49,,97.12,,2020-10-05,2020-02-05,,2020-07-12,No,OMSHIV CONSTRUCTION LLC,2026-06-04
2026-06-05,0012603,COMPLETED-CONSTRUCTION,8336672.0,,100.0,,,2019-07-16,2025-04-30,2025-04-30,No,C W Matthews Contracting,2026-06-04
2026-06-05,0012607,COMPLETED-CONSTRUCTION,2910461.26,,100.0,,2021-03-15,2018-08-29,,2019-11-27,No,BALDWIN PAVING CO INC,2026-06-04
2026-06-05,0012609,COMPLETED-CONSTRUCTION,659201.96,,91.48,,2021-11-29,2020-07-27,,2021-11-05,No,BROOKS BERRY HAYNIE&ASSOC,2026-06-04
2026-06-05,0012610,COMPLETED-CONSTRUCTION,3166341.18,,100.0,,2023-08-25,2019-10-21,,2020-05-02,No,Piedmont Paving Inc,2026-06-04
2026-06-05,0012617,COMPLETED-CONSTRUCTION,2146468.51,,100.0,,2022-05-09,2019-09-23,,2022-04-18,No,CMES INC,2026-06-04
2026-06-05,0012618,COMPLETED-CONSTRUCTION,1680203.7,,96.56,,2022-04-07,2018-11-16,,2020-08-10,No,CMES INC,2026-06-04
2026-06-05,0012621,COMPLETED-CONSTRUCTION,3209885.81,,100.0,,2022-08-30,2020-04-29,,2022-07-26,No,CW MATTHEWS CONTRACTING,2026-06-04
2026-06-05,0012622,COMPLETED-CONSTRUCTION,626175.3200000001,,100.0,,2021-03-15,2018-08-29,,2019-07-11,No,R J HAINE INC,2026-06-04
2026-06-05,0012624,COMPLETED-CONSTRUCTION,2497108.04,,99.11,,,2022-06-15,,2025-04-08,No,HELIX GROUP INC,2026-06-04
2026-06-05,0012634,COMPLETED-CONSTRUCTION,542103.64,,100.0,,2023-05-17,2021-01-13,,2023-05-05,No,GTG TRAFFIC SIGNALS LLC,2026-06-04
2026-06-05,0012636,COMPLETED-CONSTRUCTION,6103251.0,,100.0,,,2020-06-30,,2026-02-03,No,PRECISION 2000 INC,2026-06-04
2026-06-05,0012637,UNDER-CONSTRUCTION,6096225.62,,,2026-03-28,,2024-09-30,,,No,DAF CONCRETE,2026-06-04
2026-06-05,0012638,UNDER-CONSTRUCTION,7304464.79,,,2025-12-18,,2025-04-30,,,No,DAF CONCRETE INC,2026-06-04
2026-06-05,0012640,COMPLETED-CONSTRUCTION,4197378.37,,100.0,,2021-09-13,2019-03-26,,2021-03-15,No,ARCHIMETRIC DESIGN & CST,2026-06-04
2026-06-05,0012641,COMPLETED-CONSTRUCTION,1739520.07,,91.6,,2020-02-24,2019-02-05,,2020-02-03,No,CMES INC,2026-06-04
2026-06-05,0012642,COMPLETED-CONSTRUCTION,1565863.68,,97.1,,2021-03-04,2018-10-24,,2019-06-07,No,CMES INC,2026-06-04
2026-06-05,0012646,COMPLETED-CONSTRUCTION,3245114.53,,95.52,,2023-07-29,2018-11-20,,2020-01-16,No,PITTMAN CONSTRUCTION CO,2026-06-04
2026-06-05,0012647,UNDER-CONSTRUCTION,971751.13,,,,,,,,No,TRI SCAPES INC,2026-06-04
2026-06-05,0012653,UNDER-CONSTRUCTION,0.0,,,,,,,,No,MID STATE CST & STRIPING,2026-06-04
2026-06-05,0012659,COMPLETED-CONSTRUCTION,21442284.7,,94.08,2021-03-15,2022-06-30,2018-05-18,,2021-03-05,No,REEVES CONSTRUCTION CO,2026-06-04
2026-06-05,0012664,PRE-CONSTRUCTION,5849351.14,,,,,,,,No,,2026-06-04
2026-06-05,0012669,COMPLETED-CONSTRUCTION,2769893.68,,92.48,,,2017-01-20,,2021-02-11,No,AMERICAN LIGHTING&SIGNAL,2026-06-04
2026-06-05,0012670,COMPLETED-CONSTRUCTION,2231899.85,,98.31,,2020-02-05,2017-11-17,,2019-06-30,No,BROOKS-BERRY-HAYNIE&ASSOC,2026-06-04
2026-06-05,0012672,COMPLETED-CONSTRUCTION,1887815.08,,87.79,,2020-09-03,2017-01-20,,2020-06-08,No,AMERICAN LIGHTING&SIGNAL,2026-06-04
2026-06-05,0012673,COMPLETED-CONSTRUCTION,1736735.1,,89.03,,2021-02-08,2017-01-20,,2020-07-15,No,AMERICAN LIGHTING&SIGNAL,2026-06-04
2026-06-05,0012674,COMPLETED-CONSTRUCTION,4322070.9,,95.03,,2022-06-07,2019-08-16,,2021-10-25,No,CMES INC,2026-06-04
2026-06-05,0012676,COMPLETED-CONSTRUCTION,1781208.13,,93.04,,2019-12-13,2017-07-21,,2019-07-03,No,BROOKS-BERRY-HAYNIE & ASC,2026-06-04
2026-06-05,0012677,COMPLETED-CONSTRUCTION,3589238.79,,99.72,,2019-12-13,2017-07-21,,2019-08-22,No,BROOKS-BERRY-HAYNIE & ASC,2026-06-04
2026-06-05,0012698,COMPLETED-CONSTRUCTION,29973248.62,,93.34,,2023-12-11,2019-11-26,,2023-03-28,No,E R SNELL CONTRACTOR INC,2026-06-04
2026-06-05,0012700,UNDER-CONSTRUCTION,70090506.38,,99.02,,,2017-03-03,,,No,E R SNELL CONTRACTOR INC,2026-06-04
2026-06-05,0012701,UNDER-CONSTRUCTION,90566681.71,,91.95,,,2021-03-05,,,No,WEBBER/UNITED INFRA GROUP,2026-06-04
2026-06-05,0012757,UNDER-CONSTRUCTION,308625741.25,,,,,,,,No,SAVANNAH MOBILITY,2026-06-04
2026-06-05,0012759,PRE-CONSTRUCTION,132643302.65,,,,,,,,No,,2026-06-04
2026-06-05,0012788,UNDER-CONSTRUCTION,40109336.73,,,2027-07-10,,2025-12-19,,,No,Vertical Earth,2026-06-04
2026-06-05,0012789,COMPLETED-CONSTRUCTION,718611.0,,100.0,,,2019-10-15,,2024-11-21,No,E R SNELL CONTRACTOR INC,2026-06-04
2026-06-05,0012798,COMPLETED-CONSTRUCTION,3055745.47,,98.01,,2020-04-20,2017-04-21,,2019-06-28,No,R J HAYNIE & ASSOCIATES,2026-06-04
2026-06-05,0012800,PRE-CONSTRUCTION,120124606.32,,,,,,,,No,,2026-06-04
2026-06-05,0012801,PRE-CONSTRUCTION,101831362.37,,,,,,,,No,,2026-06-04
2026-06-05,0012808,UNDER-CONSTRUCTION,7093872.16,,97.55,2026-06-30,,2023-09-06,,,No,Excellere Construction,2026-06-04
2026-06-05,0012814,COMPLETED-CONSTRUCTION,2622401.19,,96.07,,2020-09-24,2018-06-22,,2020-02-28,No,R J HAYNIE & ASSOCIATES,2026-06-04
2026-06-05,0012815,COMPLETED-CONSTRUCTION,1476242.0,,100.0,,2020-08-25,2018-04-20,,2019-12-19,No,R J HAYNIE & ASSOCIATES,2026-06-04
2026-06-05,0012816,COMPLETED-CONSTRUCTION,1918009.45,,98.21,,2022-07-07,2020-07-17,,2022-02-25,No,BROOKS-BERRY-HAYNIE&ASSOC,2026-06-04
2026-06-05,0012817,UNDER-CONSTRUCTION,2363809.17,,87.12,,,2022-04-01,,,No,LUMIN8 TRANS TECHNOLOGIES,2026-06-04
2026-06-05,0012818,COMPLETED-CONSTRUCTION,2578694.33,,92.26,,2022-06-14,2018-11-30,,2020-10-05,No,CMES INC,2026-06-04
2026-06-05,0012819,COMPLETED-CONSTRUCTION,3067112.87,,99.99,,2021-09-20,2018-12-14,,2020-10-28,No,R J HAYNIE & ASSOCIATES,2026-06-04
2026-06-05,0012820,COMPLETED-CONSTRUCTION,1068937.82,,96.9,,2021-01-12,2018-11-02,,2020-07-31,No,CMES INC,2026-06-04
2026-06-05,0012821,COMPLETED-CONSTRUCTION,4459103.76,,96.78,2026-03-31,,2022-07-01,2026-04-15,,No,R J HAYNIE & ASSOCIATES,2026-06-04
2026-06-05,0012822,COMPLETED-CONSTRUCTION,1669526.61,,97.45,,2020-06-10,2018-06-22,,2019-09-30,No,WILLIAMS POWER & SIGNAL,2026-06-04
2026-06-05,0012823,COMPLETED-CONSTRUCTION,4032575.41,,98.85,2025-06-18,,2023-05-19,2025-10-28,,No,Reedwick LLC,2026-06-04
2026-06-05,0012824,COMPLETED-CONSTRUCTION,1083507.63,,95.51,,2020-05-15,2019-01-18,,2020-03-07,No,BROOKS-BERRY-HAYNIE&ASSOC,2026-06-04
2026-06-05,0012825,COMPLETED-CONSTRUCTION,4473818.99,,98.86,,2021-07-16,2019-04-19,,2020-10-31,No,BROOKS-BERRY-HAYNIE&ASSOC,2026-06-04
2026-06-05,0012826,COMPLETED-CONSTRUCTION,768548.79,,99.68,,2020-09-24,2018-06-22,,2020-04-03,No,WILLIAMS POWER & SIGNAL,2026-06-04
2026-06-05,0012827,UNDER-CONSTRUCTION,4357316.31,,84.65,2025-05-25,,2022-09-30,,,No,LUMIN8 TRANS TECHNOLOGIES,2026-06-04
2026-06-05,0012833,COMPLETED-CONSTRUCTION,7713807.63,,92.26,,,2020-04-17,,2022-09-13,No,KNIGHT & ASSOCIATES INC,2026-06-04
2026-06-05,0012843,COMPLETED-CONSTRUCTION,3559237.53,,93.5,,2020-10-16,2018-11-02,,2020-05-11,No,WILLIAMS POWER & SIGNAL,2026-06-04
2026-06-05,0012845,COMPLETED-CONSTRUCTION,18430549.26,,91.92,2019-09-11,2021-08-18,2015-07-02,,2020-04-12,No,LITTLEFIELD CST COMPANY,2026-06-04
2026-06-05,0012846,COMPLETED-CONSTRUCTION,2227542.09,,82.38,,2022-10-17,2017-11-17,,2020-12-08,No,AMERICAN LIGHTING&SIGNAL,2026-06-04
2026-06-05,0012847,COMPLETED-CONSTRUCTION,288507.16,,100.0,,2022-09-01,2020-06-23,,2022-06-21,No,GREENE CONCRETE & CST INC,2026-06-04
2026-06-05,0012865,PRE-CONSTRUCTION,73467179.7,,,,,,,,Yes,,2026-06-04
2026-06-05,0012866,UNDER-CONSTRUCTION,1697211.1,,100.0,2025-08-14,,2025-07-28,,,No,ER SNELL CONTRACTOR INC,2026-06-04
2026-06-05,0012867,UNDER-CONSTRUCTION,9081063.0,,,2026-06-02,,2026-03-02,,,No,E R SNELL,2026-06-04
2026-06-05,0012868,UNDER-CONSTRUCTION,5450679.25,,,2025-10-08,,2024-04-16,,,No,REEVES CONSTRUCTION CO,2026-06-04
2026-06-05,0012875,COMPLETED-CONSTRUCTION,8202014.0,,100.0,,,2021-11-05,2026-03-31,2026-03-31,No,SD&C INC,2026-06-04
2026-06-05,0012877,PRE-CONSTRUCTION,59996221.91,,,,,,,,No,,2026-06-04
2026-06-05,0012878,COMPLETED-CONSTRUCTION,6376250.0,,96.67,,2025-03-10,2022-04-25,,2024-06-13,No,Piedmont Paving Inc,2026-06-04
2026-06-05,0012879,COMPLETED-CONSTRUCTION,1601450.33,,96.72,,2024-11-21,2020-09-10,,2022-06-30,No,Piedmont Paving Inc,2026-06-04
2026-06-05,0012883,COMPLETED-CONSTRUCTION,14375000.0,,100.0,,,2022-05-04,,2024-12-19,No,ASTRA GROUP INC,2026-06-04
2026-06-05,0012884,UNDER-CONSTRUCTION,6085646.52,,,,,,,,No,BRTU CONSTRUCTION INC,2026-06-04
2026-06-05,0012885,COMPLETED-CONSTRUCTION,8816806.0,,100.0,2024-08-31,,2022-09-12,2025-09-19,,No,EXCELLERE CST LLC,2026-06-04
2026-06-05,0012886,UNDER-CONSTRUCTION,1900393.63,,,,,,,,No,E R SNELL CONTRACTOR INC,2026-06-04
2026-06-05,0012902,PRE-CONSTRUCTION,83689400.0,,,,,,,,No,,2026-06-04
2026-06-05,0012903,PRE-CONSTRUCTION,50150700.0,,,,,,,,No,,2026-06-04
2026-06-05,0012904,PRE-CONSTRUCTION,30364767.619999997,,,,,,,,No,,2026-06-04
2026-06-05,0013061,COMPLETED-CONSTRUCTION,5489045.15,,93.34,,2021-10-20,2019-09-20,,2021-03-15,No,OHMSHIV CONSTRUCTION LLC,2026-06-04
2026-06-05,0013062,COMPLETED-CONSTRUCTION,1179740.42,,100.0,,2020-02-24,2018-11-26,,2020-01-22,No,OHMSHIV CONSTRUCTION LLC,2026-06-04
2026-06-05,0013063,PRE-CONSTRUCTION,144381587.0,,,,,,,,No,,2026-06-04
2026-06-05,0013064,PRE-CONSTRUCTION,197339513.0,,,,,,,,No,,2026-06-04
2026-06-05,0013065,PRE-CONSTRUCTION,22906598.74,,,,,,,,No,,2026-06-04
2026-06-05,0013066,PRE-CONSTRUCTION,24739243.88,,,,,,,,No,,2026-06-04
2026-06-05,0013067,PRE-CONSTRUCTION,34482669.55,,,,,,,,No,,2026-06-04
2026-06-05,0013068,COMPLETED-CONSTRUCTION,4146788.2,,95.36,,2022-01-04,2020-03-20,,2021-10-19,No,TALLEY CST CO INC,2026-06-04
2026-06-05,0013086,PRE-CONSTRUCTION,90918737.0,,,,,,,,No,,2026-06-04
2026-06-05,0013095,UNDER-CONSTRUCTION,9276513.83,,30.62,2027-06-30,,2025-10-03,,,No,WILSON CST MANAGEMENT LLC,2026-06-04
2026-06-05,0013104,COMPLETED-CONSTRUCTION,44798275.34,,88.79,2026-05-31,,2023-08-04,2026-05-31,,No,CMES INC,2026-06-04
2026-06-05,0013110,COMPLETED-CONSTRUCTION,1105849.06,,88.16,,2022-05-04,2018-05-18,,2021-02-23,No,WORLD FIBER TECHNOLOGIES,2026-06-04
2026-06-05,0013111,COMPLETED-CONSTRUCTION,2295390.05,,97.86,,2020-10-06,2018-08-17,,2020-05-27,No,NORTH CHEROKEE ELECTRICAL,2026-06-04
2026-06-05,0013119,COMPLETED-CONSTRUCTION,1503739.85,,92.7,,2023-02-01,2021-10-01,,2022-10-21,No,BALDWIN PAVING CO INC,2026-06-04
2026-06-05,0013120,UNDER-CONSTRUCTION,6604614.83,,65.99,2026-11-30,,2025-01-31,,,No,J A LONG INC,2026-06-04
2026-06-05,0013138,COMPLETED-CONSTRUCTION,1518337.66,,98.32,,2024-03-18,2020-09-10,,2024-02-14,No,CMES INC,2026-06-04
2026-06-05,0013141,COMPLETED-CONSTRUCTION,1616999.59,,100.0,,2021-09-01,2018-08-29,,2020-10-06,No,R J HAYNIE INC,2026-06-04
2026-06-05,0013142,COMPLETED-CONSTRUCTION,15017648.18,,98.61,,2021-08-06,2018-04-20,,2020-08-18,No,CMES INC,2026-06-04
2026-06-05,0013143,COMPLETED-CONSTRUCTION,1820388.84,,90.65,,2022-03-21,2018-10-02,,2021-12-21,No,AMERICAN LIGHTING &SIGNAL,2026-06-04
2026-06-05,0013147,COMPLETED-CONSTRUCTION,2809424.31,,100.0,,2022-06-14,2020-04-13,,2021-07-07,No,BROOKS-BERRY-HAYNIE&ASSOC,2026-06-04
2026-06-05,0013148,COMPLETED-CONSTRUCTION,1238941.55,,100.0,,2022-06-14,2020-04-13,,2021-07-07,No,BROOKS-BERRY-HAYNIE&ASSOC,2026-06-04
2026-06-05,0013156,PRE-CONSTRUCTION,40991400.0,,,,,,,,No,,2026-06-04
2026-06-05,0013157,PRE-CONSTRUCTION,31732000.0,,,,,,,,No,,2026-06-04
2026-06-05,0013158,PRE-CONSTRUCTION,70356700.0,,,,,,,,No,,2026-06-04
2026-06-05,0013159,PRE-CONSTRUCTION,42181862.21,,,,,,,,No,,2026-06-04
2026-06-05,0013160,PRE-CONSTRUCTION,33439610.0,,,,,,,,No,,2026-06-04
2026-06-05,0013161,PRE-CONSTRUCTION,47590851.77,,,,,,,,Yes,,2026-06-04
2026-06-05,0013162,PRE-CONSTRUCTION,41630300.0,,,,,,,,No,,2026-06-04
2026-06-05,0013163,COMPLETED-CONSTRUCTION,15575526.84,,100.0,,,2021-08-27,2025-12-05,2025-12-05,No,E R SNELL CONTRACTOR INC,2026-06-04
2026-06-05,0013171,PRE-CONSTRUCTION,8047513.0,,,,,,,,No,,2026-06-04
2026-06-05,0013172,PRE-CONSTRUCTION,2595022.33,,,,,,,,No,,2026-06-04
2026-06-05,0013173,PRE-CONSTRUCTION,4593636.67,,,,,,,,No,,2026-06-04
2026-06-05,0013174,COMPLETED-CONSTRUCTION,2633639.24,,87.31,,2021-02-08,2019-05-17,,2020-11-30,No,OHMSHIV CONSTRUCTION LLC,2026-06-04
2026-06-05,0013175,COMPLETED-CONSTRUCTION,2334790.45,,93.83,,2021-01-05,2019-01-18,,2020-10-13,No,BALDWIN PAVING CO INC,2026-06-04
2026-06-05,0013194,COMPLETED-CONSTRUCTION,4565480.01,,98.75,,,2019-01-18,,2022-08-08,No,VERTICAL EARTH INC,2026-06-04
2026-06-05,0013195,UNDER-CONSTRUCTION,16209360.34,,,2027-07-18,,2025-12-15,,,No,FS SCARBROUGH LLC,2026-06-04
2026-06-05,0013196,COMPLETED-CONSTRUCTION,2164780.11,,99.53,,,2022-05-06,,2024-03-25,No,Reedwick LLC,2026-06-04
2026-06-05,0013197,COMPLETED-CONSTRUCTION,3634807.53,,94.55,2025-05-05,,2023-08-04,2025-05-05,,No,CURB&GUTTER PROFESSIONALS,2026-06-04
2026-06-05,0013198,COMPLETED-CONSTRUCTION,2150115.68,,95.93,,2020-10-16,2018-07-20,,2020-04-01,No,BROOKS-BERRY-HAYNIE&ASSOC,2026-06-04
2026-06-05,0013204,UNDER-CONSTRUCTION,3281741.09,,62.04,2025-11-30,,2024-03-01,,,No,BROOKS-BERRY-HAYNIE&ASSOC,2026-06-04
2026-06-05,0013207,UNDER-CONSTRUCTION,2646976.85,,71.81,2025-07-31,,2024-03-01,,,No,Reedwick LLC,2026-06-04
2026-06-05,0013208,COMPLETED-CONSTRUCTION,,,93.92,2024-04-30,,2022-08-05,2024-10-16,,No,R J HAYNIE & ASSOCIATES,2026-06-04
2026-06-05,0013209,COMPLETED-CONSTRUCTION,,,99.29,,2021-11-08,2019-06-21,,2021-01-05,No,WILBURN ENGINEERING LLC,2026-06-04
2026-06-05,0013211,UNDER-CONSTRUCTION,,,90.42,2024-04-30,,2022-08-05,,,No,Reedwick LLC,2026-06-04
2026-06-05,0013212,UNDER-CONSTRUCTION,,,96.57,2026-07-28,,2023-06-02,,,No,R J HAYNIE & ASSOCIATES,2026-06-04
2026-06-05,0013213,COMPLETED-CONSTRUCTION,,,94.72,2025-09-18,,2022-12-02,2025-09-18,,No,GTG TRAFFIC SIGNALS LLC,2026-06-04
2026-06-05,0013214,COMPLETED-CONSTRUCTION,,,99.66,,2021-05-20,2019-01-18,,2020-11-30,No,BROOKS-BERRY-HAYNIE&ASSOC,2026-06-04
2026-06-05,0013228,PRE-CONSTRUCTION,,,,,,,,,No,,2026-06-04
2026-06-05,0013229,COMPLETED-CONSTRUCTION,,,98.76,,2022-10-17,2020-07-17,,2021-12-31,No,BROOKS-BERRY-HAYNIE&ASSOC,2026-06-04
2026-06-05,0013230,COMPLETED-CONSTRUCTION,,,99.91,,,2022-05-06,,2024-10-18,No,GTG TRAFFIC SIGNALS LLC,2026-06-04
2026-06-05,0013231,COMPLETED-CONSTRUCTION,,,99.91,,,2021-02-19,,2022-08-31,No,R J HAYNIE & ASSOCIATES,2026-06-04
2026-06-05,0013239,UNDER-CONSTRUCTION,39989765.0,,89.33,2025-05-22,,2022-09-28,,,No,C W Matthews Contracting,2026-06-04
2026-06-05,0013244,PRE-CONSTRUCTION,13206200.0,,,,,,,,No,,2026-06-04
2026-06-05,0013248,COMPLETED-CONSTRUCTION,19490055.5,,89.71000000000001,2020-04-30,2022-07-12,2018-03-16,,2021-10-31,No,E R SNELL CONTRACTOR INC,2026-06-04
2026-06-05,0013257,PRE-CONSTRUCTION,,,,,,,,,No,,2026-06-04
2026-06-05,0013258,COMPLETED-CONSTRUCTION,2825687.44,,94.05,2024-10-17,,2023-08-04,2025-02-03,,No,R J HAYNIE & ASSOCIATES,2026-06-04
2026-06-05,0013259,COMPLETED-CONSTRUCTION,2245881.13,,93.85,2024-09-29,,2023-06-30,2025-03-05,2025-03-05,No,LUMIN8 TRANS TECHNOLOGIES,2026-06-04
2026-06-05,0013260,PRE-CONSTRUCTION,1330000.0,,,,,,,,No,,2026-06-04
2026-06-05,0013282,COMPLETED-CONSTRUCTION,14114692.11,,96.53,2019-08-14,2022-01-05,2019-02-22,,2021-04-30,No,TIC-THE INDUSTRIAL CO,2026-06-04
2026-06-05,0013294,COMPLETED-CONSTRUCTION,7206307.569999999,,94.09,,2023-12-22,2020-07-31,,2023-02-14,No,CMES INC,2026-06-04
2026-06-05,0013295,COMPLETED-CONSTRUCTION,1234474.72,,94.63,,2021-04-29,2019-01-18,,2020-05-14,No,JHC Corporation,2026-06-04
2026-06-05,0013296,COMPLETED-CONSTRUCTION,10067689.06,,98.69,,,2021-07-16,,2024-08-09,No,C W Matthews Contracting,2026-06-04
2026-06-05,0013297,COMPLETED-CONSTRUCTION,5038056.5,,100.01,2026-05-16,,2024-08-02,2026-05-16,,No,NORTHWEST GA PAVING INC,2026-06-04
2026-06-05,0013298,COMPLETED-CONSTRUCTION,740489.84,,92.17,,2020-09-03,2018-11-02,,2020-03-31,No,CMES INC,2026-06-04
2026-06-05,0013301,PRE-CONSTRUCTION,29154132.29,,,,,,,,No,,2026-06-04
2026-06-05,0013303,PRE-CONSTRUCTION,49779100.0,,,,,,,,No,,2026-06-04
2026-06-05,0013304,PRE-CONSTRUCTION,54793555.0,,,,,,,,No,,2026-06-04
2026-06-05,0013305,PRE-CONSTRUCTION,145362760.0,,,,,,,,No,,2026-06-04
2026-06-05,0013306,PRE-CONSTRUCTION,44359150.0,,,,,,,,No,,2026-06-04
2026-06-05,0013307,PRE-CONSTRUCTION,49127461.0,,,,,,,,No,,2026-06-04
2026-06-05,0013308,PRE-CONSTRUCTION,50170407.0,,,,,,,,No,,2026-06-04
2026-06-05,0013309,PRE-CONSTRUCTION,62613000.0,,,,,,,,No,,2026-06-04
2026-06-05,0013310,PRE-CONSTRUCTION,63472000.76,,,,,,,,No,,2026-06-04
2026-06-05,0013311,PRE-CONSTRUCTION,157258778.67000002,,,,,,,,No,,2026-06-04
2026-06-05,0013312,PRE-CONSTRUCTION,11077000.0,,,,,,,,No,,2026-06-04
2026-06-05,0013313,PRE-CONSTRUCTION,26372291.0,,,,,,,,No,,2026-06-04
2026-06-05,0013315,PRE-CONSTRUCTION,43494700.0,,,,,,,,No,,2026-06-04
2026-06-05,0013316,PRE-CONSTRUCTION,8120000.0,,,,,,,,No,,2026-06-04
2026-06-05,0013317,PRE-CONSTRUCTION,19800000.0,,,,,,,,No,,2026-06-04
2026-06-05,0013319,COMPLETED-CONSTRUCTION,1217197.0,,96.93,,2022-02-15,2020-06-08,,2021-11-12,No,EAST COAST ASPHALT LLC,2026-06-04
2026-06-05,0013322,COMPLETED-CONSTRUCTION,3804917.97,,97.33,,2021-10-25,2019-07-19,,2021-08-31,No,CMES INC,2026-06-04
2026-06-05,0013323,COMPLETED-CONSTRUCTION,1528245.52,,91.72,,2021-12-14,2018-08-29,,2021-10-27,No,AMERICAN LIGHTING &SIGNAL,2026-06-04
2026-06-05,0013324,COMPLETED-CONSTRUCTION,657415.29,,98.22,,2021-01-12,2018-10-02,,2020-12-21,No,AMERICAN LIGHTING &SIGNAL,2026-06-04
2026-06-05,0013325,COMPLETED-CONSTRUCTION,1764160.71,,100.0,,2021-01-12,2018-10-02,,2020-12-21,No,BROOKS-BERRY-HAYNIE ASSOC,2026-06-04
2026-06-05,0013332,COMPLETED-CONSTRUCTION,4628036.26,,92.42,,,2020-12-31,,2023-05-17,No,REEVES CONSTRUCTION CO,2026-06-04
2026-06-05,0013333,COMPLETED-CONSTRUCTION,7049073.88,,96.97,2025-06-14,,2023-07-11,2025-10-30,,No,BRTU CONSTRUCTION INC,2026-06-04
2026-06-05,0013335,COMPLETED-CONSTRUCTION,2447626.83,,92.18,,2022-12-12,2020-12-18,,2022-01-31,No,E R SNELL CONTRACTOR INC,2026-06-04
2026-06-05,0013337,COMPLETED-CONSTRUCTION,816063.99,,77.10000000000001,,2020-11-17,2018-03-16,,2019-09-16,No,BALDWIN PAVING CO INC,2026-06-04
2026-06-05,0013339,COMPLETED-CONSTRUCTION,2359837.9299999997,,98.07,,2020-08-25,2018-04-20,,2019-08-01,No,VERTICAL EARTH INC,2026-06-04
2026-06-05,0013363,COMPLETED-CONSTRUCTION,5771347.909999999,,99.95,2021-12-17,2023-05-18,2020-07-17,,2022-02-25,No,WRIGHT BROTHERS CST CO,2026-06-04
2026-06-05,0013365,PRE-CONSTRUCTION,2744695.0,,,,,,,,No,,2026-06-04
2026-06-05,0013368,COMPLETED-CONSTRUCTION,6267653.13,,100.0,,,2020-10-22,,2023-05-08,No,SUMMIT CST & DEVELOPMENT,2026-06-04
2026-06-05,0013369,UNDER-CONSTRUCTION,33922869.379999995,,97.04,,,2020-12-01,,,No,VERTICAL EARTH INC,2026-06-04
2026-06-05,0013370,PRE-CONSTRUCTION,4719617.0,,,,,,,,No,,2026-06-04
2026-06-05,0013372,PRE-CONSTRUCTION,79485856.51,,,,,,,,No,,2026-06-04
2026-06-05,0013373,UNDER-CONSTRUCTION,21563337.94,,91.53,2026-02-03,,2022-07-01,,,No,C W Matthews Contracting,2026-06-04
2026-06-05,0013375,UNDER-CONSTRUCTION,9934051.44,,73.81,2025-09-05,,2023-08-07,,,No,SUMMIT CST & DEVELOPMENT,2026-06-04
2026-06-05,0013379,UNDER-CONSTRUCTION,13188880.38,,54.88,2026-05-31,,2024-07-05,,,No,PEACH STATE CST CO LLC,2026-06-04
2026-06-05,0013389,PRE-CONSTRUCTION,70714691.82000001,,,,,,,,No,,2026-06-04
2026-06-05,0013390,UNDER-CONSTRUCTION,11756698.2,,57.46,2026-12-30,,2025-05-02,,,No,APAC-ATLANTIC INC,2026-06-04
2026-06-05,0013423,PRE-CONSTRUCTION,55717800.0,,,,,,,,No,,2026-06-04
2026-06-05,0013525,UNDER-CONSTRUCTION,33262162.86,,22.8,2027-09-30,,2025-05-02,,,No,E R SNELL CONTRACTOR INC,2026-06-04
2026-06-05,0013526,UNDER-CONSTRUCTION,69006031.7,,21.23,2028-10-31,,2025-02-20,,,No,ASTRA GROUP LLC,2026-06-04
2026-06-05,0013530,PRE-CONSTRUCTION,74598122.0,,,,,,,,Yes,,2026-06-04
2026-06-05,0013531,UNDER-CONSTRUCTION,50397149.03,,57.76,2027-05-15,,2022-12-14,,,No,PITTMAN CONSTRUCTION CO,2026-06-04
2026-06-05,0013532,COMPLETED-CONSTRUCTION,5608982.51,,99.89,,2020-07-20,2018-02-27,,2020-02-21,No,WRIGHT BROTHERS CST CO,2026-06-04
2026-06-05,0013539,UNDER-CONSTRUCTION,61369474.28,,,2029-05-31,,2026-01-09,,,No,UNITED INFRASTRUCTURE GRP,2026-06-04
2026-06-05,0013545,COMPLETED-CONSTRUCTION,112366494.94,,100.0,2023-06-07,2023-06-02,2020-05-28,,2023-07-18,No,CW MATTHEWS CONTRACTING,2026-06-04
2026-06-05,0013546,UNDER-CONSTRUCTION,628716442.15,,,,2024-05-08,,,,No,NORTH PERIMETER CONTRACTO,2026-06-04
2026-06-05,0013553,PRE-CONSTRUCTION,22430000.0,,,,,,,,No,,2026-06-04
2026-06-05,0013554,PRE-CONSTRUCTION,43160000.0,,,,,,,,No,,2026-06-04
2026-06-05,0013555,PRE-CONSTRUCTION,86464000.0,,,,,,,,No,,2026-06-04
2026-06-05,0013556,PRE-CONSTRUCTION,11428424.9,,,,,,,,No,,2026-06-04
2026-06-05,0013557,PRE-CONSTRUCTION,6378000.0,,,,,,,,No,,2026-06-04
2026-06-05,0013558,PRE-CONSTRUCTION,11533000.0,,,,,,,,No,,2026-06-04
2026-06-05,0013559,PRE-CONSTRUCTION,7550106.57,,,,,,,,No,,2026-06-04
2026-06-05,0013560,PRE-CONSTRUCTION,13782000.0,,,,,,,,No,,2026-06-04
2026-06-05,0013561,PRE-CONSTRUCTION,11100000.0,,,,,,,,No,,2026-06-04
2026-06-05,0013562,PRE-CONSTRUCTION,68479660.0,,,,,,,,No,,2026-06-04
2026-06-05,0013563,PRE-CONSTRUCTION,29487337.36,,,,,,,,No,,2026-06-04
2026-06-05,0013564,PRE-CONSTRUCTION,1172000.0,,,,,,,,No,,2026-06-04
2026-06-05,0013565,PRE-CONSTRUCTION,1356000.0,,,,,,,,No,,2026-06-04
2026-06-05,0013566,PRE-CONSTRUCTION,12691000.0,,,,,,,,No,,2026-06-04
2026-06-05,0013567,PRE-CONSTRUCTION,6902432.0,,,,,,,,No,,2026-06-04
2026-06-05,0013568,PRE-CONSTRUCTION,67815000.0,,,,,,,,No,,2026-06-04
2026-06-05,0013569,PRE-CONSTRUCTION,39109000.0,,,,,,,,No,,2026-06-04
2026-06-05,0013571,PRE-CONSTRUCTION,17475412.36,,,,,,,,No,,2026-06-04
2026-06-05,0013572,PRE-CONSTRUCTION,69907552.78,,,,,,,,No,,2026-06-04
2026-06-05,0013574,PRE-CONSTRUCTION,36256000.0,,,,,,,,No,,2026-06-04
2026-06-05,0013577,PRE-CONSTRUCTION,111336000.0,,,,,,,,No,,2026-06-04
2026-06-05,0013578,PRE-CONSTRUCTION,71830885.6,,,,,,,,Yes,,2026-06-04
2026-06-05,0013579,PRE-CONSTRUCTION,27534594.97,,,,,,,,Yes,,2026-06-04
2026-06-05,0013580,PRE-CONSTRUCTION,85740000.0,,,,,,,,Yes,,2026-06-04
2026-06-05,0013582,PRE-CONSTRUCTION,17964000.0,,,,,,,,No,,2026-06-04
2026-06-05,0013584,PRE-CONSTRUCTION,21569000.0,,,,,,,,No,,2026-06-04
2026-06-05,0013585,PRE-CONSTRUCTION,50920000.0,,,,,,,,No,,2026-06-04
2026-06-05,0013586,PRE-CONSTRUCTION,11750262.0,,,,,,,,No,,2026-06-04
2026-06-05,0013587,PRE-CONSTRUCTION,4816000.0,,,,,,,,No,,2026-06-04
2026-06-05,0013588,PRE-CONSTRUCTION,,,,,,,,,No,,2026-06-04
2026-06-05,0013589,PRE-CONSTRUCTION,,,,,,,,,No,,2026-06-04
2026-06-05,0013590,PRE-CONSTRUCTION,33666130.38,,,,,,,,No,,2026-06-04
2026-06-05,0013591,PRE-CONSTRUCTION,114566516.0,,,,,,,,No,,2026-06-04
2026-06-05,0013594,PRE-CONSTRUCTION,45135281.349999994,,,,,,,,No,,2026-06-04
2026-06-05,0013595,COMPLETED-CONSTRUCTION,6049902.7,,98.81,2023-10-31,,2022-07-01,2023-10-31,,No,CLEARWATER CST INC,2026-06-04
2026-06-05,0013596,COMPLETED-CONSTRUCTION,5957706.04,,99.58,2024-09-02,,2022-09-30,2024-09-02,,No,GREGORY BRIDGE COMPANY,2026-06-04
2026-06-05,0013597,COMPLETED-CONSTRUCTION,3227983.32,,94.28,,2021-07-26,2020-01-17,,2021-05-25,No,DOYLE HANCOCK & SONS CST,2026-06-04
2026-06-05,0013598,COMPLETED-CONSTRUCTION,6891085.81,,100.0,,2023-09-22,2021-07-16,,2023-06-30,No,TALLEY CST CO INC,2026-06-04
2026-06-05,0013600,COMPLETED-CONSTRUCTION,3477608.4299999997,,97.43,2024-11-28,,2023-06-02,2024-11-05,2025-07-31,No,MCCOY GRADING INC,2026-06-04
2026-06-05,0013601,UNDER-CONSTRUCTION,7271354.64,,95.14,,,2021-07-02,,,No,C W Matthews Contracting,2026-06-04
2026-06-05,0013602,COMPLETED-CONSTRUCTION,4379406.68,,97.29,,,2021-04-16,,2023-03-08,No,GEORGIA BRIDGE & CONCRETE,2026-06-04
2026-06-05,0013603,COMPLETED-CONSTRUCTION,21271438.73,,97.87,2026-02-23,,2023-03-31,2026-04-03,,No,E R SNELL CONTRACTOR INC,2026-06-04
2026-06-05,0013604,COMPLETED-CONSTRUCTION,3514185.8899999997,,95.09,,2022-11-16,2020-07-17,,2021-10-19,No,UNITED INFRASTRUCTURE GRP,2026-06-04
2026-06-05,0013605,UNDER-CONSTRUCTION,37771579.06,,73.96000000000001,2027-08-31,,2024-03-01,,,Yes,SCOTT BRIDGE COMPANY INC,2026-06-04
2026-06-05,0013606,COMPLETED-CONSTRUCTION,0.0,,97.75,2023-01-07,,2021-06-18,,2023-02-23,No,GREGORY BRIDGE COMPANY,2026-06-04
2026-06-05,0013607,COMPLETED-CONSTRUCTION,3460345.1799999997,,99.27,,2024-12-02,2020-11-20,,2022-05-20,No,GREGORY BRIDGE COMPANY,2026-06-04
2026-06-05,0013608,COMPLETED-CONSTRUCTION,2446147.56,,99.27,,2024-12-02,2020-11-20,,2022-05-20,No,GREGORY BRIDGE COMPANY,2026-06-04
2026-06-05,0013609,COMPLETED-CONSTRUCTION,4722192.52,,95.21,2021-07-03,2022-04-04,2020-05-22,,2022-03-04,No,GA BRIDGE & CONCRETE LLC,2026-06-04
2026-06-05,0013610,UNDER-CONSTRUCTION,10169886.29,,96.31,2026-06-07,,2023-10-06,,,No,UNDERGROUND EXCAVATING,2026-06-04
2026-06-05,0013611,COMPLETED-CONSTRUCTION,6305941.41,,98.17,2023-02-18,2023-08-29,2022-02-04,,2023-03-24,No,SOUTHERN CONCRETE CST CO,2026-06-04
2026-06-05,0013613,PRE-CONSTRUCTION,59205335.46,,,,,,,,No,,2026-06-04
2026-06-05,0013614,COMPLETED-CONSTRUCTION,58228400.36,,94.37,,,2020-12-18,,2024-03-11,No,E R SNELL CONTRACTOR INC,2026-06-04
2026-06-05,0013615,UNDER-CONSTRUCTION,78321525.89,,89.96000000000001,,,2021-12-31,,,No,E R SNELL CONTRACTOR INC,2026-06-04
2026-06-05,0013616,PRE-CONSTRUCTION,78479461.92,,,,,,,,No,,2026-06-04
2026-06-05,0013617,PRE-CONSTRUCTION,102279607.35,,,,,,,,No,,2026-06-04
2026-06-05,0013618,COMPLETED-CONSTRUCTION,21967539.48,,97.39,,,2021-05-21,2025-07-17,,No,E R SNELL CONTRACTOR INC,2026-06-04
2026-06-05,0013619,PRE-CONSTRUCTION,32429622.55,,,,,,,,No,,2026-06-04
2026-06-05,0013620,COMPLETED-CONSTRUCTION,1627332.36,,96.45,2024-02-25,2024-06-26,2022-07-01,2024-02-25,,No,WILLIAMS POWER & SIGNAL,2026-06-04
2026-06-05,0013626,PRE-CONSTRUCTION,71997000.0,,,,,,,,No,,2026-06-04
2026-06-05,0013627,COMPLETED-CONSTRUCTION,7590933.67,,95.31,,2023-11-01,2019-09-20,,2023-04-24,No,E R SNELL CONTRACTOR INC,2026-06-04
2026-06-05,0013628,UNDER-CONSTRUCTION,53712504.8,,25.77,2028-11-08,,2024-08-02,,,No,C W Matthews Contracting,2026-06-04
2026-06-05,0013632,COMPLETED-CONSTRUCTION,169071.44,,76.66,,2021-01-15,2019-10-18,,2020-10-15,No,LU INC,2026-06-04
2026-06-05,0013638,COMPLETED-CONSTRUCTION,83861.81,,82.2,,2020-12-07,2019-10-18,,2020-10-31,No,LU INC,2026-06-04
2026-06-05,0013643,COMPLETED-CONSTRUCTION,7554081.45,,91.88,,2019-09-10,2018-01-19,,2019-08-29,No,RMD HOLDINGS LTD,2026-06-04
2026-06-05,0013647,COMPLETED-CONSTRUCTION,161355.47,,87.06,,2021-01-05,2019-10-18,,2020-08-21,No,LU INC,2026-06-04
2026-06-05,0013650,COMPLETED-CONSTRUCTION,4351152.350000001,,91.67,,2019-10-10,2017-12-15,,2019-06-30,No,MASSANA INC,2026-06-04
2026-06-05,0013654,COMPLETED-CONSTRUCTION,320680.52,,73.59,,2021-01-11,2019-10-18,,2020-10-28,No,LU INC,2026-06-04
2026-06-05,0013677,PRE-CONSTRUCTION,34577219.0,,,,,,,,No,,2026-06-04
2026-06-05,0013678,PRE-CONSTRUCTION,59119292.61,,,,,,,,No,,2026-06-04
2026-06-05,0013682,COMPLETED-CONSTRUCTION,5349810.46,,91.07,2022-04-30,2022-09-09,2019-09-20,,2022-05-19,No,VERTICAL EARTH INC,2026-06-04
2026-06-05,0013684,COMPLETED-CONSTRUCTION,1010522.89,,95.14,,2022-05-20,2021-01-22,,2021-10-31,No,BARTOW PAVING CO INC,2026-06-04
2026-06-05,0013685,COMPLETED-CONSTRUCTION,6490016.25,,91.51,2026-02-17,,2023-06-02,2026-02-17,,No,GRIFFIN GRADING &CONCRETE,2026-06-04
2026-06-05,0013686,COMPLETED-CONSTRUCTION,4684647.4,,96.43,,,2021-04-05,,2024-03-05,No,CMES INC,2026-06-04
2026-06-05,0013687,COMPLETED-CONSTRUCTION,2757505.69,,92.32,,2021-02-08,2019-06-21,,2020-09-15,No,REEVES CONSTRUCTION CO,2026-06-04
2026-06-05,0013689,COMPLETED-CONSTRUCTION,2155244.36,,98.12,,2024-04-18,2021-12-31,,2023-09-11,No,Reedwick LLC,2026-06-04
2026-06-05,0013690,PRE-CONSTRUCTION,2944931.7,,,,,,,,No,,2026-06-04
2026-06-05,0013691,PRE-CONSTRUCTION,4025498.19,,,,,,,,No,,2026-06-04
2026-06-05,0013692,UNDER-CONSTRUCTION,4575253.71,,80.49,2026-08-31,,2024-08-30,,,No,WILLIAMS POWER & SIGNAL,2026-06-04
2026-06-05,0013693,COMPLETED-CONSTRUCTION,4477093.46,,87.02,2026-01-30,,2024-08-02,2026-02-28,,No,Reedwick LLC,2026-06-04
2026-06-05,0013694,UNDER-CONSTRUCTION,3048723.65,,98.62,2026-03-06,,2024-08-02,,,No,Reedwick LLC,2026-06-04
2026-06-05,0013696,PRE-CONSTRUCTION,7141178.8100000005,,,,,,,,No,,2026-06-04
2026-06-05,0013697,UNDER-CONSTRUCTION,6367864.46,,95.1,,,2022-06-03,,,No,C W Matthews Contracting,2026-06-04
2026-06-05,0013700,PRE-CONSTRUCTION,53667013.57,,,,,,,,No,,2026-06-04
2026-06-05,0013702,PRE-CONSTRUCTION,96277959.22,,,,,,,,No,,2026-06-04
2026-06-05,0013703,PRE-CONSTRUCTION,57932534.42,,,,,,,,Yes,,2026-06-04
2026-06-05,0013704,UNDER-CONSTRUCTION,47708460.71,,,,,,,,Yes,REEVES CONSTRUCTION CO,2026-06-04
2026-06-05,0013705,COMPLETED-CONSTRUCTION,1323385.0,,93.31,,2020-12-07,2019-07-15,,2020-08-10,No,JHC CORPORATION INC,2026-06-04
2026-06-05,0013707,UNDER-CONSTRUCTION,939709.77,,40.28,2025-07-24,,2025-03-27,,,No,JHC Corporation,2026-06-04
2026-06-05,0013708,PRE-CONSTRUCTION,899901.0,,,,,,,,No,,2026-06-04
2026-06-05,0013709,COMPLETED-CONSTRUCTION,215009.09,,98.84,,2023-11-21,2021-11-05,,2022-10-31,No,GTG TRAFFIC SIGNALS LLC,2026-06-04
2026-06-05,0013710,COMPLETED-CONSTRUCTION,2221225.0,,100.0,,2023-01-25,2021-08-10,,2022-12-30,No,INTEGRATED CST & NOBILITY,2026-06-04
2026-06-05,0013711,COMPLETED-CONSTRUCTION,4385434.94,,99.3,2021-07-01,2023-01-03,2020-03-20,,2021-11-05,No,SOUTHERN CONCRETE CST CO,2026-06-04
2026-06-05,0013712,UNDER-CONSTRUCTION,22957462.34,,31.79,2027-08-28,,2024-11-01,,,No,F S SCARBROUGH LLC,2026-06-04
2026-06-05,0013713,COMPLETED-CONSTRUCTION,5319556.04,,95.33,,2023-10-17,2021-06-18,,2023-02-04,No,TIC-THE INDUSTRIAL CO,2026-06-04
2026-06-05,0013714,PRE-CONSTRUCTION,26364471.75,,,,,,,,No,,2026-06-04
2026-06-05,0013715,UNDER-CONSTRUCTION,17084732.45,,65.2,2027-01-22,,2023-05-08,,,No,E R SNELL CONTRACTOR INC,2026-06-04
2026-06-05,0013716,COMPLETED-CONSTRUCTION,13055219.87,,95.62,2024-01-06,,2021-06-18,,2024-06-13,No,GEORGIA BRIDGE & CONCRETE,2026-06-04
2026-06-05,0013717,UNDER-CONSTRUCTION,15045347.44,,85.43,2026-06-30,,2024-08-02,,,No,NORTH GA CONCRETE INC,2026-06-04
2026-06-05,0013719,COMPLETED-CONSTRUCTION,5962141.42,,91.76,2025-12-05,,2023-11-03,2026-02-02,,No,TIC-THE INDUSTRIAL CO,2026-06-04
2026-06-05,0013721,COMPLETED-CONSTRUCTION,4411893.16,,97.05,,,2021-09-03,,2023-08-01,No,C W Matthews Contracting,2026-06-04
2026-06-05,0013723,COMPLETED-CONSTRUCTION,7313821.58,,95.35,2024-06-12,,2023-02-03,2024-04-24,,No,PITTMAN CONSTRUCTION CO,2026-06-04
2026-06-05,0013724,UNDER-CONSTRUCTION,3329211.41,,95.33,2026-03-12,,2024-08-02,,,No,EXCELLERE CST LLC,2026-06-04
2026-06-05,0013725,PRE-CONSTRUCTION,3712023.28,,,,,,,,No,,2026-06-04
2026-06-05,0013726,UNDER-CONSTRUCTION,22609474.409999996,,76.12,2026-07-07,,2023-12-08,,,No,CMES INC,2026-06-04
2026-06-05,0013727,COMPLETED-CONSTRUCTION,48090800.43,,98.57,2023-08-22,2023-03-20,2020-06-12,,2025-02-21,No,REEVES CONSTRUCTION CO,2026-06-04
2026-06-05,0013732,COMPLETED-CONSTRUCTION,8917930.399999999,,92.66,,2024-11-21,2021-06-18,,2024-01-19,No,THE SCRUGGS COMPANY,2026-06-04
2026-06-05,0013733,PRE-CONSTRUCTION,3355000.0,,,,,,,,No,,2026-06-04
2026-06-05,0013734,UNDER-CONSTRUCTION,7148483.24,,95.93,2025-12-10,,2022-08-05,,,No,E R SNELL CONTRACTOR INC,2026-06-04
2026-06-05,0013735,COMPLETED-CONSTRUCTION,4018898.54,,91.59,,,2021-06-18,,2023-02-28,No,GREGORY BRIDGE COMPANY,2026-06-04
2026-06-05,0013736,COMPLETED-CONSTRUCTION,3831696.96,,97.98,2021-07-25,2022-06-14,2020-08-21,,2022-03-22,No,UNITED INFRASTRUCTURE GRP,2026-06-04
2026-06-05,0013737,COMPLETED-CONSTRUCTION,7115974.33,,97.82,,,2020-05-22,,2022-04-29,No,OXFORD CONSTRUCTION CO,2026-06-04
2026-06-05,0013740,COMPLETED-CONSTRUCTION,15247830.99,,93.22,2025-12-28,,2024-02-02,2026-04-10,2026-04-10,No,TIDWELL CONSTRUCTION CO,2026-06-04
2026-06-05,0013741,UNDER-CONSTRUCTION,69134369.97,,100.0,2025-12-31,,2021-10-04,,,No,SCOTT BRIDGE COMPANY,2026-06-04
2026-06-05,0013742,UNDER-CONSTRUCTION,23469506.03,,100.0,2025-12-31,,2021-10-04,,,No,SCOTT BRIDGE COMPANY,2026-06-04
2026-06-05,0013744,COMPLETED-CONSTRUCTION,5045550.48,,95.66,,2021-12-02,2020-02-21,,2021-07-31,No,SOUTHERN CONCRETE CST CO,2026-06-04
2026-06-05,0013745,PRE-CONSTRUCTION,157828798.65,,,,,,,,No,,2026-06-04
2026-06-05,0013746,UNDER-CONSTRUCTION,8729215.219999999,,90.98,2026-04-30,,2023-05-05,,,No,VERTICAL EARTH INC,2026-06-04
2026-06-05,0013747,COMPLETED-CONSTRUCTION,3761793.18,,89.75,2023-06-25,,2022-05-06,,2023-11-03,No,WILLIAMS CONTRACTING CO,2026-06-04
2026-06-05,0013748,COMPLETED-CONSTRUCTION,9722953.62,,99.59,2023-06-30,,2022-03-04,,2024-07-24,No,GREGORY BRIDGE COMPANY,2026-06-04
2026-06-05,0013749,COMPLETED-CONSTRUCTION,6178437.630000001,,97.35,,,2020-08-21,,2022-08-01,No,SOUTHERN CONCRETE CST CO,2026-06-04
2026-06-05,0013750,COMPLETED-CONSTRUCTION,6900742.97,,94.95,,,2022-05-06,,2024-11-26,No,Southeastern Site Develop,2026-06-04
2026-06-05,0013751,UNDER-CONSTRUCTION,9248143.55,,44.39,2026-10-13,,2024-10-04,,,No,CMES INC,2026-06-04
2026-06-05,0013752,COMPLETED-CONSTRUCTION,11877458.54,,99.87,2024-04-30,,2022-09-30,2024-04-30,2024-04-30,No,SOUTHERN CONCRETE CST CO,2026-06-04
2026-06-05,0013756,PRE-CONSTRUCTION,6073746.0,,,,,,,,No,,2026-06-04
2026-06-05,0013758,COMPLETED-CONSTRUCTION,2492776.06,,90.14,,2024-01-12,2021-07-30,,2023-03-31,No,EXCELLERE CST LLC,2026-06-04
2026-06-05,0013760,PRE-CONSTRUCTION,6744043.4,,,,,,,,No,,2026-06-04
2026-06-05,0013762,PRE-CONSTRUCTION,67605109.0,,,,,,,,No,,2026-06-04
2026-06-05,0013763,UNDER-CONSTRUCTION,37272991.72,,20.96,2029-07-31,,2026-02-05,,,No,G P ENTERPRISES INC,2026-06-04
2026-06-05,0013764,PRE-CONSTRUCTION,10532049.989999998,,,,,,,,No,,2026-06-04
2026-06-05,0013766,PRE-CONSTRUCTION,16755304.25,,,,,,,,No,,2026-06-04
2026-06-05,0013770,PRE-CONSTRUCTION,212000000.0,,,,,,,,No,,2026-06-04
2026-06-05,0013801,COMPLETED-CONSTRUCTION,3919489.94,,97.87,,2022-12-09,2021-06-18,,2022-08-18,No,DOYLE HANCOCK & SONS CST,2026-06-04
2026-06-05,0013802,COMPLETED-CONSTRUCTION,13705949.77,,98.98,2024-10-22,,2022-09-30,2024-09-05,,No,SOUTHERN CONCRETE CST CO,2026-06-04
2026-06-05,0013803,COMPLETED-CONSTRUCTION,1684909.89,,94.84,2020-09-16,2021-09-27,2020-02-21,,2020-11-30,No,REEVES CONSTRUCTION CO,2026-06-04
2026-06-05,0013804,UNDER-CONSTRUCTION,27018117.38,,28.23,2029-08-31,,2025-08-01,,,No,GRIFFIN GRADING &CONCRETE,2026-06-04
2026-06-05,0013806,UNDER-CONSTRUCTION,16503420.13,,32.37,2026-12-31,,2024-05-03,,,No,E R SNELL CONTRACTOR INC,2026-06-04
2026-06-05,0013807,COMPLETED-CONSTRUCTION,4397655.34,,94.64,2023-08-01,2023-12-22,2022-05-06,,2023-08-22,No,TALLEY CST CO INC,2026-06-04
2026-06-05,0013808,UNDER-CONSTRUCTION,8017379.82,,22.56,2027-08-31,,2025-10-03,,,No,APAC-ATLANTIC INC,2026-06-04
2026-06-05,0013809,UNDER-CONSTRUCTION,24144758.0,,18.74,2027-09-30,,2024-08-02,,,No,CMES INC,2026-06-04
2026-06-05,0013810,UNDER-CONSTRUCTION,11738652.24,,61.97,2027-08-20,,2024-12-06,,,No,MASSANA CONSTRUCTION INC,2026-06-04
2026-06-05,0013811,COMPLETED-CONSTRUCTION,4762450.54,,97.58,2024-11-30,,2023-03-03,2024-12-04,,No,GA BRIDGE & CONCRETE LLC,2026-06-04
2026-06-05,0013812,COMPLETED-CONSTRUCTION,5989023.68,,97.58,2024-11-30,,2023-03-03,2024-12-04,,No,GA BRIDGE & CONCRETE LLC,2026-06-04
2026-06-05,0013813,UNDER-CONSTRUCTION,19793257.63,,80.97,2026-11-19,,2024-04-05,,,No,E R SNELL CONTRACTOR INC,2026-06-04
2026-06-05,0013815,COMPLETED-CONSTRUCTION,5140751.95,,98.54,,2022-11-17,2020-08-21,,2022-04-17,No,GREGORY BRIDGE COMPANY,2026-06-04
2026-06-05,0013816,COMPLETED-CONSTRUCTION,3727875.03,,98.82,,2023-09-25,2021-04-16,,2022-09-30,No,GEORGIA BRIDGE & CONCRETE,2026-06-04
2026-06-05,0013817,COMPLETED-CONSTRUCTION,10240159.72,,89.29,2024-08-31,,2023-02-03,2025-06-30,2025-06-30,No,GREGORY BRIDGE COMPANY,2026-06-04
2026-06-05,0013818,COMPLETED-CONSTRUCTION,6605739.5600000005,,86.3,,2025-03-25,2021-05-21,,2024-04-02,No,EAST COAST ASPHALT LLC,2026-06-04
2026-06-05,0013819,COMPLETED-CONSTRUCTION,8183293.32,,93.35,2023-08-01,,2022-06-03,,2024-06-25,No,GEORGIA BRIDGE & CONCRETE,2026-06-04
2026-06-05,0013820,COMPLETED-CONSTRUCTION,9772073.72,,95.4,2024-06-11,,2022-05-06,,2025-03-26,No,GEORGIA BRIDGE & CONCRETE,2026-06-04
2026-06-05,0013821,COMPLETED-CONSTRUCTION,5092949.5600000005,,95.77,,2023-07-19,2021-05-21,,2022-11-10,No,TALLEY CST CO INC,2026-06-04
2026-06-05,0013822,COMPLETED-CONSTRUCTION,2846606.9000000004,,96.41,2021-11-16,2023-01-10,2021-02-19,,2022-03-31,No,SOUTHERN CONCRETE CST CO,2026-06-04
2026-06-05,0013823,COMPLETED-CONSTRUCTION,3100914.6199999996,,98.9,,,2020-10-16,,2021-11-16,No,TIC-THE INDUSTRIAL CO,2026-06-04
2026-06-05,0013824,COMPLETED-CONSTRUCTION,3760174.78,,98.06,2021-07-27,,2020-10-16,,2021-12-21,No,SOUTHERN CONCRETE CST CO,2026-06-04
2026-06-05,0013825,COMPLETED-CONSTRUCTION,2394931.63,,96.84,2020-11-05,2021-05-26,2020-02-21,,2021-03-31,No,GREGORY BRIDGE COMPANY,2026-06-04
2026-06-05,0013826,COMPLETED-CONSTRUCTION,3113100.41,,96.4,2021-03-20,2021-09-23,2020-03-20,,2021-04-28,No,GREGORY BRIDGE COMPANY,2026-06-04
2026-06-05,0013827,UNDER-CONSTRUCTION,8206967.08,,34.44,2027-03-31,,2025-05-02,,,No,F S SCARBROUGH LLC,2026-06-04
2026-06-05,0013828,COMPLETED-CONSTRUCTION,3727650.46,,99.05,,,2021-05-21,,2022-06-16,No,SOUTHERN CONCRETE CST CO,2026-06-04
2026-06-05,0013847,PRE-CONSTRUCTION,17075000.0,,,,,,,,No,,2026-06-04
2026-06-05,0013848,PRE-CONSTRUCTION,17991000.0,,,,,,,,No,,2026-06-04
2026-06-05,0013849,PRE-CONSTRUCTION,18017700.0,,,,,,,,No,,2026-06-04
2026-06-05,0013850,PRE-CONSTRUCTION,17285000.0,,,,,,,,No,,2026-06-04
2026-06-05,0013856,PRE-CONSTRUCTION,49464995.08,,,,,,,,No,,2026-06-04
2026-06-05,0013859,COMPLETED-CONSTRUCTION,6383617.529999999,,96.52,2024-07-01,,2022-07-01,2024-10-25,,No,PITTMAN CONSTRUCTION CO,2026-06-04
2026-06-05,0013860,COMPLETED-CONSTRUCTION,4654062.9,,97.7,2025-03-31,,2023-08-04,2025-07-12,,No,PITTMAN CONSTRUCTION CO,2026-06-04
2026-06-05,0013861,COMPLETED-CONSTRUCTION,6210505.84,,90.12,2025-06-14,,2023-06-02,2025-07-28,,No,WILSON CST MANAGEMENT LLC,2026-06-04
2026-06-05,0013882,UNDER-CONSTRUCTION,2400000.0,,,,,,,,No,CMES INC,2026-06-04
2026-06-05,0013883,PRE-CONSTRUCTION,4700000.0,,,,,,,,No,,2026-06-04
2026-06-05,0013884,PRE-CONSTRUCTION,16908364.560000002,,,,,,,,No,,2026-06-04
2026-06-05,0013886,UNDER-CONSTRUCTION,16687091.43,,93.54,2026-06-05,,2023-11-03,,,No,GRIFFIN GRADING &CONCRETE,2026-06-04
2026-06-05,0013887,COMPLETED-CONSTRUCTION,7187353.789999999,,94.35,2024-09-07,2025-04-10,2022-08-05,2024-09-06,,No,TALLEY CONSTRUCTION CO,2026-06-04
2026-06-05,0013888,UNDER-CONSTRUCTION,17844723.66,,,2028-03-31,,2026-03-13,,,No,APAC-ATLANTIC INC,2026-06-04
2026-06-05,0013889,PRE-CONSTRUCTION,4941000.0,,,,,,,,No,,2026-06-04
2026-06-05,0013890,PRE-CONSTRUCTION,83613000.0,,,,,,,,No,,2026-06-04
2026-06-05,0013891,PRE-CONSTRUCTION,72027000.0,,,,,,,,No,,2026-06-04
2026-06-05,0013892,PRE-CONSTRUCTION,74726000.0,,,,,,,,No,,2026-06-04
2026-06-05,0013893,UNDER-CONSTRUCTION,171919028.57,,21.69,2029-04-30,,2025-06-13,,,No,G P ENTERPRISES INC,2026-06-04
2026-06-05,0013894,COMPLETED-CONSTRUCTION,13234734.22,,99.06,2025-11-04,,2024-03-01,2025-11-19,,No,CMES INC,2026-06-04
2026-06-05,0013895,UNDER-CONSTRUCTION,98361965.73,,11.41,2029-09-30,,2025-10-03,,,No,E R SNELL CONTRACTOR LLC,2026-06-04
2026-06-05,0013896,UNDER-CONSTRUCTION,7977062.36,,11.41,2029-09-30,,2025-10-03,,,No,E R SNELL CONTRACTOR INC,2026-06-04
2026-06-05,0013897,UNDER-CONSTRUCTION,80395995.24000001,,11.41,2029-09-30,,2025-10-03,,,No,E R SNELL CONTRACTOR INC,2026-06-04
2026-06-05,0013899,PRE-CONSTRUCTION,14222062.83,,,,,,,,No,,2026-06-04
2026-06-05,0013900,PRE-CONSTRUCTION,42200143.57,,,,,,,,No,,2026-06-04
2026-06-05,0013901,PRE-CONSTRUCTION,17309415.72,,,,,,,,No,,2026-06-04
2026-06-05,0013904,PRE-CONSTRUCTION,25772050.0,,,,,,,,No,,2026-06-04
2026-06-05,0013905,PRE-CONSTRUCTION,26548300.0,,,,,,,,No,,2026-06-04
2026-06-05,0013906,PRE-CONSTRUCTION,22721550.0,,,,,,,,No,,2026-06-04
2026-06-05,0013907,PRE-CONSTRUCTION,23200000.0,,,,,,,,No,,2026-06-04
2026-06-05,0013908,PRE-CONSTRUCTION,22338150.0,,,,,,,,No,,2026-06-04
2026-06-05,0013911,COMPLETED-CONSTRUCTION,1998315.13,,99.36,,2020-04-30,2018-07-20,,2019-10-28,No,BROOKS-BERRY-HAYNIE&ASSOC,2026-06-04
2026-06-05,0013915,UNDER-CONSTRUCTION,842135613.5,,,,,,,,No,EAST INTERCHANGE BUILDERS,2026-06-04
2026-06-05,0013917,PRE-CONSTRUCTION,4715470277.01,,,,,,,,No,,2026-06-04
2026-06-05,0013918,UNDER-CONSTRUCTION,1498019584.58,,,,,,,,No,LEGACY INFRATRUCTURE CONT,2026-06-04
2026-06-05,0013919,PRE-CONSTRUCTION,312834242.0,,,,,,,,No,,2026-06-04
2026-06-05,0013920,PRE-CONSTRUCTION,333267653.0,,,,,,,,No,,2026-06-04
2026-06-05,0013921,UNDER-CONSTRUCTION,13922618.38,,90.85,2027-01-12,,2023-09-01,,,No,C W Matthews Contracting,2026-06-04
2026-06-05,0013922,COMPLETED-CONSTRUCTION,8596917.32,,97.08,2024-04-25,,2022-07-01,2024-05-30,2024-05-30,No,E R SNELL CONTRACTOR INC,2026-06-04
2026-06-05,0013924,COMPLETED-CONSTRUCTION,3900744.96,,92.23,2024-10-31,,2023-08-04,2025-01-27,,No,Southeastern Site Develop,2026-06-04
2026-06-05,0013925,COMPLETED-CONSTRUCTION,5229384.5600000005,,85.53,2023-09-22,2024-11-21,2022-02-04,,2023-10-24,No,CLEARWATER CST INC,2026-06-04
2026-06-05,0013926,UNDER-CONSTRUCTION,21183444.5,,72.85000000000001,2027-01-31,,2022-09-30,,,No,C W Matthews Contracting,2026-06-04
2026-06-05,0013927,PRE-CONSTRUCTION,82838319.09,,,,,,,,Yes,,2026-06-04
2026-06-05,0013928,COMPLETED-CONSTRUCTION,11477898.0,,96.17,2025-03-31,,2023-01-06,2025-03-31,,No,MCCOY GRADING INC,2026-06-04
2026-06-05,0013930,UNDER-CONSTRUCTION,8207806.819999999,,88.52,,,2022-06-03,,,No,E R SNELL CONTRACTOR INC,2026-06-04
2026-06-05,0013935,COMPLETED-CONSTRUCTION,3461948.0,,98.9,,2022-07-07,2020-12-18,,2022-04-30,No,TALLEY CST CO INC,2026-06-04
2026-06-05,0013936,COMPLETED-CONSTRUCTION,4493818.62,,92.9,,2024-03-19,2020-10-16,,2023-05-09,No,TIDWELL CONSTRUCTION CO,2026-06-04
2026-06-05,0013937,UNDER-CONSTRUCTION,9561398.95,,94.75,2026-07-05,,2023-10-06,,,No,C W Matthews Contracting,2026-06-04
2026-06-05,0013938,COMPLETED-CONSTRUCTION,3323525.71,,97.66,2022-06-05,2023-03-10,2021-03-19,,2022-10-14,No,GEORGIA BRIDGE & CONCRETE,2026-06-04
2026-06-05,0013939,COMPLETED-CONSTRUCTION,5878506.02,,98.01,,,2021-01-22,,2025-08-27,No,E R SNELL CONTRACTOR INC,2026-06-04
2026-06-05,0013941,COMPLETED-CONSTRUCTION,9112872.7,,96.74,2023-11-07,,2022-04-01,,2023-12-21,No,C W Matthews Contracting,2026-06-04
2026-06-05,0013942,COMPLETED-CONSTRUCTION,5855345.65,,98.01,,,2022-05-06,,2025-03-21,No,E R SNELL CONTRACTOR INC,2026-06-04
2026-06-05,0013943,COMPLETED-CONSTRUCTION,9255064.63,,95.94,,,2021-06-18,,2023-10-20,No,WRIGHT BROTHERS CST CO,2026-06-04
2026-06-05,0013944,COMPLETED-CONSTRUCTION,4369039.74,,97.36,,2023-01-20,2020-07-17,,2022-04-27,No,Southeastern Site Develop,2026-06-04
2026-06-05,0013945,COMPLETED-CONSTRUCTION,1451279.18,,94.14,,2023-08-18,2021-04-16,,2021-11-30,No,E R SNELL CONTRACTOR INC,2026-06-04
2026-06-05,0013946,PRE-CONSTRUCTION,38994560.95,,,,,,,,No,,2026-06-04
2026-06-05,0013947,COMPLETED-CONSTRUCTION,7641683.33,,100.0,,,2021-12-15,2024-08-13,2024-08-13,No,C W Matthews Contracting,2026-06-04
2026-06-05,0013948,UNDER-CONSTRUCTION,48009864.86,,41.48,2027-03-22,,2023-03-03,,,No,C W Matthews Contracting,2026-06-04
2026-06-05,0013949,UNDER-CONSTRUCTION,20613804.45,,41.48,2027-03-22,,2023-03-03,,,No,C W Matthews Contracting,2026-06-04
2026-06-05,0013950,PRE-CONSTRUCTION,10601590.26,,,,,,,,No,,2026-06-04
2026-06-05,0013951,PRE-CONSTRUCTION,55738000.0,,,,,,,,No,,2026-06-04
2026-06-05,0013954,PRE-CONSTRUCTION,5843899.48,,,,,,,,No,,2026-06-04
2026-06-05,0013956,COMPLETED-CONSTRUCTION,745668.8400000001,,96.59,,2021-09-20,2020-05-22,,2021-03-31,No,Moye Electric Company Inc,2026-06-04
2026-06-05,0013960,UNDER-CONSTRUCTION,6040915.66,,92.93,2025-03-15,,2023-01-06,,,No,Southeastern Site Develop,2026-06-04
2026-06-05,0013965,PRE-CONSTRUCTION,43750559.489999995,,,,,,,,No,,2026-06-04
2026-06-05,0013967,COMPLETED-CONSTRUCTION,42040248.19,,100.0,,2024-02-28,2020-04-18,,2024-02-07,No,ER SNELL CONTRACTOR INC,2026-06-04
2026-06-05,0013971,UNDER-CONSTRUCTION,26565721.25,,39.48,,,2021-06-18,,,No,C W Matthews Contracting,2026-06-04
2026-06-05,0013972,PRE-CONSTRUCTION,29508000.0,,,,,,,,No,,2026-06-04
2026-06-05,0013974,PRE-CONSTRUCTION,25662000.0,,,,,,,,No,,2026-06-04
2026-06-05,0013986,PRE-CONSTRUCTION,12899000.0,,,,,,,,No,,2026-06-04
2026-06-05,0013987,COMPLETED-CONSTRUCTION,20151332.23,,90.29,,2024-11-21,2021-07-16,,2024-09-25,No,REAMES & SON CST CO INC,2026-06-04
2026-06-05,0013988,UNDER-CONSTRUCTION,31280077.04,,94.29,2026-07-17,,2022-07-01,,,No,CMES INC,2026-06-04
2026-06-05,0013989,PRE-CONSTRUCTION,103009000.0,,,,,,,,No,,2026-06-04
2026-06-05,0013990,UNDER-CONSTRUCTION,7763159.15,,5.88,2024-11-30,,2023-07-25,,,No,E R SNELL CONTRACTOR INC,2026-06-04
2026-06-05,0013991,PRE-CONSTRUCTION,12091222.91,,9.75,2027-09-01,,2022-08-05,,,No,,2026-06-04
2026-06-05,0013992,UNDER-CONSTRUCTION,25604280.82,,56.11,2026-11-30,,2024-10-04,,,No,SOUTHERN CONCRETE CST CO,2026-06-04
2026-06-05,0013994,UNDER-CONSTRUCTION,10990048.78,,98.35,2026-04-19,,2023-06-02,,,No,TALLEY CST CO INC,2026-06-04
2026-06-05,0013996,COMPLETED-CONSTRUCTION,6165977.36,,97.9,,2024-01-17,2021-05-21,,2023-06-09,No,E R SNELL CONTRACTOR INC,2026-06-04
2026-06-05,0013997,COMPLETED-CONSTRUCTION,5491479.17,,98.94,2024-05-22,2024-06-13,2022-02-04,,2024-04-02,No,E R SNELL CONTRACTOR INC,2026-06-04
2026-06-05,0013999,UNDER-CONSTRUCTION,7703002.51,,96.77,,,2021-07-02,,,No,C W Matthews Contracting,2026-06-04
2026-06-05,0014016,COMPLETED-CONSTRUCTION,3832440.55,,96.02,,2022-03-23,2018-05-18,,2020-10-02,No,WORLD FIBER TECHNOLOGIES,2026-06-04
2026-06-05,0014072,UNDER-CONSTRUCTION,19122289.84,,48.82,2027-03-31,,2024-08-30,,,No,C W Matthews Contracting,2026-06-04
2026-06-05,0014073,COMPLETED-CONSTRUCTION,10373952.95,,92.38,,,2021-12-03,,2025-03-26,No,CLEARWATER CST INC,2026-06-04
2026-06-05,0014074,COMPLETED-CONSTRUCTION,3352882.61,,93.06,2021-10-20,2023-11-01,2020-11-20,,2022-05-05,No,WILLIAMS CONTRACTING CO,2026-06-04
2026-06-05,0014075,COMPLETED-CONSTRUCTION,16662560.63,,99.18,,,2021-06-18,,2024-12-11,No,PITTMAN CONSTRUCTION CO,2026-06-04
2026-06-05,0014076,COMPLETED-CONSTRUCTION,8250000.0,,100.0,2024-09-22,,2021-08-26,,2024-09-26,No,ER SNELL CONTRACTOR INC,2026-06-04
2026-06-05,0014077,PRE-CONSTRUCTION,10373447.94,,,,,,,,No,,2026-06-04
2026-06-05,0014078,PRE-CONSTRUCTION,47592630.05,,,,,,,,No,,2026-06-04
2026-06-05,0014079,UNDER-CONSTRUCTION,12867000.0,,,,,,,,No,SOUTHEASTERN SITE DEV INC,2026-06-04
2026-06-05,0014080,PRE-CONSTRUCTION,32409000.0,,,,,,,,No,,2026-06-04
2026-06-05,0014082,UNDER-CONSTRUCTION,15033367.71,,27.72,2027-04-30,,2025-01-16,,,No,SUMMIT CST & DEVELOPMENT,2026-06-04
2026-06-05,0014083,COMPLETED-CONSTRUCTION,4788035.41,,99.94,,2024-02-15,2021-06-04,,2023-06-26,No,THE L C WHITFORD CO INC,2026-06-04
2026-06-05,0014085,UNDER-CONSTRUCTION,7727858.75,,77.29,,,2019-11-22,,,No,OZARK STRIPING CO INC,2026-06-04
2026-06-05,0014086,COMPLETED-CONSTRUCTION,8264626.74,,45.54,,,2020-08-21,,2023-03-31,No,OZARK STRIPING CO INC,2026-06-04
2026-06-05,0014087,COMPLETED-CONSTRUCTION,4690483.97,,91.62,,2023-11-01,2021-02-19,,2023-03-01,No,NORTH CHEROKEE ELECTRICAL,2026-06-04
2026-06-05,0014088,COMPLETED-CONSTRUCTION,5375565.83,,99.31,,2020-11-17,2018-08-17,,2020-06-23,No,MASSANA INC,2026-06-04
2026-06-05,0014089,COMPLETED-CONSTRUCTION,1211155.45,,89.60000000000001,,2023-01-30,2021-07-02,,2022-06-06,No,MASSANA CONSTRUCTION INC,2026-06-04
2026-06-05,0014090,UNDER-CONSTRUCTION,18965421.15,,40.8,,,2021-07-02,,,No,ALS OF NORTH CAROLINA INC,2026-06-04
2026-06-05,0014091,COMPLETED-CONSTRUCTION,2526975.56,,92.99,,2022-07-07,2020-08-21,,2021-11-06,No,NORTH CHEROKEE ELECTRICAL,2026-06-04
2026-06-05,0014122,PRE-CONSTRUCTION,28058985.33,,,,,,,,No,,2026-06-04
2026-06-05,0014123,COMPLETED-CONSTRUCTION,4369768.67,,95.95,,2021-08-27,2020-01-17,,2021-07-01,No,REEVES CONSTRUCTION CO,2026-06-04
2026-06-05,0014124,PRE-CONSTRUCTION,56964000.0,,,,,,,,No,,2026-06-04
2026-06-05,0014125,PRE-CONSTRUCTION,70084000.0,,,,,,,,No,,2026-06-04
2026-06-05,0014126,PRE-CONSTRUCTION,79772000.0,,,,,,,,No,,2026-06-04
2026-06-05,0014127,PRE-CONSTRUCTION,50832000.0,,,,,,,,No,,2026-06-04
2026-06-05,0014128,PRE-CONSTRUCTION,37135000.0,,,,,,,,No,,2026-06-04
2026-06-05,0014129,PRE-CONSTRUCTION,47125181.0,,,,,,,,No,,2026-06-04
2026-06-05,0014131,COMPLETED-CONSTRUCTION,48853049.739999995,,98.59,,,2021-10-08,,2025-07-19,No,VERTICAL EARTH INC,2026-06-04
2026-06-05,0014132,PRE-CONSTRUCTION,45710000.0,,,,,,,,No,,2026-06-04
2026-06-05,0014133,UNDER-CONSTRUCTION,70337846.67,,,2029-10-27,,2026-03-20,,,No,CW MATTHEWS CONTRACTING,2026-06-04
2026-06-05,0014134,UNDER-CONSTRUCTION,47533485.34,,21.07,2028-09-30,,2024-10-31,,,No,THE SCRUGGS COMPANY,2026-06-04
2026-06-05,0014159,COMPLETED-CONSTRUCTION,3436752.8200000003,,97.64,,,2021-07-30,,2023-10-18,No,QUALITY CST BY MCLEROY,2026-06-04
2026-06-05,0014160,COMPLETED-CONSTRUCTION,7971182.4,,100.0,,2023-12-11,2021-02-19,,2023-07-06,No,ASTRA GROUP LLC,2026-06-04
2026-06-05,0014167,COMPLETED-CONSTRUCTION,5166620.57,,99.7,2024-09-22,,2022-12-02,2024-09-22,,No,E R SNELL CONTRACTOR INC,2026-06-04
2026-06-05,0014168,UNDER-CONSTRUCTION,11946169.33,,82.56,2026-05-22,,2023-10-27,,,No,ASTRA GROUP LLC,2026-06-04
2026-06-05,0014169,COMPLETED-CONSTRUCTION,4896798.38,,96.45,,2025-09-18,2022-02-04,,2023-12-06,No,ROBINSON PAVING COMPANY,2026-06-04
2026-06-05,0014170,COMPLETED-CONSTRUCTION,7154204.25,,92.3,2022-11-30,,2022-04-01,,2024-10-19,No,C W Matthews Contracting,2026-06-04
2026-06-05,0014172,PRE-CONSTRUCTION,97441463.68,,,,,,,,No,,2026-06-04
2026-06-05,0014173,PRE-CONSTRUCTION,26387246.0,,,,,,,,No,,2026-06-04
2026-06-05,0014175,COMPLETED-CONSTRUCTION,6918459.44,,99.85,,2022-04-28,2016-06-17,,2019-07-29,No,C W Matthews Contracting,2026-06-04
2026-06-05,0014176,COMPLETED-CONSTRUCTION,6738389.59,,99.85,,2020-07-27,2016-06-17,,2019-08-04,No,C W Matthews Contracting,2026-06-04
2026-06-05,0014177,COMPLETED-CONSTRUCTION,9459784.63,,99.89,,2019-11-14,2016-06-17,,2019-08-02,No,SOUTHERN CONCRETE CST CO,2026-06-04
2026-06-05,0014178,COMPLETED-CONSTRUCTION,9968870.59,,99.9,,2019-12-11,2016-06-17,,2019-08-01,Yes,SOUTHERN CONCRETE CST CO,2026-06-04
2026-06-05,0014203,PRE-CONSTRUCTION,4212428519.4,,,,,,,,No,,2026-06-04
2026-06-05,0014482,UNDER-CONSTRUCTION,58215626.49,,63.09,2026-11-30,,2024-07-05,,,No,E R SNELL CONTRACTOR INC,2026-06-04
2026-06-05,0014485,COMPLETED-CONSTRUCTION,17503653.57,,78.11,2025-12-09,,2023-12-01,2026-01-02,,No,THE SCRUGGS COMPANY,2026-06-04
2026-06-05,0014884,PRE-CONSTRUCTION,38713140.0,,,,,,,,No,,2026-06-04
2026-06-05,0014885,PRE-CONSTRUCTION,39644803.0,,,,,,,,No,,2026-06-04
2026-06-05,0014886,PRE-CONSTRUCTION,26408278.0,,,,,,,,No,,2026-06-04
2026-06-05,0014887,PRE-CONSTRUCTION,68940666.0,,,,,,,,No,,2026-06-04
2026-06-05,0014888,PRE-CONSTRUCTION,74270390.82,,,,,,,,No,,2026-06-04
2026-06-05,0014889,PRE-CONSTRUCTION,74300000.0,,,,,,,,No,,2026-06-04
2026-06-05,0014890,PRE-CONSTRUCTION,73800000.0,,,,,,,,No,,2026-06-04
2026-06-05,0014891,PRE-CONSTRUCTION,87300000.0,,,,,,,,No,,2026-06-04
2026-06-05,0014892,PRE-CONSTRUCTION,44800000.0,,,,,,,,No,,2026-06-04
2026-06-05,0014893,PRE-CONSTRUCTION,33405839.83,,,,,,,,No,,2026-06-04
2026-06-05,0014894,PRE-CONSTRUCTION,23633000.0,,,,,,,,No,,2026-06-04
2026-06-05,0014895,COMPLETED-CONSTRUCTION,1842812.0,,99.09,2021-05-22,2021-03-15,2019-09-19,,2021-02-19,No,WRIGHT BROTHERS CST CO,2026-06-04
2026-06-05,0014896,COMPLETED-CONSTRUCTION,13901770.49,,95.95,2025-12-02,,2022-12-02,2025-12-02,,No,C W Matthews Contracting,2026-06-04
2026-06-05,0014897,UNDER-CONSTRUCTION,13394434.13,,98.97,2026-04-11,,2023-06-30,,,No,C W Matthews Contracting,2026-06-04
2026-06-05,0014899,COMPLETED-CONSTRUCTION,16656760.59,,99.09,2021-05-22,2021-03-15,2019-09-19,,2021-02-19,No,WRIGHT BROTHERS CST CO,2026-06-04
2026-06-05,0014900,COMPLETED-CONSTRUCTION,8051172.109999999,,95.4,2024-06-11,,2022-05-06,,2025-03-26,No,GEORGIA BRIDGE & CONCRETE,2026-06-04
2026-06-05,0014901,COMPLETED-CONSTRUCTION,7713690.34,,96.26,,,2021-06-18,,2023-10-03,No,THE SCRUGGS COMPANY,2026-06-04
2026-06-05,0014902,UNDER-CONSTRUCTION,12192326.96,,3.65,2028-06-30,,2026-01-06,,,No,OXFORD CONSTRUCTION CO,2026-06-04
2026-06-05,0014903,COMPLETED-CONSTRUCTION,10545111.81,,90.11,2024-06-05,,2022-08-05,2025-01-30,,No,E R SNELL CONTRACTOR INC,2026-06-04
2026-06-05,0014904,COMPLETED-CONSTRUCTION,2513057.31,,98.72,2021-11-06,2023-03-09,2021-01-22,,2021-11-04,No,MCCOY GRADING INC,2026-06-04
2026-06-05,0014905,COMPLETED-CONSTRUCTION,,,98.52,2025-09-21,,2023-12-20,2025-04-18,,No,WILLIAMS CONTRACTING CO,2026-06-04
2026-06-05,0014906,UNDER-CONSTRUCTION,11652913.08,,93.04,2026-07-30,,2023-06-06,,,No,C W Matthews Contracting,2026-06-04
2026-06-05,0014907,COMPLETED-CONSTRUCTION,3843157.8,,97.3,,,2021-06-18,,2023-02-14,No,CLEARWATER CONSTRUCTION,2026-06-04
2026-06-05,0014908,COMPLETED-CONSTRUCTION,4518180.85,,89.32000000000001,,2024-11-21,2021-05-21,,2024-03-21,No,WILLIAMS CONTRACTING CO,2026-06-04
2026-06-05,0014914,PRE-CONSTRUCTION,11877493.31,,,,,,,,No,,2026-06-04
2026-06-05,0014924,PRE-CONSTRUCTION,6750000.0,,,,,,,,No,,2026-06-04
2026-06-05,0014925,PRE-CONSTRUCTION,60671000.0,,,,,,,,No,,2026-06-04
2026-06-05,0014926,PRE-CONSTRUCTION,57602000.0,,,,,,,,No,,2026-06-04
2026-06-05,0014927,PRE-CONSTRUCTION,60685000.0,,,,,,,,No,,2026-06-04
2026-06-05,0014928,PRE-CONSTRUCTION,8213957.369999999,,,,,,,,No,,2026-06-04
2026-06-05,0014929,PRE-CONSTRUCTION,34925328.0,,,,,,,,No,,2026-06-04
2026-06-05,0014935,COMPLETED-CONSTRUCTION,3926110.56,,100.0,,2019-12-13,2018-04-12,,2019-11-07,No,GA BRIDGE & CONCRETE LLC,2026-06-04
2026-06-05,0015000,UNDER-CONSTRUCTION,27586749.08,,38.94,2027-04-11,,2023-12-01,,,No,F S SCARBROUGH LLC,2026-06-04
2026-06-05,0015019,UNDER-CONSTRUCTION,7847142.7,,,2025-09-09,,2024-06-13,,,No,REEVES YOUNG LLC,2026-06-04
2026-06-05,0015023,UNDER-CONSTRUCTION,26137239.64,,,2027-12-05,,2025-12-17,,,No,F. S. SCARBROUGH,2026-06-04
2026-06-05,0015042,UNDER-CONSTRUCTION,18183705.72,,,2026-07-30,,2026-03-11,,,No,Baldwin Paving Company,2026-06-04
2026-06-05,0015051,COMPLETED-CONSTRUCTION,28569824.36,,99.48,,,2021-06-18,,2025-06-19,No,C W Matthews Contracting,2026-06-04
2026-06-05,0015071,UNDER-CONSTRUCTION,10691844.02,,80.45,2026-03-25,,2024-04-10,,,No,IP CONSTRUCTION,2026-06-04
2026-06-05,0015072,COMPLETED-CONSTRUCTION,944712.5,,98.07,,2022-08-08,2021-08-25,,2022-07-08,No,THE L C WHITFORD CO INC,2026-06-04
2026-06-05,0015078,PRE-CONSTRUCTION,11007508.0,,,,,,,,No,,2026-06-04
2026-06-05,0015080,UNDER-CONSTRUCTION,14902392.99,,98.13,2023-11-04,,2022-08-15,,,No,C W Matthews Contracting,2026-06-04
2026-06-05,0015088,UNDER-CONSTRUCTION,4163751.0,,,2026-06-27,,2025-01-03,,,No,BACKBONE INFRASTRUCTURE,2026-06-04
2026-06-05,0015089,UNDER-CONSTRUCTION,52795778.59,,,,,,,,No,SUMMIT CST & DEVELOPMENT,2026-06-04
2026-06-05,0015090,UNDER-CONSTRUCTION,57470120.06,,,2028-10-26,,2025-11-19,,,No,WILSON CST MANAGEMENT LLC,2026-06-04
2026-06-05,0015095,UNDER-CONSTRUCTION,7168741.67,,,2025-07-24,,2023-08-02,,,No,SUMMIT CONSTRUCTION & DEV,2026-06-04
2026-06-05,0015096,UNDER-CONSTRUCTION,10655443.97,,84.44,2025-06-01,,2023-06-29,,,No,WRIGHT BROTHERS CST CO,2026-06-04
2026-06-05,0015097,UNDER-CONSTRUCTION,5740895.0,,,2024-09-14,,2022-12-16,,,No,CMES INC,2026-06-04
2026-06-05,0015099,COMPLETED-CONSTRUCTION,3011393.0,,100.0,,2021-11-19,2020-04-29,,2021-05-05,No,BROOKS BERRY HAYNIE&ASSOC,2026-06-04
2026-06-05,0015100,UNDER-CONSTRUCTION,6793478.619999999,,98.11,2026-04-30,,2024-07-05,,,No,WILLIAMS CONTRACTING CO,2026-06-04
2026-06-05,0015114,UNDER-CONSTRUCTION,11566728.72,,21.99,2027-07-31,,2025-08-01,,,No,REEVES CONSTRUCTION CO,2026-06-04
2026-06-05,0015127,PRE-CONSTRUCTION,56000000.0,,,,,,,,No,,2026-06-04
2026-06-05,0015128,PRE-CONSTRUCTION,16500000.0,,,,,,,,No,,2026-06-04
2026-06-05,0015129,PRE-CONSTRUCTION,15500000.0,,,,,,,,No,,2026-06-04
2026-06-05,0015130,PRE-CONSTRUCTION,15500000.0,,,,,,,,No,,2026-06-04
2026-06-05,0015131,PRE-CONSTRUCTION,60000000.0,,,,,,,,No,,2026-06-04
2026-06-05,0015143,COMPLETED-CONSTRUCTION,4112238.26,,100.0,,2020-10-27,2018-10-15,,2020-03-22,No,THE SCRUGGS COMPANY,2026-06-04
2026-06-05,0015145,PRE-CONSTRUCTION,41944478.21,,,,,,,,No,,2026-06-04
2026-06-05,0015147,PRE-CONSTRUCTION,3803400.0,,,,,,,,No,,2026-06-04
2026-06-05,0015151,PRE-CONSTRUCTION,4767196.18,,,,,,,,No,,2026-06-04
2026-06-05,0015156,PRE-CONSTRUCTION,4450000.0,,,,,,,,No,,2026-06-04
2026-06-05,0015157,PRE-CONSTRUCTION,11057339.0,,,,,,,,No,,2026-06-04
2026-06-05,0015158,COMPLETED-CONSTRUCTION,5000000.0,,99.89,,2020-07-20,2018-02-27,,2020-02-21,No,WRIGHT BROTHERS CST CO,2026-06-04
2026-06-05,0015159,COMPLETED-CONSTRUCTION,5000000.0,,99.89,,2020-07-20,2018-02-27,,2020-02-21,No,WRIGHT BROTHERS CST CO,2026-06-04
2026-06-05,0015160,COMPLETED-CONSTRUCTION,5000000.0,,99.89,,2020-07-20,2018-02-27,,2020-02-21,No,WRIGHT BROTHERS CST CO,2026-06-04
2026-06-05,0015161,COMPLETED-CONSTRUCTION,4221023.4,,99.89,,2020-07-20,2018-02-27,,2020-02-21,No,WRIGHT BROTHERS CST CO,2026-06-04
2026-06-05,0015194,COMPLETED-CONSTRUCTION,2828743.65,,90.09,,2021-03-04,2019-12-20,,2021-01-20,No,WILLIAMS POWER & SIGNAL,2026-06-04
2026-06-05,0015216,UNDER-CONSTRUCTION,1951922.33,,,,,,,,No,ER SNELL CONTRACTOR INC,2026-06-04
2026-06-05,0015217,UNDER-CONSTRUCTION,4985000.21,,,,,,,,No,DPR CONSTRUCTION,2026-06-04
2026-06-05,0015230,PRE-CONSTRUCTION,78871000.0,,,,,,,,No,,2026-06-04
2026-06-05,0015242,COMPLETED-CONSTRUCTION,2028643.26,,100.0,,2020-09-17,2018-12-07,,2019-12-30,No,HTS CONSTRUCTION INC,2026-06-04
2026-06-05,0015243,COMPLETED-CONSTRUCTION,620000.0,,100.0,,,2021-12-20,,2022-12-13,No,GRIFFIN-FOLSON CST LLC,2026-06-04
2026-06-05,0015245,COMPLETED-CONSTRUCTION,157010000.0,,100.0,2024-09-22,,2021-08-26,,2024-09-26,No,ER SNELL CONTRACTOR INC,2026-06-04
2026-06-05,0015248,PRE-CONSTRUCTION,147980927.03,,,,,,,,No,,2026-06-04
2026-06-05,0015249,PRE-CONSTRUCTION,184736597.46,,,,,,,,No,,2026-06-04
2026-06-05,0015250,PRE-CONSTRUCTION,141211916.34,,,,,,,,No,,2026-06-04
2026-06-05,0015251,PRE-CONSTRUCTION,260523747.91,,,,,,,,No,,2026-06-04
2026-06-05,0015252,PRE-CONSTRUCTION,108120318.67,,,,,,,,No,,2026-06-04
2026-06-05,0015269,COMPLETED-CONSTRUCTION,1471624.4300000002,,98.81,2020-09-01,2021-01-15,2019-09-20,,2020-10-31,No,TALLEY CST CO INC,2026-06-04
2026-06-05,0015271,COMPLETED-CONSTRUCTION,1797363.56,,99.27,,2020-12-07,2019-09-20,,2020-10-13,No,MASSANA INC,2026-06-04
2026-06-05,0015279,COMPLETED-CONSTRUCTION,13889477.65,,72.25,,2024-05-15,2022-03-22,,2024-04-16,No,LEWALLEN CST COMPANY INC,2026-06-04
2026-06-05,0015280,PRE-CONSTRUCTION,90602735.16,,,,,,,,No,,2026-06-04
2026-06-05,0015284,PRE-CONSTRUCTION,72394000.0,,,,,,,,No,,2026-06-04
2026-06-05,0015285,UNDER-CONSTRUCTION,3562144.05,,,2026-12-11,,2025-12-11,,,No,ALEXANDER CONTRACTING CO,2026-06-04
2026-06-05,0015287,UNDER-CONSTRUCTION,1560000.0,,,,,,,,No,EARTH - SCAPES INC,2026-06-04
2026-06-05,0015288,UNDER-CONSTRUCTION,3727091.21,,,2027-04-30,,2025-10-31,,,No,Excellere Construction,2026-06-04
2026-06-05,0015292,COMPLETED-CONSTRUCTION,1516376.04,,88.82000000000001,,2022-04-20,2017-07-21,,2020-02-26,No,ROBINSON PAVING COMPANY,2026-06-04
2026-06-05,0015306,UNDER-CONSTRUCTION,8470584.6,,,2026-01-10,,2024-07-17,,,No,JHC Corporation,2026-06-04
2026-06-05,0015314,COMPLETED-CONSTRUCTION,2803321.02,,95.95,,,2021-12-31,,2023-08-31,No,PITTMAN CONSTRUCTION CO,2026-06-04
2026-06-05,0015318,COMPLETED-CONSTRUCTION,4857144.4,,87.16,,,2022-06-03,,2024-05-12,No,BALDWIN PAVING CO INC,2026-06-04
2026-06-05,0015322,PRE-CONSTRUCTION,27987000.0,,,,,,,,No,,2026-06-04
2026-06-05,0015323,PRE-CONSTRUCTION,37087075.94,,,,,,,,No,,2026-06-04
2026-06-05,0015382,PRE-CONSTRUCTION,73255945.50999999,,,,,,,,No,,2026-06-04
2026-06-05,0015383,UNDER-CONSTRUCTION,227082.86,,,,,,,,No,,2026-06-04
2026-06-05,0015384,UNDER-CONSTRUCTION,150246.4,,,,,,,,No,,2026-06-04
2026-06-05,0015385,UNDER-CONSTRUCTION,51989.06,,,,,,,,No,,2026-06-04
2026-06-05,0015386,UNDER-CONSTRUCTION,103485.2,,,,,,,,No,,2026-06-04
2026-06-05,0015387,UNDER-CONSTRUCTION,64101.06,,,,,,,,No,,2026-06-04
2026-06-05,0015390,PRE-CONSTRUCTION,17351131.2,,,,,,,,No,,2026-06-04
2026-06-05,0015391,COMPLETED-CONSTRUCTION,3736000.0,,,2025-05-02,,2024-05-02,2025-08-27,2025-08-27,No,SOL CONSTRUCTION LLC,2026-06-04
2026-06-05,0015392,COMPLETED-CONSTRUCTION,1394000.0,,99.79,2024-06-01,2025-03-19,2022-11-18,2024-06-07,,No,BRIDGE CAPITAL INVESTMENT,2026-06-04
2026-06-05,0015394,UNDER-CONSTRUCTION,4735258.0,,,2026-11-07,,2025-06-02,,,No,HTS CONSTRUCTION INC,2026-06-04
2026-06-05,0015396,PRE-CONSTRUCTION,6536668.0,,,,,,,,No,,2026-06-04
2026-06-05,0015397,PRE-CONSTRUCTION,3332001.37,,,,,,,,No,,2026-06-04
2026-06-05,0015401,PRE-CONSTRUCTION,6930009.140000001,,,,,,,,No,,2026-06-04
2026-06-05,0015403,PRE-CONSTRUCTION,2730427.5,,,,,,,,No,,2026-06-04
2026-06-05,0015404,PRE-CONSTRUCTION,2425716.88,,,,,,,,No,,2026-06-04
2026-06-05,0015408,PRE-CONSTRUCTION,200000.0,,,,,,,,No,,2026-06-04
2026-06-05,0015409,PRE-CONSTRUCTION,200000.0,,,,,,,,No,,2026-06-04
2026-06-05,0015410,COMPLETED-CONSTRUCTION,264131.0,,100.0,,,2022-04-10,,2022-08-05,No,BLOUNT CONSTRUCTION,2026-06-04
2026-06-05,0015411,COMPLETED-CONSTRUCTION,196834.0,,100.0,,,2021-04-10,,2022-08-05,No,BLOUNT CONSTRUCTION,2026-06-04
2026-06-05,0015412,COMPLETED-CONSTRUCTION,1744609.23,,97.41,2021-05-25,2022-06-01,2020-05-22,,2021-06-27,No,ASTRA GROUP & AFFILIATES,2026-06-04
2026-06-05,0015413,PRE-CONSTRUCTION,9350000.0,,,,,,,,No,,2026-06-04
2026-06-05,0015414,COMPLETED-CONSTRUCTION,392674.97,,92.43,,2022-10-11,2021-05-21,,2022-07-31,No,Peek Pavement Marking LLC,2026-06-04
2026-06-05,0015415,COMPLETED-CONSTRUCTION,1674924.64,,99.25,,2023-07-19,2022-03-04,,2023-02-21,No,SOUTHERN CONCRETE CST CO,2026-06-04
2026-06-05,0015416,COMPLETED-CONSTRUCTION,1436092.75,,88.0,2022-11-22,2024-12-02,2022-03-04,,2023-03-31,No,WILLIAMS CONTRACTING CO,2026-06-04
2026-06-05,0015417,COMPLETED-CONSTRUCTION,2131734.73,,94.75,2023-08-31,,2022-07-01,2023-08-30,2023-08-29,No,MCCOY GRADING INC,2026-06-04
2026-06-05,0015418,COMPLETED-CONSTRUCTION,1660545.18,,97.44,2023-01-05,2023-06-12,2022-03-04,,2023-03-31,No,SOUTHERN CONCRETE CST CO,2026-06-04
2026-06-05,0015419,COMPLETED-CONSTRUCTION,2076340.78,,98.8,2023-10-31,2024-06-13,2022-07-01,2023-10-31,2023-10-31,No,SOUTHERN CONCRETE CST CO,2026-06-04
2026-06-05,0015420,COMPLETED-CONSTRUCTION,1686325.16,,97.82,2023-06-30,2023-11-30,2022-07-01,2023-06-30,,No,SOUTERN CONCRETE CST CO,2026-06-04
2026-06-05,0015421,COMPLETED-CONSTRUCTION,5001795.2,,96.58,2024-10-31,,2023-01-30,2024-10-31,,No,E R SNELL CONTRACTOR INC,2026-06-04
2026-06-05,0015422,PRE-CONSTRUCTION,930000.0,,,,,,,,No,,2026-06-04
2026-06-05,0015425,UNDER-CONSTRUCTION,4310821.279999999,,78.8,2025-10-11,,2024-04-05,,,No,SUMMIT CST & DEVELOPMENT,2026-06-04
2026-06-05,0015427,COMPLETED-CONSTRUCTION,1459454.17,,96.28,,2020-10-05,2018-04-20,,2020-02-28,No,BALDWIN PAVING CO INC,2026-06-04
2026-06-05,0015428,COMPLETED-CONSTRUCTION,1105752.52,,98.34,,2021-04-22,2018-04-20,,2019-10-31,No,BALDWIN PAVING CO INC,2026-06-04
2026-06-05,0015429,COMPLETED-CONSTRUCTION,2956877.1,,93.67,,2022-06-14,2018-04-20,,2022-02-21,No,BALDWIN PAVING CO INC,2026-06-04
2026-06-05,0015430,COMPLETED-CONSTRUCTION,1162898.44,,96.0,,2020-11-18,2018-04-20,,2020-03-27,No,WRIGHT BROTHERS CST CO,2026-06-04
2026-06-05,0015432,UNDER-CONSTRUCTION,4060984.35,,87.93,2026-02-01,,2023-09-01,,,No,BALDWIN PAVING CO INC,2026-06-04
2026-06-05,0015435,COMPLETED-CONSTRUCTION,498460.74,,96.94,,2020-08-04,2019-06-21,,2020-06-02,No,Moye Electric Company Inc,2026-06-04
2026-06-05,0015436,COMPLETED-CONSTRUCTION,15482215.75,,99.7,,2021-01-21,2017-06-16,,2020-03-28,No,GEORGIA BRIDGE & CONCRETE,2026-06-04
2026-06-05,0015439,UNDER-CONSTRUCTION,43659707.96,,45.65,2027-08-29,,2024-05-03,,,No,E R SNELL CONTRACTOR INC,2026-06-04
2026-06-05,0015440,COMPLETED-CONSTRUCTION,1120583.4200000002,,96.06,,2019-09-04,2018-06-22,,2019-06-30,No,SOUTHERN CONCRETE CST CO,2026-06-04
2026-06-05,0015441,COMPLETED-CONSTRUCTION,1101240.37,,99.37,2020-05-23,2019-11-01,2018-04-20,,2019-06-12,No,UNDERGROUND EXCAVATING,2026-06-04
2026-06-05,0015445,UNDER-CONSTRUCTION,14275541.22,,79.62,2029-03-31,,2025-07-04,,,No,REAMES & SON CST CO INC,2026-06-04
2026-06-05,0015447,COMPLETED-CONSTRUCTION,1421499.23,,92.63,,,2019-10-18,,2023-10-25,No,CARLSON CST SERVICES LLC,2026-06-04
2026-06-05,0015475,PRE-CONSTRUCTION,3849704.4,,,,,,,,No,,2026-06-04
2026-06-05,0015478,UNDER-CONSTRUCTION,54863659.73,,15.19,2028-08-31,,2025-07-03,,,No,GRIFFIN GRADING &CONCRETE,2026-06-04
2026-06-05,0015517,PRE-CONSTRUCTION,9147625.78,,,,,,,,No,,2026-06-04
2026-06-05,0015519,COMPLETED-CONSTRUCTION,2070048.35,,95.5,2020-02-11,,2018-11-30,,2020-09-11,No,GA BRIDGE & CONCRETE LLC,2026-06-04
2026-06-05,0015520,COMPLETED-CONSTRUCTION,1416691.39,,96.03,2019-12-14,2020-04-09,2018-11-30,,2020-03-17,No,TALLEY CST COMPANY INC,2026-06-04
2026-06-05,0015522,COMPLETED-CONSTRUCTION,1525356.72,,99.98,2019-03-03,2019-09-18,2018-06-22,,2019-06-30,No,E R SNELL CONTRACTOR INC,2026-06-04
2026-06-05,0015523,COMPLETED-CONSTRUCTION,8095142.5,,99.42,,,2017-07-21,,2020-10-16,No,UNITED INFRASTRUCTURE GRP,2026-06-04
2026-06-05,0015524,COMPLETED-CONSTRUCTION,9289604.39,,99.08,2020-03-13,2021-06-21,2017-07-21,,2020-09-16,No,UNITED INFRASTRUCTURE GRP,2026-06-04
2026-06-05,0015530,UNDER-CONSTRUCTION,5006268.51,,,2026-08-19,,2025-09-17,,,No,SOUTHEASTERN DEVELOPMENT,2026-06-04
2026-06-05,0015532,COMPLETED-CONSTRUCTION,7185815.44,,97.21,,,2022-06-03,,2025-01-03,No,VERTIAL EARTH INC,2026-06-04
2026-06-05,0015533,COMPLETED-CONSTRUCTION,5564849.85,,93.75,2023-01-12,2023-08-02,2021-06-18,,2023-05-02,No,TALLETY CST CO INC,2026-06-04
2026-06-05,0015534,UNDER-CONSTRUCTION,15623639.03,,53.55,2027-04-25,,2023-05-09,,,No,C W Matthews Contracting,2026-06-04
2026-06-05,0015535,UNDER-CONSTRUCTION,9853373.0,,53.55,2027-04-25,,2023-05-09,,,No,C W Matthews Contracting,2026-06-04
2026-06-05,0015536,COMPLETED-CONSTRUCTION,9015062.27,,91.85,2024-11-17,,2022-08-05,2024-11-15,2024-11-17,Yes,Southeastern Site Develop,2026-06-04
2026-06-05,0015537,COMPLETED-CONSTRUCTION,12680902.65,,81.71000000000001,,,2022-04-01,,2024-09-10,No,WRIGHT BROTHERS CST CO,2026-06-04
2026-06-05,0015538,COMPLETED-CONSTRUCTION,11698997.91,,95.55,2026-04-30,,2023-11-03,2026-04-30,,No,WRIGHT BROTHERS CST CO,2026-06-04
2026-06-05,0015539,COMPLETED-CONSTRUCTION,6602690.95,,88.36,2024-07-09,,2022-07-01,2024-04-02,2024-04-02,No,C W Matthews Contracting,2026-06-04
2026-06-05,0015540,COMPLETED-CONSTRUCTION,4829785.220000001,,96.1,2024-12-28,,2023-08-04,2024-12-27,,No,GRIFFIN GRADING &CONCRETE,2026-06-04
2026-06-05,0015541,UNDER-CONSTRUCTION,6878672.39,,99.05,2026-03-31,,2024-02-02,,,No,TALLEY CST CO INC,2026-06-04
2026-06-05,0015542,PRE-CONSTRUCTION,2240000.0,,,,,,,,No,,2026-06-04
2026-06-05,0015543,UNDER-CONSTRUCTION,13651901.37,,96.82,2025-10-04,,2023-01-13,,,No,E R SNELL CONTRACTOR INC,2026-06-04
2026-06-05,0015544,UNDER-CONSTRUCTION,11502485.92,,91.08,2026-05-31,,2023-04-14,,,No,C W Matthews Contracting,2026-06-04
2026-06-05,0015546,PRE-CONSTRUCTION,46571442.46,,,,,,,,No,,2026-06-04
2026-06-05,0015547,COMPLETED-CONSTRUCTION,6369983.65,,99.6,2025-07-11,,2023-05-04,2025-07-11,,No,E R SNELL CONTRACTOR INC,2026-06-04
2026-06-05,0015553,UNDER-CONSTRUCTION,12777500.13,,11.88,2028-03-31,,2025-08-01,,,No,SOUTHEASTERN SITE DEV INC,2026-06-04
2026-06-05,0015554,COMPLETED-CONSTRUCTION,7993198.95,,93.98,,,2022-04-01,,2025-06-02,No,CLEARWATER CST INC,2026-06-04
2026-06-05,0015555,PRE-CONSTRUCTION,2476184.77,,,,,,,,No,,2026-06-04
2026-06-05,0015556,COMPLETED-CONSTRUCTION,6435918.61,,99.77,2024-12-02,,2023-03-31,2024-11-20,,No,VERTICAL EARTH INC,2026-06-04
2026-06-05,0015557,COMPLETED-CONSTRUCTION,8209747.78,,89.76,2025-08-31,,2023-12-29,2026-02-18,,No,GA BRIDGE & CONCRETE LLC,2026-06-04
2026-06-05,0015558,COMPLETED-CONSTRUCTION,4749488.02,,99.28,2024-03-31,,2022-09-02,2024-05-01,2024-05-23,No,WILLIAMS CONTRACTING CO,2026-06-04
2026-06-05,0015559,PRE-CONSTRUCTION,49242066.33,,,,,,,,No,,2026-06-04
2026-06-05,0015561,COMPLETED-CONSTRUCTION,7484801.12,,96.68,2024-07-24,,2022-08-05,2024-07-24,,No,C W Matthews Contracting,2026-06-04
2026-06-05,0015563,COMPLETED-CONSTRUCTION,5484491.5600000005,,94.98,,,2022-02-04,,2023-09-24,No,Southeastern Site Develop,2026-06-04
2026-06-05,0015564,COMPLETED-CONSTRUCTION,2230617.35,,94.41,2023-03-02,,2022-02-04,,2023-05-22,No,WILLIAMS CONTRACTING CO,2026-06-04
2026-06-05,0015565,COMPLETED-CONSTRUCTION,3095354.06,,95.5,2023-05-06,,2022-02-04,,2023-07-13,No,Southeastern Site Develop,2026-06-04
2026-06-05,0015566,COMPLETED-CONSTRUCTION,3631160.08,,98.13,2024-12-01,,2023-10-06,2024-11-29,,No,GRIFFIN GRADING &CONCRETE,2026-06-04
2026-06-05,0015567,COMPLETED-CONSTRUCTION,6424994.08,,96.82,2025-06-05,,2023-04-26,2025-05-30,,No,TALLEY CST CO INC,2026-06-04
2026-06-05,0015568,COMPLETED-CONSTRUCTION,4531563.33,,95.63,2024-10-13,,2023-06-30,2024-12-17,,No,C & S CONTRACTING CO LLC,2026-06-04
2026-06-05,0015575,PRE-CONSTRUCTION,112292000.0,,,,,,,,No,,2026-06-04
2026-06-05,0015576,PRE-CONSTRUCTION,129593000.0,,,,,,,,No,,2026-06-04
2026-06-05,0015580,COMPLETED-CONSTRUCTION,10950274.47,,,,2020-11-19,,,,No,REEVES CONSTRUCTION CO,2026-06-04
2026-06-05,0015581,COMPLETED-CONSTRUCTION,1163342.33,,94.52,2020-05-13,2020-09-24,2019-05-17,,2020-08-10,No,SOUTHERN CONCRETE CST CO,2026-06-04
2026-06-05,0015582,COMPLETED-CONSTRUCTION,1474579.13,,97.76,2019-11-05,2020-04-30,2019-01-18,,2019-10-30,No,GREGORY BRIDGE COMPANY,2026-06-04
2026-06-05,0015583,COMPLETED-CONSTRUCTION,1441391.07,,98.51,,2020-08-20,2019-05-17,,2020-05-16,No,Southeastern Site Develop,2026-06-04
2026-06-05,0015589,COMPLETED-CONSTRUCTION,4648927.63,,84.01,,2022-08-15,2020-11-20,,2022-01-26,No,APAC-ATLANTIC INC,2026-06-04
2026-06-05,0015590,COMPLETED-CONSTRUCTION,3289127.72,,83.93,,2021-10-29,2019-05-17,,2021-03-16,No,EAST COAST ASPHALT LLC,2026-06-04
2026-06-05,0015591,UNDER-CONSTRUCTION,7266249.54,,6.38,2027-05-31,,2025-04-04,,,No,BARTOW PAVING COMPANY INC,2026-06-04
2026-06-05,0015592,COMPLETED-CONSTRUCTION,5995208.66,,87.05,2026-02-28,,2023-09-01,2025-03-19,,No,E R SNELL CONTRACTOR INC,2026-06-04
2026-06-05,0015593,UNDER-CONSTRUCTION,7007415.83,,4.67,2027-08-31,,2025-07-04,,,No,SD & C INC,2026-06-04
2026-06-05,0015598,COMPLETED-CONSTRUCTION,4000248.46,,95.31,2025-08-31,,2023-06-30,2025-09-30,,No,MASSANA CONSTRUCTION INC,2026-06-04
2026-06-05,0015601,COMPLETED-CONSTRUCTION,4142795.95,,99.91,2025-01-17,,2023-10-06,2025-01-17,,No,SOUTHERN CONCRETE CST CO,2026-06-04
2026-06-05,0015602,COMPLETED-CONSTRUCTION,5556455.47,,93.53,2025-09-27,,2024-02-02,2026-04-15,,No,GREGORY BRIDGE COMPANY,2026-06-04
2026-06-05,0015603,COMPLETED-CONSTRUCTION,5408531.21,,98.94,2025-04-30,,2023-11-03,2025-04-30,,No,SOUTHERN CONCRETE CST CO,2026-06-04
2026-06-05,0015604,UNDER-CONSTRUCTION,6696937.33,,70.08,2027-03-31,,2024-12-06,,,No,WILLIAMS CONTRACTING CO,2026-06-04
2026-06-05,0015606,UNDER-CONSTRUCTION,10730257.48,,71.21000000000001,,,2018-07-30,,,No,C W Matthews Contracting,2026-06-04
2026-06-05,0015608,COMPLETED-CONSTRUCTION,4130342.57,,97.8,2025-07-31,,2024-04-05,2025-07-30,,No,GA BRIDGE & CONCRETE LLC,2026-06-04
2026-06-05,0015609,COMPLETED-CONSTRUCTION,3948267.69,,97.79,2024-09-09,,2023-06-30,2024-09-10,,No,C & S CONTRACTING CO LLC,2026-06-04
2026-06-05,0015610,COMPLETED-CONSTRUCTION,3305040.94,,,2024-06-30,2024-11-21,2023-08-04,2024-06-25,,No,WILLIAMS CONTRACTING CO,2026-06-04
2026-06-05,0015611,COMPLETED-CONSTRUCTION,2744353.9299999997,,99.08,2025-03-31,,2023-11-03,2025-03-31,,No,WILLIAMS CONTRACTING CO,2026-06-04
2026-06-05,0015613,COMPLETED-CONSTRUCTION,7978191.41,,100.07,2025-10-31,,2023-12-29,2026-04-02,,No,GREGORY BRIDGE COMPANY,2026-06-04
2026-06-05,0015614,UNDER-CONSTRUCTION,7395903.59,,,2027-04-30,,2025-12-05,,,No,GRIFFIN GRADING &CONCRETE,2026-06-04
2026-06-05,0015615,COMPLETED-CONSTRUCTION,5278573.8,,96.32,2025-10-31,,2023-11-03,2025-12-17,,No,MCCOY GRADING INC,2026-06-04
2026-06-05,0015617,UNDER-CONSTRUCTION,17200496.77,,98.25,2026-08-31,,2024-06-05,,,No,SOUTHERN CONCRETE CST CO,2026-06-04
2026-06-05,0015618,UNDER-CONSTRUCTION,7837909.12,,38.19,2026-05-31,,2024-05-31,,,No,F S SCARBROUGH LLC,2026-06-04
2026-06-05,0015619,COMPLETED-CONSTRUCTION,3505688.33,,99.11,2024-05-23,,2023-05-05,2024-05-23,,No,SOUTHERN CONCRETE CST CO,2026-06-04
2026-06-05,0015620,COMPLETED-CONSTRUCTION,3236687.21,,99.36,2024-12-30,2025-03-06,2023-09-01,2024-12-30,2024-12-30,No,SOUTHERN CONCRETE CST CO,2026-06-04
2026-06-05,0015621,COMPLETED-CONSTRUCTION,6568080.390000001,,90.49,2025-03-31,,2023-12-29,2026-03-17,,No,GREGORY BRIDGE COMPANY,2026-06-04
2026-06-05,0015622,COMPLETED-CONSTRUCTION,4908288.27,,96.26,2024-10-21,,2023-09-01,2025-03-26,,No,GREGORY BRIDGE COMPANY,2026-06-04
2026-06-05,0015623,COMPLETED-CONSTRUCTION,2259437.83,,97.15,2024-05-31,,2023-06-02,2024-05-31,,No,UNITED INFRASTRUCTURE GRP,2026-06-04
2026-06-05,0015624,UNDER-CONSTRUCTION,4872033.12,,,2028-03-01,,2026-03-06,,,No,SD & C INC,2026-06-04
2026-06-05,0015629,COMPLETED-CONSTRUCTION,7191195.970000001,,92.52,2024-08-28,,2022-08-10,2025-02-28,2024-08-28,No,WILSON CST MANAGEMENT LLC,2026-06-04
2026-06-05,0015631,COMPLETED-CONSTRUCTION,3757109.78,,97.6,2025-04-30,,2022-12-02,2025-04-29,2025-04-22,No,MCCOY GRADING INC,2026-06-04
2026-06-05,0015636,COMPLETED-CONSTRUCTION,2872671.9,,99.83,2025-10-31,,2024-08-02,2025-09-22,,No,TALLEY CST CO INC,2026-06-04
2026-06-05,0015640,COMPLETED-CONSTRUCTION,3308538.0,,99.95,2025-10-31,,2024-08-02,2025-10-31,,No,SOUTHERN CONCRETE CST CO,2026-06-04
2026-06-05,0015641,COMPLETED-CONSTRUCTION,3486125.33,,95.94,2025-02-28,,2023-12-29,2025-02-28,,No,UNDERGROUND EXCAVATING,2026-06-04
2026-06-05,0015642,UNDER-CONSTRUCTION,4026647.85,,86.91,2026-01-01,,2023-01-06,,,No,WILLIAMS CONTRACTING CO,2026-06-04
2026-06-05,0015645,COMPLETED-CONSTRUCTION,4519519.1,,90.03,2026-03-31,,2024-11-01,2026-03-31,,No,GA BRIDGE & CONCRETE LLC,2026-06-04
2026-06-05,0015646,UNDER-CONSTRUCTION,5842709.92,,9.0,2024-12-31,,2023-06-30,,,No,E R SNELL CONTRACTOR INC,2026-06-04
2026-06-05,0015647,COMPLETED-CONSTRUCTION,4285831.08,,87.07000000000001,2026-04-09,,2023-08-04,2025-08-14,,No,Southeastern Site Develop,2026-06-04
2026-06-05,0015651,COMPLETED-CONSTRUCTION,3280026.69,,98.83,2024-11-30,,2023-10-06,2024-11-27,,No,GRIFFIN GRADING &CONCRETE,2026-06-04
2026-06-05,0015652,UNDER-CONSTRUCTION,4839346.76,,48.92,2025-07-31,,2023-12-01,,,No,C W Matthews Contracting,2026-06-04
2026-06-05,0015653,UNDER-CONSTRUCTION,4420950.76,,10.53,2027-04-30,,2025-10-31,,,No,BACKBONE INFRASTRUCTURE,2026-06-04
2026-06-05,0015656,COMPLETED-CONSTRUCTION,4744132.32,,95.64,2025-12-31,,2024-08-02,2025-12-31,2026-01-20,No,E R SNELL CONTRACTOR INC,2026-06-04
2026-06-05,0015658,PRE-CONSTRUCTION,3549483.59,,,,,,,,No,,2026-06-04
2026-06-05,0015664,PRE-CONSTRUCTION,17238437.0,,,,,,,,No,,2026-06-04
2026-06-05,0015667,PRE-CONSTRUCTION,5567579.18,,,,,,,,No,,2026-06-04
2026-06-05,0015668,COMPLETED-CONSTRUCTION,1016431.08,,94.62,,2023-01-05,2020-10-16,,2022-06-08,No,CARLSON CST SERVICES LLC,2026-06-04
2026-06-05,0015670,COMPLETED-CONSTRUCTION,10260251.27,,95.67,2025-02-08,,2022-08-05,2026-02-09,,No,C W Matthews Contracting,2026-06-04
2026-06-05,0015672,COMPLETED-CONSTRUCTION,4799827.529999999,,92.8,2025-01-31,,2023-06-30,2025-01-31,,No,E R SNELL CONTRACTOR INC,2026-06-04
2026-06-05,0015675,UNDER-CONSTRUCTION,3703148.32,,,2027-04-30,,2026-02-06,,,No,J A LONG INC,2026-06-04
2026-06-05,0015678,COMPLETED-CONSTRUCTION,4400807.69,,93.24,,,2022-06-03,,2024-04-26,No,E R SNELL CONTRACTOR INC,2026-06-04
2026-06-05,0015679,UNDER-CONSTRUCTION,6565688.42,,20.37,2026-05-15,,2023-10-06,,,No,C W Matthews Contracting,2026-06-04
2026-06-05,0015682,PRE-CONSTRUCTION,5900000.0,,,,,,,,No,,2026-06-04
2026-06-05,0015686,COMPLETED-CONSTRUCTION,8152086.9,,96.43,2025-10-10,,2022-09-30,2025-10-10,,No,C W Matthews Contracting,2026-06-04
2026-06-05,0015687,UNDER-CONSTRUCTION,5131926.12,,21.85,2026-09-30,,2024-11-01,,,No,C W Matthews Contracting,2026-06-04
2026-06-05,0015688,UNDER-CONSTRUCTION,5311098.720000001,,85.04,2026-05-31,,2024-08-30,,,No,E R SNELL CONTRACTOR INC,2026-06-04
2026-06-05,0015689,UNDER-CONSTRUCTION,5028444.15,,68.02,2026-08-31,,2024-08-30,,,No,CMES INC,2026-06-04
2026-06-05,0015690,PRE-CONSTRUCTION,9676786.89,,,,,,,,No,,2026-06-04
2026-06-05,0015692,COMPLETED-CONSTRUCTION,5177073.3,,95.37,2025-09-11,,2023-06-30,2025-09-04,,No,C W Matthews Contracting,2026-06-04
2026-06-05,0015694,COMPLETED-CONSTRUCTION,4759584.859999999,,97.55,2026-04-16,,2024-08-30,,2026-04-10,No,VERTICAL EARTH INC,2026-06-04
2026-06-05,0015696,PRE-CONSTRUCTION,4760903.21,,,,,,,,No,,2026-06-04
2026-06-05,0015699,COMPLETED-CONSTRUCTION,254781.17,,81.9,,2021-11-29,2020-07-27,,2021-11-05,No,BROOKS BERRY HAYNIE&ASSOC,2026-06-04
2026-06-05,0015701,PRE-CONSTRUCTION,1628000.0,,,,,,,,No,,2026-06-04
2026-06-05,0015702,UNDER-CONSTRUCTION,6751138.07,,48.51,2027-05-31,,2025-03-07,,,No,OHMSHIV CONSTRUCTION LLC,2026-06-04
2026-06-05,0015703,COMPLETED-CONSTRUCTION,3467877.82,,96.25,,,2022-02-04,,2023-04-30,No,KNIGHT & ASSOCIATES INC,2026-06-04
2026-06-05,0015704,PRE-CONSTRUCTION,45108450.27,,,,,,,,No,,2026-06-04
2026-06-05,0015724,COMPLETED-CONSTRUCTION,1242157.31,,100.0,,,2021-10-22,,2022-07-29,No,UNDERGROUND EXCAVATING,2026-06-04
2026-06-05,0015729,COMPLETED-CONSTRUCTION,262513.43,,92.06,,2019-07-01,2018-06-22,,2019-06-17,No,Peek Pavement Marking LLC,2026-06-04
2026-06-05,0015730,COMPLETED-CONSTRUCTION,229340.9,,92.18,,2019-12-26,2018-05-18,,2019-08-22,No,ROADSIDE SPECIALTIES LLC,2026-06-04
2026-06-05,0015737,COMPLETED-CONSTRUCTION,1281445.7100000002,,99.67,,2020-10-09,2019-01-18,,2019-10-31,No,SOUTHERN CONCRETE CST LLC,2026-06-04
2026-06-05,0015738,COMPLETED-CONSTRUCTION,818069.11,,100.0,,,2019-01-18,,2020-01-02,No,SOUTHERN CONCRETE CST CO,2026-06-04
2026-06-05,0015739,COMPLETED-CONSTRUCTION,738472.27,,97.4,,2020-10-09,2019-01-18,,2019-10-31,No,SOUTHERN CONCRETE CST CO,2026-06-04
2026-06-05,0015740,COMPLETED-CONSTRUCTION,395577.2,,98.51,,2019-07-25,2018-06-22,,2019-06-30,No,Peek Pavement Marking LLC,2026-06-04
2026-06-05,0015744,COMPLETED-CONSTRUCTION,162845.34,,95.43,,2020-06-05,2019-06-21,,2020-03-31,No,DEANGELO BROTHERS LLC,2026-06-04
2026-06-05,0015745,COMPLETED-CONSTRUCTION,381786.03,,95.17,,2019-09-19,2018-06-22,,2019-07-22,No,DEANGELO BROTHERS LLC,2026-06-04
2026-06-05,0015746,COMPLETED-CONSTRUCTION,705741.86,,95.43,,2020-06-05,2019-06-21,,2020-03-31,No,DEANGELO BROTHERS LLC,2026-06-04
2026-06-05,0015747,COMPLETED-CONSTRUCTION,163374.96,,62.940000000000005,,2019-11-21,2018-06-22,,2019-07-15,No,ROADSAFE TRAFFIC SYSTEMS,2026-06-04
2026-06-05,0015748,COMPLETED-CONSTRUCTION,224700.45,,98.67,,2020-03-11,2019-06-21,,2020-01-31,No,OHMSHIV CONSTRUCTION LLC,2026-06-04
2026-06-05,0015749,COMPLETED-CONSTRUCTION,53797.79,,62.940000000000005,,2019-11-21,2018-06-22,,2019-07-15,No,ROADSAFE TRAFFIC SYSTEMS,2026-06-04
2026-06-05,0015751,COMPLETED-CONSTRUCTION,554557.1100000001,,94.73,,2022-11-07,2021-02-19,,2021-11-30,No,E & D CONTRACTING SVCS,2026-06-04
2026-06-05,0015759,COMPLETED-CONSTRUCTION,2065631.76,,85.72,,2021-08-18,2019-08-16,,2020-11-12,No,EVERETT DYKES GRASSING CO,2026-06-04
2026-06-05,0015760,COMPLETED-CONSTRUCTION,610086.28,,100.0,,2021-02-26,2018-10-05,,2020-10-31,No,MID-STATES STRIPING INC,2026-06-04
2026-06-05,0015764,COMPLETED-CONSTRUCTION,981074.01,,91.94,2020-05-06,2021-09-23,2019-06-21,,2020-05-05,No,GREGORY BRIDGE COMPANY,2026-06-04
2026-06-05,0015765,COMPLETED-CONSTRUCTION,1076613.97,,98.49,,2021-02-26,2019-06-21,,2020-06-30,No,CARLSON CST SERVICES INC,2026-06-04
2026-06-05,0015766,COMPLETED-CONSTRUCTION,1384622.41,,89.06,,2020-10-27,2019-06-21,,2020-09-14,No,CARLSON CST SERVICES INC,2026-06-04
2026-06-05,0015767,COMPLETED-CONSTRUCTION,1342791.35,,99.93,,2020-08-20,2019-02-22,,2020-04-30,No,SOUTHERN CONCRETE CST CO,2026-06-04
2026-06-05,0015773,COMPLETED-CONSTRUCTION,574213.78,,94.76,,,2019-02-22,,2020-01-28,No,LITTLEFIELD CST CO,2026-06-04
2026-06-05,0015774,COMPLETED-CONSTRUCTION,2080098.83,,79.76,,2023-05-09,2021-02-19,,2022-04-30,No,SUMMIT CST & DEVELOPMENT,2026-06-04
2026-06-05,0015779,COMPLETED-CONSTRUCTION,1123821.64,,95.82,,2020-09-24,2019-05-17,,2020-07-13,No,Peek Pavement Marking LLC,2026-06-04
2026-06-05,0015780,COMPLETED-CONSTRUCTION,2754056.74,,88.79,,2021-04-07,2019-05-17,,2020-10-01,No,SOUTHERN STATES PAVEMENT,2026-06-04
2026-06-05,0015781,COMPLETED-CONSTRUCTION,1463431.28,,99.9,,2020-11-10,2019-05-17,,2020-06-29,No,Peek Pavement Marking LLC,2026-06-04
2026-06-05,0015782,COMPLETED-CONSTRUCTION,1575833.51,,98.85,,2020-11-17,2019-10-18,,2020-09-30,No,Peek Pavement Marking LLC,2026-06-04
2026-06-05,0015783,COMPLETED-CONSTRUCTION,1957602.23,,97.81,,2021-02-26,2019-12-20,,2021-01-19,No,Peek Pavement Marking LLC,2026-06-04
2026-06-05,0015784,COMPLETED-CONSTRUCTION,1471199.35,,93.51,,2020-10-16,2019-05-17,,2020-07-20,No,Peek Pavement Marking LLC,2026-06-04
2026-06-05,0015786,COMPLETED-CONSTRUCTION,705225.98,,87.95,,2022-01-04,2020-11-20,,2021-11-30,No,JHC Corporation,2026-06-04
2026-06-05,0015802,COMPLETED-CONSTRUCTION,3040596.52,,100.0,,2023-03-24,2021-03-11,,2022-05-06,No,THE SCRUGGS COMPANY,2026-06-04
2026-06-05,0015803,COMPLETED-CONSTRUCTION,2368311.73,,96.18,2020-09-23,2021-02-26,2019-12-20,,2020-12-08,No,E R SNELL CONTRACTOR INC,2026-06-04
2026-06-05,0015804,COMPLETED-CONSTRUCTION,1279496.25,,95.06,2020-07-07,2021-04-29,2019-11-22,,2020-10-16,No,GREGORY BRIDGE COMPANY,2026-06-04
2026-06-05,0015805,COMPLETED-CONSTRUCTION,1929463.8,,98.6,,2021-12-06,2019-12-20,,2021-01-23,No,MCCOY GRADING INC,2026-06-04
2026-06-05,0015806,COMPLETED-CONSTRUCTION,1150881.11,,99.19,2021-06-02,2021-10-14,2020-04-17,,2021-05-10,No,GREGORY BRIDGE COMPANY,2026-06-04
2026-06-05,0015814,COMPLETED-CONSTRUCTION,2183294.04,,80.83,,2022-10-18,2021-05-21,,2022-08-08,No,RMD HOLDINGS LTD,2026-06-04
2026-06-05,0015823,COMPLETED-CONSTRUCTION,3659195.17,,93.74,2024-12-08,2026-02-16,2022-08-05,2024-12-08,2024-12-08,No,C W Matthews Contracting,2026-06-04
2026-06-05,0015844,PRE-CONSTRUCTION,7621233.39,,,,,,,,No,,2026-06-04
2026-06-05,0015878,COMPLETED-CONSTRUCTION,14459183.26,,87.21000000000001,,,2022-04-06,,2025-04-18,No,PITTMAN CONSTRUCTION CO,2026-06-04
2026-06-05,0015881,UNDER-CONSTRUCTION,396073.57,,,,2021-03-03,,,,No,NORFOLK SOUTHERN CORP,2026-06-04
2026-06-05,0015882,UNDER-CONSTRUCTION,5834948.3,,39.48,2027-03-31,,2025-05-30,,,No,E R SNELL CONTRACTOR INC,2026-06-04
2026-06-05,0015883,COMPLETED-CONSTRUCTION,4603819.77,,95.7,2022-04-30,2023-06-15,2020-08-21,,2023-01-19,No,OHMSHIV CONSTRUCTION LLC,2026-06-04
2026-06-05,0015890,UNDER-CONSTRUCTION,5855180.44,,,2026-09-19,,2024-06-04,,,No,FS SCARBROUGH LLC,2026-06-04
2026-06-05,0015912,COMPLETED-CONSTRUCTION,12513751.26,,100.0,,,2018-07-06,,2021-07-16,No,WRIGHT BROTHERS CST CO,2026-06-04
2026-06-05,0015913,COMPLETED-CONSTRUCTION,10474277.0,,99.83,2021-01-13,,2018-07-06,,2021-05-16,No,Southeastern Site Develop,2026-06-04
2026-06-05,0015916,UNDER-CONSTRUCTION,8879482.66,,14.29,2029-03-31,,2025-08-01,,,No,VERTICAL EARTH INC,2026-06-04
2026-06-05,0015918,PRE-CONSTRUCTION,7080260.33,,,,,,,,No,,2026-06-04
2026-06-05,0015919,PRE-CONSTRUCTION,16340217.68,,,,,,,,No,,2026-06-04
2026-06-05,0015920,COMPLETED-CONSTRUCTION,763560.34,,94.59,,2022-04-26,2020-04-17,,2021-03-06,No,Southeastern Site Develop,2026-06-04
2026-06-05,0015922,COMPLETED-CONSTRUCTION,404232.38,,99.92,,2022-01-12,2021-02-19,,2021-11-15,No,SUMMIT CST & DEVELOPMENT,2026-06-04
2026-06-05,0015923,UNDER-CONSTRUCTION,1332132.23,,,,,,,,No,WILSON CST MANAGEMENT LLC,2026-06-04
2026-06-05,0015925,PRE-CONSTRUCTION,9513000.0,,,,,,,,No,,2026-06-04
2026-06-05,0015926,COMPLETED-CONSTRUCTION,1122050.58,,98.64,2020-06-18,2020-08-25,2019-11-22,,2020-07-07,No,TALLEY CST CO INC,2026-06-04
2026-06-05,0015927,COMPLETED-CONSTRUCTION,2029172.05,,98.71,2021-07-01,2021-09-23,2020-09-18,,2021-07-26,No,TALLEY CST CO INC,2026-06-04
2026-06-05,0015928,COMPLETED-CONSTRUCTION,1678672.23,,97.85,2021-10-07,2021-11-01,2020-09-18,,2021-09-30,No,TALLEY CST CO INC,2026-06-04
2026-06-05,0015929,COMPLETED-CONSTRUCTION,902738.94,,92.61,2020-07-07,2020-08-25,2019-09-20,,2020-07-30,No,E R SNELL CONTRACTOR INC,2026-06-04
2026-06-05,0015930,COMPLETED-CONSTRUCTION,1694873.69,,91.37,2021-07-20,2023-02-10,2020-08-21,,2022-02-18,No,WILLIAMS CONTRACTING CO,2026-06-04
2026-06-05,0015948,COMPLETED-CONSTRUCTION,1228930.24,,94.68,,2020-11-10,2020-02-21,,2020-10-19,No,GREGORY BRIDGE COMPANY,2026-06-04
2026-06-05,0015951,PRE-CONSTRUCTION,445000.0,,,,,,,,No,,2026-06-04
2026-06-05,0015955,UNDER-CONSTRUCTION,16571852.72,,58.46,2027-03-31,,2024-10-09,,,No,GRIFFIN GRADING &CONCRETE,2026-06-04
2026-06-05,0015956,PRE-CONSTRUCTION,10186885.53,,,,,,,,No,,2026-06-04
2026-06-05,0015957,PRE-CONSTRUCTION,1000000.0,,,,,,,,No,,2026-06-04
2026-06-05,0015960,PRE-CONSTRUCTION,5319000.0,,,,,,,,No,,2026-06-04
2026-06-05,0015962,COMPLETED-CONSTRUCTION,1132634.74,,97.07,2020-09-27,2021-05-06,2020-01-17,,2021-04-30,No,Baldwin Paving Company,2026-06-04
2026-06-05,0015963,COMPLETED-CONSTRUCTION,1153994.88,,81.89,,,2019-09-20,,2020-07-31,No,TALLEY CST CO INC,2026-06-04
2026-06-05,0015976,COMPLETED-CONSTRUCTION,1010000.0,,,,2020-07-20,,,,No,Beams Contracting,2026-06-04
2026-06-05,0015983,UNDER-CONSTRUCTION,14468580.77,,36.44,2027-06-15,,2024-08-02,,,No,CMES INC,2026-06-04
2026-06-05,0015984,PRE-CONSTRUCTION,28209000.0,,,,,,,,No,,2026-06-04
2026-06-05,0015985,PRE-CONSTRUCTION,7600000.0,,,,,,,,No,,2026-06-04
2026-06-05,0015997,UNDER-CONSTRUCTION,12458250.0,,,2025-02-12,,2023-03-06,,,No,ASTRA GROUP LLC,2026-06-04
2026-06-05,0015998,COMPLETED-CONSTRUCTION,13053281.26,,87.98,2026-01-29,,2024-03-01,2025-08-30,,No,BALDWIN PAVING CO INC,2026-06-04
2026-06-05,0015999,UNDER-CONSTRUCTION,14337090.62,,,2027-04-04,,2025-05-28,,,No,P2K,2026-06-04
2026-06-05,0016000,COMPLETED-CONSTRUCTION,4724368.38,,95.67,2025-02-08,,2022-08-05,2026-02-09,,No,C W Matthews Contracting,2026-06-04
2026-06-05,0016004,COMPLETED-CONSTRUCTION,449627.88,,96.01,,2020-08-20,2019-06-21,,2020-06-30,No,MID-STATES STRIPING INC,2026-06-04
2026-06-05,0016006,COMPLETED-CONSTRUCTION,182057.61,,87.36,,2020-12-18,2019-06-21,,2020-11-18,No,ROADSCAPE NORTH FLORIDA,2026-06-04
2026-06-05,0016014,COMPLETED-CONSTRUCTION,467086.51,,89.18,,2020-10-16,2019-06-21,,2020-06-30,No,MID-STATES STRIPING INC,2026-06-04
2026-06-05,0016015,UNDER-CONSTRUCTION,9758899.95,,,2026-01-02,,2024-07-24,,,No,J G LEONE,2026-06-04
2026-06-05,0016023,COMPLETED-CONSTRUCTION,5010000.0,,100.0,,2021-12-14,2020-02-11,,2021-11-10,No,C W Matthews Contracting,2026-06-04
2026-06-05,0016046,COMPLETED-CONSTRUCTION,270426.59,,76.59,,2020-11-03,2019-05-17,,2020-06-30,No,MID-STATES STRIPING INC,2026-06-04
2026-06-05,0016050,COMPLETED-CONSTRUCTION,325760.64,,98.53,,2020-10-27,2019-05-17,,2020-06-30,No,MID-STATES STRIPING INC,2026-06-04
2026-06-05,0016051,COMPLETED-CONSTRUCTION,247138.88,,98.02,,2021-02-11,2019-06-21,,2020-06-30,No,ROADSCAPE NORTH FLORIDA,2026-06-04
2026-06-05,0016053,PRE-CONSTRUCTION,31410018.5,,,,,,,,No,,2026-06-04
2026-06-05,0016054,COMPLETED-CONSTRUCTION,142887590.38,,100.0,2026-03-25,,2023-04-13,2026-02-01,,No,NORTH TARRANT INFRASTRUCT,2026-06-04
2026-06-05,0016056,PRE-CONSTRUCTION,7233659.8,,,,,,,,No,,2026-06-04
2026-06-05,0016057,COMPLETED-CONSTRUCTION,327274.3,,93.67,,2020-08-04,2019-05-17,,2020-06-30,No,MID-STATES STRIPING INC,2026-06-04
2026-06-05,0016058,COMPLETED-CONSTRUCTION,3491043.27,,100.0,,2022-09-02,2021-02-10,,2021-03-05,No,C W Matthews Contracting,2026-06-04
2026-06-05,0016059,COMPLETED-CONSTRUCTION,269321.89,,96.8,,2020-06-05,2019-05-17,,2020-05-08,No,Peek Pavement Marking LLC,2026-06-04
2026-06-05,0016060,COMPLETED-CONSTRUCTION,278027.17,,93.62,,2021-01-28,2019-06-21,,2020-10-09,No,ROADSCAPE NORTH FLORIDA,2026-06-04
2026-06-05,0016064,COMPLETED-CONSTRUCTION,529936.11,,95.78,2019-10-21,2020-06-05,2019-05-17,,2020-03-31,No,REEVES CONSTRUCTION CO,2026-06-04
2026-06-05,0016065,COMPLETED-CONSTRUCTION,6471599.66,,98.71,2025-03-19,,2023-03-03,2025-04-04,,No,WILSON CST MANAGEMENT LLC,2026-06-04
2026-06-05,0016066,UNDER-CONSTRUCTION,6822523.51,,48.3,2026-07-31,,2024-10-16,,,No,WILSON CONSTRUCTION MGMT,2026-06-04
2026-06-05,0016067,PRE-CONSTRUCTION,13455590.43,,,,,,,,No,,2026-06-04
2026-06-05,0016069,COMPLETED-CONSTRUCTION,784688.95,,,2026-04-01,,2024-10-08,2025-10-24,,No,Gwinnett County,2026-06-04
2026-06-05,0016070,COMPLETED-CONSTRUCTION,2818537.31,,100.0,2024-12-30,2024-12-12,2022-08-22,2024-11-13,,No,Lumin 8 transportation,2026-06-04
2026-06-05,0016072,COMPLETED-CONSTRUCTION,2274778.4,,100.0,,2022-05-19,2020-11-04,,2021-08-26,No,E R SNELL CONTRACTOR INC,2026-06-04
2026-06-05,0016074,UNDER-CONSTRUCTION,27927892.31,,21.04,2028-07-31,,2025-06-13,,,No,VERTICAL EARTH INC,2026-06-04
2026-06-05,0016078,UNDER-CONSTRUCTION,19486239.21,,23.41,2027-04-30,,2024-08-30,,,No,BALDWIN PAVING CO INC,2026-06-04
2026-06-05,0016081,PRE-CONSTRUCTION,6530000.0,,,,,,,,No,,2026-06-04
2026-06-05,0016083,COMPLETED-CONSTRUCTION,3535154.78,,76.07000000000001,,2022-09-02,2021-06-06,,2021-07-09,No,E R SNELL CONTRACTOR INC,2026-06-04
2026-06-05,0016089,UNDER-CONSTRUCTION,60509172.08,,,2030-03-31,,2026-02-06,,,No,VERTICAL EARTH INC,2026-06-04
2026-06-05,0016105,COMPLETED-CONSTRUCTION,3499705.5300000003,,91.36,2024-09-19,,2022-12-02,2024-09-18,,No,BARTOW PAVING COMPANY INC,2026-06-04
2026-06-05,0016106,UNDER-CONSTRUCTION,3854200.68,,98.52,2025-04-15,,2023-06-02,,,No,BARTOW PAVING COMPANY INC,2026-06-04
2026-06-05,0016107,COMPLETED-CONSTRUCTION,1578937.08,,96.59,2023-12-31,2024-06-13,2023-05-05,2024-01-08,2024-01-08,No,OHMSHIV CONSTRUCTION LLC,2026-06-04
2026-06-05,0016108,UNDER-CONSTRUCTION,4308145.66,,93.32,2025-04-29,,2023-02-03,,,No,WILSON CST MANAGEMENT LLC,2026-06-04
2026-06-05,0016110,UNDER-CONSTRUCTION,2548378.59,,98.27,2026-04-07,,2024-11-01,,,No,Baldwin Paving Company,2026-06-04
2026-06-05,0016111,COMPLETED-CONSTRUCTION,2845069.8600000003,,98.69,,,2021-06-04,,2023-01-27,No,REEVES CONSTRUCTION CO,2026-06-04
2026-06-05,0016112,UNDER-CONSTRUCTION,5302050.27,,14.7,2027-08-31,,2025-08-01,,,No,GRIFFIN GRADING &CONCRETE,2026-06-04
2026-06-05,0016113,COMPLETED-CONSTRUCTION,4481007.84,,92.61,2025-06-30,,2023-06-02,2025-03-25,2025-03-25,No,Southeastern Site Develop,2026-06-04
2026-06-05,0016114,PRE-CONSTRUCTION,3145000.0,,,,,,,,Yes,,2026-06-04
2026-06-05,0016116,UNDER-CONSTRUCTION,3992203.92,,43.54,2027-10-31,,2025-08-01,,,No,WILSON CST MANAGEMENT LLC,2026-06-04
2026-06-05,0016117,COMPLETED-CONSTRUCTION,4595489.609999999,,97.79,2025-07-10,,2023-06-02,2025-07-10,,No,REEVES CONSTRUCTION CO,2026-06-04
2026-06-05,0016118,COMPLETED-CONSTRUCTION,1504187.51,,139.88,2025-08-05,,2024-08-02,2025-08-01,,No,VERTICAL EARTH INC,2026-06-04
2026-06-05,0016122,UNDER-CONSTRUCTION,1520187.53,,,2027-01-29,,2024-01-31,,,No,ER SNELL CONTRACTOR INC,2026-06-04
2026-06-05,0016123,COMPLETED-CONSTRUCTION,4436289.4,,98.49,2025-02-28,,2023-04-14,2025-02-28,,No,TALLEY CST CO INC,2026-06-04
2026-06-05,0016124,COMPLETED-CONSTRUCTION,1736415.28,,89.61,2020-01-28,2020-08-20,2019-06-21,,2020-06-25,No,EAST COAST ASPHALT LLC,2026-06-04
2026-06-05,0016126,UNDER-CONSTRUCTION,3534287.06,,11.0,2027-03-31,,2025-05-02,,,No,F S SCARBROUGH LLC,2026-06-04
2026-06-05,0016127,UNDER-CONSTRUCTION,3058372.1,,11.0,2027-03-31,,2025-05-02,,,No,F S SCARBROUGH LLC,2026-06-04
2026-06-05,0016128,UNDER-CONSTRUCTION,6286942.71,,43.78,2027-03-31,,2025-10-03,,,No,E R SNELL CONTRACTOR INC,2026-06-04
2026-06-05,0016129,PRE-CONSTRUCTION,6455041.25,,,,,,,,No,,2026-06-04
2026-06-05,0016130,PRE-CONSTRUCTION,10793993.62,,,,,,,,No,,2026-06-04
2026-06-05,0016161,COMPLETED-CONSTRUCTION,1317905.41,,99.89,,2021-08-27,2019-11-22,,2020-11-30,No,MCCOY GRADING INC,2026-06-04
2026-06-05,0016162,COMPLETED-CONSTRUCTION,1390513.77,,99.42,,2021-03-30,2019-10-18,,2020-11-30,No,SOUTHERN CONCRETE CST CO,2026-06-04
2026-06-05,0016163,COMPLETED-CONSTRUCTION,1351177.38,,93.49,2020-09-06,2021-11-15,2020-02-21,,2021-03-03,No,TIDWELL CONSTRUCTION CO,2026-06-04
2026-06-05,0016166,UNDER-CONSTRUCTION,6662571.61,,67.19,2026-09-30,,2025-01-31,,,No,E R SNELL CONTRACTOR INC,2026-06-04
2026-06-05,0016167,PRE-CONSTRUCTION,5100000.0,,,,,,,,No,,2026-06-04
2026-06-05,0016170,COMPLETED-CONSTRUCTION,1275075.0,,,,2021-10-28,,,,Yes,GREENE CONCRETE CST INC,2026-06-04
2026-06-05,0016171,COMPLETED-CONSTRUCTION,2359000.0,,,,2024-09-13,,,,Yes,THE SCRUGGS COMPANY,2026-06-04
2026-06-05,0016172,COMPLETED-CONSTRUCTION,664412.65,,99.79,,2021-04-16,2020-01-17,,2020-07-22,Yes,REAMES & SON CST CO INC,2026-06-04
2026-06-05,0016173,COMPLETED-CONSTRUCTION,1295702.21,,99.79,,2021-04-16,2020-01-17,,2020-07-22,Yes,REAMES & SON CST CO,2026-06-04
2026-06-05,0016174,COMPLETED-CONSTRUCTION,354037.46,,99.79,,2021-04-16,2020-01-17,,2020-07-22,Yes,REAMES & SON CST CO INC,2026-06-04
2026-06-05,0016175,COMPLETED-CONSTRUCTION,64528.83,,,,2020-08-03,,,,Yes,EAST COAST ASPHALT LLC,2026-06-04
2026-06-05,0016176,COMPLETED-CONSTRUCTION,50302.62,,,,2020-08-03,,,,Yes,EAST COAST ASPHALT LLC,2026-06-04
2026-06-05,0016177,COMPLETED-CONSTRUCTION,120929.54,,,,2020-08-03,,,,Yes,EAST COAST ASPHALT LLC,2026-06-04
2026-06-05,0016178,COMPLETED-CONSTRUCTION,46109.5,,,,2020-08-03,,,,Yes,EAST COAST ASPHALT LLC,2026-06-04
2026-06-05,0016179,COMPLETED-CONSTRUCTION,659808.06,,99.75,,2020-06-03,2019-11-22,,2020-05-19,Yes,EAST COAST ASPHALT LLC,2026-06-04
2026-06-05,0016180,COMPLETED-CONSTRUCTION,215671.11,,99.75,,2020-06-03,2019-11-22,,2020-05-19,Yes,EAST COAST ASPHALT LLC,2026-06-04
2026-06-05,0016181,COMPLETED-CONSTRUCTION,2900000.0,,,,2025-05-20,,,,Yes,EAST COAST ASPHALT LLC,2026-06-04
2026-06-05,0016182,COMPLETED-CONSTRUCTION,7488443.17,,84.04,2025-12-21,,2023-12-01,2025-12-21,,Yes,EAST COAST ASPHALT LLC,2026-06-04
2026-06-05,0016183,COMPLETED-CONSTRUCTION,609528.72,,99.02,,2023-07-06,2020-10-16,,2022-06-13,Yes,J HIERS COMPANY INC,2026-06-04
2026-06-05,0016184,COMPLETED-CONSTRUCTION,516586.85,,99.02,,2023-07-06,2020-10-16,,2022-06-13,Yes,J HIERS COMPANY INC,2026-06-04
2026-06-05,0016185,COMPLETED-CONSTRUCTION,316671.92,,99.02,,2023-07-06,2020-10-16,,2022-06-13,Yes,J HIERS COMPANY INC,2026-06-04
2026-06-05,0016186,PRE-CONSTRUCTION,1500000.0,,,,,,,,Yes,,2026-06-04
2026-06-05,0016187,PRE-CONSTRUCTION,1000000.0,,,,,,,,Yes,,2026-06-04
2026-06-05,0016188,PRE-CONSTRUCTION,3621509.0,,,,,,,,Yes,,2026-06-04
2026-06-05,0016189,COMPLETED-CONSTRUCTION,949608.0,,,,2025-02-13,,,,Yes,EAST COAST ASPHALT LLC,2026-06-04
2026-06-05,0016190,PRE-CONSTRUCTION,5165192.0,,,,,,,,Yes,,2026-06-04
2026-06-05,0016191,COMPLETED-CONSTRUCTION,338762.1,,98.55,2020-07-31,2020-04-28,2019-09-20,,2020-03-09,Yes,EAST COAST ASPHALT LLC,2026-06-04
2026-06-05,0016192,COMPLETED-CONSTRUCTION,523500.0,,,,2025-02-13,,,,Yes,EAST COAST ASPHALT LLC,2026-06-04
2026-06-05,0016193,COMPLETED-CONSTRUCTION,1479670.38,,,,2021-10-21,,,,Yes,THE SCRUGGS COMPANY,2026-06-04
2026-06-05,0016194,UNDER-CONSTRUCTION,1610000.0,,,,2022-07-15,,,,Yes,REAMES & SON CST COMPANY,2026-06-04
2026-06-05,0016195,UNDER-CONSTRUCTION,686300.0,,,,2022-07-15,,,,Yes,REAMES & SON CST COMPANY,2026-06-04
2026-06-05,0016196,COMPLETED-CONSTRUCTION,2447538.58,,,,2021-10-21,,,,Yes,THE SCRUGGS COMPANY,2026-06-04
2026-06-05,0016197,COMPLETED-CONSTRUCTION,87523.25,,,,2020-08-03,,,,Yes,EAST COAST ASPHALT,2026-06-04
2026-06-05,0016198,COMPLETED-CONSTRUCTION,367317.0,,,,2023-11-29,,,,Yes,THRIFT BROTHERS LLC,2026-06-04
2026-06-05,0016199,COMPLETED-CONSTRUCTION,171206.5,,,,2021-12-14,,,,Yes,THRIFT BROTHERS LLC,2026-06-04
2026-06-05,0016200,COMPLETED-CONSTRUCTION,46487.27,,,,2020-08-03,,,,Yes,EAST COAST ASPHALT,2026-06-04
2026-06-05,0016201,COMPLETED-CONSTRUCTION,3370425.78,,96.62,2024-08-31,2025-11-03,2023-06-02,2024-08-31,,Yes,THE SCRUGGS COMPANY,2026-06-04
2026-06-05,0016202,COMPLETED-CONSTRUCTION,2628667.0,,88.11,2024-03-31,2026-01-20,2022-09-30,2024-03-31,,Yes,GRIFFIN GRADING &CONCRETE,2026-06-04
2026-06-05,0016203,COMPLETED-CONSTRUCTION,797956.75,,84.65,2024-03-31,2026-03-10,2022-09-30,2024-03-29,,Yes,GRIFFIN GRADING &CONCRETE,2026-06-04
2026-06-05,0016204,COMPLETED-CONSTRUCTION,992043.64,,84.65,2024-03-31,2026-03-10,2022-09-30,2024-03-29,,Yes,GRIFFIN GRADING &CONCRETE,2026-06-04
2026-06-05,0016205,COMPLETED-CONSTRUCTION,1291548.51,,84.65,2024-03-31,2026-03-10,2022-09-30,2024-03-29,,Yes,GRIFFIN GRADING &CONCRETE,2026-06-04
2026-06-05,0016206,COMPLETED-CONSTRUCTION,632219.77,,84.65,2024-03-31,2026-03-10,2022-09-30,2024-03-29,,Yes,GRIFFIN GRADING &CONCRETE,2026-06-04
2026-06-05,0016207,COMPLETED-CONSTRUCTION,1910542.22,,,,2021-01-29,,,,Yes,EAST COAST ASPHALT LLC,2026-06-04
2026-06-05,0016208,COMPLETED-CONSTRUCTION,249524.46,,,,2021-12-08,,,,Yes,SEABOARD CST CO INC,2026-06-04
2026-06-05,0016209,COMPLETED-CONSTRUCTION,229257.59,,,,2021-12-08,,,,Yes,SEABOARD CST CO INC,2026-06-04
2026-06-05,0016210,COMPLETED-CONSTRUCTION,500000.0,,,,2021-01-19,,,,Yes,SEABOARD CST CO INC,2026-06-04
2026-06-05,0016211,COMPLETED-CONSTRUCTION,166790.2,,98.9,,2022-07-06,2020-09-18,,2021-03-18,Yes,EAST COAST ASPHALT LLC,2026-06-04
2026-06-05,0016212,COMPLETED-CONSTRUCTION,179021.48,,98.9,,2022-07-06,2020-09-18,,2021-03-18,Yes,EAST COAST ASPHALT LLC,2026-06-04
2026-06-05,0016213,COMPLETED-CONSTRUCTION,120600.0,,98.9,,2022-07-06,2020-09-18,,2021-03-18,Yes,EAST COAST ASPHALT LLC,2026-06-04
2026-06-05,0016214,COMPLETED-CONSTRUCTION,300000.0,,,,2023-09-27,,,,Yes,LITTLEFIELD CST COMPANY,2026-06-04
2026-06-05,0016215,UNDER-CONSTRUCTION,3304397.79,,11.37,2027-01-31,,2025-10-31,,,Yes,GRIFFIN GRADING &CONCRETE,2026-06-04
2026-06-05,0016216,COMPLETED-CONSTRUCTION,1548431.81,,99.49,2020-03-31,2020-10-28,2019-05-17,,2019-10-02,Yes,THE SCRUGGS COMPANY,2026-06-04
2026-06-05,0016217,COMPLETED-CONSTRUCTION,391054.21,,99.49,2020-03-31,2020-10-28,2019-05-17,,2019-10-02,Yes,THE SCRUGGS COMPANY,2026-06-04
2026-06-05,0016218,UNDER-CONSTRUCTION,49463.0,,,,2021-12-06,,,,Yes,EAST COAST ASPHALT LLC,2026-06-04
2026-06-05,0016219,UNDER-CONSTRUCTION,56330.0,,,,2021-12-06,,,,Yes,EAST COAST ASPHALT LLC,2026-06-04
2026-06-05,0016220,COMPLETED-CONSTRUCTION,15718.49,,,,2020-11-06,,,,Yes,EAST COAST ASPHALT LLC,2026-06-04
2026-06-05,0016221,COMPLETED-CONSTRUCTION,94900.0,,,,2020-11-06,,,,Yes,EAST COAST ASPHALT LLC,2026-06-04
2026-06-05,0016222,COMPLETED-CONSTRUCTION,21000.0,,,,2020-11-06,,,,Yes,EAST COAST ASPHALT LLC,2026-06-04
2026-06-05,0016223,COMPLETED-CONSTRUCTION,19319.0,,,,2020-07-16,,,,Yes,TRINITY ELECTRICAL SERV,2026-06-04
2026-06-05,0016224,COMPLETED-CONSTRUCTION,70600.0,,,,2020-11-06,,,,Yes,EAST COAST ASPHALT LLC,2026-06-04
2026-06-05,0016225,COMPLETED-CONSTRUCTION,60000.0,,,,2020-11-06,,,,Yes,EAST COAST ASPHALT LLC,2026-06-04
2026-06-05,0016226,COMPLETED-CONSTRUCTION,58800.0,,,,2020-11-06,,,,Yes,EAST COAST ASPHALT LLC,2026-06-04
2026-06-05,0016227,COMPLETED-CONSTRUCTION,19256.91,,,,2020-11-06,,,,Yes,EAST COAST ASPHALT LLC,2026-06-04
2026-06-05,0016228,COMPLETED-CONSTRUCTION,32700.0,,,,2020-11-06,,,,Yes,EAST COAST ASPHALT LLC,2026-06-04
2026-06-05,0016229,COMPLETED-CONSTRUCTION,100900.0,,,,2020-11-06,,,,Yes,EAST COAST ASPHALT LLC,2026-06-04
2026-06-05,0016230,COMPLETED-CONSTRUCTION,68900.0,,,,2020-11-06,,,,Yes,EAST COAST ASPHALT LLC,2026-06-04
2026-06-05,0016231,COMPLETED-CONSTRUCTION,57700.0,,,,2020-11-06,,,,Yes,EAST COAST ASPHALT LLC,2026-06-04
2026-06-05,0016232,COMPLETED-CONSTRUCTION,76000.0,,,,2020-11-06,,,,Yes,EAST COAST ASPHALT LLC,2026-06-04
2026-06-05,0016233,COMPLETED-CONSTRUCTION,18100.0,,,,2020-11-06,,,,Yes,EAST COAST ASPHALT LLC,2026-06-04
2026-06-05,0016234,COMPLETED-CONSTRUCTION,18100.0,,,,2020-11-06,,,,Yes,EAST COAST ASPHALT LLC,2026-06-04
2026-06-05,0016235,UNDER-CONSTRUCTION,4599251.0,,,,,,,,Yes,EAST COAST ASPHALT LLC,2026-06-04
2026-06-05,0016236,COMPLETED-CONSTRUCTION,629811.33,,98.87,,2022-05-24,2020-04-17,,2021-03-31,Yes,THE SCRUGGS COMPANY,2026-06-04
2026-06-05,0016237,COMPLETED-CONSTRUCTION,1550446.12,,99.4,2020-05-31,2021-09-10,2019-07-19,,2020-03-03,Yes,EAST COAST ASPHALT LLC,2026-06-04
2026-06-05,0016238,COMPLETED-CONSTRUCTION,350000.0,,99.4,2020-05-31,2021-09-10,2019-07-19,,2020-03-03,Yes,EAST COAST ASPHALT LLC,2026-06-04
2026-06-05,0016239,COMPLETED-CONSTRUCTION,615313.0,,98.87,,2022-05-24,2020-04-17,,2021-03-31,Yes,THE SCRUGGS COMPANY,2026-06-04
2026-06-05,0016240,UNDER-CONSTRUCTION,7652897.26,,,2027-05-31,,2025-12-05,,,Yes,EAST COAST ASPHALT LLC,2026-06-04
2026-06-05,0016241,COMPLETED-CONSTRUCTION,5146248.390000001,,87.44,,2024-05-16,2022-06-03,,2023-07-17,Yes,EAST COAST ASPHALT LLC,2026-06-04
2026-06-05,0016242,COMPLETED-CONSTRUCTION,1248570.13,,99.4,2020-05-31,2021-09-10,2019-07-19,,2020-03-03,Yes,EAST COAST ASPHALT LLC,2026-06-04
2026-06-05,0016243,COMPLETED-CONSTRUCTION,753312.59,,98.87,,2022-05-24,2020-04-17,,2021-03-31,Yes,THE SCRUGGS COMPANY,2026-06-04
2026-06-05,0016244,PRE-CONSTRUCTION,1341800.0,,,,,,,,Yes,,2026-06-04
2026-06-05,0016245,COMPLETED-CONSTRUCTION,957396.27,,,,2024-06-06,,,,Yes,DOUGLAS ELECTRIC & PLUMBI,2026-06-04
2026-06-05,0016246,PRE-CONSTRUCTION,2846200.0,,,,,,,,Yes,,2026-06-04
2026-06-05,0016247,UNDER-CONSTRUCTION,560200.0,,,,,,,,Yes,S&S ASPHALT & CEMENT,2026-06-04
2026-06-05,0016248,COMPLETED-CONSTRUCTION,674400.0,,,,2025-09-24,,,,Yes,CONCRETE ENTERPRISE LLC,2026-06-04
2026-06-05,0016249,COMPLETED-CONSTRUCTION,694600.0,,,,2025-01-23,,,,Yes,DOUGLAS ELECTRIC & PLUMB,2026-06-04
2026-06-05,0016250,UNDER-CONSTRUCTION,709387.0,,,,,,,,Yes,DOUGLAS ELECTRIC AND PLUM,2026-06-04
2026-06-05,0016251,COMPLETED-CONSTRUCTION,150000.0,,,,2025-05-20,,,,Yes,EAST COAST ASPHALT LLC,2026-06-04
2026-06-05,0016252,COMPLETED-CONSTRUCTION,271687.58,,98.87,,2022-05-24,2020-04-17,,2021-03-31,Yes,THE SCRUGGS COMPANY,2026-06-04
2026-06-05,0016253,COMPLETED-CONSTRUCTION,4506356.25,,,,2025-10-30,,,,Yes,THE SCRUGGS COMPANY,2026-06-04
2026-06-05,0016254,PRE-CONSTRUCTION,8900000.0,,,,,,,,Yes,,2026-06-04
2026-06-05,0016255,COMPLETED-CONSTRUCTION,379268.78,,,,2022-03-28,,,,Yes,REAMES & SON CST COMPANY,2026-06-04
2026-06-05,0016256,COMPLETED-CONSTRUCTION,1949300.0,,99.68,,2021-03-31,2019-12-20,,2020-07-30,Yes,THE SCRUGGS COMPANY,2026-06-04
2026-06-05,0016257,COMPLETED-CONSTRUCTION,2581521.89,,83.26,,2023-04-14,2022-06-03,,2023-03-17,Yes,THE SCRUGGS COMPANY,2026-06-04
2026-06-05,0016258,COMPLETED-CONSTRUCTION,276900.0,,,,2023-09-03,,,,Yes,THE SCRUGGS COMPANY,2026-06-04
2026-06-05,0016259,COMPLETED-CONSTRUCTION,454500.0,,,,2023-09-03,,,,Yes,THE SCRUGGS COMPANY,2026-06-04
2026-06-05,0016260,COMPLETED-CONSTRUCTION,234433.98,,,,2021-10-21,,,,Yes,REAMES & SON CST CO INC,2026-06-04
2026-06-05,0016261,COMPLETED-CONSTRUCTION,496581.98,,,,2021-10-21,,,,Yes,REAMES & SON CST CO INC,2026-06-04
2026-06-05,0016262,COMPLETED-CONSTRUCTION,400000.0,,,,2022-10-13,,,,Yes,THE SCRUGGS COMPANY,2026-06-04
2026-06-05,0016263,COMPLETED-CONSTRUCTION,1666857.25,,99.63,2020-06-30,2021-02-18,2019-08-16,,2020-05-08,Yes,THE SCRUGGS COMPANY,2026-06-04
2026-06-05,0016264,COMPLETED-CONSTRUCTION,1287189.55,,99.63,2020-06-30,2021-02-18,2019-08-16,,2020-05-08,Yes,THE SCRUGGS COMPANY,2026-06-04
2026-06-05,0016265,COMPLETED-CONSTRUCTION,500000.0,,,,2023-01-31,,,,Yes,THE SCRUGGS COMPANY,2026-06-04
2026-06-05,0016266,COMPLETED-CONSTRUCTION,555967.33,,,,2023-01-31,,,,Yes,THE SCRUGGS COMPANY,2026-06-04
2026-06-05,0016267,COMPLETED-CONSTRUCTION,1603058.52,,99.79,2020-04-30,2020-09-09,2019-06-21,,2019-11-07,Yes,REAMES & SON CST CO INC,2026-06-04
2026-06-05,0016268,COMPLETED-CONSTRUCTION,1259660.82,,99.67,,2022-07-14,2020-12-18,,2021-11-04,Yes,THE SCRUGGS COMPANY,2026-06-04
2026-06-05,0016269,COMPLETED-CONSTRUCTION,729122.29,,99.67,,2022-07-14,2020-12-18,,2021-11-04,Yes,THE SCRUGGS COMPANY,2026-06-04
2026-06-05,0016270,PRE-CONSTRUCTION,21915500.0,,,,,,,,Yes,,2026-06-04
2026-06-05,0016271,COMPLETED-CONSTRUCTION,6516800.0,,,,2024-03-14,,,,Yes,THE SCRUGGS COMPANY,2026-06-04
2026-06-05,0016272,UNDER-CONSTRUCTION,7317551.27,,,,,,,,Yes,THE SCRUGGS COMPANY,2026-06-04
2026-06-05,0016273,UNDER-CONSTRUCTION,1175000.0,,,,,,,,Yes,REAMES & SON CST CO INC,2026-06-04
2026-06-05,0016274,COMPLETED-CONSTRUCTION,,,,,2022-09-08,,,,Yes,THE SCRUGGS COMPANY,2026-06-04
2026-06-05,0016275,COMPLETED-CONSTRUCTION,3460000.0,,,,2025-09-18,,,,Yes,REAMES & SON CONSTRUCTION,2026-06-04
2026-06-05,0016276,COMPLETED-CONSTRUCTION,3750000.0,,,,2024-07-10,,,,Yes,THE SCRUGGS COMPANY,2026-06-04
2026-06-05,0016277,COMPLETED-CONSTRUCTION,2699434.0,,,,2020-11-06,,,,Yes,SOUTHERN CONCRETE CST CO,2026-06-04
2026-06-05,0016278,COMPLETED-CONSTRUCTION,3450000.0,,,,2026-05-08,,,,Yes,REAMES & SON CONSTRUCTION,2026-06-04
2026-06-05,0016279,UNDER-CONSTRUCTION,2300000.0,,,,,,,,Yes,THE SCRUGGS COMPANY,2026-06-04
2026-06-05,0016280,UNDER-CONSTRUCTION,2100000.0,,,,,,,,Yes,REAMES AND SON CST CO INC,2026-06-04
2026-06-05,0016281,PRE-CONSTRUCTION,3700000.0,,,,,,,,Yes,,2026-06-04
2026-06-05,0016282,PRE-CONSTRUCTION,10749640.46,,,,,,,,Yes,,2026-06-04
2026-06-05,0016283,PRE-CONSTRUCTION,20390000.0,,,,,,,,Yes,,2026-06-04
2026-06-05,0016284,UNDER-CONSTRUCTION,2705000.0,,,,,,,,Yes,SLONE ASSOCIATES INC,2026-06-04
2026-06-05,0016285,UNDER-CONSTRUCTION,8430826.5,,,,,,,,Yes,REAMES & SON CONSTRUCTION,2026-06-04
2026-06-05,0016286,UNDER-CONSTRUCTION,3988700.0,,41.32,2026-06-07,,2024-07-05,,,Yes,THE SCRUGGS COMPANY,2026-06-04
2026-06-05,0016287,COMPLETED-CONSTRUCTION,1258000.0,,,,2024-01-04,,,,Yes,SOUTHLAND CONTRACTORS,2026-06-04
2026-06-05,0016288,UNDER-CONSTRUCTION,3012930.0,,41.32,2026-06-07,,2024-07-05,,,Yes,THE SCRUGGS COMPANY,2026-06-04
2026-06-05,0016289,PRE-CONSTRUCTION,28805190.0,,,,,,,,Yes,,2026-06-04
2026-06-05,0016290,UNDER-CONSTRUCTION,2734000.0,,,,,,,,Yes,REAMES & SON CONSTRUCTION,2026-06-04
2026-06-05,0016291,COMPLETED-CONSTRUCTION,1686489.4,,99.52,,2022-02-21,2020-04-17,,2021-04-16,Yes,J HIERS COMPANY INC,2026-06-04
2026-06-05,0016292,COMPLETED-CONSTRUCTION,1500324.0,,,,2022-11-09,,,,Yes,EAST COAST ASPHALT LLC,2026-06-04
2026-06-05,0016293,COMPLETED-CONSTRUCTION,2335387.67,,84.13,,2025-01-07,2022-06-03,,2023-04-30,Yes,J HIERS COMPANY INC,2026-06-04
2026-06-05,0016294,COMPLETED-CONSTRUCTION,2191610.11,,99.61,2020-02-28,2020-04-15,2019-04-19,,2020-03-30,Yes,EVERETT DYKES GRASSING CO,2026-06-04
2026-06-05,0016295,COMPLETED-CONSTRUCTION,1712838.72,,99.85,,2022-07-06,2020-07-17,,2021-06-30,Yes,EAST COAST ASPHALT,2026-06-04
2026-06-05,0016296,UNDER-CONSTRUCTION,3408000.0,,,,,,,,Yes,EAST COAST ASPHALT LLC,2026-06-04
2026-06-05,0016297,UNDER-CONSTRUCTION,7261370.75,,83.39,2026-01-07,,2024-05-31,,,Yes,EAST COAST ASPHALT LLC,2026-06-04
2026-06-05,0016298,PRE-CONSTRUCTION,2710000.0,,,,,,,,Yes,,2026-06-04
2026-06-05,0016299,UNDER-CONSTRUCTION,1410000.0,,,,,,,,Yes,SOUTHERN CONCRETE,2026-06-04
2026-06-05,0016300,UNDER-CONSTRUCTION,1911000.0,,,,,,,,Yes,SOUTHERN CONCRETE,2026-06-04
2026-06-05,0016301,UNDER-CONSTRUCTION,2582250.0,,,,,,,,Yes,SOUTHERN CONCRETE,2026-06-04
2026-06-05,0016302,COMPLETED-CONSTRUCTION,1512083.64,,96.8,2023-11-17,2025-03-25,2022-09-02,2023-11-17,,Yes,GRIFFIN GRADING &CONCRETE,2026-06-04
2026-06-05,0016303,COMPLETED-CONSTRUCTION,971068.22,,94.85,,2022-08-02,2020-08-21,,2021-06-30,Yes,EAST COAST ASPHALT LLC,2026-06-04
2026-06-05,0016304,PRE-CONSTRUCTION,3500000.0,,,,,,,,Yes,,2026-06-04
2026-06-05,0016305,UNDER-CONSTRUCTION,5600000.0,,,,,,,,Yes,EAST COAST ASPHALT LLC,2026-06-04
2026-06-05,0016306,PRE-CONSTRUCTION,2285500.0,,,,,,,,Yes,,2026-06-04
2026-06-05,0016307,UNDER-CONSTRUCTION,2365000.0,,,,,,,,Yes,SOUTHERN CONCRETE,2026-06-04
2026-06-05,0016308,COMPLETED-CONSTRUCTION,1000000.0,,,,2023-06-15,,,,Yes,THE SCRUGGS COMPANY,2026-06-04
2026-06-05,0016309,PRE-CONSTRUCTION,1400000.0,,,,,,,,Yes,,2026-06-04
2026-06-05,0016310,PRE-CONSTRUCTION,620000.0,,,,,,,,Yes,,2026-06-04
2026-06-05,0016311,PRE-CONSTRUCTION,2400000.0,,,,,,,,Yes,,2026-06-04
2026-06-05,0016312,COMPLETED-CONSTRUCTION,1843143.0,,,,2023-08-01,,,,Yes,THRIFT BROTHERS & E COAST,2026-06-04
2026-06-05,0016313,UNDER-CONSTRUCTION,650000.0,,,,2022-07-28,,,,Yes,Georgia Asphalt Producers,2026-06-04
2026-06-05,0016315,COMPLETED-CONSTRUCTION,137690.55,,88.2,,2022-03-21,2020-08-21,,2021-08-31,No,Peek Pavement Marking LLC,2026-06-04
2026-06-05,0016316,COMPLETED-CONSTRUCTION,240516.26,,96.42,,2021-04-29,2020-02-21,,2021-02-28,No,Peek Pavement Marking LLC,2026-06-04
2026-06-05,0016317,PRE-CONSTRUCTION,25189000.0,,,,,,,,Yes,,2026-06-04
2026-06-05,0016318,PRE-CONSTRUCTION,20050000.0,,,,,,,,No,,2026-06-04
2026-06-05,0016319,COMPLETED-CONSTRUCTION,4741791.26,,96.65,2026-03-31,,2024-08-02,2026-03-31,,No,E R SNELL CONTRACTOR INC,2026-06-04
2026-06-05,0016320,COMPLETED-CONSTRUCTION,243961.84,,100.0,,2020-08-20,2019-07-19,,2020-06-30,No,ROADSIDE SPECIALTIES LLC,2026-06-04
2026-06-05,0016330,COMPLETED-CONSTRUCTION,410041.45,,80.72,,2020-08-20,2019-06-21,,2020-06-30,No,BROWNS ASPHALT MAINT INC,2026-06-04
2026-06-05,0016331,COMPLETED-CONSTRUCTION,338515.74,,94.3,,2020-01-16,2019-05-17,,2019-09-09,No,THE SCRUGGS COMPANY,2026-06-04
2026-06-05,0016332,COMPLETED-CONSTRUCTION,292128.62,,95.64,,2020-08-20,2019-05-17,,2020-06-29,No,MID STATE CST & STRIPING,2026-06-04
2026-06-05,0016333,COMPLETED-CONSTRUCTION,54285.93,,64.23,,2020-11-18,2019-06-21,,2020-09-08,No,ROADSAFE NORTH FLORIDA,2026-06-04
2026-06-05,0016339,COMPLETED-CONSTRUCTION,232195.3,,92.18,,2020-10-05,2019-05-17,,2020-04-15,No,E & D CONTRACTING SVCS,2026-06-04
2026-06-05,0016344,COMPLETED-CONSTRUCTION,687319.73,,93.2,,2022-09-27,2019-06-21,,2020-08-18,No,ROADSIDE SPECIALTIES LLC,2026-06-04
2026-06-05,0016347,PRE-CONSTRUCTION,2100000.0,,,,,,,,No,,2026-06-04
2026-06-05,0016348,UNDER-CONSTRUCTION,5373345.83,,84.33,2026-07-31,,2024-08-02,,,No,WILSON CST MANAGEMENT LLC,2026-06-04
2026-06-05,0016349,PRE-CONSTRUCTION,5722937.5,,,,,,,,No,,2026-06-04
2026-06-05,0016350,PRE-CONSTRUCTION,6893418.100000001,,,,,,,,No,,2026-06-04
2026-06-05,0016351,PRE-CONSTRUCTION,3021550.63,,,,,,,,No,,2026-06-04
2026-06-05,0016352,PRE-CONSTRUCTION,7413078.32,,,,,,,,No,,2026-06-04
2026-06-05,0016353,COMPLETED-CONSTRUCTION,863451.0,,91.42,,2022-08-30,2021-05-21,,2022-06-14,No,RMD HOLDINGS LTD,2026-06-04
2026-06-05,0016354,COMPLETED-CONSTRUCTION,1296883.85,,95.81,,2022-09-02,2021-05-21,,2022-06-14,No,RMD HOLDINGS LLC,2026-06-04
2026-06-05,0016355,COMPLETED-CONSTRUCTION,1637587.72,,97.45,,2022-08-22,2021-05-21,,2022-06-20,No,HIGGINS CONSTRUCTION CO,2026-06-04
2026-06-05,0016356,UNDER-CONSTRUCTION,4303313.279999999,,29.15,2027-04-26,,2025-01-31,,,No,E R SNELL CONTRACTOR INC,2026-06-04
2026-06-05,0016357,COMPLETED-CONSTRUCTION,4734749.27,,84.74,2024-11-02,,2023-06-30,2025-02-20,,No,REEVES CONSTRUCTION CO,2026-06-04
2026-06-05,0016358,PRE-CONSTRUCTION,4720000.0,,,,,,,,No,,2026-06-04
2026-06-05,0016359,PRE-CONSTRUCTION,5953903.0600000005,,,,,,,,No,,2026-06-04
2026-06-05,0016360,PRE-CONSTRUCTION,3050000.0,,,,,,,,No,,2026-06-04
2026-06-05,0016361,COMPLETED-CONSTRUCTION,1985121.96,,93.65,,2023-12-13,2021-07-16,,2023-04-27,No,APAC-ATLANTIC INC,2026-06-04
2026-06-05,0016362,PRE-CONSTRUCTION,5437607.1899999995,,,,,,,,No,,2026-06-04
2026-06-05,0016363,UNDER-CONSTRUCTION,8239315.52,,78.56,2026-09-30,,2024-08-02,,,No,WILSON CST MANAGEMENT LLC,2026-06-04
2026-06-05,0016365,UNDER-CONSTRUCTION,9676923.08,,,2027-10-19,,2026-01-16,,,No,BACKBONE INFRASTRUCTURE,2026-06-04
2026-06-05,0016378,COMPLETED-CONSTRUCTION,259118.31,,95.64,,2021-02-02,2019-11-22,,2020-11-30,No,Peek Pavement Marking LLC,2026-06-04
2026-06-05,0016379,COMPLETED-CONSTRUCTION,161345.64,,98.71,,2021-02-08,2019-09-20,,2020-10-29,No,MID-STATES STRIPING INC,2026-06-04
2026-06-05,0016380,COMPLETED-CONSTRUCTION,210028.99,,94.01,,2020-11-03,2019-10-18,,2020-09-30,No,Peek Pavement Marking LLC,2026-06-04
2026-06-05,0016381,COMPLETED-CONSTRUCTION,255146.5,,94.91,,2020-10-05,2019-10-18,,2020-08-29,No,Peek Pavement Marking LLC,2026-06-04
2026-06-05,0016384,COMPLETED-CONSTRUCTION,182426.44,,98.39,,2020-11-18,2019-10-18,,2020-10-22,No,Peek Pavement Marking LLC,2026-06-04
2026-06-05,0016386,UNDER-CONSTRUCTION,29478419.16,,3.9,2028-10-31,,2026-01-02,,,No,THE SCRUGGS COMPANY,2026-06-04
2026-06-05,0016387,PRE-CONSTRUCTION,16218705.4,,,,,,,,No,,2026-06-04
2026-06-05,0016390,PRE-CONSTRUCTION,11356658.59,,,,,,,,No,,2026-06-04
2026-06-05,0016396,COMPLETED-CONSTRUCTION,261757.22,,95.73,,2021-10-29,2020-07-17,,2021-08-27,No,Peek Pavement Marking LLC,2026-06-04
2026-06-05,0016404,COMPLETED-CONSTRUCTION,1250504.15,,100.0,,,2022-04-14,,2024-06-17,No,LUMIN8 TRANS TECHNOLOGIES,2026-06-04
2026-06-05,0016405,COMPLETED-CONSTRUCTION,976148.72,,100.0,,,2022-04-14,,2024-06-11,No,WILLIAMS POWER & SIGNAL,2026-06-04
2026-06-05,0016406,COMPLETED-CONSTRUCTION,1224554.65,,100.0,,,2022-04-14,,2024-08-27,No,R J HAYNIE & ASSOCIATES,2026-06-04
2026-06-05,0016407,COMPLETED-CONSTRUCTION,1157730.65,,100.0,,,2022-04-14,,2024-08-22,No,WILLIAMS POWER & SIGNAL,2026-06-04
2026-06-05,0016410,PRE-CONSTRUCTION,17364961.93,,,,,,,,No,,2026-06-04
2026-06-05,0016413,COMPLETED-CONSTRUCTION,1255149.87,,99.26,2021-09-07,2021-11-02,2020-10-16,,2021-10-26,No,SOUTHERN CONCRETE CST CO,2026-06-04
2026-06-05,0016414,COMPLETED-CONSTRUCTION,1961658.61,,99.42,,2022-08-11,2021-04-16,,2022-04-29,No,SOUTHERN CONCRETE CST CO,2026-06-04
2026-06-05,0016415,COMPLETED-CONSTRUCTION,1746378.52,,99.22,,2021-07-02,2020-04-17,,2021-04-14,No,SOUTHERN CONCRETE CST CO,2026-06-04
2026-06-05,0016416,COMPLETED-CONSTRUCTION,1333761.83,,99.88,,2021-02-26,2020-04-17,,2021-02-01,No,SOUTHERN CONCRETE CST CO,2026-06-04
2026-06-05,0016417,COMPLETED-CONSTRUCTION,1444079.78,,97.26,2021-08-17,2021-11-18,2020-10-16,,2021-10-26,No,SOUTHERN CONCRETE CST CO,2026-06-04
2026-06-05,0016418,COMPLETED-CONSTRUCTION,2192215.46,,97.42,2021-11-09,2022-10-26,2020-11-20,,2021-12-22,No,SOUTHERN CONCRETE CST CO,2026-06-04
2026-06-05,0016432,COMPLETED-CONSTRUCTION,2098552.35,,96.01,,,2019-06-21,,2020-09-10,No,SOUTHERN STATES PAVEMENT,2026-06-04
2026-06-05,0016433,COMPLETED-CONSTRUCTION,2084755.21,,95.97,,2021-06-21,2019-06-21,,2020-09-01,No,ROADSAFE TRAFFIC SYSTEMS,2026-06-04
2026-06-05,0016434,COMPLETED-CONSTRUCTION,1695621.1,,97.64,,2021-07-09,2019-12-20,,2021-01-13,No,Peek Pavement Marking LLC,2026-06-04
2026-06-05,0016435,COMPLETED-CONSTRUCTION,1593863.63,,96.28,2019-12-14,2021-01-25,2019-10-18,,2020-09-30,No,Peek Pavement Marking LLC,2026-06-04
2026-06-05,0016436,COMPLETED-CONSTRUCTION,1910717.49,,95.22,,2021-01-15,2019-10-18,,2020-10-27,No,TRP CST GROUP LLC,2026-06-04
2026-06-05,0016437,COMPLETED-CONSTRUCTION,1653755.21,,96.86,,2020-10-16,2019-06-21,,2020-06-30,No,Peek Pavement Marking LLC,2026-06-04
2026-06-05,0016438,COMPLETED-CONSTRUCTION,1495828.16,,96.99,,2020-10-16,2019-06-21,,2020-06-30,No,Peek Pavement Marking LLC,2026-06-04
2026-06-05,0016439,COMPLETED-CONSTRUCTION,1413330.67,,96.68,,2021-03-15,2019-06-21,,2020-06-30,No,Peek Pavement Marking LLC,2026-06-04
2026-06-05,0016440,COMPLETED-CONSTRUCTION,1692625.47,,97.82,,,2022-02-04,,2023-03-31,No,C W Matthews Contracting,2026-06-04
2026-06-05,0016441,COMPLETED-CONSTRUCTION,1506795.0,,93.65,,2023-12-13,2021-07-16,,2023-04-27,No,APAC-ATLANTIC INC,2026-06-04
2026-06-05,0016442,COMPLETED-CONSTRUCTION,1186087.88,,91.81,,2024-10-21,2022-02-04,,2023-05-31,No,ROBINSON PAVING COMPANY,2026-06-04
2026-06-05,0016443,COMPLETED-CONSTRUCTION,3733228.06,,92.28,2024-11-21,,2022-09-02,2024-11-21,2024-11-21,No,BACKBONE INFRASTRUCTURE,2026-06-04
2026-06-05,0016445,PRE-CONSTRUCTION,3550000.0,,,,,,,,No,,2026-06-04
2026-06-05,0016446,PRE-CONSTRUCTION,3550000.0,,,,,,,,No,,2026-06-04
2026-06-05,0016448,PRE-CONSTRUCTION,3250000.0,,,,,,,,No,,2026-06-04
2026-06-05,0016457,PRE-CONSTRUCTION,11900000.0,,,,,,,,No,,2026-06-04
2026-06-05,0016458,PRE-CONSTRUCTION,1550000.0,,,,,,,,No,,2026-06-04
2026-06-05,0016462,PRE-CONSTRUCTION,2720000.0,,,,,,,,No,,2026-06-04
2026-06-05,0016464,PRE-CONSTRUCTION,10047621.22,,,,,,,,No,,2026-06-04
2026-06-05,0016466,PRE-CONSTRUCTION,12411563.47,,,,,,,,No,,2026-06-04
2026-06-05,0016467,PRE-CONSTRUCTION,4900000.0,,,,,,,,No,,2026-06-04
2026-06-05,0016468,COMPLETED-CONSTRUCTION,1023068.94,,88.58,,2021-10-25,2020-08-21,,2021-07-12,No,BALDWIN PAVING CO INC,2026-06-04
2026-06-05,0016469,PRE-CONSTRUCTION,3078150.46,,,,,,,,No,,2026-06-04
2026-06-05,0016499,UNDER-CONSTRUCTION,188197.63,,,,,,,,No,NORFOLK SOUTHERN CORP,2026-06-04
2026-06-05,0016504,COMPLETED-CONSTRUCTION,3228292.44,,98.46,2026-03-31,,2024-11-01,2026-03-31,,No,THE SCRUGGS COMPANY,2026-06-04
2026-06-05,0016505,COMPLETED-CONSTRUCTION,5098177.390000001,,98.46,2026-03-31,,2024-11-01,2026-03-31,,No,THE SCRUGGS COMPANY,2026-06-04
2026-06-05,0016506,UNDER-CONSTRUCTION,24846381.74,,18.07,2028-03-31,,2025-04-04,,,No,CMES INC,2026-06-04
2026-06-05,0016507,PRE-CONSTRUCTION,1910000.0,,,,,,,,No,,2026-06-04
2026-06-05,0016508,PRE-CONSTRUCTION,2496000.0,,,,,,,,No,,2026-06-04
2026-06-05,0016509,UNDER-CONSTRUCTION,6647635.69,,0.26,2028-03-31,,2025-12-05,,,No,C W Matthews Contracting,2026-06-04
2026-06-05,0016510,PRE-CONSTRUCTION,1420000.0,,,,,,,,No,,2026-06-04
2026-06-05,0016512,UNDER-CONSTRUCTION,10662215.41,,52.58,2027-03-31,,2025-05-30,,,No,C W Matthews Contracting,2026-06-04
2026-06-05,0016513,UNDER-CONSTRUCTION,5463580.0,,16.85,2027-03-31,,2025-10-03,,,No,SOUTHERN CONCRETE CST CO,2026-06-04
2026-06-05,0016514,UNDER-CONSTRUCTION,7785610.58,,3.94,2027-09-30,,2026-01-02,,,No,THE SCRUGGS COMPANY,2026-06-04
2026-06-05,0016515,PRE-CONSTRUCTION,9208271.92,,,,,,,,No,,2026-06-04
2026-06-05,0016523,COMPLETED-CONSTRUCTION,5489111.79,,96.82,2024-09-30,,2023-06-30,2024-09-30,,No,E R SNELL CONTRACTOR INC,2026-06-04
2026-06-05,0016525,UNDER-CONSTRUCTION,15846911.07,,4.3100000000000005,2028-07-31,,2026-01-02,,,No,E R SNELL CONTRACTOR INC,2026-06-04
2026-06-05,0016526,UNDER-CONSTRUCTION,6619780.83,,22.56,2027-08-31,,2025-10-03,,,No,APAC-ATLANTIC INC,2026-06-04
2026-06-05,0016527,UNDER-CONSTRUCTION,4863013.890000001,,59.2,2026-04-30,,2025-05-02,,,No,MCCOY GRADING INC,2026-06-04
2026-06-05,0016529,UNDER-CONSTRUCTION,7699979.56,,,,,,,,No,ASTRA GROUP LLC,2026-06-04
2026-06-05,0016531,PRE-CONSTRUCTION,1634000.0,,,,,,,,No,,2026-06-04
2026-06-05,0016564,PRE-CONSTRUCTION,1105000.0,,,,,,,,No,,2026-06-04
2026-06-05,0016565,PRE-CONSTRUCTION,1285000.0,,,,,,,,No,,2026-06-04
2026-06-05,0016567,COMPLETED-CONSTRUCTION,2900642.41,,99.2,2027-03-31,,2025-05-02,2025-07-28,,No,SOUTHERN CONCRETE CST CO,2026-06-04
2026-06-05,0016568,PRE-CONSTRUCTION,1000000.0,,,,,,,,No,,2026-06-04
2026-06-05,0016571,PRE-CONSTRUCTION,2939865.59,,,,,,,,No,,2026-06-04
2026-06-05,0016572,UNDER-CONSTRUCTION,1068000.0,,,,,,,,No,SOUTHERN CONCRETE  CST CO,2026-06-04
2026-06-05,0016573,PRE-CONSTRUCTION,4569094.32,,,,,,,,No,,2026-06-04
2026-06-05,0016574,PRE-CONSTRUCTION,8837535.780000001,,,,,,,,No,,2026-06-04
2026-06-05,0016576,UNDER-CONSTRUCTION,4271906.859999999,,,2027-09-30,,2025-08-01,,,No,KNIGHT & ASSOCIATES INC,2026-06-04
2026-06-05,0016577,UNDER-CONSTRUCTION,3476762.53,,10.97,2027-05-31,,2025-10-03,,,No,E R SNELL CONTRACTOR INC,2026-06-04
2026-06-05,0016578,UNDER-CONSTRUCTION,3144926.59,,10.97,2027-05-31,,2025-10-03,,,No,E R SNELL CONTRACTOR INC,2026-06-04
2026-06-05,0016579,PRE-CONSTRUCTION,8916686.54,,,,,,,,No,,2026-06-04
2026-06-05,0016582,UNDER-CONSTRUCTION,5029238.79,,26.79,2027-05-31,,2025-07-04,,,No,WILLIAMS CONTRACTING CO,2026-06-04
2026-06-05,0016584,COMPLETED-CONSTRUCTION,4071312.87,,98.96,2026-07-31,,2025-05-02,2026-02-20,,No,SOUTHERN CONCRETE CST CO,2026-06-04
2026-06-05,0016585,UNDER-CONSTRUCTION,3712001.09,,6.54,2027-03-31,,2025-11-14,,,No,SOUTHERN CONCRETE CST CO,2026-06-04
2026-06-05,0016586,UNDER-CONSTRUCTION,4898966.34,,6.54,2027-03-31,,2025-11-14,,,No,SOUTHERN CONCRETE CST CO,2026-06-04
2026-06-05,0016588,PRE-CONSTRUCTION,1155000.0,,,,,,,,No,,2026-06-04
2026-06-05,0016591,COMPLETED-CONSTRUCTION,2860604.6399999997,,95.13,2025-08-29,,2024-08-02,2025-08-29,,No,SOUTHERN CONCRETE CST CO,2026-06-04
2026-06-05,0016595,UNDER-CONSTRUCTION,4767540.07,,96.22,2026-04-30,,2025-01-31,,,No,GREGORY BRIDGE COMPANY,2026-06-04
2026-06-05,0016597,PRE-CONSTRUCTION,4411972.18,,,,,,,,No,,2026-06-04
2026-06-05,0016599,UNDER-CONSTRUCTION,11149068.98,,16.94,2027-03-31,,2025-05-30,,,No,F S SCARBROUGH LLC,2026-06-04
2026-06-05,0016600,UNDER-CONSTRUCTION,4389990.73,,,2027-08-31,,2025-05-02,,,No,C W Matthews Contracting,2026-06-04
2026-06-05,0016601,UNDER-CONSTRUCTION,4556256.84,,,2027-08-31,,2025-05-02,,,No,C W Matthews Contracting,2026-06-04
2026-06-05,0016602,UNDER-CONSTRUCTION,6009738.57,,5.58,2027-07-31,,2025-05-30,,,No,GRIFFIN GRADING &CONCRETE,2026-06-04
2026-06-05,0016604,PRE-CONSTRUCTION,980000.0,,,,,,,,No,,2026-06-04
2026-06-05,0016605,UNDER-CONSTRUCTION,6501297.45,,12.36,2028-03-31,,2025-09-05,,,No,WILSON CST MANAGEMENT LLC,2026-06-04
2026-06-05,0016610,UNDER-CONSTRUCTION,3579589.08,,50.29,2026-10-31,,2025-05-30,,,No,CMES INC,2026-06-04
2026-06-05,0016615,COMPLETED-CONSTRUCTION,4704760.4399999995,,94.12,2026-03-30,,2023-12-29,2026-01-29,2026-01-29,No,BACKBONE INFRASTRUCTURE,2026-06-04
2026-06-05,0016616,COMPLETED-CONSTRUCTION,1207510.53,,96.4,,2022-11-18,2021-07-16,,2022-08-26,No,WILSON CST MANAGEMENT,2026-06-04
2026-06-05,0016618,UNDER-CONSTRUCTION,113991054.45,,99.68,2026-03-31,,2023-09-06,,,No,MATTHEWS-MCLENDON JV,2026-06-04
2026-06-05,0016625,PRE-CONSTRUCTION,3775132.22,,,,,,,,No,,2026-06-04
2026-06-05,0016627,COMPLETED-CONSTRUCTION,2310000.0,,100.0,2025-06-30,,2023-11-03,2025-12-15,,No,SOL CONSTRUCTION LLC,2026-06-04
2026-06-05,0016628,UNDER-CONSTRUCTION,5849749.0,,,2026-04-02,,2024-11-06,,,No,BACKBONE INFRASTRUCTURE,2026-06-04
2026-06-05,0016629,UNDER-CONSTRUCTION,5810242.55,,,2027-04-24,,2025-04-24,,,No,Strickland &Sons Pipeline,2026-06-04
2026-06-05,0016630,UNDER-CONSTRUCTION,5102272.0,,,2027-10-20,,2025-08-29,,,No,OMSHIV CONSTRUCTION LLC,2026-06-04
2026-06-05,0016632,PRE-CONSTRUCTION,8286651.61,,,,,,,,No,,2026-06-04
2026-06-05,0016633,UNDER-CONSTRUCTION,4971579.5,,,2027-09-27,,2026-03-27,,,No,JHC Corporation,2026-06-04
2026-06-05,0016635,PRE-CONSTRUCTION,975000.0,,,,,,,,No,,2026-06-04
2026-06-05,0016636,PRE-CONSTRUCTION,5103513.140000001,,,,,,,,No,,2026-06-04
2026-06-05,0016637,PRE-CONSTRUCTION,5076511.75,,,,,,,,No,,2026-06-04
2026-06-05,0016638,COMPLETED-CONSTRUCTION,1705824.5,,,2025-01-26,,2024-02-02,2025-01-17,2025-01-17,No,Peach State Construction,2026-06-04
2026-06-05,0016639,UNDER-CONSTRUCTION,1972439.5,,,2027-06-08,,2025-12-09,,,No,PEACH STATE CST COMPANY,2026-06-04
2026-06-05,0016650,COMPLETED-CONSTRUCTION,1443887.16,,96.33,2021-08-28,,2020-08-21,,2021-07-19,No,SOUTHERN CONCRETE CST CO,2026-06-04
2026-06-05,0016651,COMPLETED-CONSTRUCTION,1308532.78,,98.7,2022-05-17,2022-10-28,2021-05-21,,2022-08-09,No,TIC-THE INDUSTRIAL CO,2026-06-04
2026-06-05,0016652,COMPLETED-CONSTRUCTION,1125797.95,,100.0,2021-07-20,2022-07-05,2020-10-16,,2021-08-28,No,TIC-THE INDUSTRIAL CO,2026-06-04
2026-06-05,0016653,COMPLETED-CONSTRUCTION,1901923.2,,97.05,2021-12-18,2023-01-10,2020-09-18,,2022-02-09,No,Southeastern Site Develop,2026-06-04
2026-06-05,0016654,COMPLETED-CONSTRUCTION,1925009.79,,90.07000000000001,2022-09-11,2023-09-20,2021-02-19,,2022-12-28,No,CLEARWATER CST INC,2026-06-04
2026-06-05,0016784,COMPLETED-CONSTRUCTION,277541.86,,97.79,,,2020-03-20,,2020-12-17,No,THE L C WHITFORD CO INC,2026-06-04
2026-06-05,0016794,COMPLETED-CONSTRUCTION,1515665.42,,99.85,,,2021-05-21,,2022-05-31,No,GEORGIA BRIDGE & CONCRETE,2026-06-04
2026-06-05,0016802,COMPLETED-CONSTRUCTION,2130061.8899999997,,99.6,2021-12-07,2023-06-07,2021-02-19,,2022-03-08,No,GREGORY BRIDGE COMPANY,2026-06-04
2026-06-05,0016803,COMPLETED-CONSTRUCTION,1592030.75,,97.17,2021-09-14,2023-08-18,2021-01-22,,2021-10-31,No,E R SNELL CONTRACTOR INC,2026-06-04
2026-06-05,0016804,COMPLETED-CONSTRUCTION,1994795.98,,99.11,,2023-03-24,2021-01-22,,2022-03-30,No,SOUTHERN CONCRETE CST CO,2026-06-04
2026-06-05,0016805,COMPLETED-CONSTRUCTION,2103623.38,,98.52,2022-04-07,2023-07-17,2021-06-18,,2022-06-15,No,Southeastern Site Develop,2026-06-04
2026-06-05,0016806,COMPLETED-CONSTRUCTION,1583265.09,,95.66,,2021-09-09,2020-09-18,,2021-08-31,No,PALMETTO INFRASTRUCTURE,2026-06-04
2026-06-05,0016818,PRE-CONSTRUCTION,16460472.57,,,,,,,,No,,2026-06-04
2026-06-05,0016824,COMPLETED-CONSTRUCTION,5126477.2,,97.36,2024-06-30,,2022-08-05,2024-06-30,2024-06-30,No,BROOKS-BERRY-HAYNIE&ASSOC,2026-06-04
2026-06-05,0016825,COMPLETED-CONSTRUCTION,1064787.19,,97.36,,2022-02-24,2020-12-18,,2021-11-12,No,SOUTHERN CONCRETE CST CO,2026-06-04
2026-06-05,0016826,COMPLETED-CONSTRUCTION,1604292.72,,97.32,2021-11-16,2022-09-13,2020-11-20,,2022-02-01,No,SOUTHERN CONCRETE CST CO,2026-06-04
2026-06-05,0016827,COMPLETED-CONSTRUCTION,1893106.7,,96.72,,2022-07-14,2021-04-30,,2022-04-30,No,SOUTHERN CONCRETE CST CO,2026-06-04
2026-06-05,0016828,COMPLETED-CONSTRUCTION,2005876.4,,97.68,2022-03-20,2022-11-10,2021-07-02,,2022-03-09,No,MCCOY GRADING INC,2026-06-04
2026-06-05,0016830,PRE-CONSTRUCTION,51523527.57,,,,,,,,No,,2026-06-04
2026-06-05,0016840,COMPLETED-CONSTRUCTION,2012242.61,,92.26,2022-04-05,,2021-04-16,,2022-07-16,No,Baldwin Paving Company,2026-06-04
2026-06-05,0016841,COMPLETED-CONSTRUCTION,1336956.37,,90.34,,,2021-11-05,,2022-06-24,No,BALDWIN PAVING CO INC,2026-06-04
2026-06-05,0016842,COMPLETED-CONSTRUCTION,1605509.1,,98.78,,,2021-11-05,,2023-02-24,No,BALDWIN PAVING CO INC,2026-06-04
2026-06-05,0016843,COMPLETED-CONSTRUCTION,1130306.12,,99.96,,2022-07-07,2021-05-21,,2022-03-09,No,WILLIAMS CONTRACTING CO,2026-06-04
2026-06-05,0016844,COMPLETED-CONSTRUCTION,2078333.09,,96.98,,2024-05-28,2021-10-01,,2023-12-21,No,TALLEY CST CO INC,2026-06-04
2026-06-05,0016845,COMPLETED-CONSTRUCTION,1171526.25,,93.74,,2022-08-30,2021-03-19,,2022-03-31,No,C W Matthews Contracting,2026-06-04
2026-06-05,0016847,COMPLETED-CONSTRUCTION,537395.62,,98.36,,2021-08-27,2020-05-22,,2021-05-31,No,MID-STATES STRIPING INC,2026-06-04
2026-06-05,0016848,COMPLETED-CONSTRUCTION,427788.84,,96.82,,2021-10-25,2020-08-21,,2021-08-31,No,Peek Pavement Marking LLC,2026-06-04
2026-06-05,0016849,COMPLETED-CONSTRUCTION,356918.38,,100.0,,2021-07-16,2020-05-22,,2021-05-25,No,MID-STATES STRIPING INC,2026-06-04
2026-06-05,0016850,COMPLETED-CONSTRUCTION,254250.05,,94.23,,2021-05-06,2020-05-22,,2021-04-01,No,Peek Pavement Marking LLC,2026-06-04
2026-06-05,0016851,COMPLETED-CONSTRUCTION,289020.22000000003,,98.13,,2021-09-09,2020-08-21,,2021-07-15,No,Peek Pavement Marking LLC,2026-06-04
2026-06-05,0016852,COMPLETED-CONSTRUCTION,335238.66,,92.39,,2021-04-20,2020-05-22,,2021-03-31,No,MID-STATES STRIPING INC,2026-06-04
2026-06-05,0016853,COMPLETED-CONSTRUCTION,277851.57,,94.26,,2021-05-17,2020-08-21,,2021-04-15,No,TRP CST GROUP LLC,2026-06-04
2026-06-05,0016854,COMPLETED-CONSTRUCTION,296545.04000000004,,81.67,,2021-07-28,2020-08-21,,2021-07-22,No,Peek Pavement Marking LLC,2026-06-04
2026-06-05,0016855,COMPLETED-CONSTRUCTION,1594405.67,,100.0,,2021-09-23,2020-08-21,,2021-07-31,No,TALLEY CST CO INC,2026-06-04
2026-06-05,0016856,COMPLETED-CONSTRUCTION,340440.06,,100.0,,2021-11-19,2020-08-21,,2021-08-31,No,Peek Pavement Marking LLC,2026-06-04
2026-06-05,0016857,COMPLETED-CONSTRUCTION,127609.54,,71.86,,2021-11-29,2020-08-21,,2021-08-31,No,Peek Pavement Marking LLC,2026-06-04
2026-06-05,0016858,COMPLETED-CONSTRUCTION,633213.6299999999,,92.71,,2021-07-26,2020-05-22,,2021-05-31,No,EVERETT DYKES GRASSING CO,2026-06-04
2026-06-05,0016859,COMPLETED-CONSTRUCTION,3158712.16,,96.37,2023-01-19,2024-02-12,2021-02-19,,2023-06-20,No,VERTICAL EARTH INC,2026-06-04
2026-06-05,0016860,COMPLETED-CONSTRUCTION,255843.76,,80.91,,2022-01-27,2020-05-22,,2021-05-31,No,Peek Pavement Marking LLC,2026-06-04
2026-06-05,0016879,COMPLETED-CONSTRUCTION,330380.57,,98.17,,2021-07-06,2020-08-21,,2021-05-26,No,Peek Pavement Marking LLC,2026-06-04
2026-06-05,0016880,COMPLETED-CONSTRUCTION,339160.36,,74.33,,2021-11-08,2020-08-21,,2021-07-01,No,Peek Pavement Marking LLC,2026-06-04
2026-06-05,0016881,COMPLETED-CONSTRUCTION,300981.67000000004,,92.67,,2021-06-17,2020-05-22,,2021-05-24,No,Peek Pavement Marking LLC,2026-06-04
2026-06-05,0016885,COMPLETED-CONSTRUCTION,349633.16000000003,,92.12,,2021-11-15,2020-08-21,,2021-06-25,No,C W Matthews Contracting,2026-06-04
2026-06-05,0016886,COMPLETED-CONSTRUCTION,134062.96999999997,,89.91,,2021-03-23,2020-05-22,,2021-03-02,No,Peek Pavement Marking LLC,2026-06-04
2026-06-05,0016887,COMPLETED-CONSTRUCTION,623839.02,,98.49,,,2021-02-19,,2022-04-27,No,GTG TRAFFIC SIGNALS LLC,2026-06-04
2026-06-05,0016888,COMPLETED-CONSTRUCTION,337939.31,,97.65,,2021-08-30,2020-08-21,,2021-05-17,No,Peek Pavement Marking LLC,2026-06-04
2026-06-05,0016899,PRE-CONSTRUCTION,6777025.45,,,,,,,,No,,2026-06-04
2026-06-05,0016903,COMPLETED-CONSTRUCTION,228821.95,,94.28,,2022-07-12,2021-06-18,,2022-05-27,No,ROADSIDE SPECIALTIES LLC,2026-06-04
2026-06-05,0016904,COMPLETED-CONSTRUCTION,371559.89,,97.38,,2022-07-12,2021-06-18,,2022-05-05,No,Peek Pavement Marking LLC,2026-06-04
2026-06-05,0016905,COMPLETED-CONSTRUCTION,219487.51,,97.53,,2022-07-11,2021-06-18,,2022-05-27,No,ROADSIDE SPECIALITIES LLC,2026-06-04
2026-06-05,0016906,COMPLETED-CONSTRUCTION,386270.77,,85.14,,2022-10-24,2021-07-02,,2022-07-17,No,ROADSIDE SPECIALITIES LLC,2026-06-04
2026-06-05,0016907,COMPLETED-CONSTRUCTION,437042.72,,98.81,,2024-03-25,2021-06-18,,2022-06-30,No,ROADSIDE SPECIALITIES LLC,2026-06-04
2026-06-05,0016908,COMPLETED-CONSTRUCTION,350648.01,,95.43,,2023-05-08,2021-06-18,,2022-08-10,No,Peek Pavement Marking LLC,2026-06-04
2026-06-05,0016909,COMPLETED-CONSTRUCTION,631523.38,,100.0,,2022-11-02,2021-06-18,,2022-09-07,No,ROADSIDE SPECIALITIES LLC,2026-06-04
2026-06-05,0016910,COMPLETED-CONSTRUCTION,387842.86,,86.83,,2023-01-13,2021-06-18,,2022-09-30,No,MID STATE CST & STRIPING,2026-06-04
2026-06-05,0016911,COMPLETED-CONSTRUCTION,616465.49,,92.72,,2023-01-13,2021-06-18,,2022-09-30,No,MID STATE CST & STRIPING,2026-06-04
2026-06-05,0016912,COMPLETED-CONSTRUCTION,486812.95,,94.18,,2022-08-11,2021-06-18,,2022-05-31,No,EAST COAST ASPHALT LLC,2026-06-04
2026-06-05,0016913,COMPLETED-CONSTRUCTION,495193.58,,91.36,,2022-04-28,2021-03-19,,2022-02-28,No,EAST COAST ASPHALT LLC,2026-06-04
2026-06-05,0016914,UNDER-CONSTRUCTION,404370.35,,,2026-12-31,,2025-12-05,,,No,OXFORD CONSTRUCTION CO,2026-06-04
2026-06-05,0016915,COMPLETED-CONSTRUCTION,447095.96,,98.63,,2024-04-01,2021-06-18,,2022-07-13,No,ROADSIDE SPECIALITIES LLC,2026-06-04
2026-06-05,0016916,COMPLETED-CONSTRUCTION,750908.27,,92.27,,2022-07-18,2021-06-18,,2022-05-27,No,PITTMAN CONSTRUCTION CO,2026-06-04
2026-06-05,0016918,COMPLETED-CONSTRUCTION,597338.74,,83.76,,2022-05-19,2021-06-18,,2022-03-08,No,PITTMAN CONSTRUCTION CO,2026-06-04
2026-06-05,0016920,PRE-CONSTRUCTION,2769000.0,,,,,,,,No,,2026-06-04
2026-06-05,0016921,COMPLETED-CONSTRUCTION,1761835.78,,99.99,2024-06-30,2024-12-06,2023-10-06,2024-08-01,,No,Baldwin Paving Company,2026-06-04
2026-06-05,0016923,COMPLETED-CONSTRUCTION,2385299.3,,98.83,,2022-06-30,2020-08-21,,2022-02-11,No,CARLSON CST SERVICES LLC,2026-06-04
2026-06-05,0016924,COMPLETED-CONSTRUCTION,2292289.49,,95.55,,,2021-04-16,,2024-04-30,No,R J HAYNIE & ASSOCIATES,2026-06-04
2026-06-05,0016926,UNDER-CONSTRUCTION,1597382.43,,98.34,2024-11-12,,2023-08-04,,,No,WILLIAMS POWER & SIGNAL,2026-06-04
2026-06-05,0016927,UNDER-CONSTRUCTION,5138137.55,,39.29,2027-03-31,,2025-08-01,,,No,BACKBONE INFRASTRUCTURE,2026-06-04
2026-06-05,0016928,COMPLETED-CONSTRUCTION,1365651.5,,85.76,2024-03-30,,2022-09-30,2024-03-30,,No,EXCELLERE CST LLC,2026-06-04
2026-06-05,0016929,COMPLETED-CONSTRUCTION,381064.7,,92.84,,2022-03-21,2021-06-18,,2022-02-25,No,OXFORD CONSTRUCTION CO,2026-06-04
2026-06-05,0016930,COMPLETED-CONSTRUCTION,219843.07,,98.62,,2023-01-11,2021-06-18,,2022-08-24,No,GTG TRAFFIC SIGNALS LLC,2026-06-04
2026-06-05,0016983,COMPLETED-CONSTRUCTION,262773.16,,91.5,,2022-11-03,2021-06-18,,2022-08-24,No,Peek Pavement Marking LLC,2026-06-04
2026-06-05,0016985,UNDER-CONSTRUCTION,43085008.62,,76.21000000000001,,,2021-12-03,,,No,PLANT IMPROVEMENT CO INC,2026-06-04
2026-06-05,0017000,COMPLETED-CONSTRUCTION,10674098.44,,99.53,,,2021-06-18,,2024-06-12,No,PITTMAN CONSTRUCTION CO,2026-06-04
2026-06-05,0017038,COMPLETED-CONSTRUCTION,22746243.15,,51.63,,,2021-10-13,,2023-12-28,No,C W Matthews Contracting,2026-06-04
2026-06-05,0017040,UNDER-CONSTRUCTION,50372909.39,,18.08,2028-04-30,,2025-05-22,,,No,C W Matthews Contracting,2026-06-04
2026-06-05,0017062,COMPLETED-CONSTRUCTION,940884.85,,97.82,2020-07-31,,2020-02-21,,2021-01-12,No,VERTICAL EARTH INC,2026-06-04
2026-06-05,0017063,COMPLETED-CONSTRUCTION,306893.28,,94.75,,2023-02-09,2021-06-18,,2022-10-22,No,GTG TRAFFIC SIGNALS LLC,2026-06-04
2026-06-05,0017064,COMPLETED-CONSTRUCTION,953561.82,,85.17,,2021-09-23,2020-06-19,,2021-08-25,No,ROADSAFE TRAFFIC SYSTEMS,2026-06-04
2026-06-05,0017065,COMPLETED-CONSTRUCTION,1527239.95,,94.91,,2021-11-15,2020-06-19,,2021-08-16,No,ROADSIDE SPECIALTIES LLC,2026-06-04
2026-06-05,0017066,COMPLETED-CONSTRUCTION,937285.91,,87.65,,2021-11-29,2020-06-19,,2021-10-19,No,ROADSIDE SPECIALTIES LLC,2026-06-04
2026-06-05,0017067,COMPLETED-CONSTRUCTION,1614386.28,,76.4,,2022-01-13,2020-07-17,,2021-07-31,No,ROADSAFE TRAFFIC SYSTEMS,2026-06-04
2026-06-05,0017068,COMPLETED-CONSTRUCTION,1271997.49,,81.59,,2022-04-12,2020-07-17,,2021-07-31,No,ROADSAFE TRAFFICI SYSTEMS,2026-06-04
2026-06-05,0017069,COMPLETED-CONSTRUCTION,1097162.92,,88.92,,2021-11-19,2020-07-17,,2021-09-01,No,ROADSAFE TRAFFIC SYSTEMS,2026-06-04
2026-06-05,0017070,COMPLETED-CONSTRUCTION,798354.36,,76.98,,2021-10-07,2020-07-17,,2021-07-31,No,ROADSAFE TRAFFIC SYSTEMS,2026-06-04
2026-06-05,0017071,COMPLETED-CONSTRUCTION,603130.71,,81.28,,2022-02-08,2020-07-17,,2021-07-31,No,ROADSAFE TRAFFIC SYSTEMS,2026-06-04
2026-06-05,0017072,COMPLETED-CONSTRUCTION,1111305.03,,98.69,,2022-04-04,2020-08-21,,2021-08-31,No,TRP CST GROUP LLC,2026-06-04
2026-06-05,0017073,COMPLETED-CONSTRUCTION,2105310.03,,87.41,,2021-09-01,2020-08-21,,2021-05-31,No,TRP CST GROUP LLC,2026-06-04
2026-06-05,0017074,COMPLETED-CONSTRUCTION,1920216.2,,99.1,,2021-11-08,2020-08-21,,2021-08-04,No,TRP CST GROUP LLC,2026-06-04
2026-06-05,0017075,COMPLETED-CONSTRUCTION,1370374.66,,98.1,,2021-11-08,2020-08-21,,2021-03-01,No,TRP CST GROUP INC,2026-06-04
2026-06-05,0017076,COMPLETED-CONSTRUCTION,1015693.92,,98.08,,2021-09-28,2020-08-21,,2021-03-16,No,TRP CST GROUP INC,2026-06-04
2026-06-05,0017077,COMPLETED-CONSTRUCTION,1087371.35,,88.42,,2022-01-27,2020-08-21,,2021-08-31,No,TRP CST GROUP LLC,2026-06-04
2026-06-05,0017078,COMPLETED-CONSTRUCTION,1608142.28,,98.76,,2022-01-27,2020-08-21,,2021-08-28,No,TRP CST GROUP LLC,2026-06-04
2026-06-05,0017079,COMPLETED-CONSTRUCTION,1633244.49,,90.22,,2021-10-25,2020-09-18,,2021-09-22,No,Peek Pavement Marking LLC,2026-06-04
2026-06-05,0017080,COMPLETED-CONSTRUCTION,1649289.62,,95.0,,2022-01-25,2020-09-18,,2021-09-28,No,Peek Pavement Marking LLC,2026-06-04
2026-06-05,0017081,COMPLETED-CONSTRUCTION,811368.87,,88.7,,2022-03-17,2020-09-18,,2021-11-16,No,Peek Pavement Marking LLC,2026-06-04
2026-06-05,0017082,COMPLETED-CONSTRUCTION,2010606.36,,85.09,,2022-01-20,2020-09-18,,2021-09-30,No,Peek Pavement Marking LLC,2026-06-04
2026-06-05,0017083,COMPLETED-CONSTRUCTION,2171464.12,,92.48,,2022-04-29,2020-09-18,,2022-03-01,No,Peek Pavement Marking LLC,2026-06-04
2026-06-05,0017084,COMPLETED-CONSTRUCTION,1875101.97,,77.94,,2021-12-02,2020-09-18,,2021-09-30,No,ROADSAFE TRAFFIC SYSTEMS,2026-06-04
2026-06-05,0017085,COMPLETED-CONSTRUCTION,1135888.32,,70.35000000000001,,2021-10-14,2020-09-18,,2021-08-27,No,Peek Pavement Marking LLC,2026-06-04
2026-06-05,0017086,COMPLETED-CONSTRUCTION,1800306.74,,72.39,,2021-11-08,2020-09-18,,2021-09-30,No,Peek Pavement Marking LLC,2026-06-04
2026-06-05,0017087,COMPLETED-CONSTRUCTION,1317792.84,,86.74,,,2020-09-18,,2021-08-03,No,Peek Pavement Marking LLC,2026-06-04
2026-06-05,0017088,UNDER-CONSTRUCTION,1441479.74,,78.95,2026-04-30,,2025-05-02,,,No,OHMSHIV CONSTRUCTION LLC,2026-06-04
2026-06-05,0017089,COMPLETED-CONSTRUCTION,986406.31,,89.74,,2022-04-13,2020-10-16,,2021-10-31,No,TRP CST GROUP LLC,2026-06-04
2026-06-05,0017090,COMPLETED-CONSTRUCTION,975449.71,,94.22,2021-10-31,2022-02-08,2020-10-16,,2021-10-31,No,TRP CST GROUP LLC,2026-06-04
2026-06-05,0017091,COMPLETED-CONSTRUCTION,1119338.8,,93.13,2021-10-31,2022-01-25,2020-10-16,,2021-10-31,No,TRP CST GROUP LLC,2026-06-04
2026-06-05,0017092,COMPLETED-CONSTRUCTION,1220634.58,,83.76,,2022-02-24,2020-10-16,,2021-10-31,No,TRP CST GROUP LLC,2026-06-04
2026-06-05,0017093,COMPLETED-CONSTRUCTION,1150453.24,,84.87,,2022-07-07,2020-06-19,,2021-07-25,No,TRP CST GROUP LLC,2026-06-04
2026-06-05,0017096,PRE-CONSTRUCTION,2811247.6,,,,,,,,No,,2026-06-04
2026-06-05,0017097,COMPLETED-CONSTRUCTION,4003266.05,,86.52,,2021-08-20,2020-06-19,,2021-06-08,No,MASSANA INC,2026-06-04
2026-06-05,0017098,COMPLETED-CONSTRUCTION,8252231.76,,95.81,,,2020-07-17,,2023-02-13,No,RMD HOLDINGS LTD,2026-06-04
2026-06-05,0017099,COMPLETED-CONSTRUCTION,4301135.45,,97.42,,2022-09-29,2020-09-04,,2022-08-11,No,MASSANA INC,2026-06-04
2026-06-05,0017100,COMPLETED-CONSTRUCTION,7693437.74,,94.93,,,2020-09-18,,2025-05-31,No,MASSANA INC,2026-06-04
2026-06-05,0017101,COMPLETED-CONSTRUCTION,3178244.4099999997,,94.31,,2022-03-24,2020-11-20,,2021-11-30,No,GEORGE B STONE CO LLC,2026-06-04
2026-06-05,0017102,COMPLETED-CONSTRUCTION,2365156.75,,93.26,,2023-01-20,2020-06-19,,2022-05-27,No,BRIGGS BROS ENTERPRISES,2026-06-04
2026-06-05,0017103,COMPLETED-CONSTRUCTION,1475515.06,,95.12,,2021-11-15,2020-06-19,,2021-04-30,No,MASSANA INC,2026-06-04
2026-06-05,0017104,COMPLETED-CONSTRUCTION,203511.21,,98.83,,2021-05-06,2020-06-19,,2021-03-10,No,THE L C WHITFORD CO,2026-06-04
2026-06-05,0017105,COMPLETED-CONSTRUCTION,273638.10000000003,,86.94,,2021-05-21,2020-06-19,,2021-04-30,No,MASSANA INC,2026-06-04
2026-06-05,0017106,COMPLETED-CONSTRUCTION,1238205.53,,98.51,,2022-04-04,2020-06-19,,2021-09-13,No,THE L C WHITFORD CO INC,2026-06-04
2026-06-05,0017110,PRE-CONSTRUCTION,56558959.0,,,,,,,,No,,2026-06-04
2026-06-05,0017111,COMPLETED-CONSTRUCTION,2170666.61,,99.87,2022-08-02,2024-03-07,2021-05-21,,2022-09-13,No,WILLIAMS CONTRACTING CO,2026-06-04
2026-06-05,0017112,COMPLETED-CONSTRUCTION,1946165.02,,99.44,2022-09-08,2023-07-25,2021-11-05,,2022-10-17,No,E R SNELL CONTRACTOR INC,2026-06-04
2026-06-05,0017114,UNDER-CONSTRUCTION,5327867.13,,91.41,2026-02-07,,2024-08-02,,,No,OHMSHIV CONSTRUCTION LLC,2026-06-04
2026-06-05,0017115,COMPLETED-CONSTRUCTION,1461184.65,,93.25,2026-02-04,,2024-08-02,2026-02-04,,No,OHMSHIV CONSTRUCTION LLC,2026-06-04
2026-06-05,0017121,PRE-CONSTRUCTION,66064736.68,,,,,,,,No,,2026-06-04
2026-06-05,0017122,COMPLETED-CONSTRUCTION,102418.8,,97.54,2023-09-30,2023-11-07,2022-09-30,2023-06-23,2023-06-23,No,GRACIE GRAY CONRACTORS,2026-06-04
2026-06-05,0017124,PRE-CONSTRUCTION,2981835189.0,,,,,,,,No,,2026-06-04
2026-06-05,0017126,UNDER-CONSTRUCTION,21992609.0,,100.0,2023-12-18,2024-04-18,2021-03-17,,,No,ER SNELL CONTRACTORS,2026-06-04
2026-06-05,0017129,UNDER-CONSTRUCTION,62739813.76,,100.0,2023-06-25,2024-02-29,2021-04-15,,,No,ARCHER WESTERN CONTRACTOR,2026-06-04
2026-06-05,0017130,UNDER-CONSTRUCTION,44179563.0,,,,,,,,No,ARCHER WESTERN CONTRACTOR,2026-06-04
2026-06-05,0017138,PRE-CONSTRUCTION,4678687.26,,,,,,,,No,,2026-06-04
2026-06-05,0017139,PRE-CONSTRUCTION,5633793.52,,,,,,,,No,,2026-06-04
2026-06-05,0017172,COMPLETED-CONSTRUCTION,1522452.49,,97.47,,,2021-09-02,,2022-08-31,No,SOUTHERN CONCRETE CST CO,2026-06-04
2026-06-05,0017173,COMPLETED-CONSTRUCTION,1558479.26,,97.05,,,2021-09-02,,2022-08-31,No,SOUTHERN CONCRETE CST CO,2026-06-04
2026-06-05,0017174,COMPLETED-CONSTRUCTION,2525672.82,,97.88,2023-02-23,2023-12-04,2022-04-01,,2023-05-08,No,CLEARWATER CST INC,2026-06-04
2026-06-05,0017175,COMPLETED-CONSTRUCTION,1802227.21,,97.5,2022-11-03,2023-02-17,2021-11-05,,2022-10-31,No,SOUTHERN CONCRETE CST CO,2026-06-04
2026-06-05,0017176,COMPLETED-CONSTRUCTION,1975317.24,,96.99,,2023-08-11,2021-11-05,,2022-11-03,No,SOUTHERN CONCRETE CST CO,2026-06-04
2026-06-05,0017177,COMPLETED-CONSTRUCTION,3043103.73,,99.17,2025-09-30,,2024-04-05,2025-09-30,,No,J A LONG INC,2026-06-04
2026-06-05,0017178,COMPLETED-CONSTRUCTION,4034764.34,,100.0,,2024-01-04,2021-08-24,,2023-08-11,No,CMES INC,2026-06-04
2026-06-05,0017179,COMPLETED-CONSTRUCTION,331523.13,,93.88,,2022-06-30,2021-02-19,,2022-04-30,No,Peek Pavement Marking LLC,2026-06-04
2026-06-05,0017180,COMPLETED-CONSTRUCTION,83918.73000000001,,98.21,,2022-10-31,2021-06-18,,2022-04-03,No,GTG TRAFFIC SIGNALS LLC,2026-06-04
2026-06-05,0017185,COMPLETED-CONSTRUCTION,5910089.51,,81.66,2026-03-31,,2024-11-08,2026-01-07,2026-01-07,No,E R SNELL CONTRACTOR INC,2026-06-04
2026-06-05,0017186,PRE-CONSTRUCTION,1343000.0,,,,,,,,No,,2026-06-04
2026-06-05,0017187,UNDER-CONSTRUCTION,32681647.35,,3.53,2029-08-31,,2026-01-02,,,No,CMES INC,2026-06-04
2026-06-05,0017189,UNDER-CONSTRUCTION,5560791.61,,,2023-08-14,,2023-01-23,,,No,MILL CREEK CONSTRUCTION,2026-06-04
2026-06-05,0017219,COMPLETED-CONSTRUCTION,20515000.0,,100.0,2024-09-28,2025-04-09,2022-10-24,2024-09-28,,No,CW MATTHEWS CONTRACTING,2026-06-04
2026-06-05,0017229,COMPLETED-CONSTRUCTION,5229114.109999999,,98.97,2025-04-06,,2024-05-03,2025-06-16,,No,GRIFFIN GRADING &CONCRETE,2026-06-04
2026-06-05,0017244,PRE-CONSTRUCTION,23809566.65,,,,,,,,No,,2026-06-04
2026-06-05,0017246,COMPLETED-CONSTRUCTION,2031809.71,,95.52,,,2022-05-26,,2023-06-07,No,THE SCRUGGS COMPANY,2026-06-04
2026-06-05,0017271,PRE-CONSTRUCTION,117436126.0,,,,,,,,No,,2026-06-04
2026-06-05,0017311,COMPLETED-CONSTRUCTION,2122657.23,,97.48,2023-01-07,2023-03-16,2022-02-04,,2023-03-01,No,UNDERGROUND EXCAVATING,2026-06-04
2026-06-05,0017312,COMPLETED-CONSTRUCTION,1850458.83,,97.44,2023-07-15,2023-07-24,2022-06-03,,2023-07-17,No,SOUTHERN CONCRETE CST CO,2026-06-04
2026-06-05,0017313,COMPLETED-CONSTRUCTION,1586207.88,,97.04,,2023-08-10,2022-01-19,,2023-04-18,No,GREGORY BRIDGE COMPANY,2026-06-04
2026-06-05,0017314,COMPLETED-CONSTRUCTION,1956538.57,,98.62,2023-07-29,2023-08-10,2022-06-03,,2023-07-19,No,SOUTHERN CONCRETE CST CO,2026-06-04
2026-06-05,0017315,COMPLETED-CONSTRUCTION,2318698.55,,98.42,,2023-10-04,2021-12-31,,2023-01-24,No,UNITED INFRASTRUCTURE GRP,2026-06-04
2026-06-05,0017316,COMPLETED-CONSTRUCTION,1449409.15,,96.82,,2023-08-18,2021-12-31,,2022-11-30,No,Southeastern Site Develop,2026-06-04
2026-06-05,0017317,PRE-CONSTRUCTION,9879536.64,,,,,,,,No,,2026-06-04
2026-06-05,0017389,COMPLETED-CONSTRUCTION,2213790.3,,100.0,2022-04-17,2023-01-31,2021-01-21,,2022-08-31,No,BROOKS-BERRY-HAYNIE&ASSOC,2026-06-04
2026-06-05,0017390,COMPLETED-CONSTRUCTION,3487594.65,,98.98,,2024-02-29,2021-09-02,,2023-08-04,No,WILLIAMS POWER & SIGNAL,2026-06-04
2026-06-05,0017391,COMPLETED-CONSTRUCTION,7300998.8,,87.48,2026-06-01,,2023-09-01,2026-06-01,2026-06-01,No,C W Matthews Contracting,2026-06-04
2026-06-05,0017392,PRE-CONSTRUCTION,26137500.0,,,,,,,,No,,2026-06-04
2026-06-05,0017394,PRE-CONSTRUCTION,15120595.36,,,,,,,,No,,2026-06-04
2026-06-05,0017395,PRE-CONSTRUCTION,5252981.88,,,,,,,,No,,2026-06-04
2026-06-05,0017396,PRE-CONSTRUCTION,2582756.05,,,,,,,,No,,2026-06-04
2026-06-05,0017397,PRE-CONSTRUCTION,5251996.68,,,,,,,,No,,2026-06-04
2026-06-05,0017398,PRE-CONSTRUCTION,12156999.84,,,,,,,,No,,2026-06-04
2026-06-05,0017399,PRE-CONSTRUCTION,10736004.27,,,,,,,,No,,2026-06-04
2026-06-05,0017401,PRE-CONSTRUCTION,4446642.5,,,,,,,,No,,2026-06-04
2026-06-05,0017403,COMPLETED-CONSTRUCTION,1518562.55,,93.07,2026-01-04,,2024-08-02,2026-03-06,,No,OHMSHIV CONSTRUCTION LLC,2026-06-04
2026-06-05,0017404,UNDER-CONSTRUCTION,2846498.19,,1.77,2027-10-31,,2025-12-05,,,No,WILSON CST MANAGEMENT LLC,2026-06-04
2026-06-05,0017405,PRE-CONSTRUCTION,790000.0,,,,,,,,No,,2026-06-04
2026-06-05,0017416,PRE-CONSTRUCTION,20171477.0,,,,,,,,No,,2026-06-04
2026-06-05,0017418,COMPLETED-CONSTRUCTION,2636222.59,,96.58,2024-03-31,,2023-01-06,2024-03-31,,No,PALMETTO INFRASTRUCTURE,2026-06-04
2026-06-05,0017419,COMPLETED-CONSTRUCTION,2631459.79,,89.99,2024-03-31,,2023-01-06,2024-06-24,,No,GREGORY BRIDGE COMPANY,2026-06-04
2026-06-05,0017420,COMPLETED-CONSTRUCTION,2437147.19,,93.46,2023-07-08,2024-12-02,2022-03-04,,2023-07-10,No,GREGORY BRIDGE COMPANY,2026-06-04
2026-06-05,0017421,COMPLETED-CONSTRUCTION,2423328.48,,99.42,2023-08-19,2024-05-07,2022-03-04,,2023-06-29,No,GREGORY BRIDGE COMPANY,2026-06-04
2026-06-05,0017422,COMPLETED-CONSTRUCTION,2368746.54,,96.03,2022-12-14,2023-10-30,2022-02-04,,2022-12-31,No,Southeastern Site Develop,2026-06-04
2026-06-05,0017423,COMPLETED-CONSTRUCTION,1894655.23,,97.26,2024-02-20,,2022-11-04,2024-04-04,2024-04-04,No,GREGORY BRIDGE COMPANY,2026-06-04
2026-06-05,0017424,COMPLETED-CONSTRUCTION,3040760.33,,98.24,2024-03-31,2025-03-04,2023-03-03,2024-04-29,2024-03-31,No,MCCOY GRADING INC,2026-06-04
2026-06-05,0017425,COMPLETED-CONSTRUCTION,1800358.83,,98.09,2024-03-31,2024-05-01,2023-01-06,2024-03-12,,No,SOUTHERN CONCRETE CST CO,2026-06-04
2026-06-05,0017426,PRE-CONSTRUCTION,1370000.0,,,,,,,,No,,2026-06-04
2026-06-05,0017430,UNDER-CONSTRUCTION,1672439.28,,40.04,2026-06-30,,2024-12-06,,,No,BACKBONE INFRASTRUCTURE,2026-06-04
2026-06-05,0017443,PRE-CONSTRUCTION,24455878.0,,,,,,,,No,,2026-06-04
2026-06-05,0017444,PRE-CONSTRUCTION,61661000.0,,,,,,,,No,,2026-06-04
2026-06-05,0017454,PRE-CONSTRUCTION,15190429.42,,,,,,,,No,,2026-06-04
2026-06-05,0017462,UNDER-CONSTRUCTION,327684.06,,71.42,2026-11-04,,2023-09-01,,,No,C W Matthews Contracting,2026-06-04
2026-06-05,0017515,PRE-CONSTRUCTION,52326320.62,,,,,,,,No,,2026-06-04
2026-06-05,0017517,PRE-CONSTRUCTION,6213644.9399999995,,,,,,,,No,,2026-06-04
2026-06-05,0017518,PRE-CONSTRUCTION,70924556.34,,,,,,,,No,,2026-06-04
2026-06-05,0017521,PRE-CONSTRUCTION,1603903.67,,,,,,,,Yes,,2026-06-04
2026-06-05,0017522,PRE-CONSTRUCTION,29481900.0,,,,,,,,Yes,,2026-06-04
2026-06-05,0017523,PRE-CONSTRUCTION,1700000.0,,,,,,,,Yes,,2026-06-04
2026-06-05,0017524,PRE-CONSTRUCTION,2673745.5,,,,,,,,Yes,,2026-06-04
2026-06-05,0017525,PRE-CONSTRUCTION,300000.0,,,,,,,,Yes,,2026-06-04
2026-06-05,0017526,PRE-CONSTRUCTION,3000000.0,,,,,,,,Yes,,2026-06-04
2026-06-05,0017527,PRE-CONSTRUCTION,9195000.0,,,,,,,,Yes,,2026-06-04
2026-06-05,0017528,PRE-CONSTRUCTION,6442800.0,,,,,,,,Yes,,2026-06-04
2026-06-05,0017529,PRE-CONSTRUCTION,12900000.0,,,,,,,,Yes,,2026-06-04
2026-06-05,0017530,COMPLETED-CONSTRUCTION,2245390.08,,,,2025-11-04,,,,Yes,"SOUTHERN ASPHALT, LLC",2026-06-04
2026-06-05,0017531,UNDER-CONSTRUCTION,1819440.0,,,,,,,,Yes,REEVES CONSTRUCTION,2026-06-04
2026-06-05,0017532,UNDER-CONSTRUCTION,621000.0,,,,,,,,Yes,REEVES CONSTRUCTION,2026-06-04
2026-06-05,0017533,UNDER-CONSTRUCTION,2260000.0,,,,,,,,Yes,REEVES CONSTRUCTION,2026-06-04
2026-06-05,0017534,PRE-CONSTRUCTION,2600000.0,,,,,,,,Yes,,2026-06-04
2026-06-05,0017535,UNDER-CONSTRUCTION,1230000.0,,,,,,,,Yes,REEVES CONSTRUCTION CO,2026-06-04
2026-06-05,0017536,PRE-CONSTRUCTION,2015000.0,,,,,,,,Yes,,2026-06-04
2026-06-05,0017537,PRE-CONSTRUCTION,9250000.0,,,,,,,,Yes,,2026-06-04
2026-06-05,0017538,UNDER-CONSTRUCTION,397000.0,,,,,,,,Yes,REEVES CONSTRUCTION CO,2026-06-04
2026-06-05,0017539,UNDER-CONSTRUCTION,101000.0,,,,,,,,Yes,Southern Asphalt LLC,2026-06-04
2026-06-05,0017540,UNDER-CONSTRUCTION,630000.0,,,,,,,,Yes,REEVES CONSTRUCTION,2026-06-04
2026-06-05,0017541,UNDER-CONSTRUCTION,256000.0,,,,,,,,Yes,REEVES CONSTRUCTION CO,2026-06-04
2026-06-05,0017542,UNDER-CONSTRUCTION,97000.0,,,,,,,,Yes,ER SNELL CONTRACTOR INC,2026-06-04
2026-06-05,0017543,UNDER-CONSTRUCTION,290000.0,,,,,,,,Yes,REEVES CONSTRUCTION CO,2026-06-04
2026-06-05,0017544,COMPLETED-CONSTRUCTION,2105000.0,,,,2025-11-04,,,,Yes,"SOUTHERN ASPHALT, LLC",2026-06-04
2026-06-05,0017545,UNDER-CONSTRUCTION,118000.0,,,,,,,,Yes,REEVES CONSTRUCTION CO,2026-06-04
2026-06-05,0017546,UNDER-CONSTRUCTION,141000.0,,,,,,,,Yes,REEVES CONSTRUCTION CO,2026-06-04
2026-06-05,0017547,UNDER-CONSTRUCTION,393000.0,,,,,,,,Yes,Southern Asphalt LLC,2026-06-04
2026-06-05,0017548,UNDER-CONSTRUCTION,162000.0,,,,,,,,Yes,ER SNELL CONTRACTOR INC,2026-06-04
2026-06-05,0017549,UNDER-CONSTRUCTION,38000.0,,,,,,,,Yes,ER SNELL CONTRACTOR INC,2026-06-04
2026-06-05,0017550,UNDER-CONSTRUCTION,610000.0,,,,,,,,Yes,REEVES CONSTRUCTION CO,2026-06-04
2026-06-05,0017551,UNDER-CONSTRUCTION,455000.0,,,,,,,,Yes,REEVES CONSTRUCTION,2026-06-04
2026-06-05,0017552,UNDER-CONSTRUCTION,94000.0,,,,,,,,Yes,REEVES CONSTRUCTION CO,2026-06-04
2026-06-05,0017553,UNDER-CONSTRUCTION,293000.0,,,,,,,,Yes,REEVES CONSTRUCTION CO,2026-06-04
2026-06-05,0017554,UNDER-CONSTRUCTION,617917.0,,,,,,,,Yes,REEVES CONSTRUCTION,2026-06-04
2026-06-05,0017555,UNDER-CONSTRUCTION,477000.0,,,,,,,,Yes,Southern Asphalt LLC,2026-06-04
2026-06-05,0017556,UNDER-CONSTRUCTION,882000.0,,,,,,,,Yes,REEVES CONSTRUCTION CO,2026-06-04
2026-06-05,0017557,UNDER-CONSTRUCTION,384000.0,,,,,,,,Yes,REEVES CONSTRUCTION CO,2026-06-04
2026-06-05,0017558,UNDER-CONSTRUCTION,543000.0,,,,,,,,Yes,REEVES CONSTRUCTION CO,2026-06-04
2026-06-05,0017559,UNDER-CONSTRUCTION,107000.0,,,,,,,,Yes,REEVES CONSTRUCTION,2026-06-04
2026-06-05,0017560,UNDER-CONSTRUCTION,,,,,,,,,Yes,ER SNELL CONTRACTOR INC,2026-06-04
2026-06-05,0017561,UNDER-CONSTRUCTION,327969.0,,,,,,,,Yes,REEVES CONSTRUCTION CO,2026-06-04
2026-06-05,0017562,UNDER-CONSTRUCTION,189000.0,,,,,,,,Yes,REEVES CONSTRUCTION CO,2026-06-04
2026-06-05,0017563,UNDER-CONSTRUCTION,98000.0,,,,,,,,Yes,REEVES CONSTRUCTION CO,2026-06-04
2026-06-05,0017564,UNDER-CONSTRUCTION,141000.0,,,,,,,,Yes,REEVES CONSTRUCTION CO,2026-06-04
2026-06-05,0017565,UNDER-CONSTRUCTION,754000.0,,,,,,,,Yes,REEVES CONSTRUCTION CO,2026-06-04
2026-06-05,0017566,UNDER-CONSTRUCTION,118863.0,,,,,,,,Yes,ER SNELL CONTRACTOR INC,2026-06-04
2026-06-05,0017567,UNDER-CONSTRUCTION,274338.0,,,,,,,,Yes,ER SNELL CONTRACTOR INC,2026-06-04
2026-06-05,0017568,UNDER-CONSTRUCTION,,,,,,,,,Yes,REEVES CONSTRUCTION CO,2026-06-04
2026-06-05,0017569,UNDER-CONSTRUCTION,222605.0,,,,,,,,Yes,REEVES CONSTRUCTION CO,2026-06-04
2026-06-05,0017570,UNDER-CONSTRUCTION,1430000.0,,,,,,,,Yes,Southern Asphalt LLC,2026-06-04
2026-06-05,0017571,UNDER-CONSTRUCTION,1104000.0,,,,,,,,Yes,Southern Asphalt LLC,2026-06-04
2026-06-05,0017572,UNDER-CONSTRUCTION,108000.0,,,,,,,,Yes,REEVES CONSTRUCTION CO,2026-06-04
2026-06-05,0017573,UNDER-CONSTRUCTION,41000.0,,,,,,,,Yes,REEVES CONSTRUCTION CO,2026-06-04
2026-06-05,0017574,UNDER-CONSTRUCTION,,,,,,,,,Yes,REEVES CONSTRUCTION,2026-06-04
2026-06-05,0017575,COMPLETED-CONSTRUCTION,369166.89,,,,2025-11-04,,,,Yes,"SOUTHERN ASPHALT, LLC",2026-06-04
2026-06-05,0017576,UNDER-CONSTRUCTION,1166970.0,,,,,,,,Yes,ER SNELL CONTRACTOR INC,2026-06-04
2026-06-05,0017577,UNDER-CONSTRUCTION,471000.0,,,,,,,,Yes,Southern Asphalt LLC,2026-06-04
2026-06-05,0017578,UNDER-CONSTRUCTION,216438.0,,,,,,,,Yes,REEVES CONSTRUCTION CO,2026-06-04
2026-06-05,0017579,UNDER-CONSTRUCTION,164533.0,,,,,,,,Yes,REEVES CONSTRUCTION CO,2026-06-04
2026-06-05,0017580,UNDER-CONSTRUCTION,199000.0,,,,,,,,Yes,REEVES CONSTRUCTION CO,2026-06-04
2026-06-05,0017581,UNDER-CONSTRUCTION,795000.0,,,,,,,,Yes,REEVES CONSTRUCTION CO,2026-06-04
2026-06-05,0017582,UNDER-CONSTRUCTION,165000.0,,,,,,,,Yes,REEVES CONSTRUCTION CO,2026-06-04
2026-06-05,0017583,UNDER-CONSTRUCTION,690000.0,,,,,,,,Yes,Southern Asphalt LLC,2026-06-04
2026-06-05,0017584,UNDER-CONSTRUCTION,54700.0,,,,,,,,Yes,REEVES CONSTRUCTION CO,2026-06-04
2026-06-05,0017585,UNDER-CONSTRUCTION,3000000.0,,,,,,,,Yes,ER SNELL CONTRACTOR INC,2026-06-04
2026-06-05,0017586,UNDER-CONSTRUCTION,285000.0,,,,,,,,Yes,Southern Asphalt LLC,2026-06-04
2026-06-05,0017588,PRE-CONSTRUCTION,1724000.0,,,,,,,,Yes,,2026-06-04
2026-06-05,0017589,PRE-CONSTRUCTION,1396000.0,,,,,,,,Yes,,2026-06-04
2026-06-05,0017590,PRE-CONSTRUCTION,586460.0,,,,,,,,Yes,,2026-06-04
2026-06-05,0017591,UNDER-CONSTRUCTION,95080.0,,,,,,,,Yes,ALL STAR CONCRETE INC,2026-06-04
2026-06-05,0017592,UNDER-CONSTRUCTION,100000.0,,,,,,,,Yes,ALL STAR CONCRETE INC,2026-06-04
2026-06-05,0017593,PRE-CONSTRUCTION,8181008.0,,,,,,,,Yes,,2026-06-04
2026-06-05,0017594,PRE-CONSTRUCTION,510545.0,,,,,,,,Yes,,2026-06-04
2026-06-05,0017595,UNDER-CONSTRUCTION,1111457.89,,43.11,2026-12-31,,2026-01-02,,,Yes,ANATEK INC,2026-06-04
2026-06-05,0017596,UNDER-CONSTRUCTION,990000.0,,,,,,,,Yes,SIKES BROTHERS INC,2026-06-04
2026-06-05,0017598,PRE-CONSTRUCTION,3607000.0,,,,,,,,Yes,,2026-06-04
2026-06-05,0017599,PRE-CONSTRUCTION,6098660.0,,,,,,,,Yes,,2026-06-04
2026-06-05,0017601,PRE-CONSTRUCTION,2345000.0,,,,,,,,Yes,,2026-06-04
2026-06-05,0017602,COMPLETED-CONSTRUCTION,1435486.89,,,2025-11-30,,2025-01-03,2026-01-15,,Yes,,2026-06-04
2026-06-05,0017603,COMPLETED-CONSTRUCTION,359983.19,,,2025-11-30,,2025-01-03,2026-01-15,,Yes,,2026-06-04
2026-06-05,0017604,COMPLETED-CONSTRUCTION,455799.87,,,2025-11-30,,2025-01-03,2026-01-15,,Yes,,2026-06-04
2026-06-05,0017605,COMPLETED-CONSTRUCTION,659794.12,,,2025-11-30,,2025-01-03,2026-01-15,,Yes,,2026-06-04
2026-06-05,0017606,COMPLETED-CONSTRUCTION,1974348.0,,,2025-11-30,,2025-01-03,2026-01-15,,Yes,,2026-06-04
2026-06-05,0017607,PRE-CONSTRUCTION,1856000.0,,,,,,,,Yes,,2026-06-04
2026-06-05,0017608,PRE-CONSTRUCTION,1800000.0,,,,,,,,Yes,,2026-06-04
2026-06-05,0017609,PRE-CONSTRUCTION,1548000.0,,,,,,,,Yes,,2026-06-04
2026-06-05,0017610,PRE-CONSTRUCTION,2500000.0,,,,,,,,Yes,,2026-06-04
2026-06-05,0017611,PRE-CONSTRUCTION,5622000.0,,,,,,,,Yes,,2026-06-04
2026-06-05,0017612,PRE-CONSTRUCTION,3409000.0,,,,,,,,Yes,,2026-06-04
2026-06-05,0017613,PRE-CONSTRUCTION,2425000.0,,,,,,,,Yes,,2026-06-04
2026-06-05,0017614,PRE-CONSTRUCTION,4672000.0,,,,,,,,Yes,,2026-06-04
2026-06-05,0017615,PRE-CONSTRUCTION,4150000.0,,,,,,,,Yes,,2026-06-04
2026-06-05,0017616,PRE-CONSTRUCTION,2975000.0,,,,,,,,Yes,,2026-06-04
2026-06-05,0017617,PRE-CONSTRUCTION,1000000.0,,,,,,,,Yes,,2026-06-04
2026-06-05,0017618,PRE-CONSTRUCTION,8145304.0,,,,,,,,Yes,,2026-06-04
2026-06-05,0017619,PRE-CONSTRUCTION,23000000.0,,,,,,,,Yes,,2026-06-04
2026-06-05,0017620,PRE-CONSTRUCTION,20304000.0,,,,,,,,Yes,,2026-06-04
2026-06-05,0017621,PRE-CONSTRUCTION,3174428.0,,,,,,,,Yes,,2026-06-04
2026-06-05,0017622,PRE-CONSTRUCTION,2420550.0,,,,,,,,Yes,,2026-06-04
2026-06-05,0017623,UNDER-CONSTRUCTION,3900000.0,,,,,,,,Yes,TCA ELECTRICAL CONTRACTOR,2026-06-04
2026-06-05,0017624,PRE-CONSTRUCTION,7623000.0,,,,,,,,Yes,,2026-06-04
2026-06-05,0017625,COMPLETED-CONSTRUCTION,2000000.0,,,,2025-11-26,,,,Yes,Augusta-Richmond County,2026-06-04
2026-06-05,0017626,PRE-CONSTRUCTION,600000.0,,,,,,,,Yes,,2026-06-04
2026-06-05,0017627,UNDER-CONSTRUCTION,13000000.0,,,,,,,,Yes,GEARIG CIVILWORKS,2026-06-04
2026-06-05,0017628,UNDER-CONSTRUCTION,7000000.0,,,,,,,,Yes,INDEPENDENCE EXCAVATING,2026-06-04
2026-06-05,0017629,UNDER-CONSTRUCTION,1600000.0,,,,,,,,Yes,INDEPENDENCE EXCAVATING,2026-06-04
2026-06-05,0017630,PRE-CONSTRUCTION,20097176.0,,,,,,,,Yes,,2026-06-04
2026-06-05,0017631,PRE-CONSTRUCTION,2600000.0,,,,,,,,Yes,,2026-06-04
2026-06-05,0017632,UNDER-CONSTRUCTION,6395630.0,,,,,,,,Yes,INDEPENDENCE EXCAVATING,2026-06-04
2026-06-05,0017633,PRE-CONSTRUCTION,11882560.0,,,,,,,,Yes,,2026-06-04
2026-06-05,0017634,PRE-CONSTRUCTION,3164700.0,,,,,,,,Yes,,2026-06-04
2026-06-05,0017635,UNDER-CONSTRUCTION,2063450.0,,,,,,,,Yes,ER SNELL CONTRACTOR INC,2026-06-04
2026-06-05,0017636,PRE-CONSTRUCTION,15000000.0,,,,,,,,Yes,,2026-06-04
2026-06-05,0017637,UNDER-CONSTRUCTION,3616800.0,,,,,,,,Yes,ER SNELL CONTRACTOR INC,2026-06-04
2026-06-05,0017638,PRE-CONSTRUCTION,7059397.0,,,,,,,,Yes,,2026-06-04
2026-06-05,0017639,PRE-CONSTRUCTION,3719430.0,,,,,,,,Yes,,2026-06-04
2026-06-05,0017640,PRE-CONSTRUCTION,17011727.0,,,,,,,,Yes,,2026-06-04
2026-06-05,0017641,PRE-CONSTRUCTION,8938270.0,,,,,,,,Yes,,2026-06-04
2026-06-05,0017642,PRE-CONSTRUCTION,10000000.0,,,,,,,,Yes,,2026-06-04
2026-06-05,0017643,PRE-CONSTRUCTION,9252974.0,,,,,,,,Yes,,2026-06-04
2026-06-05,0017644,PRE-CONSTRUCTION,21962975.0,,,,,,,,Yes,,2026-06-04
2026-06-05,0017645,UNDER-CONSTRUCTION,2506052.0,,,,,,,,Yes,ER SNELL CONTRACTOR INC,2026-06-04
2026-06-05,0017646,PRE-CONSTRUCTION,18629405.0,,,,,,,,Yes,,2026-06-04
2026-06-05,0017647,PRE-CONSTRUCTION,4924040.0,,,,,,,,Yes,,2026-06-04
2026-06-05,0017648,PRE-CONSTRUCTION,6437824.0,,,,,,,,Yes,,2026-06-04
2026-06-05,0017649,PRE-CONSTRUCTION,800000.0,,,,,,,,Yes,,2026-06-04
2026-06-05,0017650,PRE-CONSTRUCTION,680000.0,,,,,,,,Yes,,2026-06-04
2026-06-05,0017651,COMPLETED-CONSTRUCTION,1947000.0,,,,2025-04-08,,,,Yes,PITTMAN CONSTRUCTION CO,2026-06-04
2026-06-05,0017652,COMPLETED-CONSTRUCTION,2577872.0,,,,2025-04-08,,,,Yes,PITTMAN CONSTRUCTION CO,2026-06-04
2026-06-05,0017653,UNDER-CONSTRUCTION,1255338.4,,,,,,,,Yes,Garrett Paving Company,2026-06-04
2026-06-05,0017654,UNDER-CONSTRUCTION,737361.65,,,,,,,,Yes,Garrett Paving Company,2026-06-04
2026-06-05,0017655,UNDER-CONSTRUCTION,606342.3,,,,,,,,Yes,Garrett Paving Company,2026-06-04
2026-06-05,0017656,COMPLETED-CONSTRUCTION,528164.0,,,,2025-04-08,,,,Yes,PITTMAN CONSTRUCTION CO,2026-06-04
2026-06-05,0017657,UNDER-CONSTRUCTION,382320.0,,,,,,,,Yes,Garrett Paving Company,2026-06-04
2026-06-05,0017658,COMPLETED-CONSTRUCTION,297092.0,,,,2025-04-08,,,,Yes,PITTMAN CONSTRUCTION CO,2026-06-04
2026-06-05,0017659,PRE-CONSTRUCTION,2865000.0,,,,,,,,Yes,,2026-06-04
2026-06-05,0017660,PRE-CONSTRUCTION,3088000.0,,,,,,,,Yes,,2026-06-04
2026-06-05,0017661,PRE-CONSTRUCTION,2466250.14,,,,,,,,Yes,,2026-06-04
2026-06-05,0017662,PRE-CONSTRUCTION,850000.0,,,,,,,,Yes,,2026-06-04
2026-06-05,0017663,PRE-CONSTRUCTION,920000.0,,,,,,,,Yes,,2026-06-04
2026-06-05,0017664,PRE-CONSTRUCTION,1475000.0,,,,,,,,Yes,,2026-06-04
2026-06-05,0017665,PRE-CONSTRUCTION,1425000.0,,,,,,,,Yes,,2026-06-04
2026-06-05,0017666,PRE-CONSTRUCTION,610300.0,,,,,,,,Yes,,2026-06-04
2026-06-05,0017667,PRE-CONSTRUCTION,1356600.0,,,,,,,,Yes,,2026-06-04
2026-06-05,0017668,PRE-CONSTRUCTION,1021700.0,,,,,,,,Yes,,2026-06-04
2026-06-05,0017669,PRE-CONSTRUCTION,175000.0,,,,,,,,Yes,,2026-06-04
2026-06-05,0017670,PRE-CONSTRUCTION,140000.0,,,,,,,,Yes,,2026-06-04
2026-06-05,0017671,PRE-CONSTRUCTION,214000.0,,,,,,,,Yes,,2026-06-04
2026-06-05,0017672,COMPLETED-CONSTRUCTION,710000.0,,,,2025-11-20,,,,Yes,Garrett Paving Company,2026-06-04
2026-06-05,0017673,COMPLETED-CONSTRUCTION,1345000.0,,,,2025-11-20,,,,Yes,Garrett Paving Company,2026-06-04
2026-06-05,0017678,COMPLETED-CONSTRUCTION,2287676.06,,96.04,2025-09-30,,2024-07-05,2025-09-30,,No,WILLIAMS CONTRACTING CO,2026-06-04
2026-06-05,0017691,UNDER-CONSTRUCTION,3598777.05,,,,,,,,No,THE SCRUGGS  COMPANY,2026-06-04
2026-06-05,0017694,COMPLETED-CONSTRUCTION,698889.95,,94.99,2024-09-30,,2023-10-06,2024-09-30,,No,Peek Pavement Marking LLC,2026-06-04
2026-06-05,0017697,PRE-CONSTRUCTION,11138000.0,,,,,,,,No,,2026-06-04
2026-06-05,0017698,COMPLETED-CONSTRUCTION,2158201.66,,93.21,2024-12-31,,2023-06-30,2024-12-31,,No,BARTOW PAVING COMPANY INC,2026-06-04
2026-06-05,0017699,COMPLETED-CONSTRUCTION,254161.79,,95.08,,2022-11-28,2021-12-31,,2022-11-03,No,ROADSIDE SPECIALTIES LLC,2026-06-04
2026-06-05,0017700,COMPLETED-CONSTRUCTION,227094.61,,96.4,,2023-07-12,2022-04-01,,2023-05-09,No,ROADSIDE SPECIALTIES LLC,2026-06-04
2026-06-05,0017701,COMPLETED-CONSTRUCTION,300835.91000000003,,97.09,,2023-08-02,2021-04-01,,2023-05-31,No,ROADSIDE SPECIALTIES LLC,2026-06-04
2026-06-05,0017702,COMPLETED-CONSTRUCTION,231963.2,,96.99,,2022-07-07,2021-10-01,,2022-05-31,No,Peek Pavement Marking LLC,2026-06-04
2026-06-05,0017703,COMPLETED-CONSTRUCTION,206355.51,,,2023-08-31,2023-09-28,2022-07-01,2023-07-22,2023-07-22,No,Peek Pavement Marking LLC,2026-06-04
2026-06-05,0017704,COMPLETED-CONSTRUCTION,314581.15,,99.65,,2023-08-03,2021-10-01,,2022-12-19,No,Peek Pavement Marking LLC,2026-06-04
2026-06-05,0017705,COMPLETED-CONSTRUCTION,815562.9,,74.91,,2023-03-03,2021-12-31,,2023-01-06,No,Peek Pavement Marking LLC,2026-06-04
2026-06-05,0017706,COMPLETED-CONSTRUCTION,510477.93,,88.79,,2023-07-10,2021-12-31,,2023-03-13,No,SIKES BROTHERS INC,2026-06-04
2026-06-05,0017707,COMPLETED-CONSTRUCTION,270355.27,,96.97,,2023-09-22,2022-04-01,,2023-04-28,No,REEVES CONSTRUCTION CO,2026-06-04
2026-06-05,0017708,COMPLETED-CONSTRUCTION,208237.34,,85.82000000000001,2023-08-31,,2022-07-01,2023-08-31,,No,Peek Pavement Marking LLC,2026-06-04
2026-06-05,0017709,COMPLETED-CONSTRUCTION,586496.09,,91.22,,2023-09-14,2021-12-31,,2022-08-10,No,C W Matthews Contracting,2026-06-04
2026-06-05,0017710,COMPLETED-CONSTRUCTION,504209.32,,98.0,,2023-07-17,2022-04-01,,2023-05-31,No,ROADSIDE SPECIALTIES LLC,2026-06-04
2026-06-05,0017711,COMPLETED-CONSTRUCTION,28940.61,,90.45,,2023-05-08,2022-04-01,,2023-03-31,No,Peek Pavement Marking LLC,2026-06-04
2026-06-05,0017712,COMPLETED-CONSTRUCTION,293957.91000000003,,99.9,,,2022-04-01,,2023-05-31,No,ROADSIDE SPECIALTIES LLC,2026-06-04
2026-06-05,0017713,COMPLETED-CONSTRUCTION,221871.34,,95.39,,2022-12-02,2021-12-31,,2022-11-16,No,TIDWELL TRAFFIC SOLUTIONS,2026-06-04
2026-06-05,0017714,COMPLETED-CONSTRUCTION,77103.43,,99.94,2023-08-31,2023-10-04,2022-07-01,2023-06-29,2023-06-29,No,TIDWELL TRAFFIC SOLUTIONS,2026-06-04
2026-06-05,0017715,COMPLETED-CONSTRUCTION,179219.71000000002,,90.63,2023-08-31,,2022-07-01,2023-08-31,,No,Peek Pavement Marking LLC,2026-06-04
2026-06-05,0017716,COMPLETED-CONSTRUCTION,480948.14,,97.08,,2023-09-25,2021-10-01,,2022-11-09,No,Peek Pavement Marking LLC,2026-06-04
2026-06-05,0017718,COMPLETED-CONSTRUCTION,1489468.77,,98.28,2025-06-30,,2024-08-02,2025-08-26,2025-08-25,No,OHMSHIV CONSTRUCTION LLC,2026-06-04
2026-06-05,0017719,UNDER-CONSTRUCTION,1551209.76,,,2027-03-31,,2026-03-06,,,No,AZIMUTH CONTRACTORS LLC,2026-06-04
2026-06-05,0017726,COMPLETED-CONSTRUCTION,170608.59,,92.53,,2022-11-29,2021-06-18,,2022-06-30,No,Peek Pavement Marking LLC,2026-06-04
2026-06-05,0017727,COMPLETED-CONSTRUCTION,152186.53,,96.33,,2022-10-05,2021-06-18,,2022-06-30,No,Peek Pavement Marking LLC,2026-06-04
2026-06-05,0017728,COMPLETED-CONSTRUCTION,806026.9199999999,,71.97,,2024-03-21,2021-10-01,,2023-08-23,No,EAST COAST ASPHALT LLC,2026-06-04
2026-06-05,0017731,PRE-CONSTRUCTION,4033229.51,,,,,,,,No,,2026-06-04
2026-06-05,0017739,PRE-CONSTRUCTION,11988836.93,,,,,,,,No,,2026-06-04
2026-06-05,0017740,COMPLETED-CONSTRUCTION,1064375.77,,99.36,2024-03-31,,2023-06-21,2024-03-31,2024-03-31,No,NORTHWEST GA PAVING INC,2026-06-04
2026-06-05,0017742,COMPLETED-CONSTRUCTION,738998.62,,96.61,2023-08-31,2023-12-18,2022-07-01,2023-08-31,2023-06-28,No,TIDWELL TRAFFIC SOLUTIONS,2026-06-04
2026-06-05,0017743,COMPLETED-CONSTRUCTION,195200.33,,99.54,2023-08-31,2024-03-28,2022-07-01,2023-08-31,2023-06-14,No,GTG TRAFFIC SIGNALS LLC,2026-06-04
2026-06-05,0017753,COMPLETED-CONSTRUCTION,196936.55,,87.82000000000001,2023-08-31,2023-06-13,2022-07-01,2023-04-18,2023-04-18,No,TIDWELL TRAFFIC SOLUTIONS,2026-06-04
2026-06-05,0017756,PRE-CONSTRUCTION,1257300.88,,,,,,,,No,,2026-06-04
2026-06-05,0017771,COMPLETED-CONSTRUCTION,1802286.72,,94.08,2025-01-31,,2024-04-05,2025-01-31,2025-01-31,No,E R SNELL CONTRACTOR INC,2026-06-04
2026-06-05,0017772,COMPLETED-CONSTRUCTION,1421492.8,,96.16,2024-11-06,,2023-11-03,2024-09-18,,No,WILLIAMS CONTRACTING CO,2026-06-04
2026-06-05,0017773,COMPLETED-CONSTRUCTION,1464246.35,,99.53,2025-06-30,,2024-07-05,2025-06-24,,No,TALLEY CST CO INC,2026-06-04
2026-06-05,0017774,COMPLETED-CONSTRUCTION,2468063.13,,96.92,2025-02-23,,2023-10-06,2025-02-22,,No,SOUTHERN CONCRETE CST CO,2026-06-04
2026-06-05,0017775,UNDER-CONSTRUCTION,2338972.3,,93.93,2026-03-31,,2024-11-01,,,No,F S SCARBROUGH LLC,2026-06-04
2026-06-05,0017776,COMPLETED-CONSTRUCTION,2275171.6100000003,,94.84,2023-10-31,2024-02-22,2022-11-04,2023-10-26,,No,SOUTHERN CONCRETE CST CO,2026-06-04
2026-06-05,0017777,COMPLETED-CONSTRUCTION,3190212.75,,98.64,2024-03-31,,2023-02-03,2024-03-31,,No,SOUTHERN CONCRETE CST CO,2026-06-04
2026-06-05,0017778,COMPLETED-CONSTRUCTION,2959983.16,,98.53,2025-02-28,,2023-03-03,2024-08-05,,No,Southeastern Site Develop,2026-06-04
2026-06-05,0017779,COMPLETED-CONSTRUCTION,2313195.7800000003,,99.02,2024-06-05,2024-11-01,2023-03-03,2024-06-04,,No,SOUTHERN CONCRETE CST CO,2026-06-04
2026-06-05,0017780,UNDER-CONSTRUCTION,2439836.15,,73.72,2024-09-13,,2023-06-30,,,No,C & S CONTRACTING CO LLC,2026-06-04
2026-06-05,0017782,UNDER-CONSTRUCTION,27696421.28,,50.43,2027-09-18,,2023-05-05,,,No,C W Matthews Contracting,2026-06-04
2026-06-05,0017784,PRE-CONSTRUCTION,0.0,,,,,,,,No,,2026-06-04
2026-06-05,0017802,PRE-CONSTRUCTION,3658520.0,,,,,,,,No,,2026-06-04
2026-06-05,0017804,PRE-CONSTRUCTION,12244793.9,,,,,,,,No,,2026-06-04
2026-06-05,0017805,COMPLETED-CONSTRUCTION,4355110.98,,100.0,,2023-08-28,2021-09-21,,2023-05-18,No,C W Matthews Contracting,2026-06-04
2026-06-05,0017806,PRE-CONSTRUCTION,18467565.32,,,,,,,,No,,2026-06-04
2026-06-05,0017807,PRE-CONSTRUCTION,20714883.0,,,,,,,,No,,2026-06-04
2026-06-05,0017809,PRE-CONSTRUCTION,6150000.0,,,,,,,,No,,2026-06-04
2026-06-05,0017811,PRE-CONSTRUCTION,9702000.5,,,,,,,,No,,2026-06-04
2026-06-05,0017812,UNDER-CONSTRUCTION,6105189.0,,,2026-04-08,,2025-04-09,,,No,ER SNELL CONTRACTOR INC,2026-06-04
2026-06-05,0017813,PRE-CONSTRUCTION,21303580.18,,,,,,,,No,,2026-06-04
2026-06-05,0017815,PRE-CONSTRUCTION,7012500.0,,,,,,,,No,,2026-06-04
2026-06-05,0017818,COMPLETED-CONSTRUCTION,2907000.0,,94.51,,2023-12-04,2021-09-24,,2023-05-01,No,C W Matthews Contracting,2026-06-04
2026-06-05,0017821,PRE-CONSTRUCTION,10802757.96,,,,,,,,No,,2026-06-04
2026-06-05,0017830,UNDER-CONSTRUCTION,8365070.02,,,2026-10-07,,2025-10-20,,,No,GEORGIA BRIDGE & CONCRETE,2026-06-04
2026-06-05,0017842,PRE-CONSTRUCTION,4040000.0,,,,,,,,No,,2026-06-04
2026-06-05,0017843,PRE-CONSTRUCTION,2211500.0,,,,,,,,No,,2026-06-04
2026-06-05,0017844,UNDER-CONSTRUCTION,4606561.63,,,2027-06-30,,2026-04-03,,,No,AMERICAN LIGHTING AND SIG,2026-06-04
2026-06-05,0017876,COMPLETED-CONSTRUCTION,1811636.68,,97.61,2024-05-31,,2023-06-02,2024-05-31,,No,SOUTHERN CONCRETE CST CO,2026-06-04
2026-06-05,0017878,COMPLETED-CONSTRUCTION,2284415.33,,98.25,2024-03-31,2024-10-24,2023-05-05,2024-03-31,2024-12-02,No,C W Matthews Contracting,2026-06-04
2026-06-05,0017879,PRE-CONSTRUCTION,3610000.0,,,,,,,,No,,2026-06-04
2026-06-05,0017907,UNDER-CONSTRUCTION,978292.27,,76.33,2026-07-31,,2025-08-01,,,No,NGT GROUP LLC,2026-06-04
2026-06-05,0017909,PRE-CONSTRUCTION,330000.0,,,,,,,,No,,2026-06-04
2026-06-05,0017910,PRE-CONSTRUCTION,1530000.0,,,,,,,,No,,2026-06-04
2026-06-05,0017912,PRE-CONSTRUCTION,3030000.0,,,,,,,,No,,2026-06-04
2026-06-05,0017913,PRE-CONSTRUCTION,1030000.0,,,,,,,,No,,2026-06-04
2026-06-05,0017914,PRE-CONSTRUCTION,2530000.0,,,,,,,,No,,2026-06-04
2026-06-05,0017915,PRE-CONSTRUCTION,4030000.0,,,,,,,,No,,2026-06-04
2026-06-05,0017917,COMPLETED-CONSTRUCTION,427203.93,,95.47,,2023-07-27,2021-12-31,,2023-06-30,No,Peek Pavement Marking LLC,2026-06-04
2026-06-05,0017922,UNDER-CONSTRUCTION,9051734.45,,88.01,2025-09-30,,2023-01-06,,,No,MASSANA CONSTRUCTION INC,2026-06-04
2026-06-05,0017926,COMPLETED-CONSTRUCTION,3984461.13,,94.7,2024-08-21,,2023-08-21,2024-08-21,2024-08-21,No,SMART ROAD TECHNOLOGY LLC,2026-06-04
2026-06-05,0017930,PRE-CONSTRUCTION,8661787.58,,,,,,,,No,,2026-06-04
2026-06-05,0017946,PRE-CONSTRUCTION,2666925.0,,,,,,,,No,,2026-06-04
2026-06-05,0017955,COMPLETED-CONSTRUCTION,323026.78,,86.99,2023-09-30,2023-12-21,2022-11-04,2023-09-30,2023-10-30,No,RMD HOLDINGS LTD,2026-06-04
2026-06-05,0017956,PRE-CONSTRUCTION,5898230.21,,,,,,,,No,,2026-06-04
2026-06-05,0017957,UNDER-CONSTRUCTION,1318816.78,,90.66,2025-05-31,,2024-08-02,,,No,HIGGINS CST CO INC,2026-06-04
2026-06-05,0017959,PRE-CONSTRUCTION,5314641.94,,,,,,,,No,,2026-06-04
2026-06-05,0017960,PRE-CONSTRUCTION,2468000.0,,,,,,,,No,,2026-06-04
2026-06-05,0017961,PRE-CONSTRUCTION,5975485.69,,,,,,,,No,,2026-06-04
2026-06-05,0017962,PRE-CONSTRUCTION,965000.0,,,,,,,,No,,2026-06-04
2026-06-05,0017963,PRE-CONSTRUCTION,5030659.71,,,,,,,,No,,2026-06-04
2026-06-05,0017964,PRE-CONSTRUCTION,4568923.74,,,,,,,,No,,2026-06-04
2026-06-05,0017965,PRE-CONSTRUCTION,6869716.53,,,,,,,,No,,2026-06-04
2026-06-05,0017966,COMPLETED-CONSTRUCTION,1040287.48,,91.91,2024-06-30,,2023-06-30,2024-06-30,2024-06-30,No,WILSON CST MANAGEMENT LLC,2026-06-04
2026-06-05,0017967,PRE-CONSTRUCTION,5285262.890000001,,,,,,,,No,,2026-06-04
2026-06-05,0017968,PRE-CONSTRUCTION,2256000.0,,,,,,,,No,,2026-06-04
2026-06-05,0017969,PRE-CONSTRUCTION,8500000.0,,,,,,,,No,,2026-06-04
2026-06-05,0017970,PRE-CONSTRUCTION,45000000.0,,,,,,,,No,,2026-06-04
2026-06-05,0017971,COMPLETED-CONSTRUCTION,363751.43,,88.82000000000001,,2024-02-15,2022-04-01,,2023-05-31,No,Peek Pavement Marking LLC,2026-06-04
2026-06-05,0017973,UNKNOWN,325850.0,,,,,,,,No,,2026-06-04
2026-06-05,0017975,PRE-CONSTRUCTION,31372307.36,,,,,,,,No,,2026-06-04
2026-06-05,0017976,PRE-CONSTRUCTION,15626175.22,,,,,,,,No,,2026-06-04
2026-06-05,0017980,UNDER-CONSTRUCTION,6608450.0,,,2027-03-25,,2025-08-11,,,No,ASTRA GROUP LLC,2026-06-04
2026-06-05,0017981,PRE-CONSTRUCTION,67421408.9,,,,,,,,No,,2026-06-04
2026-06-05,0017982,PRE-CONSTRUCTION,8076027.08,,,,,,,,No,,2026-06-04
2026-06-05,0017983,PRE-CONSTRUCTION,18459411.56,,,,,,,,No,,2026-06-04
2026-06-05,0017989,PRE-CONSTRUCTION,15220963.5,,,,,,,,No,,2026-06-04
2026-06-05,0017991,PRE-CONSTRUCTION,11606250.0,,,,,,,,No,,2026-06-04
2026-06-05,0017992,PRE-CONSTRUCTION,11429340.48,,,,,,,,No,,2026-06-04
2026-06-05,0017993,PRE-CONSTRUCTION,9262546.78,,,,,,,,No,,2026-06-04
2026-06-05,0017994,PRE-CONSTRUCTION,6427207.7,,,,,,,,No,,2026-06-04
2026-06-05,0017995,PRE-CONSTRUCTION,1045000.0,,,,,,,,No,,2026-06-04
2026-06-05,0017998,PRE-CONSTRUCTION,2900000.0,,,,,,,,No,,2026-06-04
2026-06-05,0017999,UNDER-CONSTRUCTION,1793559.69,,,,,,,,No,Reedwick LLC,2026-06-04
2026-06-05,0018008,PRE-CONSTRUCTION,3181225.5,,,,,,,,No,,2026-06-04
2026-06-05,0018022,PRE-CONSTRUCTION,5177794.09,,,,,,,,No,,2026-06-04
2026-06-05,0018024,PRE-CONSTRUCTION,1792315.25,,,,,,,,No,,2026-06-04
2026-06-05,0018025,PRE-CONSTRUCTION,1139000.0,,,,,,,,No,,2026-06-04
2026-06-05,0018033,PRE-CONSTRUCTION,15542407.06,,,,,,,,No,,2026-06-04
2026-06-05,0018036,COMPLETED-CONSTRUCTION,426498.01,,98.34,2024-01-31,2024-12-02,2023-03-31,2024-01-31,2025-01-02,No,MID-STATES STRIPING INC,2026-06-04
2026-06-05,0018037,COMPLETED-CONSTRUCTION,244592.86,,99.82,2024-07-31,,2023-08-04,2024-07-31,2024-07-31,No,Peek Pavement Marking LLC,2026-06-04
2026-06-05,0018038,COMPLETED-CONSTRUCTION,279381.10000000003,,,2023-10-31,2025-03-06,2022-09-30,2024-04-18,2024-04-18,No,MID-STATE CST & STRIPING,2026-06-04
2026-06-05,0018039,COMPLETED-CONSTRUCTION,793062.23,,,2023-12-31,,2023-01-06,2024-02-16,2024-02-07,No,MID-STATES STRIPING INC,2026-06-04
2026-06-05,0018040,COMPLETED-CONSTRUCTION,522591.29,,,2024-01-31,2024-03-05,2023-03-31,2024-01-31,,No,PEEK PAVEMENT MARKING INC,2026-06-04
2026-06-05,0018041,COMPLETED-CONSTRUCTION,575317.62,,,2024-07-31,,2023-08-04,2024-07-20,,No,Peek Pavement Marking LLC,2026-06-04
2026-06-05,0018042,COMPLETED-CONSTRUCTION,1226331.66,,79.06,2024-03-31,2024-11-21,2023-03-31,2024-05-21,,No,C W Matthews Contracting,2026-06-04
2026-06-05,0018043,COMPLETED-CONSTRUCTION,1245352.66,,79.71000000000001,2023-09-30,2023-12-22,2022-09-30,2023-09-29,,No,BLOUNT CONSTRUCTION CO,2026-06-04
2026-06-05,0018046,COMPLETED-CONSTRUCTION,490124.02,,91.08,2023-12-31,2024-02-02,2023-01-06,2023-12-07,2023-12-07,No,TIDWELL TRAFFIC SOLUTIONS,2026-06-04
2026-06-05,0018048,COMPLETED-CONSTRUCTION,508770.47,,96.27,2024-01-31,,2023-03-31,2024-03-18,,No,TRP CONSTRUCTION GROUP,2026-06-04
2026-06-05,0018049,COMPLETED-CONSTRUCTION,272638.20999999996,,,2023-09-30,2023-09-08,2022-09-30,2023-09-30,,No,MID-STATES STRIPING INC,2026-06-04
2026-06-05,0018050,COMPLETED-CONSTRUCTION,286516.21,,,2023-12-31,2023-09-20,2023-01-06,2023-07-31,2023-07-31,No,Peek Pavement Marking LLC,2026-06-04
2026-06-05,0018051,COMPLETED-CONSTRUCTION,218721.29,,,2024-07-31,2024-07-09,2023-08-04,2024-05-31,,No,Peek Pavement Marking LLC,2026-06-04
2026-06-05,0018052,COMPLETED-CONSTRUCTION,1023215.59,,83.15,2023-09-30,2023-10-30,2022-09-30,2023-09-30,2023-08-15,No,MCLENDON ENTERPRISES INC,2026-06-04
2026-06-05,0018053,COMPLETED-CONSTRUCTION,907689.56,,,2023-11-30,2023-08-24,2023-01-06,2023-11-30,,No,MCLENDON ENTERPRISES INC,2026-06-04
2026-06-05,0018054,COMPLETED-CONSTRUCTION,1726217.31,,98.2,2025-06-30,,2024-07-05,2025-10-07,,No,GREGORY BRIDGE COMPANY,2026-06-04
2026-06-05,0018055,COMPLETED-CONSTRUCTION,1586208.21,,97.06,2025-01-29,,2023-10-06,2024-12-11,,No,WILLIAMS CONTRACTING CO,2026-06-04
2026-06-05,0018056,COMPLETED-CONSTRUCTION,2508834.19,,97.49,2025-05-09,,2024-05-03,2025-05-09,,No,GREGORY BRIDGE COMPANY,2026-06-04
2026-06-05,0018057,COMPLETED-CONSTRUCTION,2685063.9,,97.92,2025-07-31,,2024-07-05,2025-07-31,2025-07-31,No,SOUTHERN CONCRETE CST CO,2026-06-04
2026-06-05,0018058,COMPLETED-CONSTRUCTION,3384535.62,,99.53,2025-06-30,,2024-07-05,2025-05-23,,No,GRIFFIN GRADING &CONCRETE,2026-06-04
2026-06-05,0018092,COMPLETED-CONSTRUCTION,296116.0,,75.13,2023-09-30,2023-08-15,2022-09-30,2023-06-23,,No,TIDWELL TRAFFIC SOLUTIONS,2026-06-04
2026-06-05,0018173,COMPLETED-CONSTRUCTION,1787075.28,,96.87,2025-05-01,,2024-05-03,2025-03-28,2025-03-28,No,WILLIAMS CONTRACTING CO,2026-06-04
2026-06-05,0018174,COMPLETED-CONSTRUCTION,2289869.44,,98.1,2026-09-30,,2025-06-27,2026-03-23,,No,SOUTHERN CONCRETE CST CO,2026-06-04
2026-06-05,0018177,COMPLETED-CONSTRUCTION,607188.56,,,2024-05-31,,2023-06-30,2024-05-30,2024-05-30,No,TRP CST GROUP LLC,2026-06-04
2026-06-05,0018178,UNDER-CONSTRUCTION,1604763.67,,53.33,2025-12-31,,2024-07-05,,,No,LUMIN8 TRANS TECHNOLOGIES,2026-06-04
2026-06-05,0018179,PRE-CONSTRUCTION,1830000.0,,,,,,,,No,,2026-06-04
2026-06-05,0018180,PRE-CONSTRUCTION,1230000.0,,,,,,,,No,,2026-06-04
2026-06-05,0018185,PRE-CONSTRUCTION,835000.0,,,,,,,,No,,2026-06-04
2026-06-05,0018191,UNDER-CONSTRUCTION,108124747.26,,10.03,2028-05-31,,2025-10-10,,,No,WEBBER LLC,2026-06-04
2026-06-05,0018192,UNDER-CONSTRUCTION,80971094.43,,10.03,2028-05-31,,2025-10-10,,,No,WEBBER LLC,2026-06-04
2026-06-05,0018193,UNDER-CONSTRUCTION,199462967.17,,5.33,2028-10-31,,2025-10-10,,,No,C W MATTHEWS & E R SNELL,2026-06-04
2026-06-05,0018207,COMPLETED-CONSTRUCTION,468451.34,,92.29,2024-04-30,,2023-05-05,2024-04-10,2024-04-10,No,Peek Pavement Marking LLC,2026-06-04
2026-06-05,0018211,COMPLETED-CONSTRUCTION,153969.72,,91.95,,2023-07-27,2022-05-06,,2023-06-30,No,Peek Pavement Marking LLC,2026-06-04
2026-06-05,0018212,COMPLETED-CONSTRUCTION,38423.22,,82.04,2024-02-28,2024-02-28,2023-06-30,2024-01-19,2024-01-11,No,PRO-LINE PAVEMENT MARKING,2026-06-04
2026-06-05,0018218,COMPLETED-CONSTRUCTION,7930573.31,,99.55,2022-07-30,,2021-10-15,,2023-01-18,No,GEORGIA BRIDGE & CONCRETE,2026-06-04
2026-06-05,0018219,PRE-CONSTRUCTION,10474022.75,,,,,,,,No,,2026-06-04
2026-06-05,0018220,PRE-CONSTRUCTION,42638000.0,,,,,,,,No,,2026-06-04
2026-06-05,0018221,COMPLETED-CONSTRUCTION,1016396.1,,96.0,2024-07-31,,2023-06-30,2024-12-10,,No,Reedwick LLC,2026-06-04
2026-06-05,0018223,PRE-CONSTRUCTION,4605799.88,,,,,,,,No,,2026-06-04
2026-06-05,0018225,PRE-CONSTRUCTION,2885059.81,,,,,,,,No,,2026-06-04
2026-06-05,0018226,PRE-CONSTRUCTION,3914964.94,,,,,,,,No,,2026-06-04
2026-06-05,0018227,PRE-CONSTRUCTION,2972085.26,,,,,,,,No,,2026-06-04
2026-06-05,0018229,PRE-CONSTRUCTION,7523000.0,,,,,,,,No,,2026-06-04
2026-06-05,0018230,PRE-CONSTRUCTION,9280000.0,,,,,,,,No,,2026-06-04
2026-06-05,0018234,PRE-CONSTRUCTION,8410000.0,,,,,,,,No,,2026-06-04
2026-06-05,0018235,PRE-CONSTRUCTION,3453676.15,,,,,,,,No,,2026-06-04
2026-06-05,0018236,PRE-CONSTRUCTION,2239722.12,,,,,,,,No,,2026-06-04
2026-06-05,0018238,PRE-CONSTRUCTION,2696086.08,,,,,,,,No,,2026-06-04
2026-06-05,0018239,PRE-CONSTRUCTION,3648837.16,,,,,,,,No,,2026-06-04
2026-06-05,0018240,PRE-CONSTRUCTION,4872198.640000001,,,,,,,,No,,2026-06-04
2026-06-05,0018241,PRE-CONSTRUCTION,10426000.0,,,,,,,,No,,2026-06-04
2026-06-05,0018245,PRE-CONSTRUCTION,3315860.12,,,,,,,,No,,2026-06-04
2026-06-05,0018246,PRE-CONSTRUCTION,2290962.23,,,,,,,,No,,2026-06-04
2026-06-05,0018247,PRE-CONSTRUCTION,2892011.67,,,,,,,,No,,2026-06-04
2026-06-05,0018249,PRE-CONSTRUCTION,4260956.79,,,,,,,,No,,2026-06-04
2026-06-05,0018251,PRE-CONSTRUCTION,6045068.77,,,,,,,,No,,2026-06-04
2026-06-05,0018252,PRE-CONSTRUCTION,2733765.8,,,,,,,,No,,2026-06-04
2026-06-05,0018254,PRE-CONSTRUCTION,3463107.12,,,,,,,,No,,2026-06-04
2026-06-05,0018256,PRE-CONSTRUCTION,14467654.0,,,,,,,,No,,2026-06-04
2026-06-05,0018257,PRE-CONSTRUCTION,4500000.0,,,,,,,,No,,2026-06-04
2026-06-05,0018260,COMPLETED-CONSTRUCTION,403822.02,,94.21,2023-08-31,2023-10-17,2022-09-02,2023-08-31,,No,Peek Pavement Marking LLC,2026-06-04
2026-06-05,0018261,PRE-CONSTRUCTION,836345.36,,,,,,,,No,,2026-06-04
2026-06-05,0018264,PRE-CONSTRUCTION,665000.0,,,,,,,,No,,2026-06-04
2026-06-05,0018265,PRE-CONSTRUCTION,30250000.0,,,,,,,,No,,2026-06-04
2026-06-05,0018274,UNDER-CONSTRUCTION,1267989.87,,90.03,2024-02-26,,2022-08-05,,,No,Reedwick LLC,2026-06-04
2026-06-05,0018282,PRE-CONSTRUCTION,2209220.0,,,,,,,,No,,2026-06-04
2026-06-05,0018283,PRE-CONSTRUCTION,2108492.12,,,,,,,,No,,2026-06-04
2026-06-05,0018297,PRE-CONSTRUCTION,7891981.97,,,,,,,,No,,2026-06-04
2026-06-05,0018324,PRE-CONSTRUCTION,5718873.15,,,,,,,,No,,2026-06-04
2026-06-05,0018325,PRE-CONSTRUCTION,4309245.3,,,,,,,,No,,2026-06-04
2026-06-05,0018326,PRE-CONSTRUCTION,100000.0,,,,,,,,No,,2026-06-04
2026-06-05,0018327,PRE-CONSTRUCTION,2463000.0,,,,,,,,No,,2026-06-04
2026-06-05,0018328,PRE-CONSTRUCTION,5133452.3,,,,,,,,No,,2026-06-04
2026-06-05,0018329,PRE-CONSTRUCTION,2300000.0,,,,,,,,No,,2026-06-04
2026-06-05,0018330,PRE-CONSTRUCTION,4825145.57,,,,,,,,No,,2026-06-04
2026-06-05,0018332,PRE-CONSTRUCTION,3882147.55,,,,,,,,No,,2026-06-04
2026-06-05,0018334,PRE-CONSTRUCTION,8209848.45,,,,,,,,No,,2026-06-04
2026-06-05,0018335,PRE-CONSTRUCTION,5454158.62,,,,,,,,No,,2026-06-04
2026-06-05,0018343,PRE-CONSTRUCTION,5152602.96,,,,,,,,No,,2026-06-04
2026-06-05,0018352,PRE-CONSTRUCTION,3800000.0,,,,,,,,No,,2026-06-04
2026-06-05,0018353,PRE-CONSTRUCTION,4231259.82,,,,,,,,No,,2026-06-04
2026-06-05,0018354,PRE-CONSTRUCTION,4028058.82,,,,,,,,No,,2026-06-04
2026-06-05,0018355,PRE-CONSTRUCTION,4480000.0,,,,,,,,No,,2026-06-04
2026-06-05,0018356,PRE-CONSTRUCTION,4911994.0600000005,,,,,,,,No,,2026-06-04
2026-06-05,0018357,PRE-CONSTRUCTION,4610000.0,,,,,,,,No,,2026-06-04
2026-06-05,0018358,PRE-CONSTRUCTION,3883486.17,,,,,,,,No,,2026-06-04
2026-06-05,0018359,PRE-CONSTRUCTION,3953000.0,,,,,,,,No,,2026-06-04
2026-06-05,0018361,UNDER-CONSTRUCTION,99100000.0,,98.97,2026-03-21,,2023-11-02,,,No,CW MATTHEWS CONTRACTING,2026-06-04
2026-06-05,0018362,UNDER-CONSTRUCTION,18854825.0,,100.0,2026-01-09,,2022-08-01,,,No,SOUTHERN CONCRETE CONSTRU,2026-06-04
2026-06-05,0018363,COMPLETED-CONSTRUCTION,64263153.43,,100.0,2024-09-28,2025-04-09,2022-10-24,2024-09-28,,No,CW MATTHEWS CONTRACTING,2026-06-04
2026-06-05,0018364,PRE-CONSTRUCTION,2021870.61,,,,,,,,No,,2026-06-04
2026-06-05,0018365,COMPLETED-CONSTRUCTION,1100157.07,,99.59,2023-09-18,2025-01-03,2022-07-01,2023-09-18,2023-09-18,No,Piedmont Paving Inc,2026-06-04
2026-06-05,0018366,PRE-CONSTRUCTION,872031.61,,,,,,,,No,,2026-06-04
2026-06-05,0018367,COMPLETED-CONSTRUCTION,2000000.0,,,2027-02-13,,2024-09-11,2026-01-30,2026-01-30,No,WILSON CONSTRUCTION,2026-06-04
2026-06-05,0018370,PRE-CONSTRUCTION,520000.0,,,,,,,,No,,2026-06-04
2026-06-05,0018372,UNDER-CONSTRUCTION,3683700.88,,30.59,2026-06-30,,2025-05-02,,,No,F S SCARBROUGH LLC,2026-06-04
2026-06-05,0018373,UNDER-CONSTRUCTION,1279990.05,,93.79,2024-07-29,,2022-11-04,,,No,LUMIN8 TRANS TECHNOLOGIES,2026-06-04
2026-06-05,0018374,COMPLETED-CONSTRUCTION,5237083.87,,89.68,2025-09-30,,2024-07-05,2025-09-30,,No,REAMES & SON CST CO INC,2026-06-04
2026-06-05,0018375,PRE-CONSTRUCTION,6029811.470000001,,,,,,,,No,,2026-06-04
2026-06-05,0018376,PRE-CONSTRUCTION,3231000.0,,,,,,,,No,,2026-06-04
2026-06-05,0018377,PRE-CONSTRUCTION,6289487.02,,,,,,,,No,,2026-06-04
2026-06-05,0018381,PRE-CONSTRUCTION,3334200.0,,,,,,,,No,,2026-06-04
2026-06-05,0018383,COMPLETED-CONSTRUCTION,495983.66,,90.11,2025-01-28,,2023-10-06,2025-04-17,,No,Peek Pavement Marking LLC,2026-06-04
2026-06-05,0018384,PRE-CONSTRUCTION,5418186.18,,,,,,,,No,,2026-06-04
2026-06-05,0018387,PRE-CONSTRUCTION,6044555.24,,,,,,,,No,,2026-06-04
2026-06-05,0018388,PRE-CONSTRUCTION,4550000.0,,,,,,,,No,,2026-06-04
2026-06-05,0018389,COMPLETED-CONSTRUCTION,191887.38,,95.2,2024-03-31,2025-04-08,2023-02-03,2024-03-31,2024-03-31,No,ROADSIDE SPECIALTIES LLC,2026-06-04
2026-06-05,0018392,PRE-CONSTRUCTION,6091115.45,,,,,,,,No,,2026-06-04
2026-06-05,0018394,PRE-CONSTRUCTION,5731902.68,,,,,,,,No,,2026-06-04
2026-06-05,0018395,PRE-CONSTRUCTION,5110376.6,,,,,,,,No,,2026-06-04
2026-06-05,0018397,PRE-CONSTRUCTION,5556234.37,,,,,,,,No,,2026-06-04
2026-06-05,0018399,PRE-CONSTRUCTION,10390835.96,,,,,,,,No,,2026-06-04
2026-06-05,0018428,COMPLETED-CONSTRUCTION,979303.0,,,,2024-05-07,,,,Yes,MCLENDON ENTERPRISES,2026-06-04
2026-06-05,0018429,UNDER-CONSTRUCTION,1606460.0,,,,,,,,Yes,THE SCRUGGS COMPANY,2026-06-04
2026-06-05,0018430,COMPLETED-CONSTRUCTION,1741525.0,,,,2024-05-07,,,,Yes,MCLENDON ENTERPRISES,2026-06-04
2026-06-05,0018431,UNDER-CONSTRUCTION,1401306.0,,,,,,,,Yes,THE SCRUGGS COMPANY,2026-06-04
2026-06-05,0018432,COMPLETED-CONSTRUCTION,67000.0,,,,2024-05-02,,,,Yes,Georgia Asphalt Producers,2026-06-04
2026-06-05,0018433,COMPLETED-CONSTRUCTION,230800.0,,,,2024-05-02,,,,Yes,Georgia Asphalt Producers,2026-06-04
2026-06-05,0018434,COMPLETED-CONSTRUCTION,144000.0,,,,2024-05-02,,,,Yes,Georgia Asphalt Producers,2026-06-04
2026-06-05,0018435,COMPLETED-CONSTRUCTION,119300.0,,,,2025-04-30,,,,Yes,K DUG CORPORATION,2026-06-04
2026-06-05,0018436,PRE-CONSTRUCTION,116800.0,,,,,,,,Yes,,2026-06-04
2026-06-05,0018437,PRE-CONSTRUCTION,56100.0,,,,,,,,Yes,,2026-06-04
2026-06-05,0018438,PRE-CONSTRUCTION,100100.0,,,,,,,,Yes,,2026-06-04
2026-06-05,0018439,PRE-CONSTRUCTION,64000.0,,,,,,,,Yes,,2026-06-04
2026-06-05,0018440,PRE-CONSTRUCTION,184300.0,,,,,,,,Yes,,2026-06-04
2026-06-05,0018441,PRE-CONSTRUCTION,56600.0,,,,,,,,Yes,,2026-06-04
2026-06-05,0018442,PRE-CONSTRUCTION,100800.0,,,,,,,,Yes,,2026-06-04
2026-06-05,0018443,PRE-CONSTRUCTION,114300.0,,,,,,,,Yes,,2026-06-04
2026-06-05,0018444,PRE-CONSTRUCTION,77700.0,,,,,,,,Yes,,2026-06-04
2026-06-05,0018445,PRE-CONSTRUCTION,44800.0,,,,,,,,Yes,,2026-06-04
2026-06-05,0018446,PRE-CONSTRUCTION,138300.0,,,,,,,,Yes,,2026-06-04
2026-06-05,0018447,PRE-CONSTRUCTION,77800.0,,,,,,,,Yes,,2026-06-04
2026-06-05,0018448,PRE-CONSTRUCTION,53300.0,,,,,,,,Yes,,2026-06-04
2026-06-05,0018449,PRE-CONSTRUCTION,59000.0,,,,,,,,Yes,,2026-06-04
2026-06-05,0018451,PRE-CONSTRUCTION,45700.0,,,,,,,,Yes,,2026-06-04
2026-06-05,0018452,PRE-CONSTRUCTION,79679.0,,,,,,,,Yes,,2026-06-04
2026-06-05,0018453,PRE-CONSTRUCTION,1000000.0,,,,,,,,Yes,,2026-06-04
2026-06-05,0018454,PRE-CONSTRUCTION,1000000.0,,,,,,,,Yes,,2026-06-04
2026-06-05,0018455,PRE-CONSTRUCTION,1140000.0,,,,,,,,Yes,,2026-06-04
2026-06-05,0018456,UNDER-CONSTRUCTION,405344.0,,,,,,,,Yes,TRI SCAPES INC,2026-06-04
2026-06-05,0018457,PRE-CONSTRUCTION,293113.0,,,,,,,,Yes,,2026-06-04
2026-06-05,0018458,PRE-CONSTRUCTION,475324.0,,,,,,,,Yes,,2026-06-04
2026-06-05,0018459,COMPLETED-CONSTRUCTION,350000.0,,,,2025-07-09,,,,Yes,THE SCRUGGS COMPANY,2026-06-04
2026-06-05,0018460,PRE-CONSTRUCTION,397722.0,,,,,,,,Yes,,2026-06-04
2026-06-05,0018461,UNDER-CONSTRUCTION,1697765.0,,,,,,,,Yes,SIKES BROTHERS INC,2026-06-04
2026-06-05,0018462,PRE-CONSTRUCTION,372113.0,,,,,,,,Yes,,2026-06-04
2026-06-05,0018463,UNDER-CONSTRUCTION,657786.0,,,,,,,,Yes,MCLENDON ENTERPRISES INC,2026-06-04
2026-06-05,0018464,UNDER-CONSTRUCTION,62581.0,,,,,,,,Yes,SIKES BROTHERS INC,2026-06-04
2026-06-05,0018465,UNDER-CONSTRUCTION,56889.0,,,,,,,,Yes,SIKES BROTHERS INC,2026-06-04
2026-06-05,0018466,UNDER-CONSTRUCTION,46870.0,,,,,,,,Yes,SIKES BROTHERS INC,2026-06-04
2026-06-05,0018467,UNDER-CONSTRUCTION,27138.0,,,,,,,,Yes,SIKES BROTHERS INC,2026-06-04
2026-06-05,0018468,UNDER-CONSTRUCTION,47485.0,,,,,,,,Yes,SIKES BROTHERS INC,2026-06-04
2026-06-05,0018469,UNDER-CONSTRUCTION,40358.0,,,,,,,,Yes,SIKES BROTHERS INC,2026-06-04
2026-06-05,0018470,UNDER-CONSTRUCTION,20355.0,,,,,,,,Yes,SIKES BROTHERS INC,2026-06-04
2026-06-05,0018471,UNDER-CONSTRUCTION,105126.0,,,,,,,,Yes,SIKES BROTHERS INC,2026-06-04
2026-06-05,0018472,UNDER-CONSTRUCTION,123047.0,,,,,,,,Yes,SIKES BROTHERS INC,2026-06-04
2026-06-05,0018473,UNDER-CONSTRUCTION,38835.0,,,,,,,,Yes,SIKES BROTHERS INC,2026-06-04
2026-06-05,0018474,PRE-CONSTRUCTION,100000.0,,,,,,,,Yes,,2026-06-04
2026-06-05,0018475,PRE-CONSTRUCTION,46130.0,,,,,,,,Yes,,2026-06-04
2026-06-05,0018476,PRE-CONSTRUCTION,53543.0,,,,,,,,Yes,,2026-06-04
2026-06-05,0018477,PRE-CONSTRUCTION,57292.0,,,,,,,,Yes,,2026-06-04
2026-06-05,0018478,PRE-CONSTRUCTION,39986.0,,,,,,,,Yes,,2026-06-04
2026-06-05,0018479,PRE-CONSTRUCTION,40976.0,,,,,,,,Yes,,2026-06-04
2026-06-05,0018480,PRE-CONSTRUCTION,86144.0,,,,,,,,Yes,,2026-06-04
2026-06-05,0018481,PRE-CONSTRUCTION,100000.0,,,,,,,,Yes,,2026-06-04
2026-06-05,0018482,PRE-CONSTRUCTION,175000.0,,,,,,,,Yes,,2026-06-04
2026-06-05,0018483,PRE-CONSTRUCTION,68383.0,,,,,,,,Yes,,2026-06-04
2026-06-05,0018484,PRE-CONSTRUCTION,84281.0,,,,,,,,Yes,,2026-06-04
2026-06-05,0018485,PRE-CONSTRUCTION,22932.0,,,,,,,,Yes,,2026-06-04
2026-06-05,0018486,PRE-CONSTRUCTION,100234.0,,,,,,,,Yes,,2026-06-04
2026-06-05,0018487,PRE-CONSTRUCTION,87775.0,,,,,,,,Yes,,2026-06-04
2026-06-05,0018488,PRE-CONSTRUCTION,34193.0,,,,,,,,Yes,,2026-06-04
2026-06-05,0018489,UNDER-CONSTRUCTION,102948.0,,,,,,,,Yes,MCLENDON ENTERPRISES,2026-06-04
2026-06-05,0018490,PRE-CONSTRUCTION,393672.53,,,,,,,,Yes,,2026-06-04
2026-06-05,0018491,PRE-CONSTRUCTION,949881.33,,,,,,,,Yes,,2026-06-04
2026-06-05,0018492,PRE-CONSTRUCTION,342908.53,,,,,,,,Yes,,2026-06-04
2026-06-05,0018493,PRE-CONSTRUCTION,119351.0,,,,,,,,Yes,,2026-06-04
2026-06-05,0018494,COMPLETED-CONSTRUCTION,1600000.0,,,2026-01-31,2026-01-27,2025-03-07,2026-01-31,,Yes,THE SCRUGGS COMPANY,2026-06-04
2026-06-05,0018495,PRE-CONSTRUCTION,560812.62,,,,,,,,Yes,,2026-06-04
2026-06-05,0018496,PRE-CONSTRUCTION,282616.0,,,,,,,,Yes,,2026-06-04
2026-06-05,0018497,PRE-CONSTRUCTION,365640.0,,,,,,,,Yes,,2026-06-04
2026-06-05,0018498,PRE-CONSTRUCTION,600000.0,,,,,,,,Yes,,2026-06-04
2026-06-05,0018505,PRE-CONSTRUCTION,100709.44,,,,,,,,Yes,,2026-06-04
2026-06-05,0018506,PRE-CONSTRUCTION,30184.44,,,,,,,,Yes,,2026-06-04
2026-06-05,0018507,PRE-CONSTRUCTION,58031.2,,,,,,,,Yes,,2026-06-04
2026-06-05,0018508,PRE-CONSTRUCTION,17828.09,,,,,,,,Yes,,2026-06-04
2026-06-05,0018509,PRE-CONSTRUCTION,30000.0,,,,,,,,Yes,,2026-06-04
2026-06-05,0018510,COMPLETED-CONSTRUCTION,56600.0,,,,2025-10-24,,,,Yes,CITY OF EASTMAN,2026-06-04
2026-06-05,0018511,PRE-CONSTRUCTION,71742.0,,,,,,,,Yes,,2026-06-04
2026-06-05,0018512,COMPLETED-CONSTRUCTION,78428.0,,,,2025-05-08,,,,Yes,THE SCRUGGS COMPANY,2026-06-04
2026-06-05,0018513,COMPLETED-CONSTRUCTION,20191.0,,,,2025-05-08,,,,Yes,THE SCRUGGS COMPANY,2026-06-04
2026-06-05,0018514,COMPLETED-CONSTRUCTION,90528.0,,,,2025-05-08,,,,Yes,THE SCRUGGS COMPANY,2026-06-04
2026-06-05,0018515,PRE-CONSTRUCTION,168000.0,,,,,,,,Yes,,2026-06-04
2026-06-05,0018516,PRE-CONSTRUCTION,168000.0,,,,,,,,Yes,,2026-06-04
2026-06-05,0018517,COMPLETED-CONSTRUCTION,60608.0,,,,2025-05-08,,,,Yes,THE SCRUGGS COMPANY,2026-06-04
2026-06-05,0018518,PRE-CONSTRUCTION,103051.0,,,,,,,,Yes,,2026-06-04
2026-06-05,0018519,PRE-CONSTRUCTION,206338.89,,,,,,,,Yes,,2026-06-04
2026-06-05,0018520,PRE-CONSTRUCTION,107393.0,,,,,,,,Yes,,2026-06-04
2026-06-05,0018521,COMPLETED-CONSTRUCTION,136796.0,,,,2025-05-08,,,,Yes,THE SCRUGGS COMPANY,2026-06-04
2026-06-05,0018522,COMPLETED-CONSTRUCTION,150134.0,,,,2025-05-08,,,,Yes,THE SCRUGGS COMPANY,2026-06-04
2026-06-05,0018523,PRE-CONSTRUCTION,128123.0,,,,,,,,Yes,,2026-06-04
2026-06-05,0018524,PRE-CONSTRUCTION,70122.0,,,,,,,,Yes,,2026-06-04
2026-06-05,0018525,PRE-CONSTRUCTION,104412.0,,,,,,,,Yes,,2026-06-04
2026-06-05,0018526,PRE-CONSTRUCTION,40339.0,,,,,,,,Yes,,2026-06-04
2026-06-05,0018527,PRE-CONSTRUCTION,26691.0,,,,,,,,Yes,,2026-06-04
2026-06-05,0018528,UNDER-CONSTRUCTION,32165.0,,,,,,,,Yes,EAST COAST ASPHALT LLC,2026-06-04
2026-06-05,0018529,UNDER-CONSTRUCTION,33500.0,,,,,,,,Yes,EAST COAST ASPHALT LLC,2026-06-04
2026-06-05,0018530,UNDER-CONSTRUCTION,26650.0,,,,,,,,Yes,EAST COAST ASPHALT LLC,2026-06-04
2026-06-05,0018531,UNDER-CONSTRUCTION,26650.0,,,,,,,,Yes,EAST COAST ASPHALT LLC,2026-06-04
2026-06-05,0018532,UNDER-CONSTRUCTION,80627.0,,,,,,,,Yes,EAST COAST ASPHALT LLC,2026-06-04
2026-06-05,0018533,UNDER-CONSTRUCTION,23585.0,,,,,,,,Yes,EAST COAST ASPHALT LLC,2026-06-04
2026-06-05,0018534,UNDER-CONSTRUCTION,35850.0,,,,,,,,Yes,EAST COAST ASPHALT LLC,2026-06-04
2026-06-05,0018538,UNDER-CONSTRUCTION,1525969.0,,,,,,,,Yes,THE SCRUGGS  COMPANY,2026-06-04
2026-06-05,0018539,UNDER-CONSTRUCTION,1419346.0,,,,,,,,Yes,THE SCRUGGS COMPANY,2026-06-04
2026-06-05,0018540,COMPLETED-CONSTRUCTION,3100333.27,,,2025-04-30,2025-11-03,2024-05-31,2025-04-30,,Yes,THE SCRUGGS COMPANY,2026-06-04
2026-06-05,0018541,UNDER-CONSTRUCTION,384429.0,,,,,,,,Yes,THE SCRUGGS COMPANY,2026-06-04
2026-06-05,0018542,UNDER-CONSTRUCTION,706843.0,,,,,,,,Yes,THE SCRUGGS COMPANY,2026-06-04
2026-06-05,0018543,UNDER-CONSTRUCTION,1125272.0,,,,,,,,Yes,THE SCRUGGS COMPANY,2026-06-04
2026-06-05,0018544,PRE-CONSTRUCTION,1558668.0,,,,,,,,Yes,,2026-06-04
2026-06-05,0018545,UNDER-CONSTRUCTION,398707.0,,,,,,,,Yes,THE SCRUGGS COMPANY,2026-06-04
2026-06-05,0018546,UNDER-CONSTRUCTION,0.0,,,,,,,,Yes,THE SCRUGGS  COMPANY,2026-06-04
2026-06-05,0018547,UNDER-CONSTRUCTION,0.0,,,,,,,,Yes,THE SCRUGGS  COMPANY,2026-06-04
2026-06-05,0018548,UNDER-CONSTRUCTION,0.0,,,,,,,,Yes,THE SCRUGGS  COMPANY,2026-06-04
2026-06-05,0018549,UNDER-CONSTRUCTION,0.0,,,,,,,,Yes,THE SCRUGGS  COMPANY,2026-06-04
2026-06-05,0018550,UNDER-CONSTRUCTION,0.0,,,,,,,,Yes,THE SCRUGGS  COMPANY,2026-06-04
2026-06-05,0018551,UNDER-CONSTRUCTION,0.0,,,,,,,,Yes,THE SCRUGGS  COMPANY,2026-06-04
2026-06-05,0018552,UNDER-CONSTRUCTION,0.0,,,,,,,,Yes,THE SCRUGGS  COMPANY,2026-06-04
2026-06-05,0018553,UNDER-CONSTRUCTION,0.0,,,,,,,,Yes,THE SCRUGGS  COMPANY,2026-06-04
2026-06-05,0018554,UNDER-CONSTRUCTION,0.0,,,,,,,,Yes,THE SCRUGGS  COMPANY,2026-06-04
2026-06-05,0018555,UNDER-CONSTRUCTION,0.0,,,,,,,,Yes,THE SCRUGGS  COMPANY,2026-06-04
2026-06-05,0018556,PRE-CONSTRUCTION,152900.0,,,,,,,,Yes,,2026-06-04
2026-06-05,0018557,UNDER-CONSTRUCTION,171021.0,,,,,,,,Yes,SIKES BROTHERS INC,2026-06-04
2026-06-05,0018558,UNDER-CONSTRUCTION,39335.0,,,,,,,,Yes,SIKES BROTHERS INC,2026-06-04
2026-06-05,0018559,UNDER-CONSTRUCTION,42678.0,,,,,,,,Yes,SIKES BROTHERS INC,2026-06-04
2026-06-05,0018560,UNDER-CONSTRUCTION,85511.0,,,,,,,,Yes,SIKES BROTHERS INC,2026-06-04
2026-06-05,0018561,UNDER-CONSTRUCTION,364532.0,,,,,,,,Yes,SIKES BROTHERS INC,2026-06-04
2026-06-05,0018562,UNDER-CONSTRUCTION,107951.0,,,,,,,,Yes,SIKES BROTHERS INC,2026-06-04
2026-06-05,0018563,UNDER-CONSTRUCTION,52093.0,,,,,,,,Yes,SIKES BROTHERS INC,2026-06-04
2026-06-05,0018564,UNDER-CONSTRUCTION,94426.0,,,,,,,,Yes,SIKES BROTHERS INC,2026-06-04
2026-06-05,0018565,UNDER-CONSTRUCTION,29074.0,,,,,,,,Yes,SIKES BROTHERS INC,2026-06-04
2026-06-05,0018566,UNDER-CONSTRUCTION,39335.0,,,,,,,,Yes,SIKES BROTHERS INC,2026-06-04
2026-06-05,0018567,UNDER-CONSTRUCTION,44718.0,,,,,,,,Yes,SIKES BROTHERS INC,2026-06-04
2026-06-05,0018568,UNDER-CONSTRUCTION,47886.0,,,,,,,,Yes,SIKES BROTHERS INC,2026-06-04
2026-06-05,0018569,UNDER-CONSTRUCTION,88931.0,,,,,,,,Yes,SIKES BROTHERS INC,2026-06-04
2026-06-05,0018570,UNDER-CONSTRUCTION,29074.0,,,,,,,,Yes,SIKES BROTHERS INC,2026-06-04
2026-06-05,0018571,UNDER-CONSTRUCTION,52148.0,,,,,,,,Yes,THE SCRUGGS COMPANY,2026-06-04
2026-06-05,0018572,UNDER-CONSTRUCTION,47600.0,,,,,,,,Yes,THE SCRUGGS COMPANY,2026-06-04
2026-06-05,0018573,UNDER-CONSTRUCTION,47886.0,,,,,,,,Yes,SIKES BROTHERS INC,2026-06-04
2026-06-05,0018574,UNDER-CONSTRUCTION,90641.0,,,,,,,,Yes,SIKES BROTHERS INC,2026-06-04
2026-06-05,0018575,UNDER-CONSTRUCTION,86297.0,,,,,,,,Yes,SIKES BROTHERS INC,2026-06-04
2026-06-05,0018576,PRE-CONSTRUCTION,102943.0,,,,,,,,Yes,,2026-06-04
2026-06-05,0018577,PRE-CONSTRUCTION,88370.0,,,,,,,,Yes,,2026-06-04
2026-06-05,0018578,PRE-CONSTRUCTION,193961.0,,,,,,,,Yes,,2026-06-04
2026-06-05,0018579,PRE-CONSTRUCTION,47011.0,,,,,,,,Yes,,2026-06-04
2026-06-05,0018580,PRE-CONSTRUCTION,28000.0,,,,,,,,Yes,,2026-06-04
2026-06-05,0018581,PRE-CONSTRUCTION,60487.0,,,,,,,,Yes,,2026-06-04
2026-06-05,0018582,PRE-CONSTRUCTION,37891.0,,,,,,,,Yes,,2026-06-04
2026-06-05,0018583,PRE-CONSTRUCTION,78400.0,,,,,,,,Yes,,2026-06-04
2026-06-05,0018584,PRE-CONSTRUCTION,177800.0,,,,,,,,Yes,,2026-06-04
2026-06-05,0018585,UNDER-CONSTRUCTION,90641.0,,,,,,,,Yes,SIKES BROTHERS INC,2026-06-04
2026-06-05,0018586,PRE-CONSTRUCTION,213889.0,,,,,,,,Yes,,2026-06-04
2026-06-05,0018587,PRE-CONSTRUCTION,53200.0,,,,,,,,Yes,,2026-06-04
2026-06-05,0018588,PRE-CONSTRUCTION,44800.0,,,,,,,,Yes,,2026-06-04
2026-06-05,0018589,PRE-CONSTRUCTION,252265.0,,,,,,,,Yes,,2026-06-04
2026-06-05,0018590,PRE-CONSTRUCTION,15400.0,,,,,,,,Yes,,2026-06-04
2026-06-05,0018591,PRE-CONSTRUCTION,25200.0,,,,,,,,Yes,,2026-06-04
2026-06-05,0018592,UNDER-CONSTRUCTION,286605.0,,,,,,,,Yes,EAST COAST ASPHALT,2026-06-04
2026-06-05,0018593,UNDER-CONSTRUCTION,169797.0,,,,,,,,Yes,EAST COAST ASPHALT,2026-06-04
2026-06-05,0018594,UNDER-CONSTRUCTION,130859.0,,,,,,,,Yes,EAST COAST ASPHALT,2026-06-04
2026-06-05,0018595,UNDER-CONSTRUCTION,45318.0,,,,,,,,Yes,EAST COAST ASPHALT,2026-06-04
2026-06-05,0018596,UNDER-CONSTRUCTION,46990.0,,,,,,,,Yes,EAST COAST ASPHALT,2026-06-04
2026-06-05,0018597,UNDER-CONSTRUCTION,45870.0,,,,,,,,Yes,EAST COAST ASPHALT,2026-06-04
2026-06-05,0018598,UNDER-CONSTRUCTION,482481.0,,,,,,,,Yes,MCLENDON ENTERPRISES INC,2026-06-04
2026-06-05,0018599,UNDER-CONSTRUCTION,421436.0,,,,,,,,Yes,MCLENDON ENTERPRISES INC,2026-06-04
2026-06-05,0018600,UNDER-CONSTRUCTION,106248.0,,,,,,,,Yes,MCLENDON ENTERPRISES INC,2026-06-04
2026-06-05,0018601,UNDER-CONSTRUCTION,937500.0,,,,,,,,Yes,MCLENDON ENTERPRISES INC,2026-06-04
2026-06-05,0018602,UNDER-CONSTRUCTION,300000.0,,,,,,,,Yes,MCLENDON ENTERPRISES INC,2026-06-04
2026-06-05,0018603,UNDER-CONSTRUCTION,797491.0,,,,,,,,Yes,MCLENDON ENTERPRISES INC,2026-06-04
2026-06-05,0018604,UNDER-CONSTRUCTION,73244.0,,,,,,,,Yes,MCLENDON ENTERPRISES INC,2026-06-04
2026-06-05,0018605,COMPLETED-CONSTRUCTION,100600.0,,,,2024-02-12,,,,Yes,MCLENDON ENTERPRISES,2026-06-04
2026-06-05,0018606,COMPLETED-CONSTRUCTION,18800.0,,,,2024-02-12,,,,Yes,MCLENDON ENTERPRISES,2026-06-04
2026-06-05,0018607,COMPLETED-CONSTRUCTION,44200.0,,,,2024-02-12,,,,Yes,MCLENDON ENTERPRISES,2026-06-04
2026-06-05,0018608,PRE-CONSTRUCTION,30100.0,,,,,,,,Yes,,2026-06-04
2026-06-05,0018609,COMPLETED-CONSTRUCTION,99800.0,,,,2024-02-12,,,,Yes,MCLENDON ENTERPRISES,2026-06-04
2026-06-05,0018610,PRE-CONSTRUCTION,19300.0,,,,,,,,Yes,,2026-06-04
2026-06-05,0018611,COMPLETED-CONSTRUCTION,15300.0,,,,2024-02-12,,,,Yes,MCLENDON ENTERPRISES,2026-06-04
2026-06-05,0018612,COMPLETED-CONSTRUCTION,36000.0,,,,2024-02-12,,,,Yes,MCLENDON ENTERPRISES,2026-06-04
2026-06-05,0018613,COMPLETED-CONSTRUCTION,23300.0,,,,2024-02-12,,,,Yes,MCLENDON ENTERPRISES,2026-06-04
2026-06-05,0018614,PRE-CONSTRUCTION,66300.0,,,,,,,,Yes,,2026-06-04
2026-06-05,0018615,PRE-CONSTRUCTION,38900.0,,,,,,,,Yes,,2026-06-04
2026-06-05,0018616,COMPLETED-CONSTRUCTION,26200.0,,,,2024-02-12,,,,Yes,MCLENDON ENTERPRISES,2026-06-04
2026-06-05,0018617,PRE-CONSTRUCTION,184800.0,,,,,,,,Yes,,2026-06-04
2026-06-05,0018618,PRE-CONSTRUCTION,78100.0,,,,,,,,Yes,,2026-06-04
2026-06-05,0018619,COMPLETED-CONSTRUCTION,29902.0,,,,2026-02-19,,,,Yes,MCLENDON ENTERPRISES INC,2026-06-04
2026-06-05,0018620,COMPLETED-CONSTRUCTION,40600.0,,,,2026-02-19,,,,Yes,MCLENDON ENTERPRISES INC,2026-06-04
2026-06-05,0018621,PRE-CONSTRUCTION,37400.0,,,,,,,,Yes,,2026-06-04
2026-06-05,0018622,UNDER-CONSTRUCTION,28322.0,,,,,,,,Yes,MCLENDON ENTERPRISES INC,2026-06-04
2026-06-05,0018623,UNDER-CONSTRUCTION,17533.0,,,,,,,,Yes,MCLENDON ENTERPRISES INC,2026-06-04
2026-06-05,0018624,UNDER-CONSTRUCTION,21579.0,,,,,,,,Yes,MCLENDON ENTERPRISES INC,2026-06-04
2026-06-05,0018625,COMPLETED-CONSTRUCTION,356690.0,,,,2025-05-29,,,,Yes,THE SCRUGGS COMPANY,2026-06-04
2026-06-05,0018626,COMPLETED-CONSTRUCTION,709690.0,,,,2025-05-29,,,,Yes,THE SCRUGGS COMPANY,2026-06-04
2026-06-05,0018627,COMPLETED-CONSTRUCTION,768625.0,,,,2025-05-29,,,,Yes,THE SCRUGGS COMPANY,2026-06-04
2026-06-05,0018628,COMPLETED-CONSTRUCTION,303578.0,,,,2025-05-29,,,,Yes,THE SCRUGGS COMPANY,2026-06-04
2026-06-05,0018629,PRE-CONSTRUCTION,666536.0,,,,,,,,Yes,,2026-06-04
2026-06-05,0018630,PRE-CONSTRUCTION,768619.0,,,,,,,,Yes,,2026-06-04
2026-06-05,0018631,PRE-CONSTRUCTION,526447.0,,,,,,,,Yes,,2026-06-04
2026-06-05,0018632,COMPLETED-CONSTRUCTION,357985.0,,,,2026-01-22,,,,Yes,EAST COAST ASPHALT LLC,2026-06-04
2026-06-05,0018638,COMPLETED-CONSTRUCTION,78169.0,,,,2025-02-10,,,,Yes,EAST COAST ASPHALT LLC,2026-06-04
2026-06-05,0018639,COMPLETED-CONSTRUCTION,96208.0,,,,2025-02-10,,,,Yes,EAST COAST ASPHALT LLC,2026-06-04
2026-06-05,0018640,COMPLETED-CONSTRUCTION,78169.0,,,,2025-02-10,,,,Yes,EAST COAST ASPHALT LLC,2026-06-04
2026-06-05,0018641,COMPLETED-CONSTRUCTION,172116.0,,,,2025-02-10,,,,Yes,EAST COAST ASPHALT LLC,2026-06-04
2026-06-05,0018642,COMPLETED-CONSTRUCTION,82204.0,,,,2025-02-10,,,,Yes,EAST COAST ASPHALT LLC,2026-06-04
2026-06-05,0018643,COMPLETED-CONSTRUCTION,154133.0,,,,2025-02-10,,,,Yes,EAST COAST ASPHALT LLC,2026-06-04
2026-06-05,0018644,PRE-CONSTRUCTION,128444.0,,,,,,,,Yes,,2026-06-04
2026-06-05,0018645,PRE-CONSTRUCTION,51378.0,,,,,,,,Yes,,2026-06-04
2026-06-05,0018646,PRE-CONSTRUCTION,89911.0,,,,,,,,Yes,,2026-06-04
2026-06-05,0018647,PRE-CONSTRUCTION,84773.0,,,,,,,,Yes,,2026-06-04
2026-06-05,0018648,PRE-CONSTRUCTION,87342.0,,,,,,,,Yes,,2026-06-04
2026-06-05,0018649,PRE-CONSTRUCTION,77067.0,,,,,,,,Yes,,2026-06-04
2026-06-05,0018650,PRE-CONSTRUCTION,92480.0,,,,,,,,Yes,,2026-06-04
2026-06-05,0018651,PRE-CONSTRUCTION,102756.0,,,,,,,,Yes,,2026-06-04
2026-06-05,0018652,PRE-CONSTRUCTION,32111.0,,,,,,,,Yes,,2026-06-04
2026-06-05,0018653,PRE-CONSTRUCTION,164409.0,,,,,,,,Yes,,2026-06-04
2026-06-05,0018654,PRE-CONSTRUCTION,120224.0,,,,,,,,Yes,,2026-06-04
2026-06-05,0018655,COMPLETED-CONSTRUCTION,859375.0,,,,2026-02-26,,,,Yes,HOOKS CONSTRUCTION,2026-06-04
2026-06-05,0018656,UNDER-CONSTRUCTION,281546.0,,,,,,,,Yes,SIKES BROTHERS INC,2026-06-04
2026-06-05,0018657,PRE-CONSTRUCTION,950000.0,,,,,,,,Yes,,2026-06-04
2026-06-05,0018658,UNDER-CONSTRUCTION,62666.0,,,,,,,,Yes,SIKES BROTHERS INC,2026-06-04
2026-06-05,0018659,UNDER-CONSTRUCTION,0.0,,,,,,,,Yes,THE SCRUGGS  COMPANY,2026-06-04
2026-06-05,0018660,UNDER-CONSTRUCTION,0.0,,,,,,,,Yes,THE SCRUGGS  COMPANY,2026-06-04
2026-06-05,0018661,UNDER-CONSTRUCTION,0.0,,,,,,,,Yes,THE SCRUGGS  COMPANY,2026-06-04
2026-06-05,0018662,UNDER-CONSTRUCTION,0.0,,,,,,,,Yes,THE SCRUGGS  COMPANY,2026-06-04
2026-06-05,0018664,PRE-CONSTRUCTION,15000.0,,,,,,,,Yes,,2026-06-04
2026-06-05,0018665,PRE-CONSTRUCTION,15000.0,,,,,,,,Yes,,2026-06-04
2026-06-05,0018666,UNDER-CONSTRUCTION,93957.0,,,,,,,,Yes,SIKES BROTHERS INC,2026-06-04
2026-06-05,0018667,UNDER-CONSTRUCTION,33909.0,,,,,,,,Yes,SIKES BROTHERS INC,2026-06-04
2026-06-05,0018668,UNDER-CONSTRUCTION,183829.0,,,,,,,,Yes,SIKES BROTHERS INC,2026-06-04
2026-06-05,0018669,UNDER-CONSTRUCTION,166156.0,,,,,,,,Yes,SIKES BROTHERS INC,2026-06-04
2026-06-05,0018670,PRE-CONSTRUCTION,141247.0,,,,,,,,Yes,,2026-06-04
2026-06-05,0018671,PRE-CONSTRUCTION,86572.0,,,,,,,,Yes,,2026-06-04
2026-06-05,0018672,PRE-CONSTRUCTION,231959.0,,,,,,,,Yes,,2026-06-04
2026-06-05,0018673,PRE-CONSTRUCTION,110205.0,,,,,,,,Yes,,2026-06-04
2026-06-05,0018674,PRE-CONSTRUCTION,29799.0,,,,,,,,Yes,,2026-06-04
2026-06-05,0018675,PRE-CONSTRUCTION,19267.0,,,,,,,,Yes,,2026-06-04
2026-06-05,0018676,PRE-CONSTRUCTION,48809.0,,,,,,,,Yes,,2026-06-04
2026-06-05,0018677,PRE-CONSTRUCTION,105000.0,,,,,,,,Yes,,2026-06-04
2026-06-05,0018678,PRE-CONSTRUCTION,100444.0,,,,,,,,Yes,,2026-06-04
2026-06-05,0018679,PRE-CONSTRUCTION,51635.0,,,,,,,,Yes,,2026-06-04
2026-06-05,0018680,PRE-CONSTRUCTION,40717.0,,,,,,,,Yes,,2026-06-04
2026-06-05,0018681,PRE-CONSTRUCTION,1750000.0,,,,,,,,Yes,,2026-06-04
2026-06-05,0018682,UNDER-CONSTRUCTION,1736250.0,,,,,,,,Yes,THE SCRUGGS COMPANY,2026-06-04
2026-06-05,0018683,UNDER-CONSTRUCTION,1443000.0,,,,,,,,Yes,THE SCRUGGS COMPANY,2026-06-04
2026-06-05,0018684,COMPLETED-CONSTRUCTION,1848216.0,,,,2024-11-04,,,,Yes,REEVES CONSTRUCTION CO,2026-06-04
2026-06-05,0018685,UNDER-CONSTRUCTION,3631215.0,,,,,,,,Yes,THE SCRUGGS COMPANY,2026-06-04
2026-06-05,0018686,COMPLETED-CONSTRUCTION,375000.0,,,,2024-11-04,,,,Yes,REEVES CONSTRUCTION CO,2026-06-04
2026-06-05,0018687,COMPLETED-CONSTRUCTION,1482000.0,,,,2024-11-04,,,,Yes,REEVES CONSTRUCTION CO,2026-06-04
2026-06-05,0018688,PRE-CONSTRUCTION,3010312.0,,,,,,,,Yes,,2026-06-04
2026-06-05,0018689,PRE-CONSTRUCTION,768763.0,,,,,,,,Yes,,2026-06-04
2026-06-05,0018690,PRE-CONSTRUCTION,550000.0,,,,,,,,Yes,,2026-06-04
2026-06-05,0018691,PRE-CONSTRUCTION,60992.0,,,,,,,,Yes,,2026-06-04
2026-06-05,0018692,PRE-CONSTRUCTION,34558.0,,,,,,,,Yes,,2026-06-04
2026-06-05,0018693,PRE-CONSTRUCTION,15167.0,,,,,,,,Yes,,2026-06-04
2026-06-05,0018694,PRE-CONSTRUCTION,99416.0,,,,,,,,Yes,,2026-06-04
2026-06-05,0018695,UNDER-CONSTRUCTION,26896.0,,,,,,,,Yes,REEVES CONSTRUCTION CO,2026-06-04
2026-06-05,0018696,UNDER-CONSTRUCTION,52600.0,,,,,,,,Yes,REEVES CONSTRUCTION CO,2026-06-04
2026-06-05,0018697,UNDER-CONSTRUCTION,70212.0,,,,,,,,Yes,REEVES CONSTRUCTION CO,2026-06-04
2026-06-05,0018698,UNDER-CONSTRUCTION,63738.0,,,,,,,,Yes,REEVES CONSTRUCTION CO,2026-06-04
2026-06-05,0018699,PRE-CONSTRUCTION,13979000.0,,,,,,,,Yes,,2026-06-04
2026-06-05,0018700,UNDER-CONSTRUCTION,2750000.0,,,,,,,,Yes,Total Earth Services LLC,2026-06-04
2026-06-05,0018701,PRE-CONSTRUCTION,3450000.0,,,,,,,,Yes,,2026-06-04
2026-06-05,0018702,UNDER-CONSTRUCTION,74601.0,,,,,,,,Yes,REEVES CONSTRUCTION CO,2026-06-04
2026-06-05,0018703,UNDER-CONSTRUCTION,67140.0,,,,,,,,Yes,REEVES CONSTRUCTION CO,2026-06-04
2026-06-05,0018704,PRE-CONSTRUCTION,104167.0,,,,,,,,Yes,,2026-06-04
2026-06-05,0018705,PRE-CONSTRUCTION,16698.0,,,,,,,,Yes,,2026-06-04
2026-06-05,0018706,PRE-CONSTRUCTION,21733.0,,,,,,,,Yes,,2026-06-04
2026-06-05,0018707,PRE-CONSTRUCTION,107020.0,,,,,,,,Yes,,2026-06-04
2026-06-05,0018708,PRE-CONSTRUCTION,15413.0,,,,,,,,Yes,,2026-06-04
2026-06-05,0018709,PRE-CONSTRUCTION,10738.0,,,,,,,,Yes,,2026-06-04
2026-06-05,0018710,PRE-CONSTRUCTION,74344.0,,,,,,,,Yes,,2026-06-04
2026-06-05,0018711,PRE-CONSTRUCTION,29542.0,,,,,,,,Yes,,2026-06-04
2026-06-05,0018712,PRE-CONSTRUCTION,32625.0,,,,,,,,Yes,,2026-06-04
2026-06-05,0018713,UNDER-CONSTRUCTION,11945.0,,,,,,,,Yes,REEVES CONSTRUCTION CO,2026-06-04
2026-06-05,0018714,UNDER-CONSTRUCTION,18650.0,,,,,,,,Yes,REEVES CONSTRUCTION CO,2026-06-04
2026-06-05,0018715,UNDER-CONSTRUCTION,8323.0,,,,,,,,Yes,REEVES CONSTRUCTION CO,2026-06-04
2026-06-05,0018716,UNDER-CONSTRUCTION,8991.0,,,,,,,,Yes,REEVES CONSTRUCTION CO,2026-06-04
2026-06-05,0018717,UNDER-CONSTRUCTION,11560.0,,,,,,,,Yes,REEVES CONSTRUCTION CO,2026-06-04
2026-06-05,0018718,UNDER-CONSTRUCTION,34166.0,,,,,,,,Yes,REEVES CONSTRUCTION CO,2026-06-04
2026-06-05,0018719,UNDER-CONSTRUCTION,11046.0,,,,,,,,Yes,REEVES CONSTRUCTION CO,2026-06-04
2026-06-05,0018720,UNDER-CONSTRUCTION,16184.0,,,,,,,,Yes,REEVES CONSTRUCTION CO,2026-06-04
2026-06-05,0018721,UNDER-CONSTRUCTION,43902.0,,,,,,,,Yes,REEVES CONSTRUCTION CO,2026-06-04
2026-06-05,0018722,UNDER-CONSTRUCTION,13101.0,,,,,,,,Yes,REEVES CONSTRUCTION CO,2026-06-04
2026-06-05,0018723,UNDER-CONSTRUCTION,43928.0,,,,,,,,Yes,REEVES CONSTRUCTION CO,2026-06-04
2026-06-05,0018724,PRE-CONSTRUCTION,25047.0,,,,,,,,Yes,,2026-06-04
2026-06-05,0018725,PRE-CONSTRUCTION,46291.0,,,,,,,,Yes,,2026-06-04
2026-06-05,0018726,PRE-CONSTRUCTION,35836.0,,,,,,,,Yes,,2026-06-04
2026-06-05,0018727,PRE-CONSTRUCTION,95897.0,,,,,,,,Yes,,2026-06-04
2026-06-05,0018728,PRE-CONSTRUCTION,58314.0,,,,,,,,Yes,,2026-06-04
2026-06-05,0018729,PRE-CONSTRUCTION,36864.0,,,,,,,,Yes,,2026-06-04
2026-06-05,0018730,PRE-CONSTRUCTION,10070.0,,,,,,,,Yes,,2026-06-04
2026-06-05,0018731,UNDER-CONSTRUCTION,32933.0,,,,,,,,Yes,REEVES CONSTRUCTION CO,2026-06-04
2026-06-05,0018732,PRE-CONSTRUCTION,50453.0,,,,,,,,Yes,,2026-06-04
2026-06-05,0018733,PRE-CONSTRUCTION,11046.0,,,,,,,,Yes,,2026-06-04
2026-06-05,0018734,COMPLETED-CONSTRUCTION,40691.0,,,,2024-11-06,,,,Yes,REEVES CONSTRUCTION CO,2026-06-04
2026-06-05,0018735,COMPLETED-CONSTRUCTION,92480.0,,,,2024-11-06,,,,Yes,REEVES CONSTRUCTION CO,2026-06-04
2026-06-05,0018736,COMPLETED-CONSTRUCTION,981254.0,,,,2026-03-27,,,,Yes,MCLENDON ENTERPRISES INC,2026-06-04
2026-06-05,0018737,PRE-CONSTRUCTION,1184896.0,,,,,,,,Yes,,2026-06-04
2026-06-05,0018738,COMPLETED-CONSTRUCTION,228241.0,,,,2026-03-26,,,,Yes,MCLENDON ENTERPRISES INC,2026-06-04
2026-06-05,0018739,UNDER-CONSTRUCTION,184896.0,,,,,,,,Yes,SOUTHERN PINES PAVING,2026-06-04
2026-06-05,0018740,COMPLETED-CONSTRUCTION,152993.0,,,,2026-02-25,,,,Yes,MCLENDON ENTERPRISES INC,2026-06-04
2026-06-05,0018741,COMPLETED-CONSTRUCTION,49631.0,,,,2024-10-21,,,,Yes,EAST COAST ASPHALT LLC,2026-06-04
2026-06-05,0018742,COMPLETED-CONSTRUCTION,121796.0,,,,2024-10-21,,,,Yes,EAST COAST ASPHALT LLC,2026-06-04
2026-06-05,0018743,COMPLETED-CONSTRUCTION,28286.0,,,,2024-10-21,,,,Yes,EAST COAST ASPHALT LLC,2026-06-04
2026-06-05,0018744,COMPLETED-CONSTRUCTION,119380.0,,,,2024-10-21,,,,Yes,EAST COAST ASPHALT LLC,2026-06-04
2026-06-05,0018745,COMPLETED-CONSTRUCTION,71330.0,,,,2024-10-21,,,,Yes,EAST COAST ASPHALT LLC,2026-06-04
2026-06-05,0018746,UNDER-CONSTRUCTION,18946.0,,,,,,,,Yes,"GEORGIA ASPHALT, INC",2026-06-04
2026-06-05,0018747,UNDER-CONSTRUCTION,20670.0,,,,,,,,Yes,GEORGIA ASPHALT INC.,2026-06-04
2026-06-05,0018748,UNDER-CONSTRUCTION,33788.0,,,,,,,,Yes,"GEORGIA ASHPALT, INC",2026-06-04
2026-06-05,0018749,UNDER-CONSTRUCTION,15104.0,,,,,,,,Yes,"GEORGIA ASHPALT, INC",2026-06-04
2026-06-05,0018750,UNDER-CONSTRUCTION,18722.0,,,,,,,,Yes,"GEORGIA ASHPALT, INC",2026-06-04
2026-06-05,0018751,UNDER-CONSTRUCTION,71302.0,,,,,,,,Yes,"GEORGIA ASHPALT, INC",2026-06-04
2026-06-05,0018752,UNDER-CONSTRUCTION,42690.0,,,,,,,,Yes,"GEORGIA ASHPALT, INC",2026-06-04
2026-06-05,0018753,UNDER-CONSTRUCTION,42690.0,,,,,,,,Yes,"GEORGIA ASHPALT, INC",2026-06-04
2026-06-05,0018754,UNDER-CONSTRUCTION,112856.0,,,,,,,,Yes,"GEORGIA ASHPALT, INC",2026-06-04
2026-06-05,0018755,UNDER-CONSTRUCTION,41530.0,,,,,,,,Yes,"GEORGIA ASHPALT, INC",2026-06-04
2026-06-05,0018756,UNDER-CONSTRUCTION,22810.0,,,,,,,,Yes,"GEORGIA ASHPALT, INC",2026-06-04
2026-06-05,0018757,UNDER-CONSTRUCTION,80591.0,,,,,,,,Yes,"GEORGIA ASHPALT, INC",2026-06-04
2026-06-05,0018758,UNDER-CONSTRUCTION,14977.0,,,,,,,,Yes,"GEORGIA ASHPALT, INC",2026-06-04
2026-06-05,0018759,UNDER-CONSTRUCTION,45778.0,,,,,,,,Yes,"GEORGIA ASHPALT, INC",2026-06-04
2026-06-05,0018760,COMPLETED-CONSTRUCTION,53430.0,,,,2025-10-28,,,,Yes,SIKES BROTHERS INC,2026-06-04
2026-06-05,0018761,PRE-CONSTRUCTION,260417.0,,,,,,,,Yes,,2026-06-04
2026-06-05,0018762,PRE-CONSTRUCTION,1842448.0,,,,,,,,Yes,,2026-06-04
2026-06-05,0018763,COMPLETED-CONSTRUCTION,1556702.0,,,,2024-10-15,,,,Yes,REEVES CONSTRUCTION CO,2026-06-04
2026-06-05,0018764,COMPLETED-CONSTRUCTION,703501.0,,,,2025-04-01,,,,Yes,REEVES CONSTRUCTION CO,2026-06-04
2026-06-05,0018765,COMPLETED-CONSTRUCTION,671304.0,,,,2025-04-01,,,,Yes,REEVES CONSTRUCTION CO,2026-06-04
2026-06-05,0018766,PRE-CONSTRUCTION,1673100.0,,,,,,,,Yes,,2026-06-04
2026-06-05,0018767,PRE-CONSTRUCTION,293160.0,,,,,,,,Yes,,2026-06-04
2026-06-05,0018768,COMPLETED-CONSTRUCTION,130000.0,,,,2026-04-08,,,,Yes,BOSTIC/BOSTIC & ASSOCIATE,2026-06-04
2026-06-05,0018769,COMPLETED-CONSTRUCTION,26722.0,,,,2026-04-08,,,,Yes,BOSTIC/BOSTIC & ASSOCIATE,2026-06-04
2026-06-05,0018770,UNDER-CONSTRUCTION,264000.0,,,,,,,,Yes,BOSTIC/BOSTIC & ASSOCIATE,2026-06-04
2026-06-05,0018771,PRE-CONSTRUCTION,50000.0,,,,,,,,Yes,,2026-06-04
2026-06-05,0018772,PRE-CONSTRUCTION,15070.0,,,,,,,,Yes,,2026-06-04
2026-06-05,0018773,PRE-CONSTRUCTION,119130.0,,,,,,,,Yes,,2026-06-04
2026-06-05,0018774,PRE-CONSTRUCTION,16720.0,,,,,,,,Yes,,2026-06-04
2026-06-05,0018775,PRE-CONSTRUCTION,34760.0,,,,,,,,Yes,,2026-06-04
2026-06-05,0018776,PRE-CONSTRUCTION,100000.0,,,,,,,,Yes,,2026-06-04
2026-06-05,0018777,PRE-CONSTRUCTION,202840.0,,,,,,,,Yes,,2026-06-04
2026-06-05,0018778,PRE-CONSTRUCTION,61270.0,,,,,,,,Yes,,2026-06-04
2026-06-05,0018779,PRE-CONSTRUCTION,27500.0,,,,,,,,Yes,,2026-06-04
2026-06-05,0018780,COMPLETED-CONSTRUCTION,105270.0,,,,2024-05-15,,,,Yes,THE SCRUGGS COMPANY,2026-06-04
2026-06-05,0018781,COMPLETED-CONSTRUCTION,11220.0,,,,2024-05-15,,,,Yes,THE SCRUGGS COMPANY,2026-06-04
2026-06-05,0018782,COMPLETED-CONSTRUCTION,33660.0,,,,2024-05-15,,,,Yes,THE SCRUGGS COMPANY,2026-06-04
2026-06-05,0018783,COMPLETED-CONSTRUCTION,109670.0,,,,2024-05-15,,,,Yes,THE SCRUGGS COMPANY,2026-06-04
2026-06-05,0018784,COMPLETED-CONSTRUCTION,12430.0,,,,2024-05-15,,,,Yes,THE SCRUGGS COMPANY,2026-06-04
2026-06-05,0018785,COMPLETED-CONSTRUCTION,12430.0,,,,2024-05-15,,,,Yes,THE SCRUGGS COMPANY,2026-06-04
2026-06-05,0018786,COMPLETED-CONSTRUCTION,13090.0,,,,2024-05-15,,,,Yes,THE SCRUGGS COMPANY,2026-06-04
2026-06-05,0018787,COMPLETED-CONSTRUCTION,49361.0,,,,2024-05-15,,,,Yes,THE SCRUGGS COMPANY,2026-06-04
2026-06-05,0018788,COMPLETED-CONSTRUCTION,26950.0,,,,2024-05-15,,,,Yes,THE SCRUGGS COMPANY,2026-06-04
2026-06-05,0018789,COMPLETED-CONSTRUCTION,31790.0,,,,2024-05-15,,,,Yes,THE SCRUGGS COMPANY,2026-06-04
2026-06-05,0018790,COMPLETED-CONSTRUCTION,70840.0,,,,2024-05-15,,,,Yes,THE SCRUGGS COMPANY,2026-06-04
2026-06-05,0018791,COMPLETED-CONSTRUCTION,59290.0,,,,2024-05-15,,,,Yes,THE SCRUGGS COMPANY,2026-06-04
2026-06-05,0018792,PRE-CONSTRUCTION,103620.0,,,,,,,,Yes,,2026-06-04
2026-06-05,0018793,PRE-CONSTRUCTION,26620.0,,,,,,,,Yes,,2026-06-04
2026-06-05,0018794,PRE-CONSTRUCTION,30690.0,,,,,,,,Yes,,2026-06-04
2026-06-05,0018795,PRE-CONSTRUCTION,27060.0,,,,,,,,Yes,,2026-06-04
2026-06-05,0018796,PRE-CONSTRUCTION,24640.0,,,,,,,,Yes,,2026-06-04
2026-06-05,0018797,PRE-CONSTRUCTION,237050.0,,,,,,,,Yes,,2026-06-04
2026-06-05,0018798,PRE-CONSTRUCTION,39380.0,,,,,,,,Yes,,2026-06-04
2026-06-05,0018799,PRE-CONSTRUCTION,87450.0,,,,,,,,Yes,,2026-06-04
2026-06-05,0018800,PRE-CONSTRUCTION,9240.0,,,,,,,,Yes,,2026-06-04
2026-06-05,0018801,PRE-CONSTRUCTION,10120.0,,,,,,,,Yes,,2026-06-04
2026-06-05,0018802,PRE-CONSTRUCTION,37400.0,,,,,,,,Yes,,2026-06-04
2026-06-05,0018803,PRE-CONSTRUCTION,45430.0,,,,,,,,Yes,,2026-06-04
2026-06-05,0018804,PRE-CONSTRUCTION,16500.0,,,,,,,,Yes,,2026-06-04
2026-06-05,0018805,PRE-CONSTRUCTION,110440.0,,,,,,,,Yes,,2026-06-04
2026-06-05,0018806,PRE-CONSTRUCTION,41580.0,,,,,,,,Yes,,2026-06-04
2026-06-05,0018807,COMPLETED-CONSTRUCTION,38533.0,,,,2024-10-16,,,,Yes,REEVES CONSTRUCTION CO,2026-06-04
2026-06-05,0018808,UNDER-CONSTRUCTION,90525.0,,,,,,,,Yes,SIKES BROTHERS INC,2026-06-04
2026-06-05,0018809,UNDER-CONSTRUCTION,83622.0,,,,,,,,Yes,SIKES BROTHERS INC,2026-06-04
2026-06-05,0018810,UNDER-CONSTRUCTION,141996.0,,,,,,,,Yes,SIKES BROTHERS INC,2026-06-04
2026-06-05,0018811,UNDER-CONSTRUCTION,173080.0,,,,,,,,Yes,SIKES BROTHERS INC,2026-06-04
2026-06-05,0018812,PRE-CONSTRUCTION,317520.0,,,,,,,,Yes,,2026-06-04
2026-06-05,0018813,PRE-CONSTRUCTION,330729.0,,,,,,,,Yes,,2026-06-04
2026-06-05,0018814,COMPLETED-CONSTRUCTION,263870.0,,,,2026-01-14,,,,Yes,EAST COAST ASPHALT LLC,2026-06-04
2026-06-05,0018815,COMPLETED-CONSTRUCTION,159212.0,,,,2026-01-14,,,,Yes,EAST COAST ASPHALT LLC,2026-06-04
2026-06-05,0018816,PRE-CONSTRUCTION,500000.0,,,,,,,,Yes,,2026-06-04
2026-06-05,0018817,PRE-CONSTRUCTION,10000.0,,,,,,,,Yes,,2026-06-04
2026-06-05,0018818,PRE-CONSTRUCTION,300000.0,,,,,,,,Yes,,2026-06-04
2026-06-05,0018819,COMPLETED-CONSTRUCTION,491283.0,,,,2026-01-14,,,,Yes,EAST COAST ASPHALT LLC,2026-06-04
2026-06-05,0018820,PRE-CONSTRUCTION,500000.0,,,,,,,,Yes,,2026-06-04
2026-06-05,0018821,PRE-CONSTRUCTION,113048.0,,,,,,,,Yes,,2026-06-04
2026-06-05,0018822,UNDER-CONSTRUCTION,15659.0,,,,,,,,Yes,EAST COAST ASPHALT LLC,2026-06-04
2026-06-05,0018823,UNDER-CONSTRUCTION,15661.0,,,,,,,,Yes,EAST COAST ASPHALT LLC,2026-06-04
2026-06-05,0018824,UNDER-CONSTRUCTION,13532.0,,,,,,,,Yes,EAST COAST ASPHALT INC,2026-06-04
2026-06-05,0018825,UNDER-CONSTRUCTION,35305.0,,,,,,,,Yes,EAST COAST ASPHALT INC,2026-06-04
2026-06-05,0018826,UNDER-CONSTRUCTION,22655.0,,,,,,,,Yes,EAST COAST ASPHALT INC,2026-06-04
2026-06-05,0018827,UNDER-CONSTRUCTION,140234.0,,,,,,,,Yes,EAST COAST ASPHALT INC,2026-06-04
2026-06-05,0018828,UNDER-CONSTRUCTION,26871.0,,,,,,,,Yes,EAST COAST ASPHALT INC,2026-06-04
2026-06-05,0018829,UNDER-CONSTRUCTION,12944.0,,,,,,,,Yes,EAST COAST ASPHALT INC,2026-06-04
2026-06-05,0018830,PRE-CONSTRUCTION,10276.0,,,,,,,,Yes,,2026-06-04
2026-06-05,0018831,PRE-CONSTRUCTION,25098.0,,,,,,,,Yes,,2026-06-04
2026-06-05,0018832,PRE-CONSTRUCTION,39458.0,,,,,,,,Yes,,2026-06-04
2026-06-05,0018833,PRE-CONSTRUCTION,24661.0,,,,,,,,Yes,,2026-06-04
2026-06-05,0018834,PRE-CONSTRUCTION,40075.0,,,,,,,,Yes,,2026-06-04
2026-06-05,0018835,PRE-CONSTRUCTION,14129.0,,,,,,,,Yes,,2026-06-04
2026-06-05,0018836,PRE-CONSTRUCTION,37249.0,,,,,,,,Yes,,2026-06-04
2026-06-05,0018837,PRE-CONSTRUCTION,12844.0,,,,,,,,Yes,,2026-06-04
2026-06-05,0018838,PRE-CONSTRUCTION,36504.0,,,,,,,,Yes,,2026-06-04
2026-06-05,0018839,PRE-CONSTRUCTION,8350.0,,,,,,,,Yes,,2026-06-04
2026-06-05,0018840,PRE-CONSTRUCTION,11945.0,,,,,,,,Yes,,2026-06-04
2026-06-05,0018841,PRE-CONSTRUCTION,600000.0,,,,,,,,Yes,,2026-06-04
2026-06-05,0018842,PRE-CONSTRUCTION,209984.0,,,,,,,,Yes,,2026-06-04
2026-06-05,0018843,PRE-CONSTRUCTION,235363.0,,,,,,,,Yes,,2026-06-04
2026-06-05,0018844,PRE-CONSTRUCTION,244385.0,,,,,,,,Yes,,2026-06-04
2026-06-05,0018845,PRE-CONSTRUCTION,241917.0,,,,,,,,Yes,,2026-06-04
2026-06-05,0018846,PRE-CONSTRUCTION,0.0,,,,,,,,Yes,,2026-06-04
2026-06-05,0018847,COMPLETED-CONSTRUCTION,0.0,,,,2025-07-23,,,,Yes,THE SCRUGGS COMPANY,2026-06-04
2026-06-05,0018848,COMPLETED-CONSTRUCTION,0.0,,,,2025-07-23,,,,Yes,THE SCRUGGS COMPANY,2026-06-04
2026-06-05,0018849,COMPLETED-CONSTRUCTION,0.0,,,,2025-07-23,,,,Yes,THE SCRUGGS COMPANY,2026-06-04
2026-06-05,0018850,COMPLETED-CONSTRUCTION,150108.0,,,,2025-07-23,,,,Yes,EAST COAST ASPHALT INC,2026-06-04
2026-06-05,0018851,COMPLETED-CONSTRUCTION,154569.0,,,,2025-07-23,,,,Yes,THE SCRUGGS COMPANY,2026-06-04
2026-06-05,0018852,COMPLETED-CONSTRUCTION,199238.0,,,,2025-07-23,,,,Yes,THE SCRUGGS COMPANY,2026-06-04
2026-06-05,0018853,COMPLETED-CONSTRUCTION,34020.0,,,,2025-07-23,,,,Yes,THE SCRUGGS COMPANY,2026-06-04
2026-06-05,0018854,COMPLETED-CONSTRUCTION,111132.0,,,,2025-07-23,,,,Yes,THE SCRUGGS COMPANY,2026-06-04
2026-06-05,0018855,COMPLETED-CONSTRUCTION,162864.0,,,,2025-07-23,,,,Yes,THE SCRUGGS COMPANY,2026-06-04
2026-06-05,0018856,PRE-CONSTRUCTION,538017.0,,,,,,,,Yes,,2026-06-04
2026-06-05,0018857,PRE-CONSTRUCTION,70443.0,,,,,,,,Yes,,2026-06-04
2026-06-05,0018858,PRE-CONSTRUCTION,64583.0,,,,,,,,Yes,,2026-06-04
2026-06-05,0018859,PRE-CONSTRUCTION,863720.0,,,,,,,,Yes,,2026-06-04
2026-06-05,0018860,COMPLETED-CONSTRUCTION,933854.0,,,,2026-01-22,,,,Yes,MCLENDON ENTERPRISES INC,2026-06-04
2026-06-05,0018861,PRE-CONSTRUCTION,20711000.0,,,,,,,,Yes,,2026-06-04
2026-06-05,0018862,COMPLETED-CONSTRUCTION,1631155.0,,,,2026-01-22,,,,Yes,MCLENDON ENTERPRISES INC,2026-06-04
2026-06-05,0018863,PRE-CONSTRUCTION,1487545.0,,,,,,,,Yes,,2026-06-04
2026-06-05,0018864,PRE-CONSTRUCTION,1385300.0,,,,,,,,Yes,,2026-06-04
2026-06-05,0018865,COMPLETED-CONSTRUCTION,100000.0,,,,2025-03-19,,,,Yes,SIKES BROTHERS INC,2026-06-04
2026-06-05,0018866,COMPLETED-CONSTRUCTION,49014.0,,,,2025-03-19,,,,Yes,MCLENDON ENTERPRISES INC,2026-06-04
2026-06-05,0018867,COMPLETED-CONSTRUCTION,11611.0,,,,2025-03-19,,,,Yes,MCLENDON ENTERPRISES INC,2026-06-04
2026-06-05,0018868,COMPLETED-CONSTRUCTION,11021.0,,,,2025-03-19,,,,Yes,MCLENDON ENTERPRISES INC,2026-06-04
2026-06-05,0018869,COMPLETED-CONSTRUCTION,46600.0,,,,2025-03-19,,,,Yes,MCLENDON ENTERPRISES INC,2026-06-04
2026-06-05,0018870,COMPLETED-CONSTRUCTION,34038.0,,,,2025-03-19,,,,Yes,MCLENDON ENTERPRISES INC,2026-06-04
2026-06-05,0018871,COMPLETED-CONSTRUCTION,53536.0,,,,2025-03-19,,,,Yes,MCLENDON ENTERPRISES INC,2026-06-04
2026-06-05,0018872,COMPLETED-CONSTRUCTION,26515.0,,,,2025-03-19,,,,Yes,MCLENDON ENTERPRISES INC,2026-06-04
2026-06-05,0018873,PRE-CONSTRUCTION,198000.0,,,,,,,,Yes,,2026-06-04
2026-06-05,0018874,PRE-CONSTRUCTION,104167.0,,,,,,,,Yes,,2026-06-04
2026-06-05,0018875,PRE-CONSTRUCTION,55673.0,,,,,,,,Yes,,2026-06-04
2026-06-05,0018876,PRE-CONSTRUCTION,31683.0,,,,,,,,Yes,,2026-06-04
2026-06-05,0018877,PRE-CONSTRUCTION,16646.0,,,,,,,,Yes,,2026-06-04
2026-06-05,0018878,PRE-CONSTRUCTION,41377.0,,,,,,,,Yes,,2026-06-04
2026-06-05,0018879,PRE-CONSTRUCTION,52353.0,,,,,,,,Yes,,2026-06-04
2026-06-05,0018880,PRE-CONSTRUCTION,110000.0,,,,,,,,Yes,,2026-06-04
2026-06-05,0018881,PRE-CONSTRUCTION,56644.0,,,,,,,,Yes,,2026-06-04
2026-06-05,0018882,PRE-CONSTRUCTION,59881.0,,,,,,,,Yes,,2026-06-04
2026-06-05,0018883,PRE-CONSTRUCTION,67271.0,,,,,,,,Yes,,2026-06-04
2026-06-05,0018884,PRE-CONSTRUCTION,73367.0,,,,,,,,Yes,,2026-06-04
2026-06-05,0018885,PRE-CONSTRUCTION,74652.0,,,,,,,,Yes,,2026-06-04
2026-06-05,0018886,PRE-CONSTRUCTION,59598.0,,,,,,,,Yes,,2026-06-04
2026-06-05,0018887,PRE-CONSTRUCTION,69206.0,,,,,,,,Yes,,2026-06-04
2026-06-05,0018888,PRE-CONSTRUCTION,70619.0,,,,,,,,Yes,,2026-06-04
2026-06-05,0018889,UNDER-CONSTRUCTION,965700.0,,,,,,,,Yes,SIKES BROTHERS INC,2026-06-04
2026-06-05,0018890,COMPLETED-CONSTRUCTION,41480.0,,,,2025-02-13,,,,Yes,SIKES BROTHERS INC,2026-06-04
2026-06-05,0018891,COMPLETED-CONSTRUCTION,62676.0,,,,2025-02-13,,,,Yes,SIKES BROTHERS INC,2026-06-04
2026-06-05,0018892,COMPLETED-CONSTRUCTION,47262.0,,,,2025-02-13,,,,Yes,SIKES BROTHERS INC,2026-06-04
2026-06-05,0018893,COMPLETED-CONSTRUCTION,186953.0,,,,2025-02-13,,,,Yes,SIKES BROTHERS INC,2026-06-04
2026-06-05,0018894,COMPLETED-CONSTRUCTION,67919.0,,,,2025-02-13,,,,Yes,SIKES BROTHERS INC,2026-06-04
2026-06-05,0018895,COMPLETED-CONSTRUCTION,70751.0,,,,2025-02-13,,,,Yes,SIKES BROTHERS INC,2026-06-04
2026-06-05,0018896,COMPLETED-CONSTRUCTION,31520.0,,,,2025-02-13,,,,Yes,SIKES BROTHERS INC,2026-06-04
2026-06-05,0018897,COMPLETED-CONSTRUCTION,14643.0,,,,2025-02-13,,,,Yes,SIKES BROTHERS INC,2026-06-04
2026-06-05,0018898,PRE-CONSTRUCTION,85875.0,,,,,,,,Yes,,2026-06-04
2026-06-05,0018899,PRE-CONSTRUCTION,67408.0,,,,,,,,Yes,,2026-06-04
2026-06-05,0018900,PRE-CONSTRUCTION,59547.0,,,,,,,,Yes,,2026-06-04
2026-06-05,0018901,PRE-CONSTRUCTION,66945.0,,,,,,,,Yes,,2026-06-04
2026-06-05,0018902,PRE-CONSTRUCTION,56284.0,,,,,,,,Yes,,2026-06-04
2026-06-05,0018903,PRE-CONSTRUCTION,58370.0,,,,,,,,Yes,,2026-06-04
2026-06-05,0018904,PRE-CONSTRUCTION,86083.0,,,,,,,,Yes,,2026-06-04
2026-06-05,0018905,PRE-CONSTRUCTION,77164.0,,,,,,,,Yes,,2026-06-04
2026-06-05,0018906,PRE-CONSTRUCTION,33212.0,,,,,,,,Yes,,2026-06-04
2026-06-05,0018907,PRE-CONSTRUCTION,69175.0,,,,,,,,Yes,,2026-06-04
2026-06-05,0018908,PRE-CONSTRUCTION,16200.0,,,,,,,,Yes,,2026-06-04
2026-06-05,0018909,PRE-CONSTRUCTION,8036.0,,,,,,,,Yes,,2026-06-04
2026-06-05,0018910,PRE-CONSTRUCTION,12857.0,,,,,,,,Yes,,2026-06-04
2026-06-05,0018911,PRE-CONSTRUCTION,7366.0,,,,,,,,Yes,,2026-06-04
2026-06-05,0018912,PRE-CONSTRUCTION,25151.0,,,,,,,,Yes,,2026-06-04
2026-06-05,0018913,PRE-CONSTRUCTION,35784.0,,,,,,,,Yes,,2026-06-04
2026-06-05,0018914,PRE-CONSTRUCTION,33882.0,,,,,,,,Yes,,2026-06-04
2026-06-05,0018915,PRE-CONSTRUCTION,15803.0,,,,,,,,Yes,,2026-06-04
2026-06-05,0018916,PRE-CONSTRUCTION,12723.0,,,,,,,,Yes,,2026-06-04
2026-06-05,0018917,PRE-CONSTRUCTION,18728.0,,,,,,,,Yes,,2026-06-04
2026-06-05,0018918,PRE-CONSTRUCTION,116233.0,,,,,,,,Yes,,2026-06-04
2026-06-05,0018919,PRE-CONSTRUCTION,6563.0,,,,,,,,Yes,,2026-06-04
2026-06-05,0018920,PRE-CONSTRUCTION,9910.0,,,,,,,,Yes,,2026-06-04
2026-06-05,0018921,PRE-CONSTRUCTION,62597.0,,,,,,,,Yes,,2026-06-04
2026-06-05,0018922,PRE-CONSTRUCTION,41896.0,,,,,,,,Yes,,2026-06-04
2026-06-05,0018923,PRE-CONSTRUCTION,30346.0,,,,,,,,Yes,,2026-06-04
2026-06-05,0018924,PRE-CONSTRUCTION,32275.0,,,,,,,,Yes,,2026-06-04
2026-06-05,0018925,PRE-CONSTRUCTION,65049.0,,,,,,,,Yes,,2026-06-04
2026-06-05,0018926,PRE-CONSTRUCTION,62619.0,,,,,,,,Yes,,2026-06-04
2026-06-05,0018927,PRE-CONSTRUCTION,39617.0,,,,,,,,Yes,,2026-06-04
2026-06-05,0018928,PRE-CONSTRUCTION,36590.0,,,,,,,,Yes,,2026-06-04
2026-06-05,0018929,PRE-CONSTRUCTION,455620.0,,,,,,,,Yes,,2026-06-04
2026-06-05,0018930,PRE-CONSTRUCTION,95920.0,,,,,,,,Yes,,2026-06-04
2026-06-05,0018931,COMPLETED-CONSTRUCTION,419650.0,,,,2025-09-12,,,,Yes,THE SCRUGGS COMPANY,2026-06-04
2026-06-05,0018932,COMPLETED-CONSTRUCTION,467610.0,,,,2025-09-12,,,,Yes,THE SCRUGGS COMPANY,2026-06-04
2026-06-05,0018933,PRE-CONSTRUCTION,0.0,,,,,,,,Yes,,2026-06-04
2026-06-05,0018934,PRE-CONSTRUCTION,25000.0,,,,,,,,Yes,,2026-06-04
2026-06-05,0018935,PRE-CONSTRUCTION,31500.0,,,,,,,,Yes,,2026-06-04
2026-06-05,0018936,UNDER-CONSTRUCTION,400000.0,,,,,,,,Yes,SIKES BROTHERS INC,2026-06-04
2026-06-05,0018937,PRE-CONSTRUCTION,500000.0,,,,,,,,Yes,,2026-06-04
2026-06-05,0018938,PRE-CONSTRUCTION,200000.0,,,,,,,,Yes,,2026-06-04
2026-06-05,0018939,PRE-CONSTRUCTION,6075000.0,,,,,,,,Yes,,2026-06-04
2026-06-05,0018940,UNDER-CONSTRUCTION,4000000.0,,,,,,,,Yes,Georgia Asphalt Producers,2026-06-04
2026-06-05,0018941,UNDER-CONSTRUCTION,2023600.0,,,,,,,,Yes,Georgia Asphalt Producers,2026-06-04
2026-06-05,0018942,PRE-CONSTRUCTION,1616300.0,,,,,,,,Yes,,2026-06-04
2026-06-05,0018943,PRE-CONSTRUCTION,2000000.0,,,,,,,,Yes,,2026-06-04
2026-06-05,0018944,UNDER-CONSTRUCTION,1770000.0,,,,,,,,Yes,SIKES BROTHERS INC,2026-06-04
2026-06-05,0018945,UNDER-CONSTRUCTION,1750000.0,,,,,,,,Yes,SIKES BROTHERS INC,2026-06-04
2026-06-05,0018946,PRE-CONSTRUCTION,1342519.0,,,,,,,,Yes,,2026-06-04
2026-06-05,0018947,PRE-CONSTRUCTION,2080019.0,,,,,,,,Yes,,2026-06-04
2026-06-05,0018948,PRE-CONSTRUCTION,970000.0,,,,,,,,Yes,,2026-06-04
2026-06-05,0018949,UNDER-CONSTRUCTION,1900000.0,,,,,,,,Yes,Georgia Asphalt Producers,2026-06-04
2026-06-05,0018950,PRE-CONSTRUCTION,412500.0,,,,,,,,Yes,,2026-06-04
2026-06-05,0018951,UNDER-CONSTRUCTION,234991.0,,,,,,,,Yes,Georgia Asphalt Producers,2026-06-04
2026-06-05,0018952,PRE-CONSTRUCTION,123677.0,,,,,,,,Yes,,2026-06-04
2026-06-05,0018953,PRE-CONSTRUCTION,280019.0,,,,,,,,Yes,,2026-06-04
2026-06-05,0018954,UNDER-CONSTRUCTION,240000.0,,,,,,,,Yes,Georgia Asphalt Producers,2026-06-04
2026-06-05,0018955,UNDER-CONSTRUCTION,322216.0,,,,,,,,Yes,Georgia Asphalt Producers,2026-06-04
2026-06-05,0018956,PRE-CONSTRUCTION,352500.0,,,,,,,,Yes,,2026-06-04
2026-06-05,0018957,COMPLETED-CONSTRUCTION,52097.0,,,,2024-10-11,,,,Yes,Georgia Asphalt Producers,2026-06-04
2026-06-05,0018958,COMPLETED-CONSTRUCTION,40740.0,,,,2024-10-11,,,,Yes,Georgia Asphalt Producers,2026-06-04
2026-06-05,0018959,COMPLETED-CONSTRUCTION,94391.0,,,,2024-11-11,,,,Yes,Georgia Asphalt Producers,2026-06-04
2026-06-05,0018960,COMPLETED-CONSTRUCTION,11400.0,,,,2024-10-11,,,,Yes,Georgia Asphalt Producers,2026-06-04
2026-06-05,0018961,COMPLETED-CONSTRUCTION,31000.0,,,,2025-06-10,,,,Yes,Georgia Asphalt Producers,2026-06-04
2026-06-05,0018962,COMPLETED-CONSTRUCTION,109435.0,,,,2025-06-10,,,,Yes,Georgia Asphalt Producers,2026-06-04
2026-06-05,0018963,PRE-CONSTRUCTION,114608.0,,,,,,,,Yes,,2026-06-04
2026-06-05,0018964,COMPLETED-CONSTRUCTION,57000.0,,,,2025-06-10,,,,Yes,Georgia Asphalt Producers,2026-06-04
2026-06-05,0018965,COMPLETED-CONSTRUCTION,2124954.0,,,,2025-12-29,,,,Yes,SIKES BROTHERS INC,2026-06-04
2026-06-05,0018966,COMPLETED-CONSTRUCTION,48809.0,,,,2025-02-12,,,,Yes,THE SCRUGGS COMPANY,2026-06-04
2026-06-05,0018967,UNDER-CONSTRUCTION,151200.0,,,,,,,,Yes,EAST COAST ASPHALT,2026-06-04
2026-06-05,0018968,COMPLETED-CONSTRUCTION,189840.0,,,,2025-02-12,,,,Yes,THE SCRUGGS COMPANY,2026-06-04
2026-06-05,0018969,COMPLETED-CONSTRUCTION,48090.0,,,,2025-02-12,,,,Yes,THE SCRUGGS COMPANY,2026-06-04
2026-06-05,0018970,PRE-CONSTRUCTION,330480.0,,,,,,,,Yes,,2026-06-04
2026-06-05,0018971,UNDER-CONSTRUCTION,120000.0,,,,,,,,Yes,CONCRETE CONSTRUCTORS INC,2026-06-04
2026-06-05,0018972,COMPLETED-CONSTRUCTION,52500.0,,,,2025-02-12,,,,Yes,THE SCRUGGS COMPANY,2026-06-04
2026-06-05,0018973,COMPLETED-CONSTRUCTION,106000.0,,,,2025-02-12,,,,Yes,THE SCRUGGS COMPANY,2026-06-04
2026-06-05,0018974,UNDER-CONSTRUCTION,133000.0,,,,,,,,Yes,EAST COAST ASPHALT,2026-06-04
2026-06-05,0018975,UNDER-CONSTRUCTION,71000.0,,,,,,,,Yes,EAST COAST ASPHALT,2026-06-04
2026-06-05,0018976,UNDER-CONSTRUCTION,212993.0,,,,,,,,Yes,MCLENDON ENTERPRISES  INC,2026-06-04
2026-06-05,0018977,UNDER-CONSTRUCTION,1225000.0,,,,,,,,Yes,THE SCRUGGS COMPANY,2026-06-04
2026-06-05,0018978,PRE-CONSTRUCTION,680817.0,,,,,,,,Yes,,2026-06-04
2026-06-05,0018979,UNDER-CONSTRUCTION,120000.0,,,,,,,,Yes,GRIFFIN GRADING &CONCRETE,2026-06-04
2026-06-05,0018980,PRE-CONSTRUCTION,80000.0,,,,,,,,Yes,,2026-06-04
2026-06-05,0018981,PRE-CONSTRUCTION,275434.0,,,,,,,,Yes,,2026-06-04
2026-06-05,0018982,UNDER-CONSTRUCTION,123000.0,,,,,,,,Yes,GRIFFIN GRADING &CONCRETE,2026-06-04
2026-06-05,0018983,UNDER-CONSTRUCTION,290000.0,,,,,,,,Yes,GRIFFIN GRADING &CONCRETE,2026-06-04
2026-06-05,0018984,PRE-CONSTRUCTION,52405.0,,,,,,,,Yes,,2026-06-04
2026-06-05,0018985,PRE-CONSTRUCTION,40357.0,,,,,,,,Yes,,2026-06-04
2026-06-05,0018986,PRE-CONSTRUCTION,38148.0,,,,,,,,Yes,,2026-06-04
2026-06-05,0018987,UNDER-CONSTRUCTION,30441.0,,,,,,,,Yes,GRIFFIN GRADING &CONCRETE,2026-06-04
2026-06-05,0018988,UNDER-CONSTRUCTION,15000.0,,,,,,,,Yes,GRIFFIN GRADING &CONCRETE,2026-06-04
2026-06-05,0018989,PRE-CONSTRUCTION,15000.0,,,,,,,,Yes,,2026-06-04
2026-06-05,0018990,PRE-CONSTRUCTION,13000.0,,,,,,,,Yes,,2026-06-04
2026-06-05,0018991,UNDER-CONSTRUCTION,10000.0,,,,,,,,Yes,GRIFFIN GRADING &CONCRETE,2026-06-04
2026-06-05,0018992,UNDER-CONSTRUCTION,126000.0,,,,,,,,Yes,REEVES CONSTRUCTION CO,2026-06-04
2026-06-05,0018993,UNDER-CONSTRUCTION,96000.0,,,,,,,,Yes,REEVES CONSTRUCTION CO,2026-06-04
2026-06-05,0018997,UNDER-CONSTRUCTION,165100.0,,,,,,,,Yes,DOYLE HANCOCK & SONS CST,2026-06-04
2026-06-05,0018998,UNDER-CONSTRUCTION,40000.0,,,,,,,,Yes,DOYLE HANCOCK & SONS CST,2026-06-04
2026-06-05,0018999,COMPLETED-CONSTRUCTION,53000.0,,,,2023-11-15,,,,Yes,OWENS AND SON PAVING CO,2026-06-04
2026-06-05,0019000,COMPLETED-CONSTRUCTION,26500.0,,,,2023-11-15,,,,Yes,OWENS AND SON PAVING CO,2026-06-04
2026-06-05,0019004,PRE-CONSTRUCTION,26000.0,,,,,,,,Yes,,2026-06-04
2026-06-05,0019007,PRE-CONSTRUCTION,40500.0,,,,,,,,Yes,,2026-06-04
2026-06-05,0019008,PRE-CONSTRUCTION,57973.0,,,,,,,,Yes,,2026-06-04
2026-06-05,0019009,PRE-CONSTRUCTION,30000.0,,,,,,,,Yes,,2026-06-04
2026-06-05,0019015,PRE-CONSTRUCTION,4995663.58,,,,,,,,No,,2026-06-04
2026-06-05,0019017,UNDER-CONSTRUCTION,2254868.81,,66.19,2026-10-31,,2025-10-03,,,No,SOUTHERN CONCRETE CST CO,2026-06-04
2026-06-05,0019018,UNDER-CONSTRUCTION,2778996.82,,54.98,2026-11-30,,2025-10-31,,,No,SOUTHERN CONCRETE CST CO,2026-06-04
2026-06-05,0019019,UNDER-CONSTRUCTION,2210186.8899999997,,,2027-03-31,,2026-02-06,,,No,SOUTHERN CONCRETE CST CO,2026-06-04
2026-06-05,0019020,UNDER-CONSTRUCTION,2280186.52,,83.26,2026-09-30,,2025-09-05,,,No,SOUTHERN CONCRETE CST INC,2026-06-04
2026-06-05,0019022,UNDER-CONSTRUCTION,52033127.18,,45.78,2027-10-31,,2024-07-16,,,No,VERTICAL EARTH INC,2026-06-04
2026-06-05,0019023,UNDER-CONSTRUCTION,97314332.61,,26.29,2028-10-31,,2025-01-03,,,No,VERTICAL EARTH INC,2026-06-04
2026-06-05,0019025,PRE-CONSTRUCTION,2625000.0,,,,,,,,No,,2026-06-04
2026-06-05,0019026,PRE-CONSTRUCTION,1975000.0,,,,,,,,No,,2026-06-04
2026-06-05,0019028,COMPLETED-CONSTRUCTION,4706273.14,,92.81,2024-12-07,,2023-06-30,2024-12-07,,No,E R SNELL CONTRACTOR INC,2026-06-04
2026-06-05,0019029,COMPLETED-CONSTRUCTION,13082301.16,,97.96,2024-12-25,2025-04-10,2023-08-04,2024-12-25,2024-12-25,No,OHSHIV CONSTRUCTION LLC,2026-06-04
2026-06-05,0019030,COMPLETED-CONSTRUCTION,267457.45,,79.78,2024-10-20,,2023-08-04,2024-10-19,2024-10-20,No,TRP CST GROUP LLC,2026-06-04
2026-06-05,0019031,COMPLETED-CONSTRUCTION,8826022.03,,99.77,2024-07-31,,2023-08-04,2024-07-31,2024-07-31,No,OHMSHIV CONSTRUCTION LLC,2026-06-04
2026-06-05,0019032,UNDER-CONSTRUCTION,3523507.12,,93.59,2025-08-31,,2024-10-04,,,No,OXFORD CONSTRUCTION CO,2026-06-04
2026-06-05,0019033,COMPLETED-CONSTRUCTION,2101411.6399999997,,99.15,2024-09-28,2024-11-21,2023-08-04,2024-09-27,2024-09-27,No,TRP CST GROUP LLC,2026-06-04
2026-06-05,0019040,PRE-CONSTRUCTION,5305277.27,,,,,,,,No,,2026-06-04
2026-06-05,0019042,PRE-CONSTRUCTION,6690626.5,,,,,,,,No,,2026-06-04
2026-06-05,0019043,COMPLETED-CONSTRUCTION,1244319.45,,89.01,2025-04-30,,2024-05-31,2025-04-30,,No,EAST COAST GRADING INC,2026-06-04
2026-06-05,0019045,PRE-CONSTRUCTION,5518132.09,,,,,,,,No,,2026-06-04
2026-06-05,0019048,PRE-CONSTRUCTION,2977121.08,,,,,,,,No,,2026-06-04
2026-06-05,0019049,UNDER-CONSTRUCTION,2762862.76,,39.91,2026-07-01,,2023-06-30,,,No,LUMIN8 TRANS TECHNOLOGIES,2026-06-04
2026-06-05,0019052,PRE-CONSTRUCTION,3658000.0,,,,,,,,No,,2026-06-04
2026-06-05,0019054,PRE-CONSTRUCTION,34961778.92,,,,,,,,No,,2026-06-04
2026-06-05,0019057,PRE-CONSTRUCTION,5678901.71,,,,,,,,No,,2026-06-04
2026-06-05,0019059,PRE-CONSTRUCTION,2016166.85,,,,,,,,No,,2026-06-04
2026-06-05,0019060,PRE-CONSTRUCTION,4442556.27,,,,,,,,No,,2026-06-04
2026-06-05,0019062,PRE-CONSTRUCTION,2450162.2199999997,,,,,,,,No,,2026-06-04
2026-06-05,0019066,PRE-CONSTRUCTION,1200000.0,,,,,,,,No,,2026-06-04
2026-06-05,0019067,PRE-CONSTRUCTION,3427548.3,,,,,,,,No,,2026-06-04
2026-06-05,0019069,PRE-CONSTRUCTION,3314916.48,,,,,,,,No,,2026-06-04
2026-06-05,0019073,PRE-CONSTRUCTION,2783848.6399999997,,,,,,,,No,,2026-06-04
2026-06-05,0019083,PRE-CONSTRUCTION,32422711.67,,,,,,,,No,,2026-06-04
2026-06-05,0019084,PRE-CONSTRUCTION,6400000.0,,,,,,,,No,,2026-06-04
2026-06-05,0019085,PRE-CONSTRUCTION,4900000.0,,,,,,,,No,,2026-06-04
2026-06-05,0019086,PRE-CONSTRUCTION,10250000.0,,,,,,,,No,,2026-06-04
2026-06-05,0019090,PRE-CONSTRUCTION,24800220.71,,,,,,,,No,,2026-06-04
2026-06-05,0019092,PRE-CONSTRUCTION,8476687.98,,,,,,,,No,,2026-06-04
2026-06-05,0019093,PRE-CONSTRUCTION,11140565.79,,,,,,,,No,,2026-06-04
2026-06-05,0019094,PRE-CONSTRUCTION,34346926.47,,,,,,,,No,,2026-06-04
2026-06-05,0019095,PRE-CONSTRUCTION,8750000.0,,,,,,,,No,,2026-06-04
2026-06-05,0019096,PRE-CONSTRUCTION,17150000.0,,,,,,,,No,,2026-06-04
2026-06-05,0019097,PRE-CONSTRUCTION,8248000.0,,,,,,,,No,,2026-06-04
2026-06-05,0019098,PRE-CONSTRUCTION,7380049.47,,,,,,,,No,,2026-06-04
2026-06-05,0019099,PRE-CONSTRUCTION,7232408.12,,,,,,,,No,,2026-06-04
2026-06-05,0019100,PRE-CONSTRUCTION,1479710.51,,,,,,,,No,,2026-06-04
2026-06-05,0019102,PRE-CONSTRUCTION,1950000.0,,,,,,,,No,,2026-06-04
2026-06-05,0019105,PRE-CONSTRUCTION,5046441.1,,,,,,,,No,,2026-06-04
2026-06-05,0019109,PRE-CONSTRUCTION,5306659.77,,,,,,,,No,,2026-06-04
2026-06-05,0019110,PRE-CONSTRUCTION,5520827.63,,,,,,,,No,,2026-06-04
2026-06-05,0019111,PRE-CONSTRUCTION,3975000.0,,,,,,,,No,,2026-06-04
2026-06-05,0019112,PRE-CONSTRUCTION,2300000.0,,,,,,,,No,,2026-06-04
2026-06-05,0019114,PRE-CONSTRUCTION,2175000.0,,,,,,,,No,,2026-06-04
2026-06-05,0019115,PRE-CONSTRUCTION,4913510.0,,,,,,,,No,,2026-06-04
2026-06-05,0019116,PRE-CONSTRUCTION,2902242.38,,,,,,,,No,,2026-06-04
2026-06-05,0019117,PRE-CONSTRUCTION,4750000.0,,,,,,,,No,,2026-06-04
2026-06-05,0019118,PRE-CONSTRUCTION,4230569.15,,,,,,,,No,,2026-06-04
2026-06-05,0019119,PRE-CONSTRUCTION,4673941.38,,,,,,,,No,,2026-06-04
2026-06-05,0019120,PRE-CONSTRUCTION,4872661.1,,,,,,,,No,,2026-06-04
2026-06-05,0019121,PRE-CONSTRUCTION,3080667.35,,,,,,,,No,,2026-06-04
2026-06-05,0019122,PRE-CONSTRUCTION,4357112.21,,,,,,,,No,,2026-06-04
2026-06-05,0019123,PRE-CONSTRUCTION,1875000.0,,,,,,,,No,,2026-06-04
2026-06-05,0019124,PRE-CONSTRUCTION,3145000.0,,,,,,,,No,,2026-06-04
2026-06-05,0019125,PRE-CONSTRUCTION,2590000.0,,,,,,,,No,,2026-06-04
2026-06-05,0019126,PRE-CONSTRUCTION,10853677.02,,,,,,,,No,,2026-06-04
2026-06-05,0019127,PRE-CONSTRUCTION,5200000.0,,,,,,,,No,,2026-06-04
2026-06-05,0019128,PRE-CONSTRUCTION,3971038.06,,,,,,,,No,,2026-06-04
2026-06-05,0019129,PRE-CONSTRUCTION,7148802.0,,,,,,,,No,,2026-06-04
2026-06-05,0019130,UNDER-CONSTRUCTION,1672740.7,,97.94,2024-06-30,,2023-06-30,,,No,LUMIN8 TRANS TECHNOLOGIES,2026-06-04
2026-06-05,0019131,PRE-CONSTRUCTION,2614087.0,,,,,,,,No,,2026-06-04
2026-06-05,0019132,PRE-CONSTRUCTION,1649861.18,,,,,,,,No,,2026-06-04
2026-06-05,0019133,PRE-CONSTRUCTION,2071137.87,,,,,,,,No,,2026-06-04
2026-06-05,0019134,PRE-CONSTRUCTION,1481550.39,,,,,,,,No,,2026-06-04
2026-06-05,0019135,PRE-CONSTRUCTION,2891738.13,,,,,,,,No,,2026-06-04
2026-06-05,0019136,PRE-CONSTRUCTION,7604377.029999999,,,,,,,,No,,2026-06-04
2026-06-05,0019137,PRE-CONSTRUCTION,0.0,,,,,,,,No,,2026-06-04
2026-06-05,0019138,PRE-CONSTRUCTION,882719.02,,,,,,,,No,,2026-06-04
2026-06-05,0019139,PRE-CONSTRUCTION,64800.0,,,,,,,,No,,2026-06-04
2026-06-05,0019177,COMPLETED-CONSTRUCTION,641215.09,,80.33,2024-04-30,,2023-05-05,2024-10-19,,No,Peek Pavement Marking LLC,2026-06-04
2026-06-05,0019178,COMPLETED-CONSTRUCTION,533819.95,,79.5,2024-04-30,,2023-05-05,2024-04-30,2024-04-30,No,Peek Pavement Marking LLC,2026-06-04
2026-06-05,0019179,COMPLETED-CONSTRUCTION,281637.0,,96.58,2024-03-31,2024-05-23,2023-02-03,2024-03-01,2024-03-01,No,Peek Pavement Marking LLC,2026-06-04
2026-06-05,0019181,UNDER-CONSTRUCTION,25704826.67,,,2029-08-31,,2026-04-03,,,No,GP'S ENTERPRISES INC,2026-06-04
2026-06-05,0019184,PRE-CONSTRUCTION,1975000.0,,,,,,,,No,,2026-06-04
2026-06-05,0019185,PRE-CONSTRUCTION,3375000.0,,,,,,,,No,,2026-06-04
2026-06-05,0019186,PRE-CONSTRUCTION,4975000.0,,,,,,,,No,,2026-06-04
2026-06-05,0019187,PRE-CONSTRUCTION,2175000.0,,,,,,,,No,,2026-06-04
2026-06-05,0019188,PRE-CONSTRUCTION,2150000.0,,,,,,,,No,,2026-06-04
2026-06-05,0019190,PRE-CONSTRUCTION,2153712.6799999997,,,,,,,,No,,2026-06-04
2026-06-05,0019191,PRE-CONSTRUCTION,3258221.4699999997,,,,,,,,No,,2026-06-04
2026-06-05,0019192,PRE-CONSTRUCTION,3117638.8,,,,,,,,No,,2026-06-04
2026-06-05,0019193,PRE-CONSTRUCTION,2300000.0,,,,,,,,No,,2026-06-04
2026-06-05,0019194,PRE-CONSTRUCTION,3736449.36,,,,,,,,No,,2026-06-04
2026-06-05,0019195,PRE-CONSTRUCTION,3775254.2,,,,,,,,No,,2026-06-04
2026-06-05,0019196,PRE-CONSTRUCTION,2551075.71,,,,,,,,No,,2026-06-04
2026-06-05,0019197,UNDER-CONSTRUCTION,65055173.09,,83.64,2026-07-16,,2023-06-30,,,Yes,MCLENDON ENTERPRISES INC,2026-06-04
2026-06-05,0019198,COMPLETED-CONSTRUCTION,94615.98,,98.6,2025-06-30,,2024-08-30,2025-06-04,2025-06-04,No,Peek Pavement Marking LLC,2026-06-04
2026-06-05,0019202,PRE-CONSTRUCTION,16750000.0,,,,,,,,No,,2026-06-04
2026-06-05,0019204,PRE-CONSTRUCTION,2910000.0,,,,,,,,No,,2026-06-04
2026-06-05,0019205,PRE-CONSTRUCTION,9955962.0,,,,,,,,No,,2026-06-04
2026-06-05,0019206,PRE-CONSTRUCTION,9476643.0,,,,,,,,No,,2026-06-04
2026-06-05,0019207,PRE-CONSTRUCTION,2105000.0,,,,,,,,No,,2026-06-04
2026-06-05,0019208,PRE-CONSTRUCTION,2750550.0,,,,,,,,No,,2026-06-04
2026-06-05,0019209,PRE-CONSTRUCTION,4925000.0,,,,,,,,No,,2026-06-04
2026-06-05,0019210,PRE-CONSTRUCTION,14000000.0,,,,,,,,No,,2026-06-04
2026-06-05,0019212,PRE-CONSTRUCTION,29039477.2,,,,,,,,No,,2026-06-04
2026-06-05,0019213,PRE-CONSTRUCTION,6616000.0,,,,,,,,No,,2026-06-04
2026-06-05,0019214,PRE-CONSTRUCTION,10638000.0,,,,,,,,No,,2026-06-04
2026-06-05,0019215,PRE-CONSTRUCTION,14274921.15,,,,,,,,No,,2026-06-04
2026-06-05,0019216,PRE-CONSTRUCTION,21226651.23,,,,,,,,No,,2026-06-04
2026-06-05,0019217,PRE-CONSTRUCTION,20490800.0,,,,,,,,No,,2026-06-04
2026-06-05,0019218,UNDER-CONSTRUCTION,5134763.93,,41.36,2025-06-30,,2024-05-03,,,No,J A LONG INC,2026-06-04
2026-06-05,0019223,COMPLETED-CONSTRUCTION,1450794.54,,94.47,2025-06-30,,2024-08-02,2025-06-29,,No,C W Matthews Contracting,2026-06-04
2026-06-05,0019224,COMPLETED-CONSTRUCTION,1679918.55,,90.55,2025-06-30,,2024-08-02,2025-06-30,,No,PITTMAN CONSTRUCTION CO,2026-06-04
2026-06-05,0019225,COMPLETED-CONSTRUCTION,1016685.3,,94.84,2024-08-31,,2023-10-06,2024-04-30,,No,COLDITZ TRUCKING INC,2026-06-04
2026-06-05,0019226,COMPLETED-CONSTRUCTION,759353.04,,67.73,2025-12-31,,2024-12-06,2025-12-30,2025-10-30,No,THE SCRUGGS COMPANY,2026-06-04
2026-06-05,0019227,COMPLETED-CONSTRUCTION,94713.98,,,2025-07-31,,2024-11-01,2025-07-31,,No,Peek Pavement Marking LLC,2026-06-04
2026-06-05,0019228,COMPLETED-CONSTRUCTION,754202.85,,89.5,2025-10-31,,2024-12-06,2025-10-28,,No,THE SCRUGGS COMPANY,2026-06-04
2026-06-05,0019229,COMPLETED-CONSTRUCTION,187533.36,,,2025-01-31,2025-04-06,2024-08-02,2025-01-29,,No,TRP CST GROUP LLC,2026-06-04
2026-06-05,0019230,COMPLETED-CONSTRUCTION,421761.04,,,2025-03-31,,2024-08-30,2025-03-28,,No,OXFORD CONSTRUCTION CO,2026-06-04
2026-06-05,0019231,COMPLETED-CONSTRUCTION,123969.85,,97.68,2025-01-20,2024-12-13,2023-10-06,2024-09-26,,No,TRP CST GROUP LLC,2026-06-04
2026-06-05,0019232,COMPLETED-CONSTRUCTION,214310.78,,,2025-06-30,,2024-08-30,2025-06-30,,No,MID STATE CST & STRIPING,2026-06-04
2026-06-05,0019233,COMPLETED-CONSTRUCTION,434279.59,,,2025-07-31,,2024-11-01,2025-03-26,,No,OXFORD CONSTRUCTION CO,2026-06-04
2026-06-05,0019234,COMPLETED-CONSTRUCTION,263938.65,,,2024-08-31,2025-03-06,2023-10-06,2024-10-11,,No,TRP CST GROUP LLC,2026-06-04
2026-06-05,0019235,COMPLETED-CONSTRUCTION,966619.73,,89.5,2025-09-30,,2024-08-30,2025-09-29,,No,MCLENDON ENTERPRISES INC,2026-06-04
2026-06-05,0019236,COMPLETED-CONSTRUCTION,1241621.88,,,2025-04-30,,2024-08-02,2025-05-15,2025-05-14,No,EAST COAST ASPHALT LLC,2026-06-04
2026-06-05,0019237,COMPLETED-CONSTRUCTION,52298.6,,,2025-05-31,,2024-08-02,2024-12-22,2024-12-22,No,Peek Pavement Marking LLC,2026-06-04
2026-06-05,0019238,COMPLETED-CONSTRUCTION,365161.86,,,2024-08-31,,2023-10-06,2024-06-28,,No,TIDWELL TRAFFIC SOLUTIONS,2026-06-04
2026-06-05,0019239,UNDER-CONSTRUCTION,505067.46,,82.08,2025-07-31,,2024-12-06,,,No,Peek Pavement Marking LLC,2026-06-04
2026-06-05,0019240,COMPLETED-CONSTRUCTION,290934.63,,69.22,2025-07-31,,2024-11-01,2026-04-20,,No,Peek Pavement Marking LLC,2026-06-04
2026-06-05,0019241,COMPLETED-CONSTRUCTION,283069.1,,85.7,2025-09-30,,2024-08-30,2025-09-26,,No,Peek Pavement Marking LLC,2026-06-04
2026-06-05,0019242,COMPLETED-CONSTRUCTION,141102.85,,48.41,2025-05-31,,2024-08-02,2025-05-30,2025-05-30,No,Peek Pavement Marking LLC,2026-06-04
2026-06-05,0019243,COMPLETED-CONSTRUCTION,85552.24,,83.25,2025-07-31,,2024-12-06,2025-07-31,2025-07-31,No,TIDWELL TRAFFIC SOLUTIONS,2026-06-04
2026-06-05,0019244,COMPLETED-CONSTRUCTION,230683.08,,77.25,2025-07-31,,2024-11-01,2025-06-24,,No,Peek Pavement Marking LLC,2026-06-04
2026-06-05,0019252,PRE-CONSTRUCTION,4091754.4,,,,,,,,No,,2026-06-04
2026-06-05,0019253,PRE-CONSTRUCTION,3891049.11,,,,,,,,No,,2026-06-04
2026-06-05,0019256,UNDER-CONSTRUCTION,3200886.57,,55.41,2027-03-31,,2025-06-27,,,No,GEORGIA BRIDGE & CONCRETE,2026-06-04
2026-06-05,0019257,UNDER-CONSTRUCTION,2081216.96,,20.81,2026-10-31,,2025-10-03,,,No,E R SNELL CONTRACTOR INC,2026-06-04
2026-06-05,0019258,UNDER-CONSTRUCTION,3475882.7,,37.83,2027-03-31,,2025-12-05,,,No,APAC-ATLANTIC INC,2026-06-04
2026-06-05,0019259,UNDER-CONSTRUCTION,3414880.2,,47.4,2027-03-31,,2025-09-05,,,No,SOUTHERN CONCRETE CST CO,2026-06-04
2026-06-05,0019260,UNDER-CONSTRUCTION,3077598.89,,47.4,2027-03-31,,2025-09-05,,,No,SOUTHERN CONCRETE CST CO,2026-06-04
2026-06-05,0019261,UNDER-CONSTRUCTION,2724646.43,,,2027-04-30,,2026-04-03,,,No,SOUTHERN CONCRETE  CST CO,2026-06-04
2026-06-05,0019262,UNDER-CONSTRUCTION,4010966.14,,,2027-04-30,,2025-12-05,,,No,SOUTHERN CONCRETE CST CO,2026-06-04
2026-06-05,0019263,UNDER-CONSTRUCTION,2552875.71,,9.22,2027-09-30,,2026-02-06,,,No,UNDERGROUND EXCAVATING,2026-06-04
2026-06-05,0019265,PRE-CONSTRUCTION,18440000.0,,,,,,,,No,,2026-06-04
2026-06-05,0019269,PRE-CONSTRUCTION,48750000.0,,,,,,,,No,,2026-06-04
2026-06-05,0019270,PRE-CONSTRUCTION,7720000.0,,,,,,,,No,,2026-06-04
2026-06-05,0019271,PRE-CONSTRUCTION,26470000.0,,,,,,,,No,,2026-06-04
2026-06-05,0019274,PRE-CONSTRUCTION,20025000.0,,,,,,,,No,,2026-06-04
2026-06-05,0019277,COMPLETED-CONSTRUCTION,2916241.51,,91.84,2026-03-31,,2025-01-31,2026-03-31,2026-03-27,No,GREGORY BRIDGE COMPANY,2026-06-04
2026-06-05,0019278,COMPLETED-CONSTRUCTION,2473987.58,,100.0,2024-07-31,,2023-08-04,2024-11-01,2024-11-06,No,TRP CST GROUP LLC,2026-06-04
2026-06-05,0019279,COMPLETED-CONSTRUCTION,10609665.58,,88.33,2024-09-30,2025-03-19,2023-06-30,2024-09-30,2024-11-26,No,OHMSHIV CONSTRUCTION LLC,2026-06-04
2026-06-05,0019280,COMPLETED-CONSTRUCTION,1128314.0,,64.45,2024-07-31,,2023-08-04,2024-07-31,2024-07-31,No,MASSANA CONSTRUCTION INC,2026-06-04
2026-06-05,0019281,COMPLETED-CONSTRUCTION,3009412.45,,98.01,2024-11-28,,2023-08-04,2024-11-26,,No,THE L C WHITFORD CO INC,2026-06-04
2026-06-05,0019282,COMPLETED-CONSTRUCTION,1427054.97,,82.19,2024-07-31,,2023-08-04,2024-07-31,,No,TRP CST GROUP LLC,2026-06-04
2026-06-05,0019283,COMPLETED-CONSTRUCTION,948843.76,,75.98,2024-07-31,,2023-08-04,2024-07-31,,No,TRP CST GROUP LLC,2026-06-04
2026-06-05,0019284,COMPLETED-CONSTRUCTION,3023010.2,,75.52,2024-07-31,,2023-08-04,2024-08-31,,No,TRP CST GROUP LLC,2026-06-04
2026-06-05,0019285,COMPLETED-CONSTRUCTION,1865202.49,,82.13,2024-10-31,,2023-11-03,2024-10-31,2024-10-31,No,GRACIE GRAY CONTRACTORS,2026-06-04
2026-06-05,0019286,PRE-CONSTRUCTION,7671622.85,,,,,,,,No,,2026-06-04
2026-06-05,0019290,COMPLETED-CONSTRUCTION,0.0,,94.47,2024-07-31,,2023-08-04,2024-07-31,,No,,2026-06-04
2026-06-05,0019291,COMPLETED-CONSTRUCTION,3347116.98,,93.95,2024-07-31,,2023-08-04,2024-10-09,,No,MASSANA CONSTRUCTION INC,2026-06-04
2026-06-05,0019292,COMPLETED-CONSTRUCTION,5387006.44,,84.46000000000001,2024-09-14,,2023-08-04,2024-09-11,,No,HIGGINS CST CO INC,2026-06-04
2026-06-05,0019293,COMPLETED-CONSTRUCTION,1988744.15,,96.9,2024-07-31,,2023-08-04,2024-07-30,2024-07-30,No,HIGGINS CST CO INC,2026-06-04
2026-06-05,0019294,PRE-CONSTRUCTION,8593368.780000001,,,,,,,,No,,2026-06-04
2026-06-05,0019333,COMPLETED-CONSTRUCTION,293413.75,,100.0,2024-07-31,,2023-08-04,2024-07-17,2024-07-17,No,LU INC,2026-06-04
2026-06-05,0019334,COMPLETED-CONSTRUCTION,117487.65,,100.0,2024-05-31,,2024-05-31,2024-05-31,2024-05-31,No,SOUTHERN PAVEMNT SOLUTION,2026-06-04
2026-06-05,0019335,COMPLETED-CONSTRUCTION,308229.1,,100.0,2024-07-31,,2023-08-04,2024-07-18,,No,LU INC,2026-06-04
2026-06-05,0019336,COMPLETED-CONSTRUCTION,1365453.95,,99.99,2025-04-30,,2024-02-02,2025-04-30,,No,CMC INC,2026-06-04
2026-06-05,0019347,PRE-CONSTRUCTION,17000000.0,,,,,,,,No,,2026-06-04
2026-06-05,0019348,UNDER-CONSTRUCTION,2285436.36,,66.53,2026-08-31,,2025-08-01,,,No,RIVERSIDE TRAFFIC SOLUTIO,2026-06-04
2026-06-05,0019349,UNDER-CONSTRUCTION,292361.62,,13.17,2026-05-31,,2025-05-30,,,No,NGT GROUP LLC,2026-06-04
2026-06-05,0019355,PRE-CONSTRUCTION,21479205.64,,,,,,,,No,,2026-06-04
2026-06-05,0019357,PRE-CONSTRUCTION,9520000.0,,,,,,,,No,,2026-06-04
2026-06-05,0019358,PRE-CONSTRUCTION,14794098.52,,,,,,,,No,,2026-06-04
2026-06-05,0019359,PRE-CONSTRUCTION,27592551.0,,,,,,,,No,,2026-06-04
2026-06-05,0019360,PRE-CONSTRUCTION,2128000.0,,,,,,,,No,,2026-06-04
2026-06-05,0019452,COMPLETED-CONSTRUCTION,47100000.0,,100.0,2025-05-15,,2023-06-22,2025-05-14,,No,MATTHEWS-MCLENDON JV,2026-06-04
2026-06-05,0019453,COMPLETED-CONSTRUCTION,404704.76,,,2026-10-15,,2025-10-20,2026-10-15,,No,CW MATTHEWS CONTRACTING,2026-06-04
2026-06-05,0019465,PRE-CONSTRUCTION,4010000.0,,,,,,,,No,,2026-06-04
2026-06-05,0019466,PRE-CONSTRUCTION,3250000.0,,,,,,,,No,,2026-06-04
2026-06-05,0019467,PRE-CONSTRUCTION,3250000.0,,,,,,,,No,,2026-06-04
2026-06-05,0019468,PRE-CONSTRUCTION,2704000.0,,,,,,,,No,,2026-06-04
2026-06-05,0019469,PRE-CONSTRUCTION,2181000.0,,,,,,,,No,,2026-06-04
2026-06-05,0019470,PRE-CONSTRUCTION,5500000.0,,,,,,,,No,,2026-06-04
2026-06-05,0019471,PRE-CONSTRUCTION,2110000.0,,,,,,,,No,,2026-06-04
2026-06-05,0019472,PRE-CONSTRUCTION,5500000.0,,,,,,,,No,,2026-06-04
2026-06-05,0019502,PRE-CONSTRUCTION,14310000.0,,,,,,,,Yes,,2026-06-04
2026-06-05,0019503,COMPLETED-CONSTRUCTION,3450309.33,,,2025-11-30,2026-05-11,2025-01-03,2025-11-30,,Yes,OXFORD CONSTRUCTION CO,2026-06-04
2026-06-05,0019504,UNDER-CONSTRUCTION,2806975.59,,,2026-11-30,,2026-01-02,,,Yes,REEVES CONSTRUCTION CO,2026-06-04
2026-06-05,0019505,UNDER-CONSTRUCTION,2338354.68,,,2026-11-30,,2026-01-02,,,Yes,REEVES CONSTRUCTION CO,2026-06-04
2026-06-05,0019506,UNDER-CONSTRUCTION,1900961.15,,,2026-11-30,,2026-01-02,,,Yes,REEVES CONSTRUCTION CO,2026-06-04
2026-06-05,0019507,UNDER-CONSTRUCTION,632717.38,,,2026-11-30,,2026-01-02,,,Yes,REEVES CONSTRUCTION CO,2026-06-04
2026-06-05,0019508,PRE-CONSTRUCTION,5000000.0,,,,,,,,Yes,,2026-06-04
2026-06-05,0019509,PRE-CONSTRUCTION,7420000.0,,,,,,,,Yes,,2026-06-04
2026-06-05,0019510,PRE-CONSTRUCTION,4090000.0,,,,,,,,Yes,,2026-06-04
2026-06-05,0019511,COMPLETED-CONSTRUCTION,3848700.0,,,,2024-12-10,,,,Yes,REEVES CONSTRUCTION,2026-06-04
2026-06-05,0019512,UNDER-CONSTRUCTION,1252800.0,,,,,,,,Yes,,2026-06-04
2026-06-05,0019513,UNDER-CONSTRUCTION,1911622.02,,,2027-09-30,,2026-04-03,,,Yes,THE SCRUGGS  COMPANY,2026-06-04
2026-06-05,0019514,COMPLETED-CONSTRUCTION,2852236.89,,99.67,2025-07-31,2026-01-20,2024-07-05,2025-06-30,,Yes,OXFORD CONSTRUCTION CO,2026-06-04
2026-06-05,0019515,PRE-CONSTRUCTION,25000000.0,,,,,,,,Yes,,2026-06-04
2026-06-05,0019516,UNDER-CONSTRUCTION,25000000.0,,,,,,,,Yes,SUMMERS CONCRETE,2026-06-04
2026-06-05,0019517,PRE-CONSTRUCTION,35950000.0,,,,,,,,Yes,,2026-06-04
2026-06-05,0019518,COMPLETED-CONSTRUCTION,465474.51,,91.8,2026-04-30,,2025-08-01,2026-04-30,,Yes,Piedmont Paving Inc,2026-06-04
2026-06-05,0019519,PRE-CONSTRUCTION,22500000.0,,,,,,,,Yes,,2026-06-04
2026-06-05,0019520,PRE-CONSTRUCTION,18700000.0,,,,,,,,Yes,,2026-06-04
2026-06-05,0019521,PRE-CONSTRUCTION,18200000.0,,,,,,,,Yes,,2026-06-04
2026-06-05,0019522,PRE-CONSTRUCTION,17600000.0,,,,,,,,Yes,,2026-06-04
2026-06-05,0019523,PRE-CONSTRUCTION,15400000.0,,,,,,,,Yes,,2026-06-04
2026-06-05,0019524,PRE-CONSTRUCTION,12805625.0,,,,,,,,Yes,,2026-06-04
2026-06-05,0019525,PRE-CONSTRUCTION,12500000.0,,,,,,,,Yes,,2026-06-04
2026-06-05,0019526,PRE-CONSTRUCTION,15400000.0,,,,,,,,Yes,,2026-06-04
2026-06-05,0019527,PRE-CONSTRUCTION,11140000.0,,,,,,,,Yes,,2026-06-04
2026-06-05,0019528,PRE-CONSTRUCTION,10100000.0,,,,,,,,Yes,,2026-06-04
2026-06-05,0019529,PRE-CONSTRUCTION,7665246.35,,,,,,,,Yes,,2026-06-04
2026-06-05,0019530,PRE-CONSTRUCTION,6650000.0,,,,,,,,Yes,,2026-06-04
2026-06-05,0019531,PRE-CONSTRUCTION,12200000.0,,,,,,,,Yes,,2026-06-04
2026-06-05,0019532,PRE-CONSTRUCTION,9385039.35,,,,,,,,Yes,,2026-06-04
2026-06-05,0019533,PRE-CONSTRUCTION,8400000.0,,,,,,,,Yes,,2026-06-04
2026-06-05,0019534,PRE-CONSTRUCTION,5956435.0,,,,,,,,Yes,,2026-06-04
2026-06-05,0019535,PRE-CONSTRUCTION,11300000.0,,,,,,,,Yes,,2026-06-04
2026-06-05,0019536,PRE-CONSTRUCTION,4000000.0,,,,,,,,Yes,,2026-06-04
2026-06-05,0019537,PRE-CONSTRUCTION,690000.0,,,,,,,,Yes,,2026-06-04
2026-06-05,0019538,PRE-CONSTRUCTION,12000000.0,,,,,,,,Yes,,2026-06-04
2026-06-05,0019539,PRE-CONSTRUCTION,3600000.0,,,,,,,,Yes,,2026-06-04
2026-06-05,0019540,COMPLETED-CONSTRUCTION,1965000.0,,,,2025-05-06,,,,Yes,OXFORD CONSTRUCTION,2026-06-04
2026-06-05,0019541,COMPLETED-CONSTRUCTION,2815214.57,,,2025-02-28,2025-12-01,2024-04-05,2025-02-28,2025-02-28,Yes,ROBINSON PAVING COMPANY,2026-06-04
2026-06-05,0019542,UNDER-CONSTRUCTION,4000000.0,,,,,,,,Yes,ROBINSON PAVING,2026-06-04
2026-06-05,0019543,PRE-CONSTRUCTION,4200000.0,,,,,,,,Yes,,2026-06-04
2026-06-05,0019545,UNDER-CONSTRUCTION,19791590.47,,71.42,2026-11-04,,2023-09-01,,,No,C W Matthews Contracting,2026-06-04
2026-06-05,0019546,UNDER-CONSTRUCTION,69288978.45,,41.56,2027-08-31,,2024-03-01,,,No,VERTICAL EARTH INC,2026-06-04
2026-06-05,0019549,PRE-CONSTRUCTION,3472770.26,,,,,,,,No,,2026-06-04
2026-06-05,0019554,UNDER-CONSTRUCTION,2354166.26,,59.28,2026-10-31,,2025-04-04,,,No,GRIFFIN GRADING &CONCRETE,2026-06-04
2026-06-05,0019555,UNDER-CONSTRUCTION,2338998.16,,,2027-08-31,,2026-03-06,,,No,SOUTHEASTERN SITE DEV INC,2026-06-04
2026-06-05,0019558,UNDER-CONSTRUCTION,786631.79,,,2026-11-30,,2025-09-05,,,No,NGT GROUP LLC,2026-06-04
2026-06-05,0019559,UNDER-CONSTRUCTION,94908.95,,92.53,2026-07-31,,2025-08-01,,,No,THE TRUESDELL CORPORATION,2026-06-04
2026-06-05,0019578,PRE-CONSTRUCTION,1762484.87,,,,,,,,No,,2026-06-04
2026-06-05,0019580,PRE-CONSTRUCTION,6152000.0,,,,,,,,No,,2026-06-04
2026-06-05,0019581,PRE-CONSTRUCTION,4068000.0,,,,,,,,No,,2026-06-04
2026-06-05,0019582,PRE-CONSTRUCTION,4550000.0,,,,,,,,No,,2026-06-04
2026-06-05,0019583,PRE-CONSTRUCTION,5077720.0,,,,,,,,No,,2026-06-04
2026-06-05,0019590,PRE-CONSTRUCTION,3532425.29,,,,,,,,No,,2026-06-04
2026-06-05,0019591,PRE-CONSTRUCTION,6610000.0,,,,,,,,No,,2026-06-04
2026-06-05,0019592,PRE-CONSTRUCTION,3710000.0,,,,,,,,No,,2026-06-04
2026-06-05,0019601,PRE-CONSTRUCTION,117400.0,,,,,,,,No,,2026-06-04
2026-06-05,0019611,UNDER-CONSTRUCTION,2132459.56,,92.53,2026-07-31,,2025-08-01,,,No,THE TRUESDELL CORPORATION,2026-06-04
2026-06-05,0019612,PRE-CONSTRUCTION,4667741.6,,,,,,,,No,,2026-06-04
2026-06-05,0019613,PRE-CONSTRUCTION,1080000.0,,,,,,,,No,,2026-06-04
2026-06-05,0019616,PRE-CONSTRUCTION,17891152.45,,,,,,,,No,,2026-06-04
2026-06-05,0019617,PRE-CONSTRUCTION,10468911.58,,,,,,,,No,,2026-06-04
2026-06-05,0019618,PRE-CONSTRUCTION,5125000.0,,,,,,,,No,,2026-06-04
2026-06-05,0019620,PRE-CONSTRUCTION,5125000.0,,,,,,,,No,,2026-06-04
2026-06-05,0019621,PRE-CONSTRUCTION,1850000.0,,,,,,,,No,,2026-06-04
2026-06-05,0019622,PRE-CONSTRUCTION,2050000.0,,,,,,,,No,,2026-06-04
2026-06-05,0019623,PRE-CONSTRUCTION,3000000.0,,,,,,,,No,,2026-06-04
2026-06-05,0019624,COMPLETED-CONSTRUCTION,628513.09,,87.45,2024-07-31,,2023-08-04,2024-09-20,,No,ALLSTATE SEALCOATING,2026-06-04
2026-06-05,0019630,PRE-CONSTRUCTION,9750000.0,,,,,,,,No,,2026-06-04
2026-06-05,0019631,PRE-CONSTRUCTION,14025861.25,,,,,,,,No,,2026-06-04
2026-06-05,0019632,PRE-CONSTRUCTION,17834104.48,,,,,,,,No,,2026-06-04
2026-06-05,0019634,PRE-CONSTRUCTION,103250230.0,,,,,,,,No,,2026-06-04
2026-06-05,0019635,PRE-CONSTRUCTION,12550000.0,,,,,,,,No,,2026-06-04
2026-06-05,0019636,PRE-CONSTRUCTION,9981027.77,,,,,,,,No,,2026-06-04
2026-06-05,0019637,PRE-CONSTRUCTION,55839900.0,,,,,,,,No,,2026-06-04
2026-06-05,0019638,PRE-CONSTRUCTION,40783750.0,,,,,,,,No,,2026-06-04
2026-06-05,0019639,PRE-CONSTRUCTION,598944.21,,,,,,,,No,,2026-06-04
2026-06-05,0019640,PRE-CONSTRUCTION,13250000.0,,,,,,,,No,,2026-06-04
2026-06-05,0019641,PRE-CONSTRUCTION,5940042.13,,,,,,,,No,,2026-06-04
2026-06-05,0019642,PRE-CONSTRUCTION,5127305.98,,,,,,,,No,,2026-06-04
2026-06-05,0019643,PRE-CONSTRUCTION,2772727.0,,,,,,,,No,,2026-06-04
2026-06-05,0019645,PRE-CONSTRUCTION,5406540.98,,,,,,,,No,,2026-06-04
2026-06-05,0019646,PRE-CONSTRUCTION,4323274.34,,,,,,,,No,,2026-06-04
2026-06-05,0019650,PRE-CONSTRUCTION,5050727.0,,,,,,,,No,,2026-06-04
2026-06-05,0019653,PRE-CONSTRUCTION,5210277.45,,,,,,,,No,,2026-06-04
2026-06-05,0019654,PRE-CONSTRUCTION,8004661.22,,,,,,,,No,,2026-06-04
2026-06-05,0019657,PRE-CONSTRUCTION,0.0,,,,,,,,No,,2026-06-04
2026-06-05,0019659,PRE-CONSTRUCTION,0.0,,,,,,,,No,,2026-06-04
2026-06-05,0019660,PRE-CONSTRUCTION,0.0,,,,,,,,No,,2026-06-04
2026-06-05,0019661,PRE-CONSTRUCTION,2361188.2,,,,,,,,No,,2026-06-04
2026-06-05,0019662,PRE-CONSTRUCTION,5388713.0,,,,,,,,No,,2026-06-04
2026-06-05,0019664,UNDER-CONSTRUCTION,,,,,,,,,No,MCLENDON ENTERPRISES  INC,2026-06-04
2026-06-05,0019665,PRE-CONSTRUCTION,1488543.0,,,,,,,,No,,2026-06-04
2026-06-05,0019666,UNDER-CONSTRUCTION,822377.4299999999,,85.58,2026-03-31,,2025-05-30,,,No,APAC-ATLANTIC INC,2026-06-04
2026-06-05,0019667,UNDER-CONSTRUCTION,1471420.51,,37.18,2025-06-30,,2024-07-05,,,No,LUMIN8 TRANS TECHNOLOGIES,2026-06-04
2026-06-05,0019669,PRE-CONSTRUCTION,5347547.0,,,,,,,,No,,2026-06-04
2026-06-05,0019670,UNDER-CONSTRUCTION,1072727.0,,,,,,,,No,NORTHWEST GA PAVING INC,2026-06-04
2026-06-05,0019675,PRE-CONSTRUCTION,4174839.33,,,,,,,,No,,2026-06-04
2026-06-05,0019676,PRE-CONSTRUCTION,2523047.0,,,,,,,,No,,2026-06-04
2026-06-05,0019678,COMPLETED-CONSTRUCTION,707998.96,,81.32000000000001,2026-03-31,,2025-05-30,2026-03-31,,No,BACKBONE INFRASTRUCTRUE,2026-06-04
2026-06-05,0019683,PRE-CONSTRUCTION,1096802.0699999998,,,,,,,,No,,2026-06-04
2026-06-05,0019684,PRE-CONSTRUCTION,3738294.91,,,,,,,,No,,2026-06-04
2026-06-05,0019687,UNDER-CONSTRUCTION,4000000.0,,,,,,,,No,BENNING CONSTRUCTION LLC,2026-06-04
2026-06-05,0019691,UNDER-CONSTRUCTION,1871025.93,,82.72,2026-07-31,,2025-05-02,,,No,REEDWICK INC,2026-06-04
2026-06-05,0019693,PRE-CONSTRUCTION,9100000.0,,,,,,,,No,,2026-06-04
2026-06-05,0019696,UNDER-CONSTRUCTION,31350254.74,,17.17,2028-11-29,,2025-07-07,,,No,PITTMAN CONSTRUCTION CO,2026-06-04
2026-06-05,0019697,UNDER-CONSTRUCTION,50056551.51,,,,,,,,No,PITTMAN CONSTRUCTION CO,2026-06-04
2026-06-05,0019701,PRE-CONSTRUCTION,1016000.0,,,,,,,,No,,2026-06-04
2026-06-05,0019702,PRE-CONSTRUCTION,5032000.0,,,,,,,,No,,2026-06-04
2026-06-05,0019703,PRE-CONSTRUCTION,1606985.0,,,,,,,,No,,2026-06-04
2026-06-05,0019704,PRE-CONSTRUCTION,1358031.33,,,,,,,,No,,2026-06-04
2026-06-05,0019705,PRE-CONSTRUCTION,2933874.0,,,,,,,,No,,2026-06-04
2026-06-05,0019706,PRE-CONSTRUCTION,6848737.05,,,,,,,,No,,2026-06-04
2026-06-05,0019707,PRE-CONSTRUCTION,2614311.23,,,,,,,,No,,2026-06-04
2026-06-05,0019709,UNDER-CONSTRUCTION,1533102.51,,3.58,2027-03-31,,2026-01-02,,,No,SOUTHERN CONCRETE CST CO,2026-06-04
2026-06-05,0019710,UNDER-CONSTRUCTION,1625198.14,,4.98,2027-03-31,,2025-10-31,,,No,BACKBONE INFRASTRUCTURE,2026-06-04
2026-06-05,0019711,UNDER-CONSTRUCTION,1925333.21,,24.75,2027-03-31,,2026-01-02,,,No,SOUTHERN CONCRETE CST CO,2026-06-04
2026-06-05,0019714,PRE-CONSTRUCTION,44923000.0,,,,,,,,No,,2026-06-04
2026-06-05,0019715,COMPLETED-CONSTRUCTION,479013.76,,95.64,2024-10-31,,2023-11-03,2024-10-31,,No,MID STATE CST & STRIPING,2026-06-04
2026-06-05,0019716,UNDER-CONSTRUCTION,19537027.65,,,,,,,,No,MCCARTHY BUILDING COMPANY,2026-06-04
2026-06-05,0019758,PRE-CONSTRUCTION,3460000.0,,,,,,,,No,,2026-06-04
2026-06-05,0019759,PRE-CONSTRUCTION,3610000.0,,,,,,,,No,,2026-06-04
2026-06-05,0019763,PRE-CONSTRUCTION,3610000.0,,,,,,,,No,,2026-06-04
2026-06-05,0019775,PRE-CONSTRUCTION,4450000.0,,,,,,,,No,,2026-06-04
2026-06-05,0019776,PRE-CONSTRUCTION,16500000.0,,,,,,,,No,,2026-06-04
2026-06-05,0019777,PRE-CONSTRUCTION,16180000.0,,,,,,,,No,,2026-06-04
2026-06-05,0019778,PRE-CONSTRUCTION,19559455.0,,,,,,,,No,,2026-06-04
2026-06-05,0019779,UNDER-CONSTRUCTION,3968376.0,,73.85000000000001,2026-06-30,,2024-11-21,,,No,SUMMIT CONSTRUCTION & DEV,2026-06-04
2026-06-05,0019780,PRE-CONSTRUCTION,5100000.0,,,,,,,,No,,2026-06-04
2026-06-05,0019783,PRE-CONSTRUCTION,3754716.25,,,,,,,,No,,2026-06-04
2026-06-05,0019784,PRE-CONSTRUCTION,4735000.0,,,,,,,,No,,2026-06-04
2026-06-05,0019785,PRE-CONSTRUCTION,18507310.59,,,,,,,,No,,2026-06-04
2026-06-05,0019786,PRE-CONSTRUCTION,2700000.0,,,,,,,,No,,2026-06-04
2026-06-05,0019787,PRE-CONSTRUCTION,5550530.23,,,,,,,,No,,2026-06-04
2026-06-05,0019789,PRE-CONSTRUCTION,3776000.0,,,,,,,,No,,2026-06-04
2026-06-05,0019790,PRE-CONSTRUCTION,5383806.0,,,,,,,,No,,2026-06-04
2026-06-05,0019791,PRE-CONSTRUCTION,6234063.15,,,,,,,,No,,2026-06-04
2026-06-05,0019793,PRE-CONSTRUCTION,8430000.0,,,,,,,,No,,2026-06-04
2026-06-05,0019796,UNDER-CONSTRUCTION,3787286.0,,,2026-07-12,,2025-01-21,,,No,VERTICAL EARTH INC,2026-06-04
2026-06-05,0019797,PRE-CONSTRUCTION,2466880.0,,,,,,,,No,,2026-06-04
2026-06-05,0019799,PRE-CONSTRUCTION,28273662.36,,,,,,,,No,,2026-06-04
2026-06-05,0019833,PRE-CONSTRUCTION,24818821.0,,,,,,,,No,,2026-06-04
2026-06-05,0019834,UNDER-CONSTRUCTION,3554311.09,,21.42,2028-03-31,,2025-09-05,,,No,Baldwin Paving Company,2026-06-04
2026-06-05,0019835,UNDER-CONSTRUCTION,1567780.32,,82.44,2026-08-31,,2025-07-04,,,No,BACKBONE INFRASTUCTURE,2026-06-04
2026-06-05,0019836,PRE-CONSTRUCTION,3918866.11,,,,,,,,No,,2026-06-04
2026-06-05,0019838,PRE-CONSTRUCTION,4954162.3,,,,,,,,No,,2026-06-04
2026-06-05,0019839,PRE-CONSTRUCTION,2300000.0,,,,,,,,No,,2026-06-04
2026-06-05,0019840,PRE-CONSTRUCTION,593579.18,,,,,,,,No,,2026-06-04
2026-06-05,0019841,PRE-CONSTRUCTION,6366811.13,,,,,,,,No,,2026-06-04
2026-06-05,0019855,PRE-CONSTRUCTION,4761258.85,,,,,,,,No,,2026-06-04
2026-06-05,0019856,PRE-CONSTRUCTION,3610000.0,,,,,,,,No,,2026-06-04
2026-06-05,0019857,PRE-CONSTRUCTION,3610000.0,,,,,,,,No,,2026-06-04
2026-06-05,0019858,PRE-CONSTRUCTION,3850000.0,,,,,,,,No,,2026-06-04
2026-06-05,0019859,PRE-CONSTRUCTION,3770165.25,,,,,,,,No,,2026-06-04
2026-06-05,0019864,PRE-CONSTRUCTION,3610000.0,,,,,,,,No,,2026-06-04
2026-06-05,0019865,PRE-CONSTRUCTION,7261866.73,,,,,,,,No,,2026-06-04
2026-06-05,0019867,UNDER-CONSTRUCTION,2728722.05,,4.65,2027-03-31,,2025-10-31,,,No,GREGORY BRIDGE COMPANY,2026-06-04
2026-06-05,0019868,UNDER-CONSTRUCTION,2624857.66,,,2027-03-31,,2025-10-31,,,No,GRIFFIN GRADING &CONCRETE,2026-06-04
2026-06-05,0019869,UNDER-CONSTRUCTION,2649749.83,,82.87,2026-06-30,,2025-05-02,,,No,GREGORY BRIDGE COMPANY,2026-06-04
2026-06-05,0019870,UNDER-CONSTRUCTION,2590443.2,,7.78,2027-03-31,,2025-10-31,,,No,GREGORY BRIDGE COMPANY,2026-06-04
2026-06-05,0019871,UNDER-CONSTRUCTION,2836850.02,,97.83,2026-04-30,,2025-05-02,,,No,E R SNELL CONTRACTOR INC,2026-06-04
2026-06-05,0019876,PRE-CONSTRUCTION,3904554.0,,,,,,,,No,,2026-06-04
2026-06-05,0019878,PRE-CONSTRUCTION,4118531.34,,,,,,,,No,,2026-06-04
2026-06-05,0019881,PRE-CONSTRUCTION,3910000.0,,,,,,,,No,,2026-06-04
2026-06-05,0019883,PRE-CONSTRUCTION,9430000.0,,,,,,,,No,,2026-06-04
2026-06-05,0019884,PRE-CONSTRUCTION,3726109.37,,,,,,,,No,,2026-06-04
2026-06-05,0019885,PRE-CONSTRUCTION,8075000.0,,,,,,,,No,,2026-06-04
2026-06-05,0019886,PRE-CONSTRUCTION,7653278.0,,,,,,,,No,,2026-06-04
2026-06-05,0019887,PRE-CONSTRUCTION,16226000.0,,,,,,,,No,,2026-06-04
2026-06-05,0019888,PRE-CONSTRUCTION,9916625.0,,,,,,,,No,,2026-06-04
2026-06-05,0019889,PRE-CONSTRUCTION,23416751.65,,,,,,,,No,,2026-06-04
2026-06-05,0019890,PRE-CONSTRUCTION,11716000.0,,,,,,,,No,,2026-06-04
2026-06-05,0019893,PRE-CONSTRUCTION,48259981.8,,,,,,,,No,,2026-06-04
2026-06-05,0019894,PRE-CONSTRUCTION,24550858.62,,,,,,,,No,,2026-06-04
2026-06-05,0019896,PRE-CONSTRUCTION,3115000.0,,,,,,,,No,,2026-06-04
2026-06-05,0019897,PRE-CONSTRUCTION,9609131.0,,,,,,,,No,,2026-06-04
2026-06-05,0019928,COMPLETED-CONSTRUCTION,848714.66,,,2026-02-28,,2025-04-04,2026-01-13,,No,THE SCRUGGS COMPANY,2026-06-04
2026-06-05,0019929,COMPLETED-CONSTRUCTION,1186010.55,,,2026-02-28,,2025-04-04,2026-01-23,,No,PITTMAN CONSTUCTION CO,2026-06-04
2026-06-05,0019930,COMPLETED-CONSTRUCTION,830942.37,,,2025-05-31,,2024-10-04,2025-05-31,,No,Peek Pavement Marking LLC,2026-06-04
2026-06-05,0019931,PRE-CONSTRUCTION,11000000.0,,,,,,,,No,,2026-06-04
2026-06-05,0019932,PRE-CONSTRUCTION,5600000.0,,,,,,,,No,,2026-06-04
2026-06-05,0019933,PRE-CONSTRUCTION,19400000.0,,,,,,,,No,,2026-06-04
2026-06-05,0019934,PRE-CONSTRUCTION,23000000.0,,,,,,,,No,,2026-06-04
2026-06-05,0019935,PRE-CONSTRUCTION,37329747.94,,,,,,,,No,,2026-06-04
2026-06-05,0019936,PRE-CONSTRUCTION,22551079.27,,,,,,,,No,,2026-06-04
2026-06-05,0019937,PRE-CONSTRUCTION,4600000.0,,,,,,,,No,,2026-06-04
2026-06-05,0019938,PRE-CONSTRUCTION,12473286.78,,,,,,,,No,,2026-06-04
2026-06-05,0019939,PRE-CONSTRUCTION,14760565.53,,,,,,,,No,,2026-06-04
2026-06-05,0019941,PRE-CONSTRUCTION,3100000.0,,,,,,,,No,,2026-06-04
2026-06-05,0019942,PRE-CONSTRUCTION,3100000.0,,,,,,,,No,,2026-06-04
2026-06-05,0019944,PRE-CONSTRUCTION,5600000.0,,,,,,,,No,,2026-06-04
2026-06-05,0019945,PRE-CONSTRUCTION,13600000.0,,,,,,,,No,,2026-06-04
2026-06-05,0019946,COMPLETED-CONSTRUCTION,233683.32,,,2025-05-31,,2024-10-04,2025-05-31,,No,MID STATE CST & STRIPING,2026-06-04
2026-06-05,0019947,COMPLETED-CONSTRUCTION,168761.67,,,2025-05-31,2025-04-10,2024-10-04,2025-03-21,,No,Peek Pavement Marking LLC,2026-06-04
2026-06-05,0019948,COMPLETED-CONSTRUCTION,,,,2025-07-31,,2025-01-03,2025-06-25,,No,Peek Pavement Marking LLC,2026-06-04
2026-06-05,0019949,COMPLETED-CONSTRUCTION,,,,2025-11-30,,2025-04-04,2025-11-28,,No,TRP CST GROUP LLC,2026-06-04
2026-06-05,0019950,UNDER-CONSTRUCTION,440173.48,,,2026-07-31,,2025-07-04,,,No,Peek Pavement Marking LLC,2026-06-04
2026-06-05,0019951,COMPLETED-CONSTRUCTION,560717.45,,,2025-09-30,,2025-01-03,2025-09-04,,No,REEVES CONSTRUCTION CO,2026-06-04
2026-06-05,0019952,COMPLETED-CONSTRUCTION,488299.19,,97.49,2025-11-30,,2025-04-04,2025-11-30,,No,MID STATE CST & STRIPING,2026-06-04
2026-06-05,0019953,COMPLETED-CONSTRUCTION,,,,2025-11-30,,2025-01-03,2025-11-29,2025-09-25,No,MCLENDON ENTERPRISES INC,2026-06-04
2026-06-05,0019954,COMPLETED-CONSTRUCTION,,,93.29,2026-04-30,,2025-07-04,2026-04-30,,No,THE SCRUGGS COMPANY,2026-06-04
2026-06-05,0019955,UNDER-CONSTRUCTION,176733.96,,,2026-04-30,,2025-07-04,,,No,Peek Pavement Marking LLC,2026-06-04
2026-06-05,0019956,COMPLETED-CONSTRUCTION,60950.26,,62.73,2025-11-30,,2025-04-04,2025-10-28,2025-10-28,No,TIDWELL TRAFFIC SOLUTIONS,2026-06-04
2026-06-05,0019957,COMPLETED-CONSTRUCTION,428660.46,,79.46000000000001,2025-05-31,,2024-10-04,2025-05-31,,No,Peek Pavement Marking LLC,2026-06-04
2026-06-05,0019960,COMPLETED-CONSTRUCTION,,,100.0,2025-11-30,,2025-01-03,2025-06-13,2025-07-07,No,PITTMAN CONSTRUCTION CO,2026-06-04
2026-06-05,0019961,COMPLETED-CONSTRUCTION,,,88.14,2026-04-30,,2025-07-04,2026-04-30,,No,TRP CST GROUP LLC,2026-06-04
2026-06-05,0019962,COMPLETED-CONSTRUCTION,,,,2026-04-30,,2025-07-04,2026-04-30,,No,TRP CST GROUP LLC,2026-06-04
2026-06-05,0019964,UNDER-CONSTRUCTION,2151257.74,,17.98,2027-03-31,,2025-12-05,,,No,Southeastern Site Develop,2026-06-04
2026-06-05,0019965,PRE-CONSTRUCTION,6511635008.0,,,,,,,,No,,2026-06-04
2026-06-05,0019966,PRE-CONSTRUCTION,5447174938.24,,,,,,,,No,,2026-06-04
2026-06-05,0019967,PRE-CONSTRUCTION,6668218526.47,,,,,,,,No,,2026-06-04
2026-06-05,0019997,PRE-CONSTRUCTION,4243000.0,,,,,,,,No,,2026-06-04
2026-06-05,0020000,UNDER-CONSTRUCTION,895035.63,,8.26,2026-04-30,,2025-10-03,,,No,NGT GROUP LLC,2026-06-04
2026-06-05,0020001,PRE-CONSTRUCTION,,,,,,,,,No,,2026-06-04
2026-06-05,0020014,COMPLETED-CONSTRUCTION,,,95.69,2025-08-31,,2024-12-06,2025-08-28,,No,Peek Pavement Marking LLC,2026-06-04
2026-06-05,0020015,COMPLETED-CONSTRUCTION,,,91.75,2026-02-10,,2025-01-03,2026-02-18,,No,Peek Pavement Marking LLC,2026-06-04
2026-06-05,0020027,PRE-CONSTRUCTION,,,,,,,,,No,,2026-06-04
2026-06-05,0020028,PRE-CONSTRUCTION,340000.0,,,,,,,,No,,2026-06-04
2026-06-05,0020029,PRE-CONSTRUCTION,440000.0,,,,,,,,No,,2026-06-04
2026-06-05,0020036,PRE-CONSTRUCTION,40697793.42,,,,,,,,No,,2026-06-04
2026-06-05,0020038,PRE-CONSTRUCTION,128000000.0,,,,,,,,No,,2026-06-04
2026-06-05,0020039,PRE-CONSTRUCTION,52000000.0,,,,,,,,No,,2026-06-04
2026-06-05,0020040,PRE-CONSTRUCTION,,,,,,,,,No,,2026-06-04
2026-06-05,0020042,PRE-CONSTRUCTION,1300000.0,,,,,,,,No,,2026-06-04
2026-06-05,0020043,PRE-CONSTRUCTION,370000.0,,,,,,,,No,,2026-06-04
2026-06-05,0020046,PRE-CONSTRUCTION,17178080.0,,,,,,,,No,,2026-06-04
2026-06-05,0020047,COMPLETED-CONSTRUCTION,4461209.99,,75.07000000000001,2025-08-31,,2024-07-05,2025-08-25,,No,BACKBONE INFRASTRUCTURE,2026-06-04
2026-06-05,0020050,PRE-CONSTRUCTION,398200.0,,,,,,,,No,,2026-06-04
2026-06-05,0020051,PRE-CONSTRUCTION,38243587.78,,,,,,,,No,,2026-06-04
2026-06-05,0020052,PRE-CONSTRUCTION,130342762.53,,,,,,,,No,,2026-06-04
2026-06-05,0020053,COMPLETED-CONSTRUCTION,1742776.3,,,2025-05-01,,2025-04-02,2025-04-30,2025-09-01,No,BARTOW PAVING,2026-06-04
2026-06-05,0020056,PRE-CONSTRUCTION,490000.0,,,,,,,,No,,2026-06-04
2026-06-05,0020067,PRE-CONSTRUCTION,11646598.67,,,,,,,,No,,2026-06-04
2026-06-05,0020082,PRE-CONSTRUCTION,4089352.0,,,,,,,,No,,2026-06-04
2026-06-05,0020083,PRE-CONSTRUCTION,2150000.0,,,,,,,,No,,2026-06-04
2026-06-05,0020084,PRE-CONSTRUCTION,4508492.0,,,,,,,,No,,2026-06-04
2026-06-05,0020085,PRE-CONSTRUCTION,1999588.0,,,,,,,,No,,2026-06-04
2026-06-05,0020086,PRE-CONSTRUCTION,2701972.0,,,,,,,,No,,2026-06-04
2026-06-05,0020087,PRE-CONSTRUCTION,3576028.0,,,,,,,,No,,2026-06-04
2026-06-05,0020088,PRE-CONSTRUCTION,1526327.0,,,,,,,,No,,2026-06-04
2026-06-05,0020089,PRE-CONSTRUCTION,1410988.0,,,,,,,,No,,2026-06-04
2026-06-05,0020097,PRE-CONSTRUCTION,3400000.0,,,,,,,,No,,2026-06-04
2026-06-05,0020098,PRE-CONSTRUCTION,2650000.0,,,,,,,,No,,2026-06-04
2026-06-05,0020105,PRE-CONSTRUCTION,2052355.05,,,,,,,,No,,2026-06-04
2026-06-05,0020106,PRE-CONSTRUCTION,340000.0,,,,,,,,No,,2026-06-04
2026-06-05,0020107,UNDER-CONSTRUCTION,3246093.39,,13.07,2026-06-30,,2025-07-04,,,No,AMERICAN LIGHTING &SIGNAL,2026-06-04
2026-06-05,0020108,PRE-CONSTRUCTION,4713000.0,,,,,,,,No,,2026-06-04
2026-06-05,0020110,PRE-CONSTRUCTION,4850000.0,,,,,,,,No,,2026-06-04
2026-06-05,0020111,PRE-CONSTRUCTION,1847357.46,,,,,,,,No,,2026-06-04
2026-06-05,0020112,PRE-CONSTRUCTION,2833390.0,,,,,,,,No,,2026-06-04
2026-06-05,0020113,PRE-CONSTRUCTION,1081269.0,,,,,,,,No,,2026-06-04
2026-06-05,0020114,PRE-CONSTRUCTION,2688986.0,,,,,,,,No,,2026-06-04
2026-06-05,0020115,PRE-CONSTRUCTION,775000.0,,,,,,,,No,,2026-06-04
2026-06-05,0020117,PRE-CONSTRUCTION,4275000.0,,,,,,,,No,,2026-06-04
2026-06-05,0020118,PRE-CONSTRUCTION,3650000.0,,,,,,,,No,,2026-06-04
2026-06-05,0020125,PRE-CONSTRUCTION,3980000.0,,,,,,,,No,,2026-06-04
2026-06-05,0020126,PRE-CONSTRUCTION,3059000.0,,,,,,,,No,,2026-06-04
2026-06-05,0020127,PRE-CONSTRUCTION,2150000.0,,,,,,,,No,,2026-06-04
2026-06-05,0020128,PRE-CONSTRUCTION,2500000.0,,,,,,,,No,,2026-06-04
2026-06-05,0020129,PRE-CONSTRUCTION,2135000.0,,,,,,,,No,,2026-06-04
2026-06-05,0020130,PRE-CONSTRUCTION,2850000.0,,,,,,,,No,,2026-06-04
2026-06-05,0020131,PRE-CONSTRUCTION,2850000.0,,,,,,,,No,,2026-06-04
2026-06-05,0020132,PRE-CONSTRUCTION,1684741.6,,,,,,,,No,,2026-06-04
2026-06-05,0020133,PRE-CONSTRUCTION,4930000.0,,,,,,,,No,,2026-06-04
2026-06-05,0020135,PRE-CONSTRUCTION,2715000.0,,,,,,,,No,,2026-06-04
2026-06-05,0020136,PRE-CONSTRUCTION,7525000.0,,,,,,,,No,,2026-06-04
2026-06-05,0020137,PRE-CONSTRUCTION,6575000.0,,,,,,,,No,,2026-06-04
2026-06-05,0020138,PRE-CONSTRUCTION,5250000.0,,,,,,,,No,,2026-06-04
2026-06-05,0020139,PRE-CONSTRUCTION,4475000.0,,,,,,,,No,,2026-06-04
2026-06-05,0020140,PRE-CONSTRUCTION,4850000.0,,,,,,,,No,,2026-06-04
2026-06-05,0020141,PRE-CONSTRUCTION,4875000.0,,,,,,,,No,,2026-06-04
2026-06-05,0020142,PRE-CONSTRUCTION,4650000.0,,,,,,,,No,,2026-06-04
2026-06-05,0020143,PRE-CONSTRUCTION,7071961.15,,,,,,,,No,,2026-06-04
2026-06-05,0020144,PRE-CONSTRUCTION,5400000.0,,,,,,,,No,,2026-06-04
2026-06-05,0020145,PRE-CONSTRUCTION,7075000.0,,,,,,,,No,,2026-06-04
2026-06-05,0020146,PRE-CONSTRUCTION,5975000.0,,,,,,,,No,,2026-06-04
2026-06-05,0020147,PRE-CONSTRUCTION,5325000.0,,,,,,,,No,,2026-06-04
2026-06-05,0020148,PRE-CONSTRUCTION,6325000.0,,,,,,,,No,,2026-06-04
2026-06-05,0020149,PRE-CONSTRUCTION,5950000.0,,,,,,,,No,,2026-06-04
2026-06-05,0020150,PRE-CONSTRUCTION,4775000.0,,,,,,,,No,,2026-06-04
2026-06-05,0020151,PRE-CONSTRUCTION,5175000.0,,,,,,,,No,,2026-06-04
2026-06-05,0020152,PRE-CONSTRUCTION,5375000.0,,,,,,,,No,,2026-06-04
2026-06-05,0020153,PRE-CONSTRUCTION,20232000.0,,,,,,,,No,,2026-06-04
2026-06-05,0020154,PRE-CONSTRUCTION,7325000.0,,,,,,,,No,,2026-06-04
2026-06-05,0020155,PRE-CONSTRUCTION,13050000.0,,,,,,,,No,,2026-06-04
2026-06-05,0020156,PRE-CONSTRUCTION,7275000.0,,,,,,,,No,,2026-06-04
2026-06-05,0020157,PRE-CONSTRUCTION,8400000.0,,,,,,,,No,,2026-06-04
2026-06-05,0020158,PRE-CONSTRUCTION,20300000.0,,,,,,,,No,,2026-06-04
2026-06-05,0020159,PRE-CONSTRUCTION,30800000.0,,,,,,,,No,,2026-06-04
2026-06-05,0020160,PRE-CONSTRUCTION,54100000.0,,,,,,,,No,,2026-06-04
2026-06-05,0020161,PRE-CONSTRUCTION,17000000.0,,,,,,,,No,,2026-06-04
2026-06-05,0020162,PRE-CONSTRUCTION,12700000.0,,,,,,,,No,,2026-06-04
2026-06-05,0020163,PRE-CONSTRUCTION,8500000.0,,,,,,,,No,,2026-06-04
2026-06-05,0020164,PRE-CONSTRUCTION,20136271.92,,,,,,,,No,,2026-06-04
2026-06-05,0020165,PRE-CONSTRUCTION,3744985.84,,,,,,,,No,,2026-06-04
2026-06-05,0020166,UNDER-CONSTRUCTION,2043424.38,,,2027-03-31,,2026-03-06,,,No,GREGORY BRIDGE COMPANY,2026-06-04
2026-06-05,0020167,PRE-CONSTRUCTION,400000.0,,,,,,,,No,,2026-06-04
2026-06-05,0020169,PRE-CONSTRUCTION,5250000.0,,,,,,,,No,,2026-06-04
2026-06-05,0020172,PRE-CONSTRUCTION,113628000.0,,,,,,,,No,,2026-06-04
2026-06-05,0020173,PRE-CONSTRUCTION,64762710.0,,,,,,,,No,,2026-06-04
2026-06-05,0020192,PRE-CONSTRUCTION,4950000.0,,,,,,,,No,,2026-06-04
2026-06-05,0020193,PRE-CONSTRUCTION,6950000.0,,,,,,,,No,,2026-06-04
2026-06-05,0020194,PRE-CONSTRUCTION,0.0,,,,,,,,No,,2026-06-04
2026-06-05,0020195,PRE-CONSTRUCTION,0.0,,,,,,,,No,,2026-06-04
2026-06-05,0020196,PRE-CONSTRUCTION,0.0,,,,,,,,No,,2026-06-04
2026-06-05,0020197,PRE-CONSTRUCTION,1116761.19,,,,,,,,No,,2026-06-04
2026-06-05,0020198,UNDER-CONSTRUCTION,1455902.42,,47.2,2026-05-31,,2025-08-01,,,No,REYNOLDS FENCE &GUARDRAIL,2026-06-04
2026-06-05,0020199,PRE-CONSTRUCTION,1613699.0,,,,,,,,No,,2026-06-04
2026-06-05,0020200,PRE-CONSTRUCTION,1770000.0,,,,,,,,No,,2026-06-04
2026-06-05,0020201,PRE-CONSTRUCTION,7100000.0,,,,,,,,No,,2026-06-04
2026-06-05,0020202,PRE-CONSTRUCTION,4503250.0,,,,,,,,No,,2026-06-04
2026-06-05,0020203,PRE-CONSTRUCTION,5823737.0,,,,,,,,No,,2026-06-04
2026-06-05,0020204,PRE-CONSTRUCTION,1790000.0,,,,,,,,No,,2026-06-04
2026-06-05,0020205,PRE-CONSTRUCTION,3470000.0,,,,,,,,No,,2026-06-04
2026-06-05,0020206,PRE-CONSTRUCTION,1983895.0,,,,,,,,No,,2026-06-04
2026-06-05,0020207,PRE-CONSTRUCTION,2116622.0,,,,,,,,No,,2026-06-04
2026-06-05,0020208,PRE-CONSTRUCTION,3337327.0,,,,,,,,No,,2026-06-04
2026-06-05,0020209,PRE-CONSTRUCTION,3549607.0,,,,,,,,No,,2026-06-04
2026-06-05,0020210,PRE-CONSTRUCTION,3400000.0,,,,,,,,No,,2026-06-04
2026-06-05,0020211,PRE-CONSTRUCTION,2850000.0,,,,,,,,No,,2026-06-04
2026-06-05,0020212,PRE-CONSTRUCTION,4475000.0,,,,,,,,No,,2026-06-04
2026-06-05,0020213,PRE-CONSTRUCTION,22650000.0,,,,,,,,No,,2026-06-04
2026-06-05,0020259,PRE-CONSTRUCTION,1870000.0,,,,,,,,No,,2026-06-04
2026-06-05,0020260,PRE-CONSTRUCTION,2000000.0,,,,,,,,No,,2026-06-04
2026-06-05,0020261,PRE-CONSTRUCTION,2000000.0,,,,,,,,No,,2026-06-04
2026-06-05,0020263,UNDER-CONSTRUCTION,1666674.0,,,2027-01-09,,2026-05-21,,,No,CITY OF AUGUSTA,2026-06-04
2026-06-05,0020264,UNDER-CONSTRUCTION,982255.0,,,2027-01-11,,2026-05-21,,,No,CITY OF AUGUSTA,2026-06-04
2026-06-05,0020265,PRE-CONSTRUCTION,556197.5,,,,,,,,No,,2026-06-04
2026-06-05,0020268,PRE-CONSTRUCTION,6563341.23,,,,,,,,No,,2026-06-04
2026-06-05,0020269,PRE-CONSTRUCTION,4362969.0,,,,,,,,No,,2026-06-04
2026-06-05,0020272,PRE-CONSTRUCTION,3150069.0,,,,,,,,No,,2026-06-04
2026-06-05,0020273,PRE-CONSTRUCTION,5774000.0,,,,,,,,No,,2026-06-04
2026-06-05,0020274,PRE-CONSTRUCTION,350000.0,,,,,,,,No,,2026-06-04
2026-06-05,0020275,PRE-CONSTRUCTION,1642487.09,,,,,,,,No,,2026-06-04
2026-06-05,0020278,PRE-CONSTRUCTION,3000000.0,,,,,,,,No,,2026-06-04
2026-06-05,0020279,PRE-CONSTRUCTION,1920000.0,,,,,,,,No,,2026-06-04
2026-06-05,0020280,PRE-CONSTRUCTION,1800000.0,,,,,,,,No,,2026-06-04
2026-06-05,0020281,PRE-CONSTRUCTION,2020000.0,,,,,,,,No,,2026-06-04
2026-06-05,0020284,PRE-CONSTRUCTION,163500000.0,,,,,,,,No,,2026-06-04
2026-06-05,0020286,PRE-CONSTRUCTION,17379900.0,,,,,,,,No,,2026-06-04
2026-06-05,0020292,PRE-CONSTRUCTION,2000000.0,,,,,,,,No,,2026-06-04
2026-06-05,0020293,UNDER-CONSTRUCTION,1051401.75,,65.74,2026-04-30,,2025-06-27,,,No,BACKBONE INFRASTRUCTURE,2026-06-04
2026-06-05,0020294,PRE-CONSTRUCTION,5919579.8100000005,,,,,,,,No,,2026-06-04
2026-06-05,0020295,PRE-CONSTRUCTION,2223462.44,,,,,,,,No,,2026-06-04
2026-06-05,0020296,PRE-CONSTRUCTION,870000.0,,,,,,,,No,,2026-06-04
2026-06-05,0020297,PRE-CONSTRUCTION,1670000.0,,,,,,,,No,,2026-06-04
2026-06-05,0020300,PRE-CONSTRUCTION,1500000.0,,,,,,,,Yes,,2026-06-04
2026-06-05,0020322,PRE-CONSTRUCTION,2200000.0,,,,,,,,No,,2026-06-04
2026-06-05,0020323,PRE-CONSTRUCTION,2400000.0,,,,,,,,No,,2026-06-04
2026-06-05,0020324,PRE-CONSTRUCTION,3850000.0,,,,,,,,No,,2026-06-04
2026-06-05,0020360,PRE-CONSTRUCTION,2871226.0,,,,,,,,No,,2026-06-04
2026-06-05,0020361,PRE-CONSTRUCTION,2698232.0,,,,,,,,No,,2026-06-04
2026-06-05,0020369,PRE-CONSTRUCTION,7707000.0,,,,,,,,No,,2026-06-04
2026-06-05,0020374,PRE-CONSTRUCTION,3700000.0,,,,,,,,No,,2026-06-04
2026-06-05,0020375,PRE-CONSTRUCTION,2394210.0,,,,,,,,No,,2026-06-04
2026-06-05,0020379,PRE-CONSTRUCTION,1300000.0,,,,,,,,No,,2026-06-04
2026-06-05,0020382,UNDER-CONSTRUCTION,3014448.5300000003,,16.830000000000002,2026-10-31,,2025-09-05,,,No,BLOUNT CONSTRUCTION CO,2026-06-04
2026-06-05,0020383,UNDER-CONSTRUCTION,533082.86,,,2026-08-31,,2025-09-05,,,No,LU INC,2026-06-04
2026-06-05,0020385,PRE-CONSTRUCTION,2270000.0,,,,,,,,No,,2026-06-04
2026-06-05,0020386,PRE-CONSTRUCTION,2140000.0,,,,,,,,No,,2026-06-04
2026-06-05,0020394,PRE-CONSTRUCTION,2400000.0,,,,,,,,No,,2026-06-04
2026-06-05,0020395,PRE-CONSTRUCTION,2270000.0,,,,,,,,No,,2026-06-04
2026-06-05,0020396,PRE-CONSTRUCTION,2300000.0,,,,,,,,No,,2026-06-04
2026-06-05,0020397,PRE-CONSTRUCTION,2990000.0,,,,,,,,No,,2026-06-04
2026-06-05,0020398,PRE-CONSTRUCTION,15200000.0,,,,,,,,No,,2026-06-04
2026-06-05,0020400,PRE-CONSTRUCTION,2667000.0,,,,,,,,Yes,,2026-06-04
2026-06-05,0020401,PRE-CONSTRUCTION,,,,,,,,,Yes,,2026-06-04
2026-06-05,0020402,PRE-CONSTRUCTION,,,,,,,,,Yes,,2026-06-04
2026-06-05,0020403,PRE-CONSTRUCTION,,,,,,,,,Yes,,2026-06-04
2026-06-05,0020404,PRE-CONSTRUCTION,,,,,,,,,Yes,,2026-06-04
2026-06-05,0020405,PRE-CONSTRUCTION,,,,,,,,,Yes,,2026-06-04
2026-06-05,0020406,PRE-CONSTRUCTION,,,,,,,,,Yes,,2026-06-04
2026-06-05,0020407,PRE-CONSTRUCTION,,,,,,,,,Yes,,2026-06-04
2026-06-05,0020408,PRE-CONSTRUCTION,,,,,,,,,Yes,,2026-06-04
2026-06-05,0020409,PRE-CONSTRUCTION,,,,,,,,,Yes,,2026-06-04
2026-06-05,0020410,PRE-CONSTRUCTION,,,,,,,,,Yes,,2026-06-04
2026-06-05,0020411,PRE-CONSTRUCTION,,,,,,,,,Yes,,2026-06-04
2026-06-05,0020412,PRE-CONSTRUCTION,,,,,,,,,Yes,,2026-06-04
2026-06-05,0020413,PRE-CONSTRUCTION,1596000.0,,,,,,,,Yes,,2026-06-04
2026-06-05,0020414,PRE-CONSTRUCTION,1647000.0,,,,,,,,Yes,,2026-06-04
2026-06-05,0020415,PRE-CONSTRUCTION,3000000.0,,,,,,,,Yes,,2026-06-04
2026-06-05,0020416,PRE-CONSTRUCTION,2487000.0,,,,,,,,Yes,,2026-06-04
2026-06-05,0020417,PRE-CONSTRUCTION,7172000.0,,,,,,,,Yes,,2026-06-04
2026-06-05,0020418,PRE-CONSTRUCTION,10100000.0,,,,,,,,Yes,,2026-06-04
2026-06-05,0020419,PRE-CONSTRUCTION,1048000.0,,,,,,,,Yes,,2026-06-04
2026-06-05,0020420,PRE-CONSTRUCTION,0.0,,,,,,,,Yes,,2026-06-04
2026-06-05,0020421,PRE-CONSTRUCTION,0.0,,,,,,,,Yes,,2026-06-04
2026-06-05,0020422,PRE-CONSTRUCTION,1710000.0,,,,,,,,Yes,,2026-06-04
2026-06-05,0020423,PRE-CONSTRUCTION,4140000.0,,,,,,,,Yes,,2026-06-04
2026-06-05,0020424,PRE-CONSTRUCTION,1250000.0,,,,,,,,Yes,,2026-06-04
2026-06-05,0020425,PRE-CONSTRUCTION,460000.0,,,,,,,,Yes,,2026-06-04
2026-06-05,0020426,PRE-CONSTRUCTION,1108000.0,,,,,,,,Yes,,2026-06-04
2026-06-05,0020427,PRE-CONSTRUCTION,1228000.0,,,,,,,,Yes,,2026-06-04
2026-06-05,0020428,PRE-CONSTRUCTION,1177000.0,,,,,,,,Yes,,2026-06-04
2026-06-05,0020429,COMPLETED-CONSTRUCTION,700000.0,,,,2025-12-17,,,,Yes,GRIFFIN GRADING &CONCRETE,2026-06-04
2026-06-05,0020430,PRE-CONSTRUCTION,2149000.0,,,,,,,,Yes,,2026-06-04
2026-06-05,0020431,PRE-CONSTRUCTION,424000.0,,,,,,,,Yes,,2026-06-04
2026-06-05,0020432,PRE-CONSTRUCTION,713000.0,,,,,,,,Yes,,2026-06-04
2026-06-05,0020433,PRE-CONSTRUCTION,6506000.0,,,,,,,,Yes,,2026-06-04
2026-06-05,0020434,PRE-CONSTRUCTION,4564000.0,,,,,,,,Yes,,2026-06-04
2026-06-05,0020435,PRE-CONSTRUCTION,2000000.0,,,,,,,,Yes,,2026-06-04
2026-06-05,0020436,PRE-CONSTRUCTION,4665000.0,,,,,,,,Yes,,2026-06-04
2026-06-05,0020437,PRE-CONSTRUCTION,457000.0,,,,,,,,Yes,,2026-06-04
2026-06-05,0020438,PRE-CONSTRUCTION,715000.0,,,,,,,,Yes,,2026-06-04
2026-06-05,0020439,PRE-CONSTRUCTION,49000.0,,,,,,,,Yes,,2026-06-04
2026-06-05,0020440,PRE-CONSTRUCTION,472000.0,,,,,,,,Yes,,2026-06-04
2026-06-05,0020441,PRE-CONSTRUCTION,2460000.0,,,,,,,,Yes,,2026-06-04
2026-06-05,0020442,PRE-CONSTRUCTION,86000.0,,,,,,,,Yes,,2026-06-04
2026-06-05,0020443,PRE-CONSTRUCTION,1650000.0,,,,,,,,Yes,,2026-06-04
2026-06-05,0020444,PRE-CONSTRUCTION,1500000.0,,,,,,,,Yes,,2026-06-04
2026-06-05,0020445,PRE-CONSTRUCTION,550000.0,,,,,,,,Yes,,2026-06-04
2026-06-05,0020446,PRE-CONSTRUCTION,3810000.0,,,,,,,,Yes,,2026-06-04
2026-06-05,0020447,PRE-CONSTRUCTION,1000000.0,,,,,,,,Yes,,2026-06-04
2026-06-05,0020448,PRE-CONSTRUCTION,603000.0,,,,,,,,Yes,,2026-06-04
2026-06-05,0020449,PRE-CONSTRUCTION,250000.0,,,,,,,,Yes,,2026-06-04
2026-06-05,0020450,PRE-CONSTRUCTION,346000.0,,,,,,,,Yes,,2026-06-04
2026-06-05,0020451,PRE-CONSTRUCTION,1817000.0,,,,,,,,Yes,,2026-06-04
2026-06-05,0020452,PRE-CONSTRUCTION,821000.0,,,,,,,,Yes,,2026-06-04
2026-06-05,0020453,PRE-CONSTRUCTION,752000.0,,,,,,,,Yes,,2026-06-04
2026-06-05,0020454,PRE-CONSTRUCTION,4500000.0,,,,,,,,Yes,,2026-06-04
2026-06-05,0020455,PRE-CONSTRUCTION,3500000.0,,,,,,,,Yes,,2026-06-04
2026-06-05,0020456,PRE-CONSTRUCTION,1218000.0,,,,,,,,Yes,,2026-06-04
2026-06-05,0020457,PRE-CONSTRUCTION,1277000.0,,,,,,,,Yes,,2026-06-04
2026-06-05,0020458,PRE-CONSTRUCTION,457000.0,,,,,,,,Yes,,2026-06-04
2026-06-05,0020459,PRE-CONSTRUCTION,135000.0,,,,,,,,Yes,,2026-06-04
2026-06-05,0020460,PRE-CONSTRUCTION,135000.0,,,,,,,,Yes,,2026-06-04
2026-06-05,0020461,PRE-CONSTRUCTION,934000.0,,,,,,,,Yes,,2026-06-04
2026-06-05,0020462,PRE-CONSTRUCTION,2158000.0,,,,,,,,Yes,,2026-06-04
2026-06-05,0020463,PRE-CONSTRUCTION,327000.0,,,,,,,,Yes,,2026-06-04
2026-06-05,0020464,PRE-CONSTRUCTION,382000.0,,,,,,,,Yes,,2026-06-04
2026-06-05,0020465,PRE-CONSTRUCTION,307000.0,,,,,,,,Yes,,2026-06-04
2026-06-05,0020466,PRE-CONSTRUCTION,50000.0,,,,,,,,Yes,,2026-06-04
2026-06-05,0020467,PRE-CONSTRUCTION,39000.0,,,,,,,,Yes,,2026-06-04
2026-06-05,0020468,PRE-CONSTRUCTION,481000.0,,,,,,,,Yes,,2026-06-04
2026-06-05,0020469,PRE-CONSTRUCTION,2601000.0,,,,,,,,Yes,,2026-06-04
2026-06-05,0020470,PRE-CONSTRUCTION,2533000.0,,,,,,,,Yes,,2026-06-04
2026-06-05,0020471,PRE-CONSTRUCTION,3002000.0,,,,,,,,Yes,,2026-06-04
2026-06-05,0020472,PRE-CONSTRUCTION,3008000.0,,,,,,,,Yes,,2026-06-04
2026-06-05,0020473,PRE-CONSTRUCTION,4890000.0,,,,,,,,Yes,,2026-06-04
2026-06-05,0020474,PRE-CONSTRUCTION,3636000.0,,,,,,,,Yes,,2026-06-04
2026-06-05,0020475,PRE-CONSTRUCTION,4378000.0,,,,,,,,Yes,,2026-06-04
2026-06-05,0020476,PRE-CONSTRUCTION,2019000.0,,,,,,,,Yes,,2026-06-04
2026-06-05,0020477,PRE-CONSTRUCTION,211000.0,,,,,,,,Yes,,2026-06-04
2026-06-05,0020478,PRE-CONSTRUCTION,89000.0,,,,,,,,Yes,,2026-06-04
2026-06-05,0020479,PRE-CONSTRUCTION,100000.0,,,,,,,,Yes,,2026-06-04
2026-06-05,0020480,PRE-CONSTRUCTION,404000.0,,,,,,,,Yes,,2026-06-04
2026-06-05,0020481,PRE-CONSTRUCTION,480000.0,,,,,,,,Yes,,2026-06-04
2026-06-05,0020482,PRE-CONSTRUCTION,3000000.0,,,,,,,,Yes,,2026-06-04
2026-06-05,0020483,PRE-CONSTRUCTION,1113000.0,,,,,,,,Yes,,2026-06-04
2026-06-05,0020484,PRE-CONSTRUCTION,606000.0,,,,,,,,Yes,,2026-06-04
2026-06-05,0020485,PRE-CONSTRUCTION,1612000.0,,,,,,,,Yes,,2026-06-04
2026-06-05,0020486,PRE-CONSTRUCTION,2885000.0,,,,,,,,Yes,,2026-06-04
2026-06-05,0020487,PRE-CONSTRUCTION,1127000.0,,,,,,,,Yes,,2026-06-04
2026-06-05,0020488,PRE-CONSTRUCTION,609000.0,,,,,,,,Yes,,2026-06-04
2026-06-05,0020489,PRE-CONSTRUCTION,2079000.0,,,,,,,,Yes,,2026-06-04
2026-06-05,0020490,PRE-CONSTRUCTION,321000.0,,,,,,,,Yes,,2026-06-04
2026-06-05,0020491,PRE-CONSTRUCTION,1914000.0,,,,,,,,Yes,,2026-06-04
2026-06-05,0020492,PRE-CONSTRUCTION,637000.0,,,,,,,,Yes,,2026-06-04
2026-06-05,0020493,PRE-CONSTRUCTION,324000.0,,,,,,,,Yes,,2026-06-04
2026-06-05,0020494,PRE-CONSTRUCTION,426000.0,,,,,,,,Yes,,2026-06-04
2026-06-05,0020495,PRE-CONSTRUCTION,2940000.0,,,,,,,,Yes,,2026-06-04
2026-06-05,0020496,PRE-CONSTRUCTION,720000.0,,,,,,,,Yes,,2026-06-04
2026-06-05,0020497,PRE-CONSTRUCTION,1145000.0,,,,,,,,Yes,,2026-06-04
2026-06-05,0020498,PRE-CONSTRUCTION,1822000.0,,,,,,,,Yes,,2026-06-04
2026-06-05,0020499,PRE-CONSTRUCTION,1687000.0,,,,,,,,Yes,,2026-06-04
2026-06-05,0020500,PRE-CONSTRUCTION,1160000.0,,,,,,,,Yes,,2026-06-04
2026-06-05,0020501,PRE-CONSTRUCTION,1877000.0,,,,,,,,Yes,,2026-06-04
2026-06-05,0020502,PRE-CONSTRUCTION,1146000.0,,,,,,,,Yes,,2026-06-04
2026-06-05,0020503,PRE-CONSTRUCTION,3404000.0,,,,,,,,Yes,,2026-06-04
2026-06-05,0020504,PRE-CONSTRUCTION,3653000.0,,,,,,,,Yes,,2026-06-04
2026-06-05,0020505,PRE-CONSTRUCTION,1500000.0,,,,,,,,Yes,,2026-06-04
2026-06-05,0020506,PRE-CONSTRUCTION,246000.0,,,,,,,,Yes,,2026-06-04
2026-06-05,0020507,PRE-CONSTRUCTION,600000.0,,,,,,,,Yes,,2026-06-04
2026-06-05,0020508,PRE-CONSTRUCTION,841000.0,,,,,,,,Yes,,2026-06-04
2026-06-05,0020509,PRE-CONSTRUCTION,370000.0,,,,,,,,Yes,,2026-06-04
2026-06-05,0020510,PRE-CONSTRUCTION,1527000.0,,,,,,,,Yes,,2026-06-04
2026-06-05,0020511,PRE-CONSTRUCTION,1215000.0,,,,,,,,Yes,,2026-06-04
2026-06-05,0020512,PRE-CONSTRUCTION,4000000.0,,,,,,,,Yes,,2026-06-04
2026-06-05,0020513,PRE-CONSTRUCTION,2734000.0,,,,,,,,Yes,,2026-06-04
2026-06-05,0020514,PRE-CONSTRUCTION,2449000.0,,,,,,,,Yes,,2026-06-04
2026-06-05,0020515,PRE-CONSTRUCTION,1830000.0,,,,,,,,Yes,,2026-06-04
2026-06-05,0020516,PRE-CONSTRUCTION,1607000.0,,,,,,,,Yes,,2026-06-04
2026-06-05,0020517,PRE-CONSTRUCTION,786000.0,,,,,,,,Yes,,2026-06-04
2026-06-05,0020518,PRE-CONSTRUCTION,806000.0,,,,,,,,Yes,,2026-06-04
2026-06-05,0020519,PRE-CONSTRUCTION,2721000.0,,,,,,,,Yes,,2026-06-04
2026-06-05,0020520,PRE-CONSTRUCTION,925000.0,,,,,,,,Yes,,2026-06-04
2026-06-05,0020521,PRE-CONSTRUCTION,764000.0,,,,,,,,Yes,,2026-06-04
2026-06-05,0020522,PRE-CONSTRUCTION,1999000.0,,,,,,,,Yes,,2026-06-04
2026-06-05,0020523,PRE-CONSTRUCTION,1280000.0,,,,,,,,Yes,,2026-06-04
2026-06-05,0020524,PRE-CONSTRUCTION,1119000.0,,,,,,,,Yes,,2026-06-04
2026-06-05,0020525,PRE-CONSTRUCTION,4500000.0,,,,,,,,Yes,,2026-06-04
2026-06-05,0020526,PRE-CONSTRUCTION,2500000.0,,,,,,,,Yes,,2026-06-04
2026-06-05,0020527,PRE-CONSTRUCTION,3000000.0,,,,,,,,Yes,,2026-06-04
2026-06-05,0020528,PRE-CONSTRUCTION,3250000.0,,,,,,,,Yes,,2026-06-04
2026-06-05,0020529,PRE-CONSTRUCTION,41477000.0,,,,,,,,Yes,,2026-06-04
2026-06-05,0020530,PRE-CONSTRUCTION,7000000.0,,,,,,,,Yes,,2026-06-04
2026-06-05,0020531,PRE-CONSTRUCTION,13252000.0,,,,,,,,Yes,,2026-06-04
2026-06-05,0020532,PRE-CONSTRUCTION,13134000.0,,,,,,,,Yes,,2026-06-04
2026-06-05,0020533,PRE-CONSTRUCTION,10266000.0,,,,,,,,Yes,,2026-06-04
2026-06-05,0020534,PRE-CONSTRUCTION,9670000.0,,,,,,,,Yes,,2026-06-04
2026-06-05,0020535,PRE-CONSTRUCTION,2785000.0,,,,,,,,Yes,,2026-06-04
2026-06-05,0020536,PRE-CONSTRUCTION,,,,,,,,,Yes,,2026-06-04
2026-06-05,0020537,PRE-CONSTRUCTION,,,,,,,,,Yes,,2026-06-04
2026-06-05,0020538,PRE-CONSTRUCTION,,,,,,,,,Yes,,2026-06-04
2026-06-05,0020539,PRE-CONSTRUCTION,,,,,,,,,Yes,,2026-06-04
2026-06-05,0020540,PRE-CONSTRUCTION,23500000.0,,,,,,,,Yes,,2026-06-04
2026-06-05,0020541,PRE-CONSTRUCTION,7000000.0,,,,,,,,Yes,,2026-06-04
2026-06-05,0020542,PRE-CONSTRUCTION,12248000.0,,,,,,,,Yes,,2026-06-04
2026-06-05,0020543,PRE-CONSTRUCTION,4500000.0,,,,,,,,Yes,,2026-06-04
2026-06-05,0020544,PRE-CONSTRUCTION,13000000.0,,,,,,,,Yes,,2026-06-04
2026-06-05,0020545,PRE-CONSTRUCTION,9800000.0,,,,,,,,Yes,,2026-06-04
2026-06-05,0020546,PRE-CONSTRUCTION,2000000.0,,,,,,,,Yes,,2026-06-04
2026-06-05,0020547,PRE-CONSTRUCTION,2643000.0,,,,,,,,Yes,,2026-06-04
2026-06-05,0020548,PRE-CONSTRUCTION,806000.0,,,,,,,,Yes,,2026-06-04
2026-06-05,0020549,PRE-CONSTRUCTION,1823000.0,,,,,,,,Yes,,2026-06-04
2026-06-05,0020550,PRE-CONSTRUCTION,1135000.0,,,,,,,,Yes,,2026-06-04
2026-06-05,0020551,PRE-CONSTRUCTION,2121000.0,,,,,,,,Yes,,2026-06-04
2026-06-05,0020552,PRE-CONSTRUCTION,840000.0,,,,,,,,Yes,,2026-06-04
2026-06-05,0020553,PRE-CONSTRUCTION,403000.0,,,,,,,,Yes,,2026-06-04
2026-06-05,0020554,PRE-CONSTRUCTION,1565000.0,,,,,,,,Yes,,2026-06-04
2026-06-05,0020555,PRE-CONSTRUCTION,1514000.0,,,,,,,,Yes,,2026-06-04
2026-06-05,0020556,PRE-CONSTRUCTION,2191000.0,,,,,,,,Yes,,2026-06-04
2026-06-05,0020557,PRE-CONSTRUCTION,540000.0,,,,,,,,Yes,,2026-06-04
2026-06-05,0020558,PRE-CONSTRUCTION,1474000.0,,,,,,,,Yes,,2026-06-04
2026-06-05,0020559,PRE-CONSTRUCTION,581000.0,,,,,,,,Yes,,2026-06-04
2026-06-05,0020560,PRE-CONSTRUCTION,323000.0,,,,,,,,Yes,,2026-06-04
2026-06-05,0020561,PRE-CONSTRUCTION,173000.0,,,,,,,,Yes,,2026-06-04
2026-06-05,0020562,PRE-CONSTRUCTION,375000.0,,,,,,,,Yes,,2026-06-04
2026-06-05,0020563,PRE-CONSTRUCTION,375000.0,,,,,,,,Yes,,2026-06-04
2026-06-05,0020564,PRE-CONSTRUCTION,676000.0,,,,,,,,Yes,,2026-06-04
2026-06-05,0020565,PRE-CONSTRUCTION,1330000.0,,,,,,,,Yes,,2026-06-04
2026-06-05,0020566,PRE-CONSTRUCTION,266000.0,,,,,,,,Yes,,2026-06-04
2026-06-05,0020567,PRE-CONSTRUCTION,562000.0,,,,,,,,Yes,,2026-06-04
2026-06-05,0020568,PRE-CONSTRUCTION,408000.0,,,,,,,,Yes,,2026-06-04
2026-06-05,0020569,PRE-CONSTRUCTION,138000.0,,,,,,,,Yes,,2026-06-04
2026-06-05,0020570,PRE-CONSTRUCTION,3369000.0,,,,,,,,Yes,,2026-06-04
2026-06-05,0020571,PRE-CONSTRUCTION,2949000.0,,,,,,,,Yes,,2026-06-04
2026-06-05,0020572,PRE-CONSTRUCTION,2555000.0,,,,,,,,Yes,,2026-06-04
2026-06-05,0020573,PRE-CONSTRUCTION,2621000.0,,,,,,,,Yes,,2026-06-04
2026-06-05,0020574,PRE-CONSTRUCTION,3282000.0,,,,,,,,Yes,,2026-06-04
2026-06-05,0020575,PRE-CONSTRUCTION,1302000.0,,,,,,,,Yes,,2026-06-04
2026-06-05,0020576,PRE-CONSTRUCTION,1777000.0,,,,,,,,Yes,,2026-06-04
2026-06-05,0020577,PRE-CONSTRUCTION,2009000.0,,,,,,,,Yes,,2026-06-04
2026-06-05,0020578,PRE-CONSTRUCTION,1444000.0,,,,,,,,Yes,,2026-06-04
2026-06-05,0020579,PRE-CONSTRUCTION,4274000.0,,,,,,,,Yes,,2026-06-04
2026-06-05,0020580,PRE-CONSTRUCTION,5000000.0,,,,,,,,Yes,,2026-06-04
2026-06-05,0020581,PRE-CONSTRUCTION,8282000.0,,,,,,,,Yes,,2026-06-04
2026-06-05,0020582,PRE-CONSTRUCTION,1920000.0,,,,,,,,Yes,,2026-06-04
2026-06-05,0020583,PRE-CONSTRUCTION,2741000.0,,,,,,,,Yes,,2026-06-04
2026-06-05,0020584,PRE-CONSTRUCTION,1623000.0,,,,,,,,Yes,,2026-06-04
2026-06-05,0020585,PRE-CONSTRUCTION,4925000.0,,,,,,,,Yes,,2026-06-04
2026-06-05,0020586,PRE-CONSTRUCTION,260000.0,,,,,,,,Yes,,2026-06-04
2026-06-05,0020587,PRE-CONSTRUCTION,5000000.0,,,,,,,,Yes,,2026-06-04
2026-06-05,0020588,PRE-CONSTRUCTION,4470000.0,,,,,,,,Yes,,2026-06-04
2026-06-05,0020589,PRE-CONSTRUCTION,4350000.0,,,,,,,,Yes,,2026-06-04
2026-06-05,0020590,PRE-CONSTRUCTION,3450000.0,,,,,,,,Yes,,2026-06-04
2026-06-05,0020591,PRE-CONSTRUCTION,,,,,,,,,Yes,,2026-06-04
2026-06-05,0020592,PRE-CONSTRUCTION,5040000.0,,,,,,,,Yes,,2026-06-04
2026-06-05,0020593,PRE-CONSTRUCTION,1802000.0,,,,,,,,Yes,,2026-06-04
2026-06-05,0020594,PRE-CONSTRUCTION,1429000.0,,,,,,,,Yes,,2026-06-04
2026-06-05,0020595,PRE-CONSTRUCTION,1169000.0,,,,,,,,Yes,,2026-06-04
2026-06-05,0020596,PRE-CONSTRUCTION,933000.0,,,,,,,,Yes,,2026-06-04
2026-06-05,0020597,PRE-CONSTRUCTION,2536000.0,,,,,,,,Yes,,2026-06-04
2026-06-05,0020598,PRE-CONSTRUCTION,1607000.0,,,,,,,,Yes,,2026-06-04
2026-06-05,0020599,PRE-CONSTRUCTION,179000.0,,,,,,,,Yes,,2026-06-04
2026-06-05,0020600,PRE-CONSTRUCTION,573000.0,,,,,,,,Yes,,2026-06-04
2026-06-05,0020601,PRE-CONSTRUCTION,750000.0,,,,,,,,Yes,,2026-06-04
2026-06-05,0020602,PRE-CONSTRUCTION,569000.0,,,,,,,,Yes,,2026-06-04
2026-06-05,0020603,PRE-CONSTRUCTION,4348960.0,,,,,,,,No,,2026-06-04
2026-06-05,0020604,PRE-CONSTRUCTION,11760000.0,,,,,,,,No,,2026-06-04
2026-06-05,0020605,PRE-CONSTRUCTION,2549000.0,,,,,,,,No,,2026-06-04
2026-06-05,0020606,PRE-CONSTRUCTION,2000000.0,,,,,,,,No,,2026-06-04
2026-06-05,0020607,PRE-CONSTRUCTION,841000.0,,,,,,,,No,,2026-06-04
2026-06-05,0020608,PRE-CONSTRUCTION,2400000.0,,,,,,,,No,,2026-06-04
2026-06-05,0020610,PRE-CONSTRUCTION,7644125.0,,,,,,,,No,,2026-06-04
2026-06-05,0020612,PRE-CONSTRUCTION,32200000.0,,,,,,,,No,,2026-06-04
2026-06-05,0020613,PRE-CONSTRUCTION,9270000.0,,,,,,,,No,,2026-06-04
2026-06-05,0020614,PRE-CONSTRUCTION,161525.0,,,,,,,,No,,2026-06-04
2026-06-05,0020615,PRE-CONSTRUCTION,55608.0,,,,,,,,No,,2026-06-04
2026-06-05,0020616,PRE-CONSTRUCTION,0.0,,,,,,,,No,,2026-06-04
2026-06-05,0020617,PRE-CONSTRUCTION,0.0,,,,,,,,No,,2026-06-04
2026-06-05,0020618,PRE-CONSTRUCTION,0.0,,,,,,,,No,,2026-06-04
2026-06-05,0020622,PRE-CONSTRUCTION,285885.0,,,,,,,,No,,2026-06-04
2026-06-05,0020623,PRE-CONSTRUCTION,800996.0,,,,,,,,No,,2026-06-04
2026-06-05,0020634,UNDER-CONSTRUCTION,5133270.91,,,2026-06-27,,2025-10-22,,,No,E R SNELL CONTRACTOR INC,2026-06-04
2026-06-05,0020635,COMPLETED-CONSTRUCTION,361171.11,,,2026-02-28,,2025-04-04,2026-02-28,,No,Peek Pavement Marking LLC,2026-06-04
2026-06-05,0020663,PRE-CONSTRUCTION,7750000.0,,,,,,,,No,,2026-06-04
2026-06-05,0020664,PRE-CONSTRUCTION,23176000.0,,,,,,,,No,,2026-06-04
2026-06-05,0020666,PRE-CONSTRUCTION,22050000.0,,,,,,,,No,,2026-06-04
2026-06-05,0020667,PRE-CONSTRUCTION,11812500.0,,,,,,,,No,,2026-06-04
2026-06-05,0020669,PRE-CONSTRUCTION,6707000.0,,,,,,,,No,,2026-06-04
2026-06-05,0020670,PRE-CONSTRUCTION,10552575.0,,,,,,,,No,,2026-06-04
2026-06-05,0020671,PRE-CONSTRUCTION,4710000.75,,,,,,,,No,,2026-06-04
2026-06-05,0020676,PRE-CONSTRUCTION,3350000.0,,,,,,,,No,,2026-06-04
2026-06-05,0020678,PRE-CONSTRUCTION,1000000.0,,,,,,,,No,,2026-06-04
2026-06-05,0020680,PRE-CONSTRUCTION,575000.0,,,,,,,,No,,2026-06-04
2026-06-05,0020681,PRE-CONSTRUCTION,2820000.0,,,,,,,,No,,2026-06-04
2026-06-05,0020726,PRE-CONSTRUCTION,0.0,,,,,,,,No,,2026-06-04
2026-06-05,0020727,PRE-CONSTRUCTION,0.0,,,,,,,,No,,2026-06-04
2026-06-05,0020728,UNDER-CONSTRUCTION,875601.34,,,2027-02-28,,2026-03-06,,,No,PEEK PAVING MARKING LLC,2026-06-04
2026-06-05,0020729,UNDER-CONSTRUCTION,1006893.43,,98.1,2026-06-30,,2025-09-05,,,No,Garrett Paving Company,2026-06-04
2026-06-05,0020731,PRE-CONSTRUCTION,242000000.0,,,,,,,,No,,2026-06-04
2026-06-05,0020735,PRE-CONSTRUCTION,19310505.6,,,,,,,,No,,2026-06-04
2026-06-05,0020737,UNDER-CONSTRUCTION,1581150.12,,67.8,2026-08-31,,2025-08-01,,,No,GRIFFIN GRADING &CONCRETE,2026-06-04
2026-06-05,0020738,UNDER-CONSTRUCTION,754933.99,,66.62,2026-09-30,,2025-09-05,,,No,THE SCRUGGS COMPANY,2026-06-04
2026-06-05,0020745,UNDER-CONSTRUCTION,682585.66,,,2026-08-31,,2025-08-01,,,No,EAST COAST ASPHALT LLC,2026-06-04
2026-06-05,0020748,UNDER-CONSTRUCTION,308355.8,,88.16,2026-12-31,,2025-12-05,,,No,GRIFFIN GRADING &CONCRETE,2026-06-04
2026-06-05,0020749,UNDER-CONSTRUCTION,8000.0,,,,,,,,No,PEEK PAVEMENT MARKING,2026-06-04
2026-06-05,0020758,UNDER-CONSTRUCTION,349875.94,,,2026-12-31,,2025-12-05,,,No,TRP CONSTRUCTION GROUP,2026-06-04
2026-06-05,0020759,PRE-CONSTRUCTION,2269342.98,,,,,,,,No,,2026-06-04
2026-06-05,0020760,PRE-CONSTRUCTION,4637926.0,,,,,,,,No,,2026-06-04
2026-06-05,0020761,UNDER-CONSTRUCTION,669632.87,,,2027-04-30,,2026-03-06,,,No,PEEK PAVING MARKING LLC,2026-06-04
2026-06-05,0020763,PRE-CONSTRUCTION,6250000.0,,,,,,,,No,,2026-06-04
2026-06-05,0020764,UNDER-CONSTRUCTION,2111679.88,,94.21,2026-04-30,,2025-09-05,,,No,BROOKS-BERRY-HAYNIE&ASSOC,2026-06-04
2026-06-05,0020765,PRE-CONSTRUCTION,13400000.0,,,,,,,,No,,2026-06-04
2026-06-05,0020766,UNDER-CONSTRUCTION,3168750.81,,28.8,2026-05-30,,2025-10-03,,,No,NGT GROUP LLC,2026-06-04
2026-06-05,0020767,UNDER-CONSTRUCTION,2586289.69,,42.39,2026-05-30,,2025-10-03,,,No,NGT GROUP LLC,2026-06-04
2026-06-05,0020768,PRE-CONSTRUCTION,27350000.0,,,,,,,,No,,2026-06-04
2026-06-05,0020769,PRE-CONSTRUCTION,178806680.0,,,,,,,,No,,2026-06-04
2026-06-05,0020770,PRE-CONSTRUCTION,75000000.0,,,,,,,,No,,2026-06-04
2026-06-05,0020773,PRE-CONSTRUCTION,6170000.0,,,,,,,,No,,2026-06-04
2026-06-05,0020774,UNDER-CONSTRUCTION,113141.0,,,2026-12-31,,2026-03-06,,,No,TIDWELL TRAFFIC SOLUTIONS,2026-06-04
2026-06-05,0020775,UNDER-CONSTRUCTION,170920.68,,,,,,,,No,TRP CST GROUP LLC,2026-06-04
2026-06-05,0020776,PRE-CONSTRUCTION,1390000.0,,,,,,,,No,,2026-06-04
2026-06-05,0020777,PRE-CONSTRUCTION,1058578.0,,,,,,,,No,,2026-06-04
2026-06-05,0020778,PRE-CONSTRUCTION,2080000.0,,,,,,,,No,,2026-06-04
2026-06-05,0020779,PRE-CONSTRUCTION,1168000.0,,,,,,,,No,,2026-06-04
2026-06-05,0020789,PRE-CONSTRUCTION,36500000.0,,,,,,,,No,,2026-06-04
2026-06-05,0020790,PRE-CONSTRUCTION,5154000.0,,,,,,,,No,,2026-06-04
2026-06-05,0020791,PRE-CONSTRUCTION,1452000.0,,,,,,,,No,,2026-06-04
2026-06-05,0020792,PRE-CONSTRUCTION,2762816.0,,,,,,,,No,,2026-06-04
2026-06-05,0020793,UNDER-CONSTRUCTION,494530.54,,,2027-02-28,,2026-03-06,,,No,PEEK PAVING MARKING LLC,2026-06-04
2026-06-05,0020795,UNDER-CONSTRUCTION,449631.23,,,2027-01-31,,2026-01-02,,,No,Peek Pavement Marking LLC,2026-06-04
2026-06-05,0020797,PRE-CONSTRUCTION,500000.0,,,,,,,,No,,2026-06-04
2026-06-05,0020929,PRE-CONSTRUCTION,3650000.0,,,,,,,,No,,2026-06-04
2026-06-05,0020930,PRE-CONSTRUCTION,2370432.0,,,,,,,,No,,2026-06-04
2026-06-05,0020931,PRE-CONSTRUCTION,9700000.0,,,,,,,,No,,2026-06-04
2026-06-05,0020932,PRE-CONSTRUCTION,3539000.0,,,,,,,,No,,2026-06-04
2026-06-05,0020933,PRE-CONSTRUCTION,3650000.0,,,,,,,,No,,2026-06-04
2026-06-05,0020938,PRE-CONSTRUCTION,7450000.0,,,,,,,,No,,2026-06-04
2026-06-05,0020939,PRE-CONSTRUCTION,1918000.0,,,,,,,,No,,2026-06-04
2026-06-05,0020940,PRE-CONSTRUCTION,6100000.0,,,,,,,,No,,2026-06-04
2026-06-05,0020948,PRE-CONSTRUCTION,1250000.0,,,,,,,,No,,2026-06-04
2026-06-05,0020949,PRE-CONSTRUCTION,4500543.3100000005,,,,,,,,No,,2026-06-04
2026-06-05,0020950,PRE-CONSTRUCTION,4532049.0,,,,,,,,No,,2026-06-04
2026-06-05,0020951,UNDER-CONSTRUCTION,4900487.13,,97.63,2026-04-30,,2025-07-04,,,No,BROOKS-BERRY-HAYNIE&ASSOC,2026-06-04
2026-06-05,0020952,UNDER-CONSTRUCTION,4048491.31,,97.17,2026-04-30,,2025-07-04,,,No,BROOKS-BERRY-HAYNIE&ASSOC,2026-06-04
2026-06-05,0020953,UNDER-CONSTRUCTION,4503360.63,,99.2,2026-04-30,,2025-07-04,,,No,BROOKS-BERRY-HAYNIE&ASSOC,2026-06-04
2026-06-05,0020954,UNDER-CONSTRUCTION,4007069.81,,69.51,2026-04-30,,2025-08-01,,,No,BROOKS-BERRY-HAYNIE&ASSOC,2026-06-04
2026-06-05,0020955,UNDER-CONSTRUCTION,3759101.56,,73.24,2026-04-30,,2025-09-05,,,No,BROOKS-BERRY-HAYNIE&ASSOC,2026-06-04
2026-06-05,0021092,PRE-CONSTRUCTION,2030000.0,,,,,,,,No,,2026-06-04
2026-06-05,0021093,PRE-CONSTRUCTION,30000.0,,,,,,,,No,,2026-06-04
2026-06-05,0021094,PRE-CONSTRUCTION,1030000.0,,,,,,,,No,,2026-06-04
2026-06-05,0021153,PRE-CONSTRUCTION,9070000.0,,,,,,,,No,,2026-06-04
2026-06-05,0021154,PRE-CONSTRUCTION,12693697.25,,,,,,,,No,,2026-06-04
2026-06-05,0021155,PRE-CONSTRUCTION,3400000.0,,,,,,,,No,,2026-06-04
2026-06-05,0021157,PRE-CONSTRUCTION,3750000.0,,,,,,,,No,,2026-06-04
2026-06-05,0021158,PRE-CONSTRUCTION,4000000.0,,,,,,,,No,,2026-06-04
2026-06-05,0021159,PRE-CONSTRUCTION,4802400.0,,,,,,,,No,,2026-06-04
2026-06-05,0021162,PRE-CONSTRUCTION,611056.25,,,,,,,,No,,2026-06-04
2026-06-05,0021181,PRE-CONSTRUCTION,493520.0,,,,,,,,No,,2026-06-04
2026-06-05,0021182,PRE-CONSTRUCTION,1247525.0,,,,,,,,No,,2026-06-04
2026-06-05,0021183,PRE-CONSTRUCTION,3872200.0,,,,,,,,No,,2026-06-04
2026-06-05,0021192,UNDER-CONSTRUCTION,522094.5,,102.28,2026-04-30,,2025-09-05,,,No,BROOKS-BERRY-HAYNIE&ASSOC,2026-06-04
2026-06-05,0021194,PRE-CONSTRUCTION,41125720.0,,,,,,,,No,,2026-06-04
2026-06-05,0021195,PRE-CONSTRUCTION,7500000.0,,,,,,,,No,,2026-06-04
2026-06-05,0021197,PRE-CONSTRUCTION,3953848.0,,,,,,,,No,,2026-06-04
2026-06-05,0021198,PRE-CONSTRUCTION,2750000.0,,,,,,,,No,,2026-06-04
2026-06-05,0021199,PRE-CONSTRUCTION,19142600.0,,,,,,,,No,,2026-06-04
2026-06-05,0021201,PRE-CONSTRUCTION,3000000.0,,,,,,,,No,,2026-06-04
2026-06-05,0021203,PRE-CONSTRUCTION,13900000.0,,,,,,,,No,,2026-06-04
2026-06-05,0021204,PRE-CONSTRUCTION,12000000.0,,,,,,,,No,,2026-06-04
2026-06-05,0021205,PRE-CONSTRUCTION,6700000.0,,,,,,,,No,,2026-06-04
2026-06-05,0021206,PRE-CONSTRUCTION,5000000.0,,,,,,,,No,,2026-06-04
2026-06-05,0021207,PRE-CONSTRUCTION,4000000.0,,,,,,,,No,,2026-06-04
2026-06-05,0021208,PRE-CONSTRUCTION,3500000.0,,,,,,,,No,,2026-06-04
2026-06-05,0021209,PRE-CONSTRUCTION,3151633.75,,,,,,,,No,,2026-06-04
2026-06-05,0021211,PRE-CONSTRUCTION,7750000.0,,,,,,,,No,,2026-06-04
2026-06-05,0021212,PRE-CONSTRUCTION,10167626.5,,,,,,,,No,,2026-06-04
2026-06-05,0021213,PRE-CONSTRUCTION,4043682.0,,,,,,,,No,,2026-06-04
2026-06-05,0021218,PRE-CONSTRUCTION,17500000.0,,,,,,,,No,,2026-06-04
2026-06-05,0021219,PRE-CONSTRUCTION,4879146.0,,,,,,,,No,,2026-06-04
2026-06-05,0021220,PRE-CONSTRUCTION,23250000.0,,,,,,,,No,,2026-06-04
2026-06-05,0021222,PRE-CONSTRUCTION,2500000.0,,,,,,,,No,,2026-06-04
2026-06-05,0021223,UNDER-CONSTRUCTION,19803693.16,,,,,,,,No,F. S. SCARBROUGH,2026-06-04
2026-06-05,0021224,PRE-CONSTRUCTION,2950000.0,,,,,,,,No,,2026-06-04
2026-06-05,0021232,PRE-CONSTRUCTION,41738220.0,,,,,,,,No,,2026-06-04
2026-06-05,0021233,PRE-CONSTRUCTION,3100000.0,,,,,,,,No,,2026-06-04
2026-06-05,0021234,PRE-CONSTRUCTION,3100000.0,,,,,,,,No,,2026-06-04
2026-06-05,0021235,PRE-CONSTRUCTION,2900000.0,,,,,,,,No,,2026-06-04
2026-06-05,0021236,PRE-CONSTRUCTION,2900000.0,,,,,,,,No,,2026-06-04
2026-06-05,0021237,PRE-CONSTRUCTION,2600000.0,,,,,,,,No,,2026-06-04
2026-06-05,0021238,PRE-CONSTRUCTION,2900000.0,,,,,,,,No,,2026-06-04
2026-06-05,0021239,PRE-CONSTRUCTION,31750000.0,,,,,,,,No,,2026-06-04
2026-06-05,0021241,PRE-CONSTRUCTION,2700000.0,,,,,,,,No,,2026-06-04
2026-06-05,0021242,PRE-CONSTRUCTION,2900000.0,,,,,,,,No,,2026-06-04
2026-06-05,0021243,PRE-CONSTRUCTION,2600000.0,,,,,,,,No,,2026-06-04
2026-06-05,0021244,PRE-CONSTRUCTION,2600000.0,,,,,,,,No,,2026-06-04
2026-06-05,0021245,PRE-CONSTRUCTION,2900000.0,,,,,,,,No,,2026-06-04
2026-06-05,0021248,PRE-CONSTRUCTION,4250000.0,,,,,,,,No,,2026-06-04
2026-06-05,0021249,PRE-CONSTRUCTION,3900000.0,,,,,,,,No,,2026-06-04
2026-06-05,0021250,PRE-CONSTRUCTION,27224900.0,,,,,,,,No,,2026-06-04
2026-06-05,0021251,PRE-CONSTRUCTION,735599.5,,,,,,,,No,,2026-06-04
2026-06-05,0021252,PRE-CONSTRUCTION,53700000.0,,,,,,,,No,,2026-06-04
2026-06-05,0021254,UNDER-CONSTRUCTION,8000.0,,,,,,,,No,TRP CST GROUP LLC,2026-06-04
2026-06-05,0021255,PRE-CONSTRUCTION,16245471.5,,,,,,,,No,,2026-06-04
2026-06-05,0021256,PRE-CONSTRUCTION,2700000.0,,,,,,,,No,,2026-06-04
2026-06-05,0021257,PRE-CONSTRUCTION,2600000.0,,,,,,,,No,,2026-06-04
2026-06-05,0021258,PRE-CONSTRUCTION,2600000.0,,,,,,,,No,,2026-06-04
2026-06-05,0021259,PRE-CONSTRUCTION,2900000.0,,,,,,,,No,,2026-06-04
2026-06-05,0021260,PRE-CONSTRUCTION,2900000.0,,,,,,,,No,,2026-06-04
2026-06-05,0021261,PRE-CONSTRUCTION,2606880.0,,,,,,,,No,,2026-06-04
2026-06-05,0021262,PRE-CONSTRUCTION,3144445.6100000003,,,,,,,,No,,2026-06-04
2026-06-05,0021263,PRE-CONSTRUCTION,12400000.0,,,,,,,,No,,2026-06-04
2026-06-05,0021264,PRE-CONSTRUCTION,1388000.0,,,,,,,,No,,2026-06-04
2026-06-05,0021265,PRE-CONSTRUCTION,2585000.0,,,,,,,,No,,2026-06-04
2026-06-05,0021267,PRE-CONSTRUCTION,1340000.0,,,,,,,,No,,2026-06-04
2026-06-05,0021271,PRE-CONSTRUCTION,2500000.0,,,,,,,,No,,2026-06-04
2026-06-05,0021272,PRE-CONSTRUCTION,2900000.0,,,,,,,,No,,2026-06-04
2026-06-05,0021273,PRE-CONSTRUCTION,95125000.0,,,,,,,,No,,2026-06-04
2026-06-05,0021283,PRE-CONSTRUCTION,45048925.0,,,,,,,,No,,2026-06-04
2026-06-05,0021289,PRE-CONSTRUCTION,3000000.0,,,,,,,,No,,2026-06-04
2026-06-05,0021292,PRE-CONSTRUCTION,6105000.0,,,,,,,,No,,2026-06-04
2026-06-05,0021298,PRE-CONSTRUCTION,38500000.0,,,,,,,,No,,2026-06-04
2026-06-05,0021299,PRE-CONSTRUCTION,20000000.0,,,,,,,,No,,2026-06-04
2026-06-05,0021300,PRE-CONSTRUCTION,2800000.0,,,,,,,,No,,2026-06-04
2026-06-05,0021301,PRE-CONSTRUCTION,3000000.0,,,,,,,,No,,2026-06-04
2026-06-05,0021304,PRE-CONSTRUCTION,1165992.8,,,,,,,,No,,2026-06-04
2026-06-05,0021305,PRE-CONSTRUCTION,1035500.0,,,,,,,,No,,2026-06-04
2026-06-05,0021306,PRE-CONSTRUCTION,630600.0,,,,,,,,No,,2026-06-04
2026-06-05,0021307,PRE-CONSTRUCTION,615200.0,,,,,,,,No,,2026-06-04
2026-06-05,0021308,UNDER-CONSTRUCTION,2377286.56,,41.53,2026-05-30,,2025-10-03,,,No,Reedwick LLC,2026-06-04
2026-06-05,0021309,UNDER-CONSTRUCTION,3522184.19,,14.71,2026-05-30,,2025-10-30,,,No,NGT GROUP LLC,2026-06-04
2026-06-05,0021310,UNDER-CONSTRUCTION,2633095.81,,27.72,2026-05-30,,2025-10-31,,,No,SMART ROAD TECHNOLOGY INC,2026-06-04
2026-06-05,0021311,UNDER-CONSTRUCTION,1451823.19,,5.09,2026-05-30,,2025-10-31,,,No,SMART ROAD TECHNOLOGY INC,2026-06-04
2026-06-05,0021344,PRE-CONSTRUCTION,3431247.0,,,,,,,,No,,2026-06-04
2026-06-05,0021368,PRE-CONSTRUCTION,,,,,,,,,No,,2026-06-04
2026-06-05,0021405,PRE-CONSTRUCTION,124000000.0,,,,,,,,No,,2026-06-04
2026-06-05,0021411,PRE-CONSTRUCTION,3750000.0,,,,,,,,No,,2026-06-04
2026-06-05,0021412,PRE-CONSTRUCTION,3275000.0,,,,,,,,No,,2026-06-04
2026-06-05,0021417,PRE-CONSTRUCTION,1800000.0,,,,,,,,No,,2026-06-04
2026-06-05,0021418,PRE-CONSTRUCTION,2700000.0,,,,,,,,No,,2026-06-04
2026-06-05,0021419,PRE-CONSTRUCTION,5250000.0,,,,,,,,No,,2026-06-04
2026-06-05,0021421,PRE-CONSTRUCTION,550000.0,,,,,,,,No,,2026-06-04
2026-06-05,0021422,PRE-CONSTRUCTION,1135000.0,,,,,,,,No,,2026-06-04
2026-06-05,0021461,PRE-CONSTRUCTION,3000000.0,,,,,,,,No,,2026-06-04
2026-06-05,0021522,PRE-CONSTRUCTION,1719348.0,,,,,,,,No,,2026-06-04
2026-06-05,0021528,PRE-CONSTRUCTION,2020057.0,,,,,,,,No,,2026-06-04
2026-06-05,0021530,PRE-CONSTRUCTION,507980.0,,,,,,,,No,,2026-06-04
2026-06-05,0021531,PRE-CONSTRUCTION,491000.0,,,,,,,,No,,2026-06-04
2026-06-05,0021532,PRE-CONSTRUCTION,,,,,,,,,No,,2026-06-04
2026-06-05,0021533,PRE-CONSTRUCTION,,,,,,,,,No,,2026-06-04
2026-06-05,0021535,PRE-CONSTRUCTION,,,,,,,,,No,,2026-06-04
2026-06-05,0021536,PRE-CONSTRUCTION,,,,,,,,,No,,2026-06-04
2026-06-05,0021538,PRE-CONSTRUCTION,,,,,,,,,No,,2026-06-04
2026-06-05,0021541,PRE-CONSTRUCTION,,,,,,,,,No,,2026-06-04
2026-06-05,0021542,PRE-CONSTRUCTION,,,,,,,,,No,,2026-06-04
2026-06-05,0021543,PRE-CONSTRUCTION,2486679.62,,,,,,,,No,,2026-06-04
2026-06-05,0021544,PRE-CONSTRUCTION,999660.7,,,,,,,,No,,2026-06-04
2026-06-05,0021545,PRE-CONSTRUCTION,702772.01,,,,,,,,No,,2026-06-04
2026-06-05,0021546,PRE-CONSTRUCTION,5050000.0,,,,,,,,No,,2026-06-04
2026-06-05,0021548,PRE-CONSTRUCTION,39100000.0,,,,,,,,No,,2026-06-04
2026-06-05,0021549,PRE-CONSTRUCTION,4725000.0,,,,,,,,No,,2026-06-04
2026-06-05,0021550,PRE-CONSTRUCTION,5000000.0,,,,,,,,No,,2026-06-04
2026-06-05,0021551,PRE-CONSTRUCTION,6400000.0,,,,,,,,No,,2026-06-04
2026-06-05,0021552,PRE-CONSTRUCTION,4400000.0,,,,,,,,No,,2026-06-04
2026-06-05,0021554,PRE-CONSTRUCTION,2791691.71,,,,,,,,No,,2026-06-04
2026-06-05,0021575,PRE-CONSTRUCTION,3500000.0,,,,,,,,No,,2026-06-04
2026-06-05,0021580,PRE-CONSTRUCTION,1810000.0,,,,,,,,No,,2026-06-04
2026-06-05,0021582,PRE-CONSTRUCTION,2280000.0,,,,,,,,No,,2026-06-04
2026-06-05,0021588,PRE-CONSTRUCTION,1589668.0,,,,,,,,No,,2026-06-04
2026-06-05,0021589,PRE-CONSTRUCTION,3359500.0,,,,,,,,No,,2026-06-04
2026-06-05,0021590,PRE-CONSTRUCTION,6835968.0,,,,,,,,No,,2026-06-04
2026-06-05,0021591,PRE-CONSTRUCTION,4800000.0,,,,,,,,No,,2026-06-04
2026-06-05,0021592,PRE-CONSTRUCTION,5976826.0,,,,,,,,No,,2026-06-04
2026-06-05,0021593,PRE-CONSTRUCTION,4968960.0,,,,,,,,No,,2026-06-04
2026-06-05,0021594,PRE-CONSTRUCTION,4255000.0,,,,,,,,No,,2026-06-04
2026-06-05,0021595,PRE-CONSTRUCTION,1250000.0,,,,,,,,No,,2026-06-04
2026-06-05,0021596,PRE-CONSTRUCTION,16846307.0,,,,,,,,No,,2026-06-04
2026-06-05,0021597,PRE-CONSTRUCTION,12196530.0,,,,,,,,No,,2026-06-04
2026-06-05,0021598,PRE-CONSTRUCTION,2564235.0,,,,,,,,No,,2026-06-04
2026-06-05,0021599,PRE-CONSTRUCTION,8625870.0,,,,,,,,No,,2026-06-04
2026-06-05,0021600,PRE-CONSTRUCTION,1860240.0,,,,,,,,No,,2026-06-04
2026-06-05,0021601,PRE-CONSTRUCTION,1860250.0,,,,,,,,No,,2026-06-04
2026-06-05,0021602,PRE-CONSTRUCTION,1800000.0,,,,,,,,No,,2026-06-04
2026-06-05,0021603,PRE-CONSTRUCTION,4160000.0,,,,,,,,No,,2026-06-04
2026-06-05,0021604,PRE-CONSTRUCTION,4680000.0,,,,,,,,No,,2026-06-04
2026-06-05,0021605,PRE-CONSTRUCTION,10700000.0,,,,,,,,No,,2026-06-04
2026-06-05,0021606,PRE-CONSTRUCTION,3900000.0,,,,,,,,No,,2026-06-04
2026-06-05,0021607,PRE-CONSTRUCTION,2333635.0,,,,,,,,No,,2026-06-04
2026-06-05,0021609,PRE-CONSTRUCTION,4940000.0,,,,,,,,No,,2026-06-04
2026-06-05,0021610,PRE-CONSTRUCTION,3040000.0,,,,,,,,No,,2026-06-04
2026-06-05,0021611,PRE-CONSTRUCTION,2550000.0,,,,,,,,No,,2026-06-04
2026-06-05,0021612,PRE-CONSTRUCTION,1900000.0,,,,,,,,No,,2026-06-04
2026-06-05,0021613,PRE-CONSTRUCTION,9310000.0,,,,,,,,No,,2026-06-04
2026-06-05,0021614,PRE-CONSTRUCTION,10500000.0,,,,,,,,No,,2026-06-04
2026-06-05,0021615,PRE-CONSTRUCTION,3430980.0,,,,,,,,No,,2026-06-04
2026-06-05,0021616,PRE-CONSTRUCTION,1456580.0,,,,,,,,No,,2026-06-04
2026-06-05,0021617,PRE-CONSTRUCTION,1810000.0,,,,,,,,No,,2026-06-04
2026-06-05,0021618,PRE-CONSTRUCTION,1765500.0,,,,,,,,No,,2026-06-04
2026-06-05,0021679,PRE-CONSTRUCTION,2076000.0,,,,,,,,No,,2026-06-04
2026-06-05,0021680,PRE-CONSTRUCTION,2340000.0,,,,,,,,No,,2026-06-04
2026-06-05,0021681,PRE-CONSTRUCTION,1454000.0,,,,,,,,No,,2026-06-04
2026-06-05,0021682,PRE-CONSTRUCTION,2210000.0,,,,,,,,No,,2026-06-04
2026-06-05,0021683,PRE-CONSTRUCTION,1735000.0,,,,,,,,No,,2026-06-04
2026-06-05,0021684,PRE-CONSTRUCTION,2352000.0,,,,,,,,No,,2026-06-04
2026-06-05,0021685,PRE-CONSTRUCTION,5170800.0,,,,,,,,No,,2026-06-04
2026-06-05,0021686,PRE-CONSTRUCTION,1977600.0,,,,,,,,No,,2026-06-04
2026-06-05,0021687,PRE-CONSTRUCTION,1000000.0,,,,,,,,No,,2026-06-04
2026-06-05,0021691,PRE-CONSTRUCTION,26230000.0,,,,,,,,No,,2026-06-04
2026-06-05,0021692,PRE-CONSTRUCTION,36803000.0,,,,,,,,No,,2026-06-04
2026-06-05,0021693,PRE-CONSTRUCTION,91617000.0,,,,,,,,No,,2026-06-04
2026-06-05,0021694,PRE-CONSTRUCTION,81896000.0,,,,,,,,No,,2026-06-04
2026-06-05,0021697,PRE-CONSTRUCTION,3079660.9,,,,,,,,No,,2026-06-04
2026-06-05,0021698,PRE-CONSTRUCTION,2756329.0,,,,,,,,No,,2026-06-04
2026-06-05,0021704,PRE-CONSTRUCTION,5878165.0,,,,,,,,No,,2026-06-04
2026-06-05,0021710,PRE-CONSTRUCTION,6625000.0,,,,,,,,No,,2026-06-04
2026-06-05,0021712,PRE-CONSTRUCTION,2345000.0,,,,,,,,No,,2026-06-04
2026-06-05,0021713,PRE-CONSTRUCTION,600000.0,,,,,,,,No,,2026-06-04
2026-06-05,0021714,PRE-CONSTRUCTION,1455000.0,,,,,,,,No,,2026-06-04
2026-06-05,0021715,PRE-CONSTRUCTION,1801788.0,,,,,,,,No,,2026-06-04
2026-06-05,0021716,PRE-CONSTRUCTION,2941379.0,,,,,,,,No,,2026-06-04
2026-06-05,0021717,PRE-CONSTRUCTION,2050000.0,,,,,,,,No,,2026-06-04
2026-06-05,0021718,PRE-CONSTRUCTION,1955755.0,,,,,,,,No,,2026-06-04
2026-06-05,0021742,PRE-CONSTRUCTION,1500000.0,,,,,,,,No,,2026-06-04
2026-06-05,0021743,PRE-CONSTRUCTION,1800000.0,,,,,,,,No,,2026-06-04
2026-06-05,0021744,PRE-CONSTRUCTION,4600000.0,,,,,,,,No,,2026-06-04
2026-06-05,0021747,PRE-CONSTRUCTION,443000.0,,,,,,,,No,,2026-06-04
2026-06-05,0021748,PRE-CONSTRUCTION,563000.0,,,,,,,,No,,2026-06-04
2026-06-05,093001-,UNKNOWN,0.0,,,,,,,,No,,2026-06-04
2026-06-05,110462-,PRE-CONSTRUCTION,9000000.0,,,,,,,,No,,2026-06-04
2026-06-05,110610-,UNDER-CONSTRUCTION,134874884.0,,,,2020-06-15,,,,No,CW MATTHEWS CONTRACTING,2026-06-04
2026-06-05,11Y740-,UNDER-CONSTRUCTION,0.0,,,,,,,,No,MERRITT CONTRACTING INC,2026-06-04
2026-06-05,11Y760-,UNDER-CONSTRUCTION,0.0,,,,,,,,No,THE L C WHITFORD CO,2026-06-04
2026-06-05,121060-,UNDER-CONSTRUCTION,0.0,,,,,,,,No,WRIGHT BROTHERS CST CO,2026-06-04
2026-06-05,121340-,COMPLETED-CONSTRUCTION,3320682.6999999997,,99.84,2021-06-17,,2016-04-22,,2022-03-10,No,PITTMAN CONSTRUCTION CO,2026-06-04
2026-06-05,121674-,UNDER-CONSTRUCTION,0.0,,,,,,,,No,E R SNELL CONTRACTOR,2026-06-04
2026-06-05,121690-,UNDER-CONSTRUCTION,81384436.67,,20.0,2028-02-29,,2024-05-07,,,No,C W Matthews Contracting,2026-06-04
2026-06-05,122012-,COMPLETED-CONSTRUCTION,32067520.77,,99.13,,2024-03-13,2017-10-20,,2023-04-11,No,SCOTT BRIDGE COMPANY INC,2026-06-04
2026-06-05,122017-,COMPLETED-CONSTRUCTION,12257453.19,,97.39,2020-05-31,2020-06-25,2017-04-21,,2020-05-31,No,E R SNELL CONTRACTOR INC,2026-06-04
2026-06-05,122060-,PRE-CONSTRUCTION,99680031.42,,,,,,,,No,,2026-06-04
2026-06-05,122064-,COMPLETED-CONSTRUCTION,25099529.06,,98.5,,2021-10-25,2017-05-19,,2021-05-27,No,E R SNELL CONTRACTOR INC,2026-06-04
2026-06-05,122066-,COMPLETED-CONSTRUCTION,16497231.48,,98.5,,,2017-05-19,,2021-05-27,No,E R SNELL CONTRACTOR INC,2026-06-04
2026-06-05,122150-,COMPLETED-CONSTRUCTION,75785563.17,,99.84,2021-06-17,,2016-04-22,,2022-03-10,No,PITTMAN CONSTRUCTION CO,2026-06-04
2026-06-05,122200-,PRE-CONSTRUCTION,126011674.66,,,,,,,,No,,2026-06-04
2026-06-05,122600-,UNDER-CONSTRUCTION,37793928.61,,99.86,,,2020-10-16,,,No,E R SNELL CONTRACTOR,2026-06-04
2026-06-05,122730-,UNDER-CONSTRUCTION,0.0,,,,,,,,No,SHEPHERD CONSTRUCTION CO,2026-06-04
2026-06-05,122750-,PRE-CONSTRUCTION,33576881.339999996,,,,,,,,No,,2026-06-04
2026-06-05,122760-,PRE-CONSTRUCTION,24032642.08,,,,,,,,No,,2026-06-04
2026-06-05,122770-,PRE-CONSTRUCTION,23534282.26,,,,,,,,No,,2026-06-04
2026-06-05,122890-,UNDER-CONSTRUCTION,79730084.21000001,,47.69,2027-06-05,,2023-09-01,,,No,E R SNELL CONTRACTOR INC,2026-06-04
2026-06-05,122900-,UNDER-CONSTRUCTION,167372197.7,,23.23,2028-04-20,,2025-01-16,,,No,AIS INFRASTRUCTURE LLC,2026-06-04
2026-06-05,12Y674-,UNDER-CONSTRUCTION,0.0,,,,,,,,No,E R SNELL CONTRACTOR,2026-06-04
2026-06-05,132280-,PRE-CONSTRUCTION,14987825.95,,,,,,,,No,,2026-06-04
2026-06-05,132530-,PRE-CONSTRUCTION,18300864.46,,,,,,,,No,,2026-06-04
2026-06-05,132950-,COMPLETED-CONSTRUCTION,34509747.95,,96.17,2019-08-09,2021-03-23,2016-06-17,,2020-07-13,No,E R SNELL CONTRACTING INC,2026-06-04
2026-06-05,132980-,COMPLETED-CONSTRUCTION,6608832.4399999995,,96.87,,2020-04-27,2018-01-19,,2019-11-06,No,E R SNELL CONTRACTOR INC,2026-06-04
2026-06-05,132981-,COMPLETED-CONSTRUCTION,7293154.59,,93.78,2020-08-14,2021-08-06,2019-07-19,,2020-12-17,No,E R SNELL CONTRACTOR INC,2026-06-04
2026-06-05,132985-,COMPLETED-CONSTRUCTION,15146119.81,,95.12,2018-05-31,2019-09-19,2013-04-15,,2019-06-22,No,C W Matthews Contracting,2026-06-04
2026-06-05,132986-,COMPLETED-CONSTRUCTION,10180518.01,,97.35,2022-04-28,2023-09-05,2019-09-20,,2023-04-24,No,E R SNELL CONTRACTOR INC,2026-06-04
2026-06-05,13Y065-,UNDER-CONSTRUCTION,0.0,,,,,,,,No,SOUTHEAST BRIDGE SYSTEMS,2026-06-04
2026-06-05,142060-,COMPLETED-CONSTRUCTION,29503700.5,,84.08,2017-05-31,2021-04-13,2014-08-01,,2019-09-13,No,G P S ENTERPRISES INC,2026-06-04
2026-06-05,142190-,PRE-CONSTRUCTION,27778483.71,,,,,,,,No,,2026-06-04
2026-06-05,170940-,COMPLETED-CONSTRUCTION,3382129.5300000003,,94.85,2022-12-31,2024-04-17,2021-06-18,,2023-04-25,No,PALMETTO INFRASTRUCTURE,2026-06-04
2026-06-05,210295-,UNDER-CONSTRUCTION,0.0,,,,,,,,No,U S CONSTRUCTION CO,2026-06-04
2026-06-05,210327-,COMPLETED-CONSTRUCTION,90086145.69,,100.0,,,2018-10-19,,2025-01-03,No,SUPERIOR CONSTRUCTION CO,2026-06-04
2026-06-05,220680-,COMPLETED-CONSTRUCTION,23942949.11,,92.45,,,2019-06-21,,2024-10-17,Yes,Beams Contracting Inc,2026-06-04
2026-06-05,222120-,COMPLETED-CONSTRUCTION,57363748.96,,92.69,,,2021-05-21,,2026-01-31,Yes,E R SNELL CONTRACTOR INC,2026-06-04
2026-06-05,222150-,COMPLETED-CONSTRUCTION,28619573.92,,93.56,,,2019-09-20,,2026-01-28,Yes,C AND H PAVING INC,2026-06-04
2026-06-05,222160-,UNDER-CONSTRUCTION,53862775.64,,98.95,,,2021-04-16,,,Yes,REEVES CONSTRUCTION CO,2026-06-04
2026-06-05,222170-,UNDER-CONSTRUCTION,45913049.900000006,,94.42,,,2021-05-21,,,Yes,E R SNELL CONTRACTOR INC,2026-06-04
2026-06-05,222250-,COMPLETED-CONSTRUCTION,36582670.03,,85.82000000000001,,2021-12-01,2015-06-19,,2020-06-19,Yes,REEVES CONSTRUCTION CO,2026-06-04
2026-06-05,222255-,COMPLETED-CONSTRUCTION,52114751.20999999,,92.53,2021-06-03,2022-01-04,2015-09-04,,2020-07-22,Yes,REEVES CONSTRUCTION CO,2026-06-04
2026-06-05,222260-,PRE-CONSTRUCTION,28729077.97,,,,,,,,No,,2026-06-04
2026-06-05,222295-,UNDER-CONSTRUCTION,0.0,,,,,,,,No,R B BAKER CONSTRUCTION,2026-06-04
2026-06-05,222410-,COMPLETED-CONSTRUCTION,68964035.41999999,,94.13,,,2017-08-18,,2025-07-01,Yes,EVERETT DYKES GRASSING CO,2026-06-04
2026-06-05,227815-,COMPLETED-CONSTRUCTION,2498046.02,,85.82000000000001,,,2015-06-19,,2020-06-19,No,REEVES CONSTRUCTION CO,2026-06-04
2026-06-05,227816-,COMPLETED-CONSTRUCTION,3447935.1999999997,,85.82000000000001,,,2015-06-19,,2020-06-19,No,REEVES CONSTRUCTION CO,2026-06-04
2026-06-05,231210-,UNDER-CONSTRUCTION,92451122.97,,25.77,2028-11-08,,2024-08-02,,,No,C W Matthews Contracting,2026-06-04
2026-06-05,231450-,PRE-CONSTRUCTION,37952646.650000006,,,,,,,,No,,2026-06-04
2026-06-05,231630-,COMPLETED-CONSTRUCTION,13481277.93,,93.09,,2022-07-20,2016-11-18,,2020-06-17,No,E R SNELL CONTRACTOR INC,2026-06-04
2026-06-05,231635-,COMPLETED-CONSTRUCTION,11626217.35,,93.09,,2022-07-20,2016-11-18,,2020-06-17,No,E R SNELL CONTRACTOR INC,2026-06-04
2026-06-05,232040-,UNDER-CONSTRUCTION,0.0,,,,,,,,No,CENTRAL GEORGIA RAILROAD,2026-06-04
2026-06-05,232350-,PRE-CONSTRUCTION,149278067.79,,,,,,,,No,,2026-06-04
2026-06-05,242230-,COMPLETED-CONSTRUCTION,19622425.17,,99.54,,2023-09-20,2016-09-30,,2021-04-15,No,Southeastern Site Develop,2026-06-04
2026-06-05,245090-,COMPLETED-CONSTRUCTION,36302485.349999994,,86.04,,,2018-07-20,,2024-02-28,Yes,G P ENTERPRISES INC,2026-06-04
2026-06-05,245320-,COMPLETED-CONSTRUCTION,27569423.979999997,,92.32,2020-07-31,2021-06-07,2015-12-18,,2020-07-16,Yes,E R SNELL CONTRACTOR INC,2026-06-04
2026-06-05,245325-,COMPLETED-CONSTRUCTION,3460326.8600000003,,92.32,2020-07-31,2021-06-07,2015-12-18,,2020-07-16,No,E R SNELL CONTRACTOR INC,2026-06-04
2026-06-05,250600-,UNDER-CONSTRUCTION,20157064.76,,,,,,,,Yes,BARNETT SOUTHERN,2026-06-04
2026-06-05,262027-,UNDER-CONSTRUCTION,39960447.56,,48.84,2027-06-14,,2024-02-29,,,Yes,REEVES CONSTRUCTION CO,2026-06-04
2026-06-05,262160-,UNDER-CONSTRUCTION,0.0,,,,,,,,No,REEVES CONSTRUCTION CO,2026-06-04
2026-06-05,262170-,UNDER-CONSTRUCTION,0.0,,,,,,,,No,REEVES CONSTRUCTION CO,2026-06-04
2026-06-05,262500-,PRE-CONSTRUCTION,42344706.53,,,,,,,,No,,2026-06-04
2026-06-05,270737-,PRE-CONSTRUCTION,3787750.2,,,,,,,,No,,2026-06-04
2026-06-05,270739-,PRE-CONSTRUCTION,3787750.2,,,,,,,,No,,2026-06-04
2026-06-05,270740-,PRE-CONSTRUCTION,3396565.56,,,,,,,,No,,2026-06-04
2026-06-05,270741-,PRE-CONSTRUCTION,3508332.6,,,,,,,,No,,2026-06-04
2026-06-05,270743-,PRE-CONSTRUCTION,3396565.56,,,,,,,,No,,2026-06-04
2026-06-05,270744-,PRE-CONSTRUCTION,3787750.2,,,,,,,,No,,2026-06-04
2026-06-05,270747-,PRE-CONSTRUCTION,3396565.56,,,,,,,,No,,2026-06-04
2026-06-05,270780-,PRE-CONSTRUCTION,4550492.13,,,,,,,,No,,2026-06-04
2026-06-05,270782-,PRE-CONSTRUCTION,3380586.48,,,,,,,,No,,2026-06-04
2026-06-05,270783-,PRE-CONSTRUCTION,5439814.68,,,,,,,,No,,2026-06-04
2026-06-05,270900-,COMPLETED-CONSTRUCTION,3726076.64,,84.22,2022-12-03,2024-04-26,2022-02-04,,2023-07-31,No,GEORGIA BRIDGE & CONCRETE,2026-06-04
2026-06-05,27Y275-,UNDER-CONSTRUCTION,0.0,,,,,,,,No,NORFOLK SOUTHERN RR & DOT,2026-06-04
2026-06-05,311000-,COMPLETED-CONSTRUCTION,115519261.32,,99.1,,,2017-02-03,,2023-03-29,No,C W Matthews Contracting,2026-06-04
2026-06-05,311005-,UNDER-CONSTRUCTION,150962256.54000002,,91.95,,,2021-03-05,,,No,WEBBER/UNITED INFRA GROUP,2026-06-04
2026-06-05,311350-,UNKNOWN,0.0,,,,,,,,No,,2026-06-04
2026-06-05,311400-,UNDER-CONSTRUCTION,131133525.82,,9.54,2029-09-30,,2025-08-20,,,No,CW MATTHEWS CONTRACTING,2026-06-04
2026-06-05,311410-,UNDER-CONSTRUCTION,106206878.11,,99.02,,,2017-03-03,,,No,E R SNELL CONTRACTOR INC,2026-06-04
2026-06-05,311665-,COMPLETED-CONSTRUCTION,31717133.39,,99.56,,2021-02-26,2015-10-16,,2019-10-03,No,REEVES CONSTRUCTION CO,2026-06-04
2026-06-05,312042-,UNDER-CONSTRUCTION,0.0,,,,,,,,No,BELLAMY BROTHERS INC,2026-06-04
2026-06-05,31Y100-,UNDER-CONSTRUCTION,0.0,,,,,,,,No,THE L C WHITFORD CO,2026-06-04
2026-06-05,321530-,COMPLETED-CONSTRUCTION,23892051.34,,92.49,,2023-05-15,2017-06-30,,2022-05-31,No,PITTMAN CONSTRUCTION CO,2026-06-04
2026-06-05,321690-,UNDER-CONSTRUCTION,0.0,,,,,,,,No,ROSS OF GA INC,2026-06-04
2026-06-05,321713-,PRE-CONSTRUCTION,16725129.41,,,,,,,,No,,2026-06-04
2026-06-05,321715-,PRE-CONSTRUCTION,64511921.45,,,,,,,,No,,2026-06-04
2026-06-05,321880-,UNDER-CONSTRUCTION,19249251.02,,73.78,,,2017-10-06,,,No,MCCOY GRADING INC,2026-06-04
2026-06-05,322050-,UNDER-CONSTRUCTION,68758651.83,,34.08,2027-08-31,,2023-09-01,,,No,C W Matthews Contracting,2026-06-04
2026-06-05,322250-,UNDER-CONSTRUCTION,50747377.09,,63.83,2026-12-13,,2022-11-15,,,No,C W Matthews Contracting,2026-06-04
2026-06-05,322460-,PRE-CONSTRUCTION,7049843.81,,,,,,,,No,,2026-06-04
2026-06-05,322470-,UNDER-CONSTRUCTION,80422864.09,,52.25,2027-01-08,,2022-07-01,,,No,THE SCRUGGS COMPANY,2026-06-04
2026-06-05,331680-,PRE-CONSTRUCTION,3776269.85,,,,,,,,No,,2026-06-04
2026-06-05,331690-,PRE-CONSTRUCTION,620000.0,,,,,,,,No,,2026-06-04
2026-06-05,331700-,PRE-CONSTRUCTION,3439582.32,,,,,,,,No,,2026-06-04
2026-06-05,331720-,PRE-CONSTRUCTION,3601975.61,,,,,,,,No,,2026-06-04
2026-06-05,331900-,UNDER-CONSTRUCTION,4560904.1899999995,,91.5,2026-03-31,,2025-01-31,,,No,MCCOY GRADING INC,2026-06-04
2026-06-05,331910-,COMPLETED-CONSTRUCTION,2639270.33,,98.42,,2023-03-24,2020-03-06,,2021-11-15,No,TIDWELL CONSTRUCTION CO,2026-06-04
2026-06-05,332180-,UNDER-CONSTRUCTION,10567001.82,,90.22,2025-11-30,,2023-06-02,,,No,C W Matthews Contracting,2026-06-04
2026-06-05,332450-,PRE-CONSTRUCTION,60457495.21,,,,,,,,No,,2026-06-04
2026-06-05,332820-,COMPLETED-CONSTRUCTION,37272734.04000001,,93.07,,2022-05-10,2014-06-20,,2019-07-01,No,MCMATH-TURNER CST COMPANY,2026-06-04
2026-06-05,333171-,COMPLETED-CONSTRUCTION,4316522.9399999995,,95.35,,2021-11-12,2018-08-17,,2020-06-10,No,GREGORY BRIDGE COMPANY,2026-06-04
2026-06-05,333176-,COMPLETED-CONSTRUCTION,7228007.05,,88.82000000000001,,2024-04-19,2019-01-18,,2022-07-13,No,GEORGIA BRIDGE & CONCRETE,2026-06-04
2026-06-05,342080-,COMPLETED-CONSTRUCTION,14106537.96,,92.21,,,2018-08-10,,2022-07-26,No,C W Matthews Contracting,2026-06-04
2026-06-05,342860-,PRE-CONSTRUCTION,3957891.29,,,,,,,,No,,2026-06-04
2026-06-05,342880-,PRE-CONSTRUCTION,5675132.0,,,,,,,,No,,2026-06-04
2026-06-05,342897-,UNDER-CONSTRUCTION,0.0,,,,,,,,No,HILL CONSTRUCTION CO.,2026-06-04
2026-06-05,343455-,COMPLETED-CONSTRUCTION,11453054.52,,99.65,2019-11-19,2021-11-08,2018-06-22,,2020-05-01,No,C W Matthews Contracting,2026-06-04
2026-06-05,350730-,COMPLETED-CONSTRUCTION,52241397.88,,96.36,2019-05-29,2023-03-21,2016-06-17,,2020-12-02,No,ROBINSON PAVING CO,2026-06-04
2026-06-05,351090-,COMPLETED-CONSTRUCTION,7230229.380000001,,92.21,,,2018-08-10,,2022-07-26,No,C W Matthews Contracting,2026-06-04
2026-06-05,351095-,COMPLETED-CONSTRUCTION,3463151.4299999997,,92.21,,,2018-08-10,,2022-07-26,No,C W Matthews Contracting,2026-06-04
2026-06-05,351240-,UNDER-CONSTRUCTION,618090.01,,,,,,,,No,R J HAYNIE,2026-06-04
2026-06-05,362713-,UNDER-CONSTRUCTION,0.0,,,,,,,,No,REEVES CONSTRUCTION CO,2026-06-04
2026-06-05,363315-,UNDER-CONSTRUCTION,0.0,,,,,,,,No,CITY OF PERRY,2026-06-04
2026-06-05,363660-,UNDER-CONSTRUCTION,0.0,,,,,,,,No,REEVES CONSTRUCTION CO,2026-06-04
2026-06-05,370830-,PRE-CONSTRUCTION,6127794.92,,,,,,,,No,,2026-06-04
2026-06-05,370836-,PRE-CONSTRUCTION,3695680.66,,,,,,,,No,,2026-06-04
2026-06-05,370842-,PRE-CONSTRUCTION,11686089.24,,,,,,,,No,,2026-06-04
2026-06-05,370851-,PRE-CONSTRUCTION,3454546.32,,,,,,,,No,,2026-06-04
2026-06-05,370852-,PRE-CONSTRUCTION,3454546.32,,,,,,,,No,,2026-06-04
2026-06-05,370860-,COMPLETED-CONSTRUCTION,2676115.83,,98.06,2022-07-17,,2021-07-02,,2022-09-27,No,GREGORY BRIDGE COMPANY,2026-06-04
2026-06-05,370881-,PRE-CONSTRUCTION,5996469.369999999,,,,,,,,No,,2026-06-04
2026-06-05,370882-,PRE-CONSTRUCTION,4912530.33,,,,,,,,No,,2026-06-04
2026-06-05,370883-,PRE-CONSTRUCTION,3885126.29,,,,,,,,No,,2026-06-04
2026-06-05,370885-,PRE-CONSTRUCTION,4227593.97,,,,,,,,No,,2026-06-04
2026-06-05,370886-,PRE-CONSTRUCTION,3957891.29,,,,,,,,No,,2026-06-04
2026-06-05,370891-,PRE-CONSTRUCTION,4754314.23,,,,,,,,No,,2026-06-04
2026-06-05,370894-,PRE-CONSTRUCTION,4037356.87,,,,,,,,No,,2026-06-04
2026-06-05,371050-,PRE-CONSTRUCTION,5738208.2700000005,,,,,,,,No,,2026-06-04
2026-06-05,371070-,PRE-CONSTRUCTION,2300000.0,,,,,,,,No,,2026-06-04
2026-06-05,371071-,PRE-CONSTRUCTION,4066637.76,,,,,,,,No,,2026-06-04
2026-06-05,371077-,PRE-CONSTRUCTION,2350000.0,,,,,,,,No,,2026-06-04
2026-06-05,371090-,PRE-CONSTRUCTION,4729954.27,,,,,,,,No,,2026-06-04
2026-06-05,371091-,PRE-CONSTRUCTION,6349602.55,,,,,,,,No,,2026-06-04
2026-06-05,371092-,PRE-CONSTRUCTION,3616052.61,,,,,,,,No,,2026-06-04
2026-06-05,371093-,PRE-CONSTRUCTION,3616052.61,,,,,,,,No,,2026-06-04
2026-06-05,371095-,PRE-CONSTRUCTION,3596372.61,,,,,,,,No,,2026-06-04
2026-06-05,371096-,PRE-CONSTRUCTION,4996927.33,,,,,,,,No,,2026-06-04
2026-06-05,371121-,COMPLETED-CONSTRUCTION,3482194.86,,97.09,2025-05-18,,2023-11-03,2025-05-17,2025-05-17,No,SOUTHERN CONCRETE CST CO,2026-06-04
2026-06-05,371150-,COMPLETED-CONSTRUCTION,2450370.53,,92.3,,2022-12-22,2020-07-06,,2022-02-07,No,BALDWIN PAVING CO INC,2026-06-04
2026-06-05,371171-,PRE-CONSTRUCTION,3468806.68,,,,,,,,No,,2026-06-04
2026-06-05,371180-,PRE-CONSTRUCTION,3286869.84,,,,,,,,No,,2026-06-04
2026-06-05,371181-,PRE-CONSTRUCTION,3257007.84,,,,,,,,No,,2026-06-04
2026-06-05,37Y722-,UNDER-CONSTRUCTION,0.0,,,,,,,,No,JAD CONTRACTORS,2026-06-04
2026-06-05,37Y725-,UNDER-CONSTRUCTION,0.0,,,,,,,,No,JAD CONTRACTORS,2026-06-04
2026-06-05,390615-,UNDER-CONSTRUCTION,0.0,,,,,,,,No,Lamar County,2026-06-04
2026-06-05,390625-,UNDER-CONSTRUCTION,0.0,,,,,,,,No,Marion County,2026-06-04
2026-06-05,410245-,UNDER-CONSTRUCTION,39557626.33,,,,,,,,No,REEVES CONSTRUCTION CO,2026-06-04
2026-06-05,41Y725-,UNDER-CONSTRUCTION,0.0,,,,,,,,No,PNEUMATIC CONCRETE CO,2026-06-04
2026-06-05,421345-,COMPLETED-CONSTRUCTION,35966518.15,,89.94,,2024-11-21,2020-03-20,,2024-05-15,Yes,EAST COAST ASPHALT LLC,2026-06-04
2026-06-05,422120-,COMPLETED-CONSTRUCTION,80014666.34,,92.85,2020-05-31,2021-09-21,2015-07-31,,2019-09-26,No,THE SCRUGGS COMPANY,2026-06-04
2026-06-05,422125-,COMPLETED-CONSTRUCTION,2289050.5399999996,,92.85,2020-05-31,2021-09-21,2015-07-31,,2019-09-26,No,THE SCRUGGS COMPANY,2026-06-04
2026-06-05,422380-,UNDER-CONSTRUCTION,56771146.07,,75.45,2027-03-09,,2022-09-02,,,No,THE SCRUGGS COMPANY,2026-06-04
2026-06-05,422390-,UNDER-CONSTRUCTION,60911481.66,,3.83,2028-07-31,,2025-08-01,,,Yes,THE SCRUGGS COMPANY,2026-06-04
2026-06-05,422470-,COMPLETED-CONSTRUCTION,34374359.92,,99.98,,,2020-08-21,,2024-07-15,Yes,REEVES CONSTRUCTION CO,2026-06-04
2026-06-05,430770-,UNDER-CONSTRUCTION,0.0,,,,,,,,No,REAMES & SON CST COMPANY,2026-06-04
2026-06-05,431830-,COMPLETED-CONSTRUCTION,43106777.64,,86.91,2020-05-31,2020-12-07,2016-03-18,,2020-05-31,No,EAST COAST ASPHALT LLC,2026-06-04
2026-06-05,442951-,COMPLETED-CONSTRUCTION,10881968.57,,95.75,,2021-05-25,2017-11-17,,2020-05-28,No,OXFORD CONSTRUCTION CO,2026-06-04
2026-06-05,470697-,PRE-CONSTRUCTION,3958398.44,,,,,,,,No,,2026-06-04
2026-06-05,470840-,PRE-CONSTRUCTION,1500378.88,,,,,,,,No,,2026-06-04
2026-06-05,470843-,PRE-CONSTRUCTION,3234051.12,,,,,,,,No,,2026-06-04
2026-06-05,470850-,PRE-CONSTRUCTION,3969098.16,,,,,,,,No,,2026-06-04
2026-06-05,470920-,PRE-CONSTRUCTION,3969098.16,,,,,,,,No,,2026-06-04
2026-06-05,470960-,PRE-CONSTRUCTION,3683995.69,,,,,,,,No,,2026-06-04
2026-06-05,471120-,UNDER-CONSTRUCTION,0.0,,,,,,,,No,,2026-06-04
2026-06-05,490415-,UNDER-CONSTRUCTION,0.0,,,,,,,,No,Randolph County,2026-06-04
2026-06-05,511025-,PRE-CONSTRUCTION,54575000.0,,,,,,,,No,,2026-06-04
2026-06-05,511072-,PRE-CONSTRUCTION,78656029.56,,,,,,,,No,,2026-06-04
2026-06-05,511081-,PRE-CONSTRUCTION,233799939.36,,,,,,,,No,,2026-06-04
2026-06-05,511083-,PRE-CONSTRUCTION,83412994.32,,,,,,,,No,,2026-06-04
2026-06-05,511085-,PRE-CONSTRUCTION,70854755.4,,,,,,,,No,,2026-06-04
2026-06-05,511095-,PRE-CONSTRUCTION,166954152.28,,,,,,,,No,,2026-06-04
2026-06-05,511105-,PRE-CONSTRUCTION,61722826.2,,,,,,,,No,,2026-06-04
2026-06-05,511115-,PRE-CONSTRUCTION,222534074.52,,,,,,,,No,,2026-06-04
2026-06-05,511125-,PRE-CONSTRUCTION,54000000.0,,,,,,,,No,,2026-06-04
2026-06-05,511135-,PRE-CONSTRUCTION,105572725.92,,,,,,,,No,,2026-06-04
2026-06-05,511145-,PRE-CONSTRUCTION,252456764.97000003,,,,,,,,No,,2026-06-04
2026-06-05,511155-,PRE-CONSTRUCTION,222534074.52,,,,,,,,No,,2026-06-04
2026-06-05,51Y060-,UNDER-CONSTRUCTION,0.0,,,,,,,,No,R B BAKER CST,2026-06-04
2026-06-05,521855-,COMPLETED-CONSTRUCTION,89356483.07000001,,49.75,2027-06-05,,2023-05-05,2024-06-10,,No,ASTRA GROUP LLC,2026-06-04
2026-06-05,522105-,UNDER-CONSTRUCTION,18750000.0,,,,,,,,No,MCLENDON ENTERPRISES INC,2026-06-04
2026-06-05,522180-,COMPLETED-CONSTRUCTION,24945847.770000003,,94.96,,,2020-10-16,,2024-10-11,Yes,EVERETT DYKES GRASSING CO,2026-06-04
2026-06-05,522190-,UNDER-CONSTRUCTION,36878286.65,,82.35000000000001,,,2020-06-19,,,Yes,EAST COAST ASPHALT LLC,2026-06-04
2026-06-05,522200-,UNDER-CONSTRUCTION,48304519.02,,74.14,2026-05-31,,2024-05-07,,,Yes,MCLENDON ENTERPRISES INC,2026-06-04
2026-06-05,522220-,COMPLETED-CONSTRUCTION,83102140.18,,99.19,,2023-10-11,2020-04-17,,2023-05-16,Yes,UNITED INFRASTRUCTURE GRP,2026-06-04
2026-06-05,522460-,COMPLETED-CONSTRUCTION,62085663.58,,79.89,,2023-07-24,2018-08-17,,2020-10-05,No,REEVES CONSTRUCTION CO,2026-06-04
2026-06-05,522570-,UNDER-CONSTRUCTION,38720746.55,,55.34,2027-12-20,,2024-11-01,,,No,REEVES CONSTRUCTION CO,2026-06-04
2026-06-05,522770-,COMPLETED-CONSTRUCTION,29464645.1,,91.92,2019-09-11,,2015-07-02,,2020-04-12,No,LITTLEFIELD CST COMPANY,2026-06-04
2026-06-05,522775-,COMPLETED-CONSTRUCTION,4610669.04,,91.92,2019-09-11,2022-09-21,2015-07-02,,2020-04-12,No,LITTLEFIELD CST COMPANY,2026-06-04
2026-06-05,522780-,COMPLETED-CONSTRUCTION,46472341.650000006,,90.31,,2022-01-18,2015-11-20,,2019-10-06,No,EAST COAST ASPHALT LLC,2026-06-04
2026-06-05,522790-,COMPLETED-CONSTRUCTION,29597867.85,,99.25,,,2017-07-21,,2022-08-25,No,BALFOUR BEATTY INFRASTRUC,2026-06-04
2026-06-05,522855-,PRE-CONSTRUCTION,2200000.0,,,,,,,,No,,2026-06-04
2026-06-05,530842-,UNDER-CONSTRUCTION,0.0,,,,,,,,No,Chatham County,2026-06-04
2026-06-05,532340-,PRE-CONSTRUCTION,5142611.91,,,,,,,,No,,2026-06-04
2026-06-05,532370-,COMPLETED-CONSTRUCTION,38686097.85,,93.22,,2022-11-04,2018-04-20,,2021-10-10,No,PREFERRED MATERIALS INC,2026-06-04
2026-06-05,532650-,UNDER-CONSTRUCTION,24728391.22,,70.69,2026-11-11,,2023-10-06,,,No,PLANT IMPROVEMENT CO INC,2026-06-04
2026-06-05,541985-,PRE-CONSTRUCTION,4615616.55,,,,,,,,No,,2026-06-04
2026-06-05,550593-,UNDER-CONSTRUCTION,8233167.84,,,,,,,,No,DOUGLAS ASPHALT CO,2026-06-04
2026-06-05,570720-,COMPLETED-CONSTRUCTION,1649082.72,,94.94,2021-05-25,2021-07-29,2020-06-19,,2021-06-30,No,SOUTHERN CONCRETE CST CO,2026-06-04
2026-06-05,570740-,PRE-CONSTRUCTION,4942866.9399999995,,,,,,,,No,,2026-06-04
2026-06-05,570770-,PRE-CONSTRUCTION,3748314.19,,,,,,,,No,,2026-06-04
2026-06-05,570920-,PRE-CONSTRUCTION,3594462.48,,,,,,,,No,,2026-06-04
2026-06-05,570940-,COMPLETED-CONSTRUCTION,931762.78,,96.33,2020-03-06,2020-06-25,2019-05-17,,2020-03-31,No,SOUTHERN CONCRETE CST CO,2026-06-04
2026-06-05,570941-,PRE-CONSTRUCTION,5594705.16,,,,,,,,No,,2026-06-04
2026-06-05,570943-,COMPLETED-CONSTRUCTION,2294913.35,,97.5,2021-11-30,2022-08-30,2021-02-19,,2022-03-31,No,UNDERGROUND EXCAVATING,2026-06-04
2026-06-05,571340-,UNDER-CONSTRUCTION,0.0,,,,,,,,No,,2026-06-04
2026-06-05,57Y340-,UNDER-CONSTRUCTION,0.0,,,,,,,,No,,2026-06-04
2026-06-05,57Y395-,UNDER-CONSTRUCTION,0.0,,,,,,,,No,NORFOLK SOUTHERN RR & DOT,2026-06-04
2026-06-05,5H0015-,UNDER-CONSTRUCTION,0.0,,,,,,,,No,Chatham County,2026-06-04
2026-06-05,5H0025-,UNDER-CONSTRUCTION,0.0,,,,,,,,No,Chatham County,2026-06-04
2026-06-05,5H0040-,UNDER-CONSTRUCTION,0.0,,,,,,,,No,Chatham County,2026-06-04
2026-06-05,5H0045-,UNDER-CONSTRUCTION,0.0,,,,,,,,No,Chatham County,2026-06-04
2026-06-05,610890-,COMPLETED-CONSTRUCTION,26576353.770000003,,96.03,,2020-01-24,2015-10-16,,2019-07-14,No,C W Matthews Contracting,2026-06-04
2026-06-05,611010-,PRE-CONSTRUCTION,38435521.0,,,,,,,,No,,2026-06-04
2026-06-05,61Y240-,UNDER-CONSTRUCTION,0.0,,,,,,,,No,THE L C WHITFORD CO,2026-06-04
2026-06-05,621082-,PRE-CONSTRUCTION,45117574.14,,,,,,,,No,,2026-06-04
2026-06-05,621410-,UNDER-CONSTRUCTION,98837785.79,,92.7,,,2020-06-19,,,No,C W Matthews Contracting,2026-06-04
2026-06-05,621490-,PRE-CONSTRUCTION,63008224.05,,,,,,,,No,,2026-06-04
2026-06-05,621530-,COMPLETED-CONSTRUCTION,56538772.59,,99.94,,2023-11-20,2017-03-17,,2022-03-14,No,C W Matthews Contracting,2026-06-04
2026-06-05,621595-,COMPLETED-CONSTRUCTION,11033263.58,,89.85000000000001,,2022-03-15,2018-09-21,,2020-08-28,No,VERTICAL EARTH INC,2026-06-04
2026-06-05,621720-,PRE-CONSTRUCTION,90087339.48,,,,,,,,No,,2026-06-04
2026-06-05,621730-,PRE-CONSTRUCTION,54166267.84,,,,,,,,No,,2026-06-04
2026-06-05,621740-,PRE-CONSTRUCTION,6192000.0,,,,,,,,No,,2026-06-04
2026-06-05,631260-,COMPLETED-CONSTRUCTION,13969227.17,,96.13,,,2019-04-19,,2021-12-07,No,C W Matthews Contracting,2026-06-04
2026-06-05,631270-,PRE-CONSTRUCTION,1532000.0,,,,,,,,No,,2026-06-04
2026-06-05,631490-,COMPLETED-CONSTRUCTION,38392338.85,,91.41,,,2022-05-26,,2026-01-12,No,ASTRA GROUP LLC,2026-06-04
2026-06-05,631550-,PRE-CONSTRUCTION,19583265.03,,,,,,,,No,,2026-06-04
2026-06-05,632670-,PRE-CONSTRUCTION,70484804.66,,,,,,,,No,,2026-06-04
2026-06-05,632710-,PRE-CONSTRUCTION,525000.0,,,,,,,,No,,2026-06-04
2026-06-05,632810-,PRE-CONSTRUCTION,51956246.879999995,,,,,,,,No,,2026-06-04
2026-06-05,632885-,COMPLETED-CONSTRUCTION,6235140.44,,93.63,,2022-01-04,2021-02-19,,2021-10-31,No,NORTHWEST GA PAVING INC,2026-06-04
2026-06-05,641900-,PRE-CONSTRUCTION,44707726.19,,,,,,,,No,,2026-06-04
2026-06-05,642040-,PRE-CONSTRUCTION,10964911.08,,,,,,,,No,,2026-06-04
2026-06-05,642170-,COMPLETED-CONSTRUCTION,7440495.82,,97.12,,2024-11-25,2022-04-06,,2024-08-20,No,TALLEY CST CO INC,2026-06-04
2026-06-05,642260-,PRE-CONSTRUCTION,28055745.99,,,,,,,,No,,2026-06-04
2026-06-05,650540-,UNDER-CONSTRUCTION,24668331.94,,30.49,2026-10-24,,2023-05-05,,,No,C W Matthews Contracting,2026-06-04
2026-06-05,661950-,PRE-CONSTRUCTION,222106853.24,,,,,,,,No,,2026-06-04
2026-06-05,662340-,UNDER-CONSTRUCTION,0.0,,,,,,,,No,C W Matthews Contracting,2026-06-04
2026-06-05,662420-,PRE-CONSTRUCTION,210361897.68,,,,,,,,No,,2026-06-04
2026-06-05,662510-,COMPLETED-CONSTRUCTION,64666647.92,,99.59,2021-05-31,,2016-04-22,,2021-06-30,No,WRIGHT BROS CST CO INC,2026-06-04
2026-06-05,712520-,PRE-CONSTRUCTION,167867829.71,,,,,,,,No,,2026-06-04
2026-06-05,712804-,UNDER-CONSTRUCTION,0.0,,,,,,,,No,SHEPHERD-SNELL & ROGERS,2026-06-04
2026-06-05,713210-,COMPLETED-CONSTRUCTION,89274364.19000001,,99.02,2020-01-28,2022-07-07,2019-04-19,,2022-04-10,No,ARCHER WESTERN CST LLC,2026-06-04
2026-06-05,713300-,UNDER-CONSTRUCTION,129695999.53,,51.03,,,2022-05-06,,,No,C W Matthews Contracting,2026-06-04
2026-06-05,71Y272-,UNDER-CONSTRUCTION,0.0,,,,,,,,No,SHEPHERD CST & ROGERS B,2026-06-04
2026-06-05,71Y804-,UNDER-CONSTRUCTION,0.0,,,,,,,,No,SHEPHERD-SNELL & ROGERS,2026-06-04
2026-06-05,71Y910-,UNDER-CONSTRUCTION,0.0,,,,,,,,No,COMANCHE CST INC,2026-06-04
2026-06-05,720670-,UNDER-CONSTRUCTION,0.0,,,,,,,,No,APAC-GEORGIA INC,2026-06-04
2026-06-05,720792-,UNDER-CONSTRUCTION,0.0,,,,,,,,No,BATSON-COOK OF ATL.-INC,2026-06-04
2026-06-05,720970-,COMPLETED-CONSTRUCTION,38202012.85,,97.42,2020-11-30,,2014-05-02,,2024-03-29,No,C W Matthews Contracting,2026-06-04
2026-06-05,721000-,PRE-CONSTRUCTION,64175649.900000006,,,,,,,,No,,2026-06-04
2026-06-05,721010-,PRE-CONSTRUCTION,96880773.89,,,,,,,,No,,2026-06-04
2026-06-05,721290-,UNDER-CONSTRUCTION,97738916.65,,44.65,2026-07-31,,2023-06-02,,,No,C W Matthews Contracting,2026-06-04
2026-06-05,721440-,COMPLETED-CONSTRUCTION,71121408.7,,95.61,,,2017-02-17,,2024-08-10,No,C W Matthews Contracting,2026-06-04
2026-06-05,721540-,UNDER-CONSTRUCTION,0.0,,,,,,,,No,MARTA,2026-06-04
2026-06-05,721770-,PRE-CONSTRUCTION,36722694.94,,,,,,,,No,,2026-06-04
2026-06-05,721780-,UNDER-CONSTRUCTION,56082581.53,,81.89,,,2020-11-20,,,No,CMES INC,2026-06-04
2026-06-05,721790-,UNDER-CONSTRUCTION,32594365.119999997,,81.89,,,2020-11-20,,,No,CMES INC,2026-06-04
2026-06-05,722030-,COMPLETED-CONSTRUCTION,45925222.51,,94.76,,,2019-09-20,,2024-05-19,No,C W Matthews Contracting,2026-06-04
2026-06-05,731048-,UNDER-CONSTRUCTION,109910220.48,,21.71,2028-07-21,,2024-07-05,,,No,PITTMAN CONSTRUCTION CO,2026-06-04
2026-06-05,731830-,COMPLETED-CONSTRUCTION,8768519.27,,89.9,2021-05-25,,2019-04-19,,2024-11-02,No,CMES INC,2026-06-04
2026-06-05,731865-,COMPLETED-CONSTRUCTION,21588083.32,,99.07,,,2018-12-14,,2024-05-31,No,C W Matthews Contracting,2026-06-04
2026-06-05,742710-,UNDER-CONSTRUCTION,0.0,,,,,,,,No,PITTMAN CONSTRUCTION CO,2026-06-04
2026-06-05,742870-,PRE-CONSTRUCTION,77769972.85,,,,,,,,No,,2026-06-04
2026-06-05,750530-,UNKNOWN,0.0,,,,,,,,No,,2026-06-04
2026-06-05,751230-,PRE-CONSTRUCTION,20900000.0,,,,,,,,No,,2026-06-04
2026-06-05,751420-,PRE-CONSTRUCTION,20511564.2,,,,,,,,No,,2026-06-04
2026-06-05,751770-,UNDER-CONSTRUCTION,41927701.8,,37.76,,,2021-08-20,,,No,CW MATTHEWS CONTRACTING C,2026-06-04
2026-06-05,751775-,UNDER-CONSTRUCTION,28278577.09,,44.03,,,2021-08-20,,,No,CW MATTHEWS CONTRACTING C,2026-06-04
2026-06-05,751810-,COMPLETED-CONSTRUCTION,5445887.449999999,,100.0,,2021-09-13,2017-02-21,,2020-07-10,No,BALDWIN PAVING,2026-06-04
2026-06-05,751850-,PRE-CONSTRUCTION,27083000.0,,,,,,,,No,,2026-06-04
2026-06-05,751910-,PRE-CONSTRUCTION,596000.0,,,,,,,,No,,2026-06-04
2026-06-05,752180-,PRE-CONSTRUCTION,25205000.0,,,,,,,,No,,2026-06-04
2026-06-05,752210-,PRE-CONSTRUCTION,28710495.01,,,,,,,,No,,2026-06-04
2026-06-05,76Y595-,UNDER-CONSTRUCTION,0.0,,,,,,,,No,3-D BRIDGE PAINTING,2026-06-04
2026-06-05,770271-,PRE-CONSTRUCTION,185000.0,,,,,,,,No,,2026-06-04
2026-06-05,770944-,UNDER-CONSTRUCTION,0.0,,,,,,,,No,DEKALB COUNTY & DOT,2026-06-04
2026-06-05,770975-,UNDER-CONSTRUCTION,0.0,,,,,,,,No,City of Douglasville,2026-06-04
2026-06-05,771100-,UNKNOWN,0.0,,,,,,,,No,,2026-06-04
2026-06-05,771248-,UNKNOWN,0.0,,,,,,,,No,,2026-06-04
2026-06-05,780580-,UNDER-CONSTRUCTION,0.0,,,,,,,,No,APAC-GEORGIA INC,2026-06-04
2026-06-05,M000348,UNDER-CONSTRUCTION,213226.35,,,,,,,,No,APAC GEORGIA INC,2026-06-04
2026-06-05,M002432,UNKNOWN,0.0,,,,,,,,No,,2026-06-04
2026-06-05,M002484,UNDER-CONSTRUCTION,0.0,,,,,,,,No,DOT,2026-06-04
2026-06-05,M002485,UNDER-CONSTRUCTION,0.0,,,,,,,,No,GDOT,2026-06-04
2026-06-05,M002491,UNDER-CONSTRUCTION,0.0,,,,,,,,No,DOT,2026-06-04
2026-06-05,M002492,UNDER-CONSTRUCTION,0.0,,,,,,,,No,DOT,2026-06-04
2026-06-05,M002497,UNDER-CONSTRUCTION,0.0,,,,,,,,No,DOT,2026-06-04
2026-06-05,M002681,UNDER-CONSTRUCTION,0.0,,,,,,,,No,DOT,2026-06-04
2026-06-05,M002793,UNDER-CONSTRUCTION,0.0,,,,,,,,No,DOT,2026-06-04
2026-06-05,M003308,COMPLETED-CONSTRUCTION,98205527.32,,98.13,,2022-08-24,2016-04-22,,2021-07-14,No,ARCHER WESTERN CONTRACTOR,2026-06-04
2026-06-05,M003521,UNDER-CONSTRUCTION,0.0,,,,,,,,No,DOT,2026-06-04
2026-06-05,M003681,UNDER-CONSTRUCTION,0.0,,,,,,,,No,DOT,2026-06-04
2026-06-05,M003686,UNDER-CONSTRUCTION,0.0,,,,,,,,No,,2026-06-04
2026-06-05,M003688,PRE-CONSTRUCTION,15975000.0,,,,,,,,No,,2026-06-04
2026-06-05,M004059,PRE-CONSTRUCTION,28755.0,,,,,,,,No,,2026-06-04
2026-06-05,M004114,UNKNOWN,13931.86,,,,,,,,No,,2026-06-04
2026-06-05,M004115,UNKNOWN,8906.48,,,,,,,,No,,2026-06-04
2026-06-05,M004116,UNKNOWN,19061.16,,,,,,,,No,,2026-06-04
2026-06-05,M004117,UNKNOWN,16660.87,,,,,,,,No,,2026-06-04
2026-06-05,M004417,COMPLETED-CONSTRUCTION,37804590.24,,90.37,2025-02-14,,2023-12-29,2025-02-23,,No,E R SNELL CONTRACTOR INC,2026-06-04
2026-06-05,M004473,UNDER-CONSTRUCTION,82000.0,,,,,,,,No,DIXIE ROADBUILDERS INC,2026-06-04
2026-06-05,M004474,UNDER-CONSTRUCTION,77440.1,,,,,,,,No,Colditz Trucking,2026-06-04
2026-06-05,M004475,UNDER-CONSTRUCTION,77000.0,,,,,,,,No,"DIXIE ROADBUILDERS, INC",2026-06-04
2026-06-05,M004512,PRE-CONSTRUCTION,2750693.0,,,,,,,,No,,2026-06-04
2026-06-05,M004513,PRE-CONSTRUCTION,980919.0,,,,,,,,No,,2026-06-04
2026-06-05,M004514,PRE-CONSTRUCTION,1158781.0,,,,,,,,No,,2026-06-04
2026-06-05,M004515,PRE-CONSTRUCTION,5298686.0,,,,,,,,No,,2026-06-04
2026-06-05,M004516,PRE-CONSTRUCTION,7727885.0,,,,,,,,No,,2026-06-04
2026-06-05,M004517,PRE-CONSTRUCTION,6943886.0,,,,,,,,No,,2026-06-04
2026-06-05,M004518,PRE-CONSTRUCTION,2127644.0,,,,,,,,No,,2026-06-04
2026-06-05,M004519,PRE-CONSTRUCTION,2919222.0,,,,,,,,No,,2026-06-04
2026-06-05,M004520,PRE-CONSTRUCTION,5803985.0,,,,,,,,No,,2026-06-04
2026-06-05,M004521,PRE-CONSTRUCTION,3831907.0,,,,,,,,No,,2026-06-04
2026-06-05,M004522,PRE-CONSTRUCTION,63007.74,,,,,,,,No,,2026-06-04
2026-06-05,M004538,PRE-CONSTRUCTION,144940.25,,,,,,,,No,,2026-06-04
2026-06-05,M004629,PRE-CONSTRUCTION,799228.45,,,,,,,,No,,2026-06-04
2026-06-05,M004721,COMPLETED-CONSTRUCTION,2672417.65,,97.75,,2019-10-21,2018-12-14,,2019-08-31,No,TIC - THE INDUSTRIAL CO,2026-06-04
2026-06-05,M004804,COMPLETED-CONSTRUCTION,2050491.39,,95.59,,2022-08-22,2021-06-18,,2022-06-15,No,REEVES CONSTRUCTION CO,2026-06-04
2026-06-05,M004805,COMPLETED-CONSTRUCTION,20777301.93,,88.73,,2024-06-13,2018-05-18,,2019-10-20,No,REEVES CONSTRUCTION CO,2026-06-04
2026-06-05,M004808,COMPLETED-CONSTRUCTION,19231713.0,,96.25,,2021-06-22,2020-02-21,,2021-01-31,No,C W Matthews Contracting,2026-06-04
2026-06-05,M004812,PRE-CONSTRUCTION,713541.81,,,,,,,,No,,2026-06-04
2026-06-05,M004817,PRE-CONSTRUCTION,4120569.6,,,,,,,,No,,2026-06-04
2026-06-05,M004819,COMPLETED-CONSTRUCTION,4006069.0,,90.72,2023-12-31,,2023-02-03,2024-01-13,2024-01-13,No,REEVES CONSTRUCTION CO,2026-06-04
2026-06-05,M004823,PRE-CONSTRUCTION,33112.0,,,,,,,,No,,2026-06-04
2026-06-05,M004828,COMPLETED-CONSTRUCTION,4978509.73,,93.98,,2023-06-21,2021-11-05,,2022-10-06,No,REEVES CONSTRUCTION CO,2026-06-04
2026-06-05,M004842,COMPLETED-CONSTRUCTION,805580.95,,99.43,,2023-05-09,2022-04-01,,2023-02-28,No,C W Matthews Contracting,2026-06-04
2026-06-05,M004845,COMPLETED-CONSTRUCTION,4271457.11,,90.47,2020-08-12,2021-06-03,2019-08-16,,2021-03-10,No,C AND H PAVING INC,2026-06-04
2026-06-05,M004850,PRE-CONSTRUCTION,1762906.6,,,,,,,,No,,2026-06-04
2026-06-05,M004853,COMPLETED-CONSTRUCTION,2498550.38,,96.83,2021-04-05,2021-09-01,2020-04-17,,2021-03-31,No,EVERETT DYKES GRASSING CO,2026-06-04
2026-06-05,M004854,PRE-CONSTRUCTION,993351.6,,,,,,,,No,,2026-06-04
2026-06-05,M004855,PRE-CONSTRUCTION,2162967.0,,,,,,,,No,,2026-06-04
2026-06-05,M004857,PRE-CONSTRUCTION,732963.0,,,,,,,,No,,2026-06-04
2026-06-05,M004863,PRE-CONSTRUCTION,518145.0,,,,,,,,No,,2026-06-04
2026-06-05,M004879,COMPLETED-CONSTRUCTION,768156.76,,84.88,,,2020-02-21,,2021-01-31,No,BALDWIN PAVING CO INC,2026-06-04
2026-06-05,M004921,COMPLETED-CONSTRUCTION,29573327.69,,93.45,,2020-10-22,2018-12-14,,2019-11-30,No,C W  MATTHEWS CONTRACTING,2026-06-04
2026-06-05,M004922,COMPLETED-CONSTRUCTION,35553272.269999996,,94.8,,2020-02-17,2018-04-20,,2019-07-31,No,C W Matthews Contracting,2026-06-04
2026-06-05,M004935,COMPLETED-CONSTRUCTION,2531684.11,,86.69,,2021-01-25,2019-06-21,,2020-11-16,No,C W Matthews Contracting,2026-06-04
2026-06-05,M004941,COMPLETED-CONSTRUCTION,3932616.1,,88.12,,2022-06-14,2021-02-19,,2022-03-26,No,E R SNELL CONTRACTOR INC,2026-06-04
2026-06-05,M004944,PRE-CONSTRUCTION,274230.0,,,,,,,,No,,2026-06-04
2026-06-05,M004945,PRE-CONSTRUCTION,426771.0,,,,,,,,No,,2026-06-04
2026-06-05,M004952,COMPLETED-CONSTRUCTION,1979610.38,,94.21,,2022-03-15,2021-01-22,,2021-12-31,No,REEVES CONSTRUCTION CO,2026-06-04
2026-06-05,M004957,PRE-CONSTRUCTION,603306.0,,,,,,,,No,,2026-06-04
2026-06-05,M004959,COMPLETED-CONSTRUCTION,4851940.18,,94.45,,2021-04-29,2018-12-14,,2020-03-28,No,E R SNELL CONTRACTOR INC,2026-06-04
2026-06-05,M004960,COMPLETED-CONSTRUCTION,312004.23,,96.59,,2020-02-05,2019-06-21,,2020-01-15,No,C W Matthews Contracting,2026-06-04
2026-06-05,M004962,COMPLETED-CONSTRUCTION,5257336.97,,74.82000000000001,2023-08-23,,2022-07-01,2023-09-12,2023-09-12,No,REEVES CONSTRUCTION CO,2026-06-04
2026-06-05,M004965,COMPLETED-CONSTRUCTION,5108757.54,,96.16,2023-09-30,,2022-11-04,2023-09-30,2023-09-30,No,C W Matthews Contracting,2026-06-04
2026-06-05,M004967,COMPLETED-CONSTRUCTION,1890167.92,,95.98,,2020-12-07,2019-03-22,,2020-08-31,No,C AND H PAVING INC,2026-06-04
2026-06-05,M004970,PRE-CONSTRUCTION,131131.0,,,,,,,,No,,2026-06-04
2026-06-05,M004974,COMPLETED-CONSTRUCTION,2682289.86,,98.83,,,2022-03-04,,2023-04-30,No,GRIFFIN GRADING &CONCRETE,2026-06-04
2026-06-05,M004984,PRE-CONSTRUCTION,847709.0,,,,,,,,No,,2026-06-04
2026-06-05,M004987,PRE-CONSTRUCTION,2260779.0,,,,,,,,No,,2026-06-04
2026-06-05,M004990,COMPLETED-CONSTRUCTION,1887365.07,,92.36,2020-07-31,2022-04-22,2019-06-16,,2020-07-30,No,THE SCRUGGS COMPANY,2026-06-04
2026-06-05,M004997,COMPLETED-CONSTRUCTION,1336965.96,,91.22,,2020-03-11,2019-03-22,,2020-02-06,No,LITTLEFIELD CST CO,2026-06-04
2026-06-05,M004999,PRE-CONSTRUCTION,338479.59,,,,,,,,No,,2026-06-04
2026-06-05,M005001,COMPLETED-CONSTRUCTION,3266148.76,,97.02,2021-09-01,2022-10-24,2021-02-05,,2021-12-31,No,C W Matthews Contracting,2026-06-04
2026-06-05,M005002,COMPLETED-CONSTRUCTION,1812830.91,,,2024-01-31,,2023-03-03,2024-01-31,0204-09-03,No,C W Matthews Contracting,2026-06-04
2026-06-05,M005003,COMPLETED-CONSTRUCTION,3995798.94,,99.56,,2019-12-18,2018-07-20,,2019-07-30,No,C W Matthews Contracting,2026-06-04
2026-06-05,M005004,COMPLETED-CONSTRUCTION,5144109.19,,93.42,,2021-09-28,2018-11-30,,2019-09-18,No,C W Matthews Contracting,2026-06-04
2026-06-05,M005012,PRE-CONSTRUCTION,2450000.0,,,,,,,,No,,2026-06-04
2026-06-05,M005017,PRE-CONSTRUCTION,823112.0,,,,,,,,No,,2026-06-04
2026-06-05,M005021,PRE-CONSTRUCTION,2566158.3,,,,,,,,No,,2026-06-04
2026-06-05,M005023,PRE-CONSTRUCTION,1875550.0,,,,,,,,No,,2026-06-04
2026-06-05,M005024,PRE-CONSTRUCTION,4460840.0,,,,,,,,No,,2026-06-04
2026-06-05,M005025,PRE-CONSTRUCTION,392861.0,,,,,,,,No,,2026-06-04
2026-06-05,M005026,PRE-CONSTRUCTION,27613.0,,,,,,,,No,,2026-06-04
2026-06-05,M005033,COMPLETED-CONSTRUCTION,622870.89,,78.44,2023-05-31,2023-11-14,2022-07-01,2023-05-31,2023-05-31,No,REAMES & SON CST CO INC,2026-06-04
2026-06-05,M005037,COMPLETED-CONSTRUCTION,3855797.9,,79.19,2021-01-06,2021-05-17,2020-05-22,,2021-04-30,No,C AND H PAVING INC,2026-06-04
2026-06-05,M005039,PRE-CONSTRUCTION,18350.0,,,,,,,,No,,2026-06-04
2026-06-05,M005044,COMPLETED-CONSTRUCTION,6522379.22,,97.73,2023-11-30,,2023-01-06,2023-11-30,,No,REAMES & SON CST CO INC,2026-06-04
2026-06-05,M005046,COMPLETED-CONSTRUCTION,2209550.78,,96.04,,2021-09-28,2020-01-17,,2021-05-07,No,REEVES CONSTRUCTION CO,2026-06-04
2026-06-05,M005047,PRE-CONSTRUCTION,378945.0,,,,,,,,No,,2026-06-04
2026-06-05,M005051,COMPLETED-CONSTRUCTION,1136455.78,,97.56,,2020-09-17,2019-08-16,,2020-07-31,No,OXFORD CONSTRUCTION CO,2026-06-04
2026-06-05,M005056,COMPLETED-CONSTRUCTION,5323220.98,,96.41,2019-02-15,2020-02-13,2018-04-20,,2019-06-30,No,E R SNELL CONTRACTOR INC,2026-06-04
2026-06-05,M005057,PRE-CONSTRUCTION,210720.0,,,,,,,,No,,2026-06-04
2026-06-05,M005059,COMPLETED-CONSTRUCTION,985594.41,,94.33,2021-07-18,2021-11-19,2020-08-21,,2021-09-29,No,OXFORD CONSTRUCTION CO,2026-06-04
2026-06-05,M005062,PRE-CONSTRUCTION,42134.0,,,,,,,,No,,2026-06-04
2026-06-05,M005065,COMPLETED-CONSTRUCTION,3026787.23,,93.45,2019-07-09,2020-06-17,2018-12-14,,2019-11-14,No,PITTMAN CONSTRUCTION CO,2026-06-04
2026-06-05,M005066,COMPLETED-CONSTRUCTION,5086685.44,,97.05,,2025-03-06,2021-11-05,,2022-10-30,No,REEVES CONSTRUCTION CO,2026-06-04
2026-06-05,M005070,COMPLETED-CONSTRUCTION,4124722.58,,99.11,,2020-06-25,2018-09-21,,2019-09-27,No,REEVES CONSTRUCTION CO,2026-06-04
2026-06-05,M005071,COMPLETED-CONSTRUCTION,539298.06,,97.42,,2019-10-23,2018-11-02,,2019-08-05,No,EVERETT DYKES GRASSING CO,2026-06-04
2026-06-05,M005074,UNDER-CONSTRUCTION,6681499.45,,89.41,2026-06-30,,2025-08-01,,,No,THE SCRUGGS COMPANY,2026-06-04
2026-06-05,M005075,COMPLETED-CONSTRUCTION,336354.52,,81.68,,2020-03-11,2017-12-15,,2019-06-24,No,ROBINSON PAVING COMPANY,2026-06-04
2026-06-05,M005081,COMPLETED-CONSTRUCTION,1524846.56,,91.21,2020-01-16,2020-11-03,2019-03-22,,2020-03-11,No,EVERETT DYKES GRASSING CO,2026-06-04
2026-06-05,M005085,COMPLETED-CONSTRUCTION,2569717.05,,83.60000000000001,2019-03-03,2021-08-24,2018-08-17,,2019-07-31,No,ROBINSON PAVING COMPANY,2026-06-04
2026-06-05,M005086,COMPLETED-CONSTRUCTION,4333994.85,,90.52,,2022-03-17,2019-12-20,,2021-03-05,No,ROBINSON PAVING COMPANY,2026-06-04
2026-06-05,M005089,PRE-CONSTRUCTION,52153.0,,,,,,,,No,,2026-06-04
2026-06-05,M005091,COMPLETED-CONSTRUCTION,4498035.4,,85.51,2025-07-07,,2024-05-31,2025-07-06,2026-04-14,No,OXFORD CONSTRUCTION CO,2026-06-04
2026-06-05,M005092,PRE-CONSTRUCTION,18653.0,,,,,,,,No,,2026-06-04
2026-06-05,M005093,PRE-CONSTRUCTION,390704.0,,,,,,,,No,,2026-06-04
2026-06-05,M005094,PRE-CONSTRUCTION,2277509.0,,,,,,,,No,,2026-06-04
2026-06-05,M005095,PRE-CONSTRUCTION,3046278.0,,,,,,,,No,,2026-06-04
2026-06-05,M005099,COMPLETED-CONSTRUCTION,732079.46,,91.69,2024-03-31,,2023-05-05,2024-03-31,,No,PITTMAN CONSTRUCTION CO,2026-06-04
2026-06-05,M005103,COMPLETED-CONSTRUCTION,3343690.28,,95.75,,2022-03-15,2020-05-22,,2021-04-14,No,C W Matthews Contracting,2026-06-04
2026-06-05,M005104,COMPLETED-CONSTRUCTION,1905462.58,,99.05,,2022-04-28,2020-08-21,,2021-08-27,No,THE SCRUGGS COMPANY,2026-06-04
2026-06-05,M005124,PRE-CONSTRUCTION,1895927.0,,,,,,,,No,,2026-06-04
2026-06-05,M005130,COMPLETED-CONSTRUCTION,1318017.07,,,2025-11-30,,2025-01-03,2025-11-30,,No,THE SCRUGGS COMPANY,2026-06-04
2026-06-05,M005131,PRE-CONSTRUCTION,1148311.97,,,,,,,,No,,2026-06-04
2026-06-05,M005132,PRE-CONSTRUCTION,450687.0,,,,,,,,No,,2026-06-04
2026-06-05,M005133,COMPLETED-CONSTRUCTION,5655556.49,,96.82,,2023-06-29,2021-03-05,,2022-10-31,No,REEVES CONSTRUCTION CO,2026-06-04
2026-06-05,M005140,PRE-CONSTRUCTION,237232.0,,,,,,,,No,,2026-06-04
2026-06-05,M005141,PRE-CONSTRUCTION,193159.0,,,,,,,,No,,2026-06-04
2026-06-05,M005142,COMPLETED-CONSTRUCTION,2524233.48,,96.63,2020-06-20,2020-12-15,2019-11-22,,2020-10-31,No,PITTMAN CONSTRUCTION CO,2026-06-04
2026-06-05,M005145,PRE-CONSTRUCTION,1986703.2,,,,,,,,No,,2026-06-04
2026-06-05,M005147,PRE-CONSTRUCTION,1618795.2,,,,,,,,No,,2026-06-04
2026-06-05,M005148,PRE-CONSTRUCTION,3197688.02,,,,,,,,No,,2026-06-04
2026-06-05,M005149,PRE-CONSTRUCTION,1223276.62,,,,,,,,No,,2026-06-04
2026-06-05,M005150,COMPLETED-CONSTRUCTION,3439971.26,,98.72,2022-02-01,2023-07-10,2021-04-16,,2022-03-31,No,C W Matthews Contracting,2026-06-04
2026-06-05,M005151,COMPLETED-CONSTRUCTION,2248872.53,,95.15,,2022-10-18,2021-12-03,,2022-10-03,No,PITTMAN CONSTRUCTION CO,2026-06-04
2026-06-05,M005152,PRE-CONSTRUCTION,2256531.0,,,,,,,,No,,2026-06-04
2026-06-05,M005153,PRE-CONSTRUCTION,623196.0,,,,,,,,No,,2026-06-04
2026-06-05,M005154,COMPLETED-CONSTRUCTION,1008652.51,,89.82000000000001,,2022-05-04,2021-03-19,,2022-02-28,No,PITTMAN CONSTRUCTION CO,2026-06-04
2026-06-05,M005157,COMPLETED-CONSTRUCTION,2090450.03,,98.36,,2023-03-02,2020-12-31,,2021-11-30,No,ROBINSON PAVING COMPANY,2026-06-04
2026-06-05,M005158,COMPLETED-CONSTRUCTION,2574109.15,,96.5,,,2021-04-30,,2022-03-31,No,ROBINSON PAVING COMPANY,2026-06-04
2026-06-05,M005159,UNDER-CONSTRUCTION,,,,2026-09-30,,2025-10-31,,,No,REEVES CONSTRUCTION CO,2026-06-04
2026-06-05,M005160,UNDER-CONSTRUCTION,3585026.51,,51.78,,,2022-04-01,,,No,ROBINSON PAVING COMPANY,2026-06-04
2026-06-05,M005161,PRE-CONSTRUCTION,0.0,,,,,,,,No,,2026-06-04
2026-06-05,M005165,PRE-CONSTRUCTION,,,,,,,,,No,,2026-06-04
2026-06-05,M005166,COMPLETED-CONSTRUCTION,854285.02,,83.75,,2022-08-30,2021-07-16,,2022-07-21,No,LITTLEFIELD CST CO,2026-06-04
2026-06-05,M005167,COMPLETED-CONSTRUCTION,2082192.03,,99.85,2019-08-18,2019-10-04,2018-09-21,,2019-08-14,No,REEVES CONSTRUCTION CO,2026-06-04
2026-06-05,M005168,PRE-CONSTRUCTION,867457.0,,,,,,,,No,,2026-06-04
2026-06-05,M005169,PRE-CONSTRUCTION,3050000.0,,,,,,,,No,,2026-06-04
2026-06-05,M005173,COMPLETED-CONSTRUCTION,4232390.6,,72.79,2023-05-31,2024-01-12,2022-07-01,2023-09-13,2023-09-13,No,THE SCRUGGS COMPANY,2026-06-04
2026-06-05,M005176,UNDER-CONSTRUCTION,3455824.99,,89.43,2026-05-31,,2025-06-27,,,No,THE SCRUGGS COMPANY,2026-06-04
2026-06-05,M005177,PRE-CONSTRUCTION,2264475.0,,,,,,,,No,,2026-06-04
2026-06-05,M005181,PRE-CONSTRUCTION,4526755.0,,,,,,,,No,,2026-06-04
2026-06-05,M005186,COMPLETED-CONSTRUCTION,1083115.98,,97.71,,2022-02-15,2020-11-20,,2021-11-12,No,THE SCRUGGS COMPANY,2026-06-04
2026-06-05,M005190,COMPLETED-CONSTRUCTION,3048740.42,,99.94,,2022-09-21,2019-07-19,,2020-06-30,No,C W Matthews Contracting,2026-06-04
2026-06-05,M005193,COMPLETED-CONSTRUCTION,3175867.65,,92.07,,2019-12-12,2018-11-30,,2019-10-11,No,OXFORD CONSTRUCTION CO,2026-06-04
2026-06-05,M005199,COMPLETED-CONSTRUCTION,14067768.01,,93.78,,2020-05-21,2019-01-18,,2019-12-31,No,C W MATTHEWS & E R SNELL,2026-06-04
2026-06-05,M005202,PRE-CONSTRUCTION,804787.25,,,,,,,,No,,2026-06-04
2026-06-05,M005203,PRE-CONSTRUCTION,1536000.54,,,,,,,,No,,2026-06-04
2026-06-05,M005204,COMPLETED-CONSTRUCTION,1868963.08,,100.0,2022-07-24,2023-10-11,2022-02-04,,2022-11-18,No,PITTMAN CONSTRUCTION CO,2026-06-04
2026-06-05,M005208,PRE-CONSTRUCTION,2449620.0,,,,,,,,No,,2026-06-04
2026-06-05,M005209,COMPLETED-CONSTRUCTION,4768402.81,,98.09,2019-10-09,2020-02-13,2018-08-17,,2019-10-28,No,EAST COAST ASPHALT LLC,2026-06-04
2026-06-05,M005210,UNDER-CONSTRUCTION,2282459.14,,94.87,2026-03-31,,2025-05-02,,,No,THE SCRUGGS COMPANY,2026-06-04
2026-06-05,M005212,PRE-CONSTRUCTION,846188.0,,,,,,,,No,,2026-06-04
2026-06-05,M005215,COMPLETED-CONSTRUCTION,3106311.35,,94.57,,2023-08-29,2021-06-04,,2022-08-03,No,ROBINSON PAVING COMPANY,2026-06-04
2026-06-05,M005216,UNDER-CONSTRUCTION,2638992.06,,,2026-10-31,,2025-12-05,,,No,EAST COAST ASPHALT INC,2026-06-04
2026-06-05,M005218,COMPLETED-CONSTRUCTION,2885225.0,,93.07,,2022-04-28,2020-03-20,,2021-06-01,No,ROBINSON PAVING COMPANY,2026-06-04
2026-06-05,M005220,COMPLETED-CONSTRUCTION,3639396.9,,97.15,,2021-02-02,2019-06-21,,2020-12-15,No,THE SCRUGGS COMPANY,2026-06-04
2026-06-05,M005241,COMPLETED-CONSTRUCTION,2673187.03,,98.24,,2020-12-01,2019-10-18,,2020-09-29,No,REEVES CONSTRUCTION CO,2026-06-04
2026-06-05,M005242,PRE-CONSTRUCTION,515071.0,,,,,,,,No,,2026-06-04
2026-06-05,M005243,COMPLETED-CONSTRUCTION,1200752.48,,81.34,2021-11-13,2022-10-04,2021-01-22,,2021-12-15,No,COLDITZ TRUCKING INC,2026-06-04
2026-06-05,M005245,COMPLETED-CONSTRUCTION,1382576.13,,95.01,,2023-01-17,2021-03-05,,2022-05-06,No,ROBINSON PAVING COMPANY,2026-06-04
2026-06-05,M005246,COMPLETED-CONSTRUCTION,3619750.0,,80.67,,2022-03-09,2017-08-18,,2020-04-30,No,AMERICAN INDUSTRIES INC,2026-06-04
2026-06-05,M005247,COMPLETED-CONSTRUCTION,3372385.24,,95.67,,2021-05-28,2019-06-21,,2020-11-12,No,C W Matthews Contracting,2026-06-04
2026-06-05,M005248,COMPLETED-CONSTRUCTION,8171025.2,,97.02,,2020-05-18,2019-04-19,,2020-03-31,No,ROBINSON PAVING COMPANY,2026-06-04
2026-06-05,M005249,PRE-CONSTRUCTION,1773542.0,,,,,,,,No,,2026-06-04
2026-06-05,M005250,PRE-CONSTRUCTION,1691775.0,,,,,,,,No,,2026-06-04
2026-06-05,M005251,COMPLETED-CONSTRUCTION,1537630.17,,94.41,2020-05-30,2020-08-25,2019-06-21,,2020-06-19,No,EAST COAST ASPHALT LLC,2026-06-04
2026-06-05,M005252,COMPLETED-CONSTRUCTION,3050200.0,,97.96,,2022-10-21,2021-09-02,,2022-08-24,No,REEVES CONSTRUCTION CO,2026-06-04
2026-06-05,M005253,COMPLETED-CONSTRUCTION,2754375.16,,99.35,,2021-01-15,2019-10-18,,2020-10-29,No,E R SNELL CONTRACTOR INC,2026-06-04
2026-06-05,M005254,PRE-CONSTRUCTION,25168.0,,,,,,,,No,,2026-06-04
2026-06-05,M005256,COMPLETED-CONSTRUCTION,2395258.22,,91.13,2021-05-30,2021-09-01,2020-05-22,,2021-04-30,No,C AND H PAVING INC,2026-06-04
2026-06-05,M005257,PRE-CONSTRUCTION,1597944.0,,,,,,,,No,,2026-06-04
2026-06-05,M005258,PRE-CONSTRUCTION,33715.0,,,,,,,,No,,2026-06-04
2026-06-05,M005260,PRE-CONSTRUCTION,17780.0,,,,,,,,No,,2026-06-04
2026-06-05,M005261,COMPLETED-CONSTRUCTION,1255416.63,,97.01,,2023-09-14,2021-04-05,,2022-02-09,No,C W Matthews Contracting,2026-06-04
2026-06-05,M005262,COMPLETED-CONSTRUCTION,4453645.5,,99.69,2023-09-30,,2022-11-04,2023-09-30,,No,C W Matthews Contracting,2026-06-04
2026-06-05,M005263,COMPLETED-CONSTRUCTION,2072809.87,,96.2,,2023-02-28,2020-07-17,,2021-09-02,No,ROBINSON PAVING COMPANY,2026-06-04
2026-06-05,M005264,COMPLETED-CONSTRUCTION,342513.73,,90.61,,2022-08-22,2021-12-03,,2022-06-27,No,OXFORD CONSTRUCTION CO,2026-06-04
2026-06-05,M005267,COMPLETED-CONSTRUCTION,3394690.42,,,2024-12-31,,2024-02-02,2024-08-13,2024-08-13,No,ROBINSON PAVING COMPANY,2026-06-04
2026-06-05,M005268,PRE-CONSTRUCTION,50221.0,,,,,,,,No,,2026-06-04
2026-06-05,M005272,PRE-CONSTRUCTION,111856.0,,,,,,,,No,,2026-06-04
2026-06-05,M005275,COMPLETED-CONSTRUCTION,321994.2,,94.68,,2022-01-04,2020-11-20,,2021-09-30,No,THE SCRUGGS COMPANY,2026-06-04
2026-06-05,M005276,PRE-CONSTRUCTION,263400.0,,,,,,,,No,,2026-06-04
2026-06-05,M005278,PRE-CONSTRUCTION,1307342.5,,,,,,,,No,,2026-06-04
2026-06-05,M005283,COMPLETED-CONSTRUCTION,4478385.65,,96.02,2025-10-31,,2024-12-06,2025-10-15,,No,C W Matthews Contracting,2026-06-04
2026-06-05,M005285,COMPLETED-CONSTRUCTION,2161589.98,,91.62,,2021-04-26,2019-12-20,,2020-11-30,No,THE SCRUGGS COMPANY,2026-06-04
2026-06-05,M005287,COMPLETED-CONSTRUCTION,2467343.07,,90.42,2019-05-11,2019-12-11,2018-02-16,,2019-06-07,No,AMERICAN INDUSTRIES INC,2026-06-04
2026-06-05,M005288,COMPLETED-CONSTRUCTION,5367293.22,,93.69,2024-08-31,2024-12-06,2023-10-06,2024-08-27,2024-08-27,No,REEVES CONSTRUCTION CO,2026-06-04
2026-06-05,M005289,UNDER-CONSTRUCTION,5288647.8,,,2027-02-28,,2026-04-03,,,No,E R  SNELL CONTRACTOR INC,2026-06-04
2026-06-05,M005291,UNDER-CONSTRUCTION,3619669.92,,,2027-02-28,,2026-04-03,,,No,CW MATTHEWS CONTRACTING,2026-06-04
2026-06-05,M005292,COMPLETED-CONSTRUCTION,4277869.65,,99.38,,2021-02-11,2018-09-21,,2019-12-03,No,C W Matthews Contracting,2026-06-04
2026-06-05,M005293,COMPLETED-CONSTRUCTION,415061.93,,93.31,,2019-08-01,2018-08-17,,2019-07-25,No,EAST COAST ASPHALT LLC,2026-06-04
2026-06-05,M005297,COMPLETED-CONSTRUCTION,759104.99,,79.10000000000001,,2021-09-13,2019-06-21,,2021-06-14,No,EAST COAST ASPHALT LLC,2026-06-04
2026-06-05,M005300,COMPLETED-CONSTRUCTION,5010880.07,,100.0,,2022-03-01,2020-05-22,,2021-04-30,No,C W Matthews Contracting,2026-06-04
2026-06-05,M005303,PRE-CONSTRUCTION,1941806.0,,,,,,,,No,,2026-06-04
2026-06-05,M005312,COMPLETED-CONSTRUCTION,3557985.9,,92.45,,2020-08-25,2019-08-16,,2020-06-30,No,REAMES & SON CST CO INC,2026-06-04
2026-06-05,M005318,PRE-CONSTRUCTION,2868912.0,,,,,,,,No,,2026-06-04
2026-06-05,M005323,PRE-CONSTRUCTION,296770.0,,,,,,,,No,,2026-06-04
2026-06-05,M005330,PRE-CONSTRUCTION,987205.7,,,,,,,,No,,2026-06-04
2026-06-05,M005331,PRE-CONSTRUCTION,777983.0,,,,,,,,No,,2026-06-04
2026-06-05,M005332,COMPLETED-CONSTRUCTION,548256.92,,96.8,,2021-10-28,2019-11-22,,2020-09-28,No,EVERETT DYKES GRASSING CO,2026-06-04
2026-06-05,M005333,COMPLETED-CONSTRUCTION,2842162.58,,93.96,,2021-06-14,2019-09-20,,2021-01-26,No,ROBINSON PAVING COMPANY,2026-06-04
2026-06-05,M005337,COMPLETED-CONSTRUCTION,2339154.79,,95.31,,2022-03-28,2021-05-21,,2022-02-23,No,REEVES CONSTRUCTION CO,2026-06-04
2026-06-05,M005339,COMPLETED-CONSTRUCTION,3438272.51,,92.69,,2021-08-02,2018-12-14,,2019-11-30,No,Georgia Asphalt Inc,2026-06-04
2026-06-05,M005340,COMPLETED-CONSTRUCTION,1582407.03,,99.22,,2022-03-18,2019-10-18,,2020-09-28,No,C W Matthews Contracting,2026-06-04
2026-06-05,M005347,COMPLETED-CONSTRUCTION,2251567.06,,90.45,,2020-01-24,2018-12-14,,2019-11-30,No,EAST COAST ASPHALT LLC,2026-06-04
2026-06-05,M005351,COMPLETED-CONSTRUCTION,9421274.03,,94.33,,2023-04-12,2021-12-03,,2023-01-29,No,EAST COAST ASPHALT LLC,2026-06-04
2026-06-05,M005355,PRE-CONSTRUCTION,1360762.5,,,,,,,,No,,2026-06-04
2026-06-05,M005359,PRE-CONSTRUCTION,22477.0,,,,,,,,No,,2026-06-04
2026-06-05,M005360,COMPLETED-CONSTRUCTION,1530847.85,,93.2,2020-01-31,2020-08-04,2019-03-22,,2020-01-16,No,OXFORD CONSRUCTION CO,2026-06-04
2026-06-05,M005365,COMPLETED-CONSTRUCTION,1712448.39,,83.76,,2023-12-22,2019-08-16,,2023-05-31,No,LOUIS-COMPANY LLC,2026-06-04
2026-06-05,M005366,COMPLETED-CONSTRUCTION,2694408.88,,95.45,,2020-01-24,2016-05-20,,2019-08-25,No,BALDWIN PAVING CO INC,2026-06-04
2026-06-05,M005367,COMPLETED-CONSTRUCTION,1028925.57,,72.79,,2022-09-23,2020-05-22,,2022-03-14,No,BRIGGS BROS ENTERPRISES,2026-06-04
2026-06-05,M005395,COMPLETED-CONSTRUCTION,2824276.17,,94.99,,2023-01-03,2019-06-21,,2021-04-19,No,SEMINOLE EQUIPMENT INC,2026-06-04
2026-06-05,M005396,COMPLETED-CONSTRUCTION,5051258.74,,97.06,,2021-12-14,2019-08-16,,2021-04-18,No,S & D INDUSTRIAL PAINTING,2026-06-04
2026-06-05,M005401,COMPLETED-CONSTRUCTION,16957342.38,,96.15,,2022-01-04,2020-03-20,,2021-09-28,No,E R SNELL CONTRACTOR,2026-06-04
2026-06-05,M005411,COMPLETED-CONSTRUCTION,1802397.89,,96.27,,2021-05-18,2019-08-16,,2021-02-28,No,SEMINOLE EQUIPMENT INC,2026-06-04
2026-06-05,M005416,PRE-CONSTRUCTION,75000.0,,,,,,,,No,,2026-06-04
2026-06-05,M005430,COMPLETED-CONSTRUCTION,897368.33,,91.96,,2019-10-21,2017-10-20,,2019-09-04,No,ROADSAFE TRAFFIC SYSTEMS,2026-06-04
2026-06-05,M005432,COMPLETED-CONSTRUCTION,1741138.55,,99.65,,2021-05-25,2017-11-17,,2020-03-01,No,SEMINOLE EQUIPMENT INC,2026-06-04
2026-06-05,M005451,COMPLETED-CONSTRUCTION,8228033.84,,85.26,,2020-01-24,2018-09-21,,2019-10-16,No,DIAMOND SURFACE INC,2026-06-04
2026-06-05,M005508,PRE-CONSTRUCTION,1960411.0,,,,,,,,No,,2026-06-04
2026-06-05,M005540,COMPLETED-CONSTRUCTION,15222976.06,,91.27,,2020-07-20,2017-03-17,,2020-03-31,No,AMERICAN INDUSTRIES INC,2026-06-04
2026-06-05,M005546,PRE-CONSTRUCTION,2039355.0,,,,,,,,No,,2026-06-04
2026-06-05,M005559,PRE-CONSTRUCTION,3895814.0,,,,,,,,No,,2026-06-04
2026-06-05,M005568,COMPLETED-CONSTRUCTION,8972597.3,,98.46,,2020-12-18,2017-07-21,,2020-03-01,No,MASSANA CONSTRUCTION INC,2026-06-04
2026-06-05,M005569,COMPLETED-CONSTRUCTION,4718540.33,,99.35,,2021-05-11,2018-08-17,,2021-04-30,No,MASSANA INC,2026-06-04
2026-06-05,M005570,COMPLETED-CONSTRUCTION,8100979.88,,98.65,,,2021-01-22,,2024-06-30,No,MASSANA CONSTRUCTION INC,2026-06-04
2026-06-05,M005571,COMPLETED-CONSTRUCTION,1586332.37,,98.08,,2020-06-19,2018-07-20,,2020-04-08,No,S & D INDUSTRIAL PAINTING,2026-06-04
2026-06-05,M005572,COMPLETED-CONSTRUCTION,2017218.9,,96.63,,2021-07-09,2019-08-16,,2020-10-31,No,MASSANA CST & ANATEK INC,2026-06-04
2026-06-05,M005573,COMPLETED-CONSTRUCTION,2014983.08,,93.98,,2021-02-11,2019-09-20,,2020-12-18,No,BRIDGE MASTERS CST LLC,2026-06-04
2026-06-05,M005575,COMPLETED-CONSTRUCTION,6973158.51,,89.25,,2023-08-14,2018-11-02,,2022-05-07,No,MASSANA CONSTRUCTION INC,2026-06-04
2026-06-05,M005578,COMPLETED-CONSTRUCTION,5661084.5,,85.83,2019-08-10,2019-12-13,2018-08-17,,2019-10-16,No,E R SNELL CONTRACTOR INC,2026-06-04
2026-06-05,M005584,COMPLETED-CONSTRUCTION,2125406.32,,93.38,,2020-04-27,2019-05-17,,2020-04-09,No,PITTMAN CONSTRUCTION CO,2026-06-04
2026-06-05,M005586,COMPLETED-CONSTRUCTION,3544154.33,,88.21000000000001,2019-07-23,2022-04-26,2018-08-17,,2019-10-04,No,COLWELL CST CO INC,2026-06-04
2026-06-05,M005587,COMPLETED-CONSTRUCTION,2071423.81,,99.77,,2020-10-16,2019-06-21,,2020-09-11,No,PITTMAN CONSTRUCTION CO,2026-06-04
2026-06-05,M005588,COMPLETED-CONSTRUCTION,1694898.39,,97.31,2019-07-21,2019-12-13,2018-07-20,,2019-08-19,No,E R SNELL CONTRACTOR INC,2026-06-04
2026-06-05,M005590,COMPLETED-CONSTRUCTION,0.0,,95.14,,2022-06-17,2021-01-22,,2022-03-28,No,REEVES CONSTRUCTION CO,2026-06-04
2026-06-05,M005592,PRE-CONSTRUCTION,4985600.0,,,,,,,,No,,2026-06-04
2026-06-05,M005593,PRE-CONSTRUCTION,1878419.0,,,,,,,,No,,2026-06-04
2026-06-05,M005594,PRE-CONSTRUCTION,372800.0,,,,,,,,No,,2026-06-04
2026-06-05,M005595,COMPLETED-CONSTRUCTION,3825336.3,,95.09,2019-05-26,2020-07-13,2018-09-21,,2019-08-30,No,E R SNELL CONTRACTOR INC,2026-06-04
2026-06-05,M005597,PRE-CONSTRUCTION,3407840.0,,,,,,,,No,,2026-06-04
2026-06-05,M005598,PRE-CONSTRUCTION,580640.0,,,,,,,,No,,2026-06-04
2026-06-05,M005599,COMPLETED-CONSTRUCTION,1883462.65,,96.6,2025-10-31,,2024-12-06,2025-09-19,,No,PITTMAN CONSTRUCTION CO,2026-06-04
2026-06-05,M005601,COMPLETED-CONSTRUCTION,2077148.49,,97.85,2023-12-31,,2023-02-03,2023-12-31,,No,PITTMAN CONSTRUCTION CO,2026-06-04
2026-06-05,M005602,PRE-CONSTRUCTION,1337600.0,,,,,,,,No,,2026-06-04
2026-06-05,M005603,COMPLETED-CONSTRUCTION,2622872.2,,87.39,2020-06-08,2021-02-26,2019-04-19,,2020-11-17,No,EAST COAST ASPHALT LLC,2026-06-04
2026-06-05,M005604,PRE-CONSTRUCTION,1468320.0,,,,,,,,No,,2026-06-04
2026-06-05,M005607,COMPLETED-CONSTRUCTION,2917705.3,,91.51,,2021-09-28,2019-06-21,,2020-05-04,No,OXFORD CONSTRUCTION CO,2026-06-04
2026-06-05,M005609,COMPLETED-CONSTRUCTION,5003432.26,,100.0,,2021-09-28,2017-07-25,,2021-06-30,No,C W Matthews Contracting,2026-06-04
2026-06-05,M005610,COMPLETED-CONSTRUCTION,5000116.44,,100.0,,,2020-03-18,,2022-08-10,No,C W Matthews Contracting,2026-06-04
2026-06-05,M005613,COMPLETED-CONSTRUCTION,3226178.91,,87.91,,2021-07-02,2019-11-22,,2020-10-30,No,OXFORD CONSTRUCTION CO,2026-06-04
2026-06-05,M005614,COMPLETED-CONSTRUCTION,2409153.45,,95.03,,2021-11-19,2020-08-21,,2021-09-29,No,OXFORD CONSTRUCTION CO,2026-06-04
2026-06-05,M005616,COMPLETED-CONSTRUCTION,2179502.38,,97.59,,2021-06-18,2020-02-21,,2021-01-26,No,OXFORD CONSTRUCTION CO,2026-06-04
2026-06-05,M005626,COMPLETED-CONSTRUCTION,1590640.08,,99.14,,2020-02-13,2017-12-15,,2019-12-24,No,S & D INDUSTRIAL PAINTING,2026-06-04
2026-06-05,M005630,PRE-CONSTRUCTION,777800.0,,,,,,,,No,,2026-06-04
2026-06-05,M005634,COMPLETED-CONSTRUCTION,3821784.46,,96.89,,2023-04-24,2021-06-18,,2022-05-31,No,C W Matthews Contracting,2026-06-04
2026-06-05,M005637,COMPLETED-CONSTRUCTION,3205819.5,,98.9,2019-08-19,2019-11-08,2018-08-17,,2019-07-31,No,C W Matthews Contracting,2026-06-04
2026-06-05,M005638,COMPLETED-CONSTRUCTION,2104258.05,,95.99,,2020-05-04,2019-03-22,,2020-02-28,No,C W Matthews Contracting,2026-06-04
2026-06-05,M005639,COMPLETED-CONSTRUCTION,4816050.11,,88.9,,2019-11-22,2018-04-20,,2019-06-30,No,NORTHWEST GA PAVING INC,2026-06-04
2026-06-05,M005640,PRE-CONSTRUCTION,672834.0,,,,,,,,No,,2026-06-04
2026-06-05,M005642,COMPLETED-CONSTRUCTION,2466381.69,,90.69,,2022-03-24,2020-12-18,,2021-11-30,No,NORTHWEST GA PAVING INC,2026-06-04
2026-06-05,M005645,COMPLETED-CONSTRUCTION,2529047.89,,96.48,,2020-05-04,2019-03-22,,2020-02-28,No,E R SNELL CONTRACTOR INC,2026-06-04
2026-06-05,M005647,COMPLETED-CONSTRUCTION,440336.58,,95.35,,2019-09-10,2018-01-19,,2019-07-31,No,SOUTHEAST BRIDGE FL GROUP,2026-06-04
2026-06-05,M005649,COMPLETED-CONSTRUCTION,3385447.25,,91.08,,2020-01-07,2017-11-17,,2019-06-30,No,C W Matthews Contracting,2026-06-04
2026-06-05,M005652,COMPLETED-CONSTRUCTION,4439817.52,,99.83,2019-06-25,2020-09-03,2018-01-19,,2019-08-30,No,C W Matthews Contracting,2026-06-04
2026-06-05,M005653,COMPLETED-CONSTRUCTION,4166217.54,,97.96,,,2019-03-22,,2020-02-28,No,C W Matthews Contracting,2026-06-04
2026-06-05,M005658,COMPLETED-CONSTRUCTION,1359833.16,,86.46000000000001,,2020-10-09,2018-04-20,,2019-06-30,No,C W Matthews Contracting,2026-06-04
2026-06-05,M005663,COMPLETED-CONSTRUCTION,2984453.96,,90.07000000000001,,2020-08-28,2018-09-21,,2019-09-25,No,C W Matthews Contracting,2026-06-04
2026-06-05,M005664,COMPLETED-CONSTRUCTION,2388812.24,,97.99,,2021-02-08,2019-11-22,,2020-10-31,No,E R SNELL CONTRACTOR INC,2026-06-04
2026-06-05,M005667,COMPLETED-CONSTRUCTION,11483685.15,,90.26,2019-06-29,2019-12-12,2017-12-15,,2019-10-04,No,PLANT IMPROVEMENT CO INC,2026-06-04
2026-06-05,M005668,COMPLETED-CONSTRUCTION,361083.75,,72.47,,2019-10-21,2018-05-18,,2019-09-03,No,ROADSIDE SPECIALTIES LLC,2026-06-04
2026-06-05,M005669,COMPLETED-CONSTRUCTION,20717622.18,,99.0,,2022-04-19,2020-01-01,,2020-12-31,No,C W Matthews Contracting,2026-06-04
2026-06-05,M005670,COMPLETED-CONSTRUCTION,7261350.550000001,,98.76,,2020-06-25,2017-09-22,,2019-12-16,No,THE L C WHITFORD CO INC,2026-06-04
2026-06-05,M005674,COMPLETED-CONSTRUCTION,300061.68,,98.57,,2019-10-21,2018-11-30,,2019-06-14,No,RAM CST SVCS OF MICHIGAN,2026-06-04
2026-06-05,M005675,COMPLETED-CONSTRUCTION,563869.41,,94.59,,2021-04-19,2019-08-16,,2021-03-11,No,LOUIS-COMPANY INC,2026-06-04
2026-06-05,M005676,COMPLETED-CONSTRUCTION,504875.6,,97.85,,2019-10-28,2018-09-21,,2019-06-30,No,LOUIS-COMPANY LLC,2026-06-04
2026-06-05,M005677,COMPLETED-CONSTRUCTION,838802.86,,100.0,,2021-04-08,2019-08-16,,2020-10-31,No,OLYMPUS PAINTING CONTRACT,2026-06-04
2026-06-05,M005678,COMPLETED-CONSTRUCTION,2111388.4,,98.3,,2022-03-08,2019-08-16,,2021-02-17,No,THE TRUESDELL CORPORATION,2026-06-04
2026-06-05,M005682,COMPLETED-CONSTRUCTION,744735.27,,91.02,,2024-12-24,2018-06-22,,2020-08-24,No,SEMINOLE EQUIPMENT INC,2026-06-04
2026-06-05,M005685,COMPLETED-CONSTRUCTION,1975574.31,,94.99,,2020-06-15,2018-10-05,,2020-04-09,No,SEMINOLE EQUIPMENT INC,2026-06-04
2026-06-05,M005686,COMPLETED-CONSTRUCTION,1532765.37,,97.08,,2019-08-12,2018-07-20,,2019-07-31,No,ELITE INDUSTRIAL PAINTING,2026-06-04
2026-06-05,M005687,COMPLETED-CONSTRUCTION,2592264.8200000003,,94.01,,2020-10-05,2018-11-30,,2020-09-11,No,S & D INDUSTRIAL PAINTING,2026-06-04
2026-06-05,M005689,COMPLETED-CONSTRUCTION,5580189.35,,96.6,,2020-08-28,2018-09-21,,2019-09-10,No,C W Matthews Contracting,2026-06-04
2026-06-05,M005690,COMPLETED-CONSTRUCTION,2100651.23,,99.25,,2020-08-20,2018-11-30,,2019-11-20,No,C W Matthews Contracting,2026-06-04
2026-06-05,M005691,PRE-CONSTRUCTION,819645.0,,,,,,,,No,,2026-06-04
2026-06-05,M005699,COMPLETED-CONSTRUCTION,7299249.45,,99.94,2021-06-12,2022-11-16,2018-12-14,,2022-06-03,No,GIBSON & ASSOCIATES INC,2026-06-04
2026-06-05,M005700,COMPLETED-CONSTRUCTION,4511737.62,,89.76,,2021-08-27,2020-01-17,,2021-01-05,No,THE SCRUGGS COMPANY,2026-06-04
2026-06-05,M005701,COMPLETED-CONSTRUCTION,5048958.63,,99.81,,2024-06-20,2018-04-20,,2021-03-11,No,COMANCHE CST OF GA LLC,2026-06-04
2026-06-05,M005704,COMPLETED-CONSTRUCTION,1283717.9,,91.24,,2019-11-01,2018-08-17,,2019-07-30,No,E R SNELL CONTRACTOR INC,2026-06-04
2026-06-05,M005705,COMPLETED-CONSTRUCTION,597819.55,,95.42,,2020-10-09,2018-11-02,,2019-12-24,No,PRECISION 2000 INC,2026-06-04
2026-06-05,M005708,COMPLETED-CONSTRUCTION,22593675.39,,93.2,,2020-04-03,2018-07-20,,2019-10-28,No,BALDWIN PAVING CO INC,2026-06-04
2026-06-05,M005709,COMPLETED-CONSTRUCTION,18436779.82,,94.08,,2021-04-23,2019-06-21,,2020-12-15,No,E R SNELL CONTRACTOR INC,2026-06-04
2026-06-05,M005710,COMPLETED-CONSTRUCTION,727377.15,,92.45,,2020-08-25,2019-08-16,,2020-06-30,No,REAMES & SON CST CO INC,2026-06-04
2026-06-05,M005713,COMPLETED-CONSTRUCTION,48043594.97,,98.79,2018-08-31,2020-03-11,2018-03-16,,2019-08-13,No,C W MATTHEWS & E R SNELL,2026-06-04
2026-06-05,M005716,COMPLETED-CONSTRUCTION,3857661.86,,99.2,,2021-05-17,2019-07-19,,2020-10-13,No,THE L C WHITFORD CO INC,2026-06-04
2026-06-05,M005719,COMPLETED-CONSTRUCTION,1972113.14,,93.66,2019-04-10,2020-02-24,2017-12-15,,2019-07-31,No,AMERICAN INDUSTRIES INC,2026-06-04
2026-06-05,M005721,COMPLETED-CONSTRUCTION,4302986.25,,99.37,,2021-02-08,2018-08-17,,2020-09-28,No,SOUTHERN ROAD & BRIDGE,2026-06-04
2026-06-05,M005722,COMPLETED-CONSTRUCTION,4747860.39,,84.93,,2020-01-12,2018-10-05,,2019-09-17,No,NORTHWEST GA PAVING INC,2026-06-04
2026-06-05,M005724,COMPLETED-CONSTRUCTION,3026335.6,,91.65,,2019-09-16,2018-07-20,,2019-06-30,No,C W Matthews Contracting,2026-06-04
2026-06-05,M005725,COMPLETED-CONSTRUCTION,1139216.47,,86.49,,2022-09-30,2020-05-22,,2022-05-06,No,S & D INDUSTRIAL PAINTING,2026-06-04
2026-06-05,M005727,COMPLETED-CONSTRUCTION,3024288.9,,99.16,,2021-09-13,2019-08-16,,2021-05-02,No,MASSANA CST & ANATEK INC,2026-06-04
2026-06-05,M005728,COMPLETED-CONSTRUCTION,1687231.84,,99.09,,2020-06-05,2018-12-14,,2020-05-07,No,THE L C WHITFORD CO INC,2026-06-04
2026-06-05,M005729,COMPLETED-CONSTRUCTION,1007060.77,,83.69,,2019-11-08,2018-11-30,,2019-10-11,No,OXFORD CONSTRUCTION CO,2026-06-04
2026-06-05,M005730,COMPLETED-CONSTRUCTION,1585950.7000000002,,94.36,,2020-03-11,2018-08-17,,2019-09-18,No,MASSANA INC,2026-06-04
2026-06-05,M005731,COMPLETED-CONSTRUCTION,6420009.06,,93.33,,2020-01-24,2018-07-20,,2019-06-30,No,C W Matthews Contracting,2026-06-04
2026-06-05,M005732,COMPLETED-CONSTRUCTION,6603825.18,,92.84,,2019-11-08,2018-08-17,,2019-09-05,No,C W Matthews Contracting,2026-06-04
2026-06-05,M005733,COMPLETED-CONSTRUCTION,1026926.81,,89.87,,2019-08-12,2018-11-02,,2019-07-24,No,ALLIED PAVING CONTRACTORS,2026-06-04
2026-06-05,M005734,COMPLETED-CONSTRUCTION,874862.27,,97.91,2019-08-11,2020-02-17,2018-09-21,,2019-09-12,No,E R SNELL CONTRACTOR INC,2026-06-04
2026-06-05,M005735,COMPLETED-CONSTRUCTION,2213665.62,,90.4,,2020-05-18,2018-12-14,,2020-02-10,No,E R SNELL CONTRACTOR INC,2026-06-04
2026-06-05,M005736,COMPLETED-CONSTRUCTION,2489822.04,,96.54,2019-07-15,2020-01-30,2018-11-30,,2019-11-16,No,C AND H PAVING INC,2026-06-04
2026-06-05,M005737,COMPLETED-CONSTRUCTION,4293041.82,,88.14,,2020-12-18,2019-06-21,,2020-11-23,No,C W Matthews Contracting,2026-06-04
2026-06-05,M005738,COMPLETED-CONSTRUCTION,1286849.87,,97.91,2019-08-11,2020-02-17,2018-09-21,,2019-09-12,No,E R SNELL CONTRACTOR INC,2026-06-04
2026-06-05,M005740,COMPLETED-CONSTRUCTION,2339129.02,,95.31,,2020-10-09,2019-11-22,,2020-08-31,No,C W Matthews Contracting,2026-06-04
2026-06-05,M005741,COMPLETED-CONSTRUCTION,787612.63,,89.48,,2020-10-16,2019-12-20,,2020-09-09,No,COLDITZ TRUCKING INC,2026-06-04
2026-06-05,M005742,COMPLETED-CONSTRUCTION,1337205.48,,96.12,,2020-10-22,2020-01-17,,2020-09-25,No,PITTMAN CONSTRUCTION CO,2026-06-04
2026-06-05,M005743,COMPLETED-CONSTRUCTION,1696107.43,,95.59,2020-10-08,2021-02-11,2019-10-18,,2020-11-05,No,PITTMAN CONSTRUCTION CO,2026-06-04
2026-06-05,M005744,COMPLETED-CONSTRUCTION,3922375.31,,88.58,2022-06-30,2023-05-15,2021-06-18,,2022-07-06,No,C W Matthews Contracting,2026-06-04
2026-06-05,M005745,COMPLETED-CONSTRUCTION,2443873.77,,86.99,2022-09-09,2023-08-04,2021-09-02,,2022-10-10,No,C W Matthews Contracting,2026-06-04
2026-06-05,M005746,UNDER-CONSTRUCTION,555308.24,,90.32,2026-06-30,,2025-08-01,,,No,ER SNELL CONTRACTOR LLC,2026-06-04
2026-06-05,M005747,COMPLETED-CONSTRUCTION,1214321.35,,96.33,,,2021-12-31,,2022-11-30,No,PITTMAN CONSTRUCTION CO,2026-06-04
2026-06-05,M005748,COMPLETED-CONSTRUCTION,2736120.81,,96.01,2024-10-31,,2023-12-01,2024-10-30,,No,PITTMAN CONSTRUCTION CO,2026-06-04
2026-06-05,M005749,PRE-CONSTRUCTION,1039885.0,,,,,,,,No,,2026-06-04
2026-06-05,M005750,UNDER-CONSTRUCTION,1229589.9,,,2026-06-30,,2025-08-01,,,No,COLDITZ TRUCKING INC,2026-06-04
2026-06-05,M005751,COMPLETED-CONSTRUCTION,2019401.76,,93.72,2022-05-22,2023-06-13,2021-10-01,,2022-08-03,No,E R SNELL CONTRACTOR INC,2026-06-04
2026-06-05,M005752,COMPLETED-CONSTRUCTION,5251789.47,,74.3,2023-05-31,2024-04-26,2022-07-01,2023-06-09,2023-06-09,No,E R SNELL CONTRACTOR INC,2026-06-04
2026-06-05,M005753,COMPLETED-CONSTRUCTION,2690510.09,,87.68,2019-12-09,2020-12-07,2019-04-19,,2020-06-01,No,Beams Contracting Inc,2026-06-04
2026-06-05,M005754,COMPLETED-CONSTRUCTION,1663797.03,,88.60000000000001,,2020-09-24,2019-03-22,,2020-06-17,No,C AND H PAVING INC,2026-06-04
2026-06-05,M005755,PRE-CONSTRUCTION,1244130.0,,,,,,,,No,,2026-06-04
2026-06-05,M005757,COMPLETED-CONSTRUCTION,2073562.6,,93.62,,2023-01-05,2022-04-01,,2022-12-07,No,OXFORD CONSTRUCTION CO,2026-06-04
2026-06-05,M005758,COMPLETED-CONSTRUCTION,2809123.63,,98.19,,2021-02-02,2019-06-21,,2020-12-15,No,THE SCRUGGS COMPANY,2026-06-04
2026-06-05,M005759,COMPLETED-CONSTRUCTION,397757.96,,88.68,2019-09-21,2020-04-27,2019-03-22,,2020-02-28,No,THE SCRUGGS COMPANY,2026-06-04
2026-06-05,M005761,COMPLETED-CONSTRUCTION,1088264.04,,87.82000000000001,,2021-09-23,2020-07-17,,2021-07-30,No,OXFORD CONSTRUCTION CO,2026-06-04
2026-06-05,M005762,COMPLETED-CONSTRUCTION,1330248.22,,87.82000000000001,,,2020-07-17,,2021-07-30,No,OXFORD CONSTRUCTION CO,2026-06-04
2026-06-05,M005763,COMPLETED-CONSTRUCTION,456183.77,,74.52,,2019-09-16,2018-07-20,,2019-06-17,No,REEVES CONSTRUCTION CO,2026-06-04
2026-06-05,M005764,COMPLETED-CONSTRUCTION,1549927.49,,96.01,2019-05-28,2019-08-21,2018-08-17,,2019-07-31,No,EVERETT DYKES GRASSING CO,2026-06-04
2026-06-05,M005766,COMPLETED-CONSTRUCTION,3328897.04,,88.46000000000001,,2020-08-25,2018-11-13,,2020-01-13,No,REEVES CONSTRUCTION CO,2026-06-04
2026-06-05,M005767,COMPLETED-CONSTRUCTION,3520860.39,,88.61,,2020-02-17,2018-12-14,,2019-11-30,No,GOSALIA CONCRETE CONSTR,2026-06-04
2026-06-05,M005768,COMPLETED-CONSTRUCTION,2675041.36,,88.67,,,2018-06-22,,2019-12-19,No,CARROLL & CARROLL INC,2026-06-04
2026-06-05,M005769,COMPLETED-CONSTRUCTION,1135484.89,,89.09,,2020-01-15,2018-12-14,,2019-11-30,No,MCLENDON ENTERPRISES INC,2026-06-04
2026-06-05,M005770,COMPLETED-CONSTRUCTION,2945204.7,,86.2,2020-02-07,2020-07-13,2019-03-22,,2020-05-02,No,PLANT IMPROVEMENT CO INC,2026-06-04
2026-06-05,M005771,COMPLETED-CONSTRUCTION,924133.25,,92.84,,2020-06-05,2019-06-21,,2020-05-15,No,EAST COAST ASPHALT LLC,2026-06-04
2026-06-05,M005772,COMPLETED-CONSTRUCTION,987849.69,,87.01,,2021-08-02,2020-05-22,,2021-05-14,No,EAST COAST ASPHALT LLC,2026-06-04
2026-06-05,M005773,COMPLETED-CONSTRUCTION,2937552.38,,89.84,2020-06-21,2020-10-06,2019-06-21,,2020-08-24,No,REEVES CONSTRUCTION CO,2026-06-04
2026-06-05,M005774,COMPLETED-CONSTRUCTION,2003602.67,,94.02,,2019-11-05,2018-06-22,,2019-06-04,No,CARROLL & CARROLL INC,2026-06-04
2026-06-05,M005775,COMPLETED-CONSTRUCTION,,,93.51,,2020-08-04,2019-06-21,,2020-05-30,No,REAMS & SON CST CO INC,2026-06-04
2026-06-05,M005776,COMPLETED-CONSTRUCTION,2825532.38,,93.6,,,2019-03-22,,2020-02-28,No,THE SCRUGGS COMPANY,2026-06-04
2026-06-05,M005777,COMPLETED-CONSTRUCTION,2181819.34,,90.73,,2020-11-02,2019-07-19,,2020-10-07,No,EAST COAST ASPHALT LLC,2026-06-04
2026-06-05,M005778,COMPLETED-CONSTRUCTION,614665.51,,92.84,,2020-08-04,2019-08-16,,2020-06-25,No,PLANT IMPROVEMENT CO INC,2026-06-04
2026-06-05,M005779,COMPLETED-CONSTRUCTION,398191.55,,93.0,,2020-10-06,2019-11-22,,2020-09-18,No,PREFERRED MATERIALS INC,2026-06-04
2026-06-05,M005780,COMPLETED-CONSTRUCTION,4837046.78,,94.4,2020-11-24,2021-06-03,2019-06-21,,2021-03-30,No,EAST COAST ASPHALT LLC,2026-06-04
2026-06-05,M005781,COMPLETED-CONSTRUCTION,1255964.05,,88.98,2020-09-04,2021-06-30,2019-12-20,,2020-10-26,No,REEVES CONSTRUCTION CO,2026-06-04
2026-06-05,M005782,COMPLETED-CONSTRUCTION,1187022.21,,86.07000000000001,,2023-07-25,2019-12-20,,2023-03-14,No,EAST COAST ASPHALT LLC,2026-06-04
2026-06-05,M005783,COMPLETED-CONSTRUCTION,,,93.93,,2021-05-24,2020-01-17,,2021-03-12,No,EAST COAST ASPHALT LLC,2026-06-04
2026-06-05,M005784,COMPLETED-CONSTRUCTION,,,89.53,,2019-07-03,2018-07-20,,2019-06-21,No,EAST COAST ASPHALT LLC,2026-06-04
2026-06-05,M005785,COMPLETED-CONSTRUCTION,,,91.47,,,2020-02-21,,2021-01-31,No,REEVES CONSTRUCTION CO,2026-06-04
2026-06-05,M005786,COMPLETED-CONSTRUCTION,,,93.03,,2021-09-14,2020-02-21,,2021-03-09,No,PLANT IMPROVEMENT CO INC,2026-06-04
2026-06-05,M005788,COMPLETED-CONSTRUCTION,,,99.14,,2020-02-13,2018-12-14,,2019-11-30,No,C W Matthews Contracting,2026-06-04
2026-06-05,M005789,COMPLETED-CONSTRUCTION,,,90.6,,2020-05-04,2019-03-22,,2020-02-28,No,NORTHWEST GA PAVING INC,2026-06-04
2026-06-05,M005790,COMPLETED-CONSTRUCTION,,,82.94,2019-04-25,2019-10-28,2018-08-17,,2019-07-31,No,NORTHWEST GEORGIA PAVING,2026-06-04
2026-06-05,M005791,COMPLETED-CONSTRUCTION,,,98.72,,2021-02-11,2019-06-21,,2020-10-16,No,COLDITZ TRUCKING INC,2026-06-04
2026-06-05,M005792,COMPLETED-CONSTRUCTION,,,99.27,,2020-07-20,2019-07-19,,2020-06-30,No,NORTHWEST GA PAVING INC,2026-06-04
2026-06-05,M005793,COMPLETED-CONSTRUCTION,,,99.39,,2020-08-25,2019-08-16,,2020-07-31,No,NORTHWEST GA PAVING INC,2026-06-04
2026-06-05,M005794,COMPLETED-CONSTRUCTION,,,86.07000000000001,,2021-07-16,2020-02-21,,2021-01-31,No,NORTHWEST GA PAVING INC,2026-06-04
2026-06-05,M005795,PRE-CONSTRUCTION,,,,,,,,,No,,2026-06-04
2026-06-05,M005796,COMPLETED-CONSTRUCTION,,,97.58,,2020-09-24,2019-03-22,,2020-02-28,No,C W Matthews Contracting,2026-06-04
2026-06-05,M005797,COMPLETED-CONSTRUCTION,,,97.5,,2021-11-15,2020-03-20,,2021-06-28,No,PITTMAN CONSTRUCTION CO,2026-06-04
2026-06-05,M005798,COMPLETED-CONSTRUCTION,,,96.29,,2019-09-19,2018-08-17,,2019-07-31,No,C W MATHEWS CONTRACTING,2026-06-04
2026-06-05,M005799,COMPLETED-CONSTRUCTION,,,98.48,,2021-01-05,2019-06-21,,2020-07-31,No,C W Matthews Contracting,2026-06-04
2026-06-05,M005800,COMPLETED-CONSTRUCTION,,,96.93,2019-04-25,2020-08-28,2018-09-21,,2020-01-30,No,C W Matthews Contracting,2026-06-04
2026-06-05,M005801,COMPLETED-CONSTRUCTION,,,97.25,,2020-08-28,2018-09-21,,2019-08-31,No,C W Matthews Contracting,2026-06-04
2026-06-05,M005802,COMPLETED-CONSTRUCTION,,,96.39,,2021-06-17,2020-04-17,,2021-03-31,No,C W Matthews Contracting,2026-06-04
2026-06-05,M005803,COMPLETED-CONSTRUCTION,,,98.34,,2020-08-28,2018-12-14,,2019-11-30,No,BALDWIN PAVING CO INC,2026-06-04
2026-06-05,M005805,COMPLETED-CONSTRUCTION,,,99.73,,2020-06-25,2019-03-22,,2020-02-28,No,C W Matthews Contracting,2026-06-04
2026-06-05,M005806,COMPLETED-CONSTRUCTION,,,91.67,2020-05-14,2021-01-12,2019-12-20,,2020-10-15,No,C W Matthews Contracting,2026-06-04
2026-06-05,M005807,COMPLETED-CONSTRUCTION,,,97.19,,2021-01-05,2019-11-22,,2020-10-03,No,E R SNELL CONTRACTOR INC,2026-06-04
2026-06-05,M005808,COMPLETED-CONSTRUCTION,,,95.74,,2021-10-29,2020-02-21,,2021-02-14,No,PITTMAN CONSTRUCTION CO,2026-06-04
2026-06-05,M005809,COMPLETED-CONSTRUCTION,,,98.24,,2021-03-04,2019-03-22,,2020-05-04,No,C W Matthews Contracting,2026-06-04
2026-06-05,M005810,COMPLETED-CONSTRUCTION,1047192.05,,88.16,2019-12-15,2020-08-25,2019-06-21,,2020-05-30,No,C W Matthews Contracting,2026-06-04
2026-06-05,M005811,COMPLETED-CONSTRUCTION,4817722.22,,97.32,,2021-01-25,2019-10-18,,2020-09-30,No,PITTMANT CONSTRUCTION CO,2026-06-04
2026-06-05,M005812,COMPLETED-CONSTRUCTION,3822842.13,,97.1,,2020-08-28,2019-03-22,,2020-04-11,No,C W Matthews Contracting,2026-06-04
2026-06-05,M005813,COMPLETED-CONSTRUCTION,2310206.99,,83.72,,2021-01-25,2020-02-21,,2020-11-16,No,C W Matthews Contracting,2026-06-04
2026-06-05,M005814,COMPLETED-CONSTRUCTION,2466249.87,,97.48,,2021-01-12,2019-09-20,,2020-08-25,No,E R SNELL CONTRACTOR INC,2026-06-04
2026-06-05,M005815,COMPLETED-CONSTRUCTION,356822.10000000003,,98.74,,2020-05-04,2019-03-22,,2019-12-18,No,LOUIS-COMPANY LLC,2026-06-04
2026-06-05,M005817,COMPLETED-CONSTRUCTION,17139067.17,,99.46,,2020-08-28,2019-03-22,,2020-01-30,No,C W MATTHEWS & E R SNELL,2026-06-04
2026-06-05,M005818,COMPLETED-CONSTRUCTION,634137.05,,97.13,,,2019-12-20,,2021-01-31,No,REEVES CONSTRUCTION CO,2026-06-04
2026-06-05,M005819,COMPLETED-CONSTRUCTION,715271.39,,96.97,,2021-03-09,2019-08-16,,2020-09-30,No,C W Matthews Contracting,2026-06-04
2026-06-05,M005820,COMPLETED-CONSTRUCTION,6204033.16,,90.54,,2021-05-06,2019-06-21,,2020-11-11,No,REEVES CONSTRUCTION CO,2026-06-04
2026-06-05,M005821,PRE-CONSTRUCTION,1878000.0,,,,,,,,No,,2026-06-04
2026-06-05,M005822,COMPLETED-CONSTRUCTION,6090640.86,,95.37,,2022-04-20,2019-07-19,,2020-08-04,No,ROBINSON PAVING COMPANY,2026-06-04
2026-06-05,M005823,COMPLETED-CONSTRUCTION,14291518.26,,98.75,,2022-02-08,2019-06-21,,2020-12-10,No,ROBINSON PAVING COMPANY,2026-06-04
2026-06-05,M005824,COMPLETED-CONSTRUCTION,1768591.92,,95.85,,2022-03-01,2021-01-22,,2021-12-07,No,REEVES CONSTRUCTION CO,2026-06-04
2026-06-05,M005825,COMPLETED-CONSTRUCTION,3633091.48,,83.72,,2023-03-02,2021-06-04,,2022-04-30,No,ROBINSON PAVING COMPANY,2026-06-04
2026-06-05,M005826,COMPLETED-CONSTRUCTION,666105.29,,95.54,,2022-04-28,2020-03-20,,2021-02-28,No,C W Matthews Contracting,2026-06-04
2026-06-05,M005827,COMPLETED-CONSTRUCTION,1190481.38,,98.51,,2019-10-19,2018-09-21,,2019-08-30,No,THE SCRUGGS COMPANY,2026-06-04
2026-06-05,M005828,PRE-CONSTRUCTION,699840.0,,,,,,,,No,,2026-06-04
2026-06-05,M005829,COMPLETED-CONSTRUCTION,729135.66,,94.58,,2022-12-09,2020-11-20,,2021-10-31,No,EVERETT DYKES GRASSING CO,2026-06-04
2026-06-05,M005830,COMPLETED-CONSTRUCTION,556549.44,,83.77,,2021-09-01,2020-07-17,,2021-06-30,No,OXFORD CONSTRUCTION CO,2026-06-04
2026-06-05,M005831,COMPLETED-CONSTRUCTION,237100.41,,78.34,,2020-04-27,2018-04-20,,2019-08-07,No,ROADSIDE SPECIALTIES LLC,2026-06-04
2026-06-05,M005833,COMPLETED-CONSTRUCTION,1307328.04,,,2023-12-31,2024-05-06,2023-02-03,2023-12-30,,No,THE SCRUGGS COMPANY,2026-06-04
2026-06-05,M005834,COMPLETED-CONSTRUCTION,929367.85,,91.64,2021-02-04,2021-06-07,2020-04-17,,2021-05-03,No,COLWELL CST CO INC,2026-06-04
2026-06-05,M005838,COMPLETED-CONSTRUCTION,1444856.79,,97.71,,2021-01-15,2019-11-22,,2020-10-31,No,E R SNELL CONTRACTOR INC,2026-06-04
2026-06-05,M005839,COMPLETED-CONSTRUCTION,1431546.96,,84.22,2021-06-07,2021-10-14,2020-07-17,,2021-06-30,No,C W Matthews Contracting,2026-06-04
2026-06-05,M005840,COMPLETED-CONSTRUCTION,746684.7,,99.99,,2020-08-28,2019-07-19,,2020-04-08,No,COMANCHE CST OF GA LLC,2026-06-04
2026-06-05,M005841,COMPLETED-CONSTRUCTION,1135015.15,,95.73,,2021-03-23,2019-08-16,,2020-11-23,No,MASSANA CST & ANATEK INC,2026-06-04
2026-06-05,M005842,COMPLETED-CONSTRUCTION,2268967.82,,98.66,,2021-03-10,2019-08-16,,2020-09-30,No,SEMINOLE EQUIPMENT INC,2026-06-04
2026-06-05,M005843,COMPLETED-CONSTRUCTION,255571.46,,76.60000000000001,,2020-05-15,2018-06-22,,2019-12-18,No,ROADSAFE TRAFFIC SYSTEMS,2026-06-04
2026-06-05,M005844,COMPLETED-CONSTRUCTION,38283.46,,76.60000000000001,,2020-05-15,2018-06-22,,2019-12-18,No,ROADSAFE TRAFFIC SYSTEMS,2026-06-04
2026-06-05,M005845,COMPLETED-CONSTRUCTION,937692.39,,97.13,,2020-02-28,2018-07-20,,2019-10-31,No,Peek Pavement Marking LLC,2026-06-04
2026-06-05,M005846,COMPLETED-CONSTRUCTION,289448.05,,71.15,,2019-12-11,2018-07-20,,2019-07-16,No,Peek Pavement Marking LLC,2026-06-04
2026-06-05,M005847,COMPLETED-CONSTRUCTION,1599343.13,,93.5,,2020-01-07,2018-07-20,,2019-08-22,No,Peek Pavement Marking LLC,2026-06-04
2026-06-05,M005848,COMPLETED-CONSTRUCTION,648788.46,,87.58,,2020-01-07,2018-07-20,,2019-08-23,No,Peek Pavement Marking LLC,2026-06-04
2026-06-05,M005853,COMPLETED-CONSTRUCTION,493778.47,,83.79,,2019-11-21,2018-07-20,,2019-07-24,No,Peek Pavement Marking LLC,2026-06-04
2026-06-05,M005855,COMPLETED-CONSTRUCTION,3217396.64,,90.95,,2020-08-25,2018-09-21,,2019-08-30,No,OXFORD CONSTRUCTION CO,2026-06-04
2026-06-05,M005856,COMPLETED-CONSTRUCTION,641691.6599999999,,98.4,,2021-01-25,2019-06-21,,2020-05-16,No,THE TRUESDELL CORPORATION,2026-06-04
2026-06-05,M005857,COMPLETED-CONSTRUCTION,16723637.9,,92.91,2019-11-29,2020-05-20,2018-11-30,,2020-02-10,No,INTERSTATE IMPROVEMENT,2026-06-04
2026-06-05,M005858,COMPLETED-CONSTRUCTION,375280.35,,97.48,,2020-05-15,2019-04-19,,2019-11-30,No,COMANCHE CST OF GA LLC,2026-06-04
2026-06-05,M005859,COMPLETED-CONSTRUCTION,2589756.56,,87.21000000000001,2019-10-17,2020-12-15,2019-03-22,,2020-07-27,No,C AND H PAVING INC,2026-06-04
2026-06-05,M005860,COMPLETED-CONSTRUCTION,22980.91,,87.21000000000001,2019-10-17,2020-12-15,2019-03-22,,2020-07-27,No,C AND H PAVING INC,2026-06-04
2026-06-05,M005861,COMPLETED-CONSTRUCTION,969983.42,,90.15,,2020-10-05,2019-05-17,,2020-09-08,No,S & D INDUSTRIAL PAINTING,2026-06-04
2026-06-05,M005862,COMPLETED-CONSTRUCTION,2488263.78,,96.13,,2022-11-02,2020-07-31,,2022-08-31,No,COMANCHE CST OF GA LLC,2026-06-04
2026-06-05,M005864,COMPLETED-CONSTRUCTION,2892057.5,,93.74,2019-09-26,2020-03-25,2019-03-22,,2020-02-27,No,C W Matthews Contracting,2026-06-04
2026-06-05,M005865,COMPLETED-CONSTRUCTION,5881050.61,,97.02,2019-08-29,2020-07-20,2018-12-14,,2020-03-27,No,E R SNELL CONTRACTOR INC,2026-06-04
2026-06-05,M005866,COMPLETED-CONSTRUCTION,6018501.08,,98.0,,2022-05-17,2019-11-22,,2021-01-30,No,COMANCHE CST OF GA LLC,2026-06-04
2026-06-05,M005867,COMPLETED-CONSTRUCTION,1930774.71,,99.23,,2022-08-22,2020-01-17,,2022-02-18,No,MCCARTHY IMPROVE CO & AF,2026-06-04
2026-06-05,M005869,COMPLETED-CONSTRUCTION,22675770.35,,94.98,,2022-09-29,2020-02-21,,2021-11-08,No,REEVES CONSTRUCTION CO,2026-06-04
2026-06-05,M005870,COMPLETED-CONSTRUCTION,22165609.08,,95.48,,2022-12-27,2020-08-21,,2021-09-15,No,REEVES CONSTRUCTION CO,2026-06-04
2026-06-05,M005871,COMPLETED-CONSTRUCTION,10927796.0,,95.77,,2022-02-15,2020-07-17,,2021-06-30,No,C W Matthews Contracting,2026-06-04
2026-06-05,M005872,COMPLETED-CONSTRUCTION,17053874.29,,93.41,,2022-12-13,2020-11-20,,2022-10-07,No,EAST COAST ASPHALT LLC,2026-06-04
2026-06-05,M005873,COMPLETED-CONSTRUCTION,21286037.2,,99.13,,2021-08-27,2020-03-20,,2021-05-16,No,PITTMAN CONSTRUCTION CO,2026-06-04
2026-06-05,M005874,COMPLETED-CONSTRUCTION,25117201.86,,97.8,,2021-12-14,2020-02-21,,2021-01-31,No,C W Matthews Contracting,2026-06-04
2026-06-05,M005875,COMPLETED-CONSTRUCTION,11777158.43,,93.67,,2023-07-24,2020-12-18,,2022-12-12,No,APAC-ATLANTIC INC,2026-06-04
2026-06-05,M005876,COMPLETED-CONSTRUCTION,388710.91,,93.47,,2022-09-21,2021-07-16,,2022-07-15,No,NORTHWEST GA PAVING INC,2026-06-04
2026-06-05,M005877,COMPLETED-CONSTRUCTION,1945103.12,,92.54,,2020-08-25,2019-07-19,,2020-06-30,No,REEVES CONSTRUCTION CO,2026-06-04
2026-06-05,M005878,UNDER-CONSTRUCTION,3142152.65,,53.68,2026-11-30,,2025-10-31,,,No,WILSON CST MANAGEMENT LLC,2026-06-04
2026-06-05,M005879,COMPLETED-CONSTRUCTION,499924.17,,96.65,,,2019-08-16,,2020-12-17,No,E & D CONTRACTING SVCS,2026-06-04
2026-06-05,M005880,COMPLETED-CONSTRUCTION,9422995.03,,92.91,2021-07-20,2021-12-14,2020-09-18,,2021-10-22,No,C W Matthews Contracting,2026-06-04
2026-06-05,M005881,COMPLETED-CONSTRUCTION,8773309.69,,99.64,2025-10-31,,2024-12-06,2025-11-17,,No,E R SNELL CONTRACTOR INC,2026-06-04
2026-06-05,M005882,COMPLETED-CONSTRUCTION,890527.22,,89.86,2021-05-06,2021-08-23,2020-07-17,,2021-06-30,No,COLDITZ TRUCKING INC,2026-06-04
2026-06-05,M005883,COMPLETED-CONSTRUCTION,10906131.09,,94.57,2020-10-18,2021-07-06,2020-01-17,,2020-12-11,No,C W Matthews Contracting,2026-06-04
2026-06-05,M005884,COMPLETED-CONSTRUCTION,2461888.77,,94.23,2019-09-01,2020-04-27,2019-03-22,,2020-02-24,No,C AND H PAVING INC,2026-06-04
2026-06-05,M005885,COMPLETED-CONSTRUCTION,30506.89,,94.87,2020-04-16,2020-11-18,2019-04-19,,2020-05-04,No,ATC SITE CONSTRUCTION LLC,2026-06-04
2026-06-05,M005886,COMPLETED-CONSTRUCTION,2142124.56,,94.87,2020-04-16,2020-11-18,2019-04-19,,2020-05-04,No,ATC SITE CONSTRUCTION LLC,2026-06-04
2026-06-05,M005887,COMPLETED-CONSTRUCTION,1710579.27,,90.41,2020-09-04,2021-01-11,2019-11-22,,2020-10-30,No,C AND H PAVING INC,2026-06-04
2026-06-05,M005888,COMPLETED-CONSTRUCTION,3529858.64,,94.72,2020-11-10,2021-09-20,2019-06-21,,2021-05-06,No,REEVES CONSTRUCTION CO,2026-06-04
2026-06-05,M005889,COMPLETED-CONSTRUCTION,23634994.89,,99.29,,2021-10-25,2019-05-17,,2021-05-02,No,GOSALIA CONCRETE CONSTR,2026-06-04
2026-06-05,M005890,COMPLETED-CONSTRUCTION,3513676.79,,97.49,,2020-09-24,2019-07-19,,2020-08-26,No,REEVES CONSTRUCTION CO,2026-06-04
2026-06-05,M005891,COMPLETED-CONSTRUCTION,1845121.08,,88.2,,2021-07-26,2020-05-22,,2021-04-30,No,ATC SITE CONSTRUCTION LLC,2026-06-04
2026-06-05,M005892,COMPLETED-CONSTRUCTION,4907888.09,,92.28,2020-08-20,2021-01-11,2019-08-16,,2020-08-17,No,EVERETT DYKES GRASSING CO,2026-06-04
2026-06-05,M005894,COMPLETED-CONSTRUCTION,657029.86,,96.14,,2020-09-24,2019-06-21,,2020-05-30,No,REEVES CONSTRUCTION CO,2026-06-04
2026-06-05,M005895,COMPLETED-CONSTRUCTION,1138568.2,,91.61,,2021-01-25,2019-11-22,,2020-11-03,No,REEVES CONSTRUCTION CO,2026-06-04
2026-06-05,M005896,COMPLETED-CONSTRUCTION,3915388.11,,90.45,,2021-06-17,2019-11-22,,2021-03-22,No,REEVES CONSTRUCTION CO,2026-06-04
2026-06-05,M005897,COMPLETED-CONSTRUCTION,4704649.94,,85.57000000000001,,,2020-04-17,,2022-03-03,No,APAC-ATLANTIC INC,2026-06-04
2026-06-05,M005898,COMPLETED-CONSTRUCTION,803273.49,,91.84,,2020-11-20,2020-04-17,,2020-11-09,No,C W Matthews Contracting,2026-06-04
2026-06-05,M005899,COMPLETED-CONSTRUCTION,1104023.72,,98.8,2020-01-10,2020-06-25,2019-06-21,,2020-05-31,No,EAST COAST ASPHALT LLC,2026-06-04
2026-06-05,M005900,COMPLETED-CONSTRUCTION,2818064.99,,93.18,,2021-07-16,2019-11-22,,2020-12-23,No,NORTHWEST GA PAVING INC,2026-06-04
2026-06-05,M005901,COMPLETED-CONSTRUCTION,833493.86,,86.07000000000001,,2022-04-22,2020-02-21,,2021-01-31,No,NORTHWEST GA PAVING INC,2026-06-04
2026-06-05,M005902,COMPLETED-CONSTRUCTION,1839177.18,,95.49,,2020-10-16,2019-12-20,,2020-10-08,No,C W Matthews Contracting,2026-06-04
2026-06-05,M005903,COMPLETED-CONSTRUCTION,3319311.28,,99.83,,2021-03-30,2020-01-17,,2020-12-31,No,BARTOW PAVING CO INC,2026-06-04
2026-06-05,M005904,COMPLETED-CONSTRUCTION,13658664.24,,97.65,,2022-04-22,2019-11-22,,2020-10-30,No,C W Matthews Contracting,2026-06-04
2026-06-05,M005905,COMPLETED-CONSTRUCTION,3328143.23,,94.83,,2022-08-30,2020-07-17,,2021-09-15,No,REEVES CONSTRUCTION CO,2026-06-04
2026-06-05,M005906,COMPLETED-CONSTRUCTION,5561018.67,,98.65,,2022-02-28,2020-09-18,,2021-08-31,No,C W Matthews Contracting,2026-06-04
2026-06-05,M005907,COMPLETED-CONSTRUCTION,967894.77,,86.73,,2022-07-08,2020-12-18,,2021-11-30,No,ROBINSON PAVING COMPANY,2026-06-04
2026-06-05,M005908,COMPLETED-CONSTRUCTION,1893786.81,,91.76,,2022-04-05,2020-05-22,,2021-12-01,No,ROBINSON PAVING COMPANY,2026-06-04
2026-06-05,M005909,COMPLETED-CONSTRUCTION,2499287.56,,95.81,,2022-11-01,2021-04-30,,2022-03-31,No,C W Matthews Contracting,2026-06-04
2026-06-05,M005910,COMPLETED-CONSTRUCTION,1940487.15,,99.86,,2023-01-05,2021-04-30,,2022-05-06,No,C W Matthews Contracting,2026-06-04
2026-06-05,M005911,COMPLETED-CONSTRUCTION,5063032.16,,88.55,2020-07-13,2021-08-02,2019-06-21,,2020-12-07,No,C W Matthews Contracting,2026-06-04
2026-06-05,M005912,COMPLETED-CONSTRUCTION,800441.48,,97.94,,2021-01-25,2020-03-20,,2020-12-03,No,PITTMAN CONSTRUCTION CO,2026-06-04
2026-06-05,M005913,COMPLETED-CONSTRUCTION,3559284.42,,97.65,2019-09-13,2020-03-25,2019-03-22,,2020-02-26,No,C W Matthews Contracting,2026-06-04
2026-06-05,M005914,COMPLETED-CONSTRUCTION,2645632.62,,94.14,2019-09-15,2022-04-22,2019-03-22,,2019-10-15,No,ROBINSON PAVING COMPANY,2026-06-04
2026-06-05,M005915,COMPLETED-CONSTRUCTION,2642875.97,,95.85,2021-08-26,,2021-02-19,,2022-01-31,No,C AND H PAVING INC,2026-06-04
2026-06-05,M005916,COMPLETED-CONSTRUCTION,4185924.8,,95.41,,2023-03-08,2021-05-21,,2022-05-24,No,C W Matthews Contracting,2026-06-04
2026-06-05,M005917,COMPLETED-CONSTRUCTION,8891543.58,,99.84,2021-08-18,2022-04-19,2020-09-18,,2021-10-20,No,E R SNELL CONTRACTOR INC,2026-06-04
2026-06-05,M005918,COMPLETED-CONSTRUCTION,1262100.94,,88.23,2021-08-29,2022-04-19,2021-01-22,,2021-12-31,No,E R SNELL CONTRACTOR INC,2026-06-04
2026-06-05,M005919,COMPLETED-CONSTRUCTION,2187863.23,,91.27,,2021-05-21,2020-04-17,,2021-03-31,No,C W Matthews Contracting,2026-06-04
2026-06-05,M005920,COMPLETED-CONSTRUCTION,3421025.78,,99.37,2020-12-13,2021-04-19,2020-05-22,,2021-01-29,No,REEVES CONSTRUCTION CO,2026-06-04
2026-06-05,M005921,COMPLETED-CONSTRUCTION,3055420.96,,82.49,,,2020-10-16,,2023-02-03,No,EAST COAST ASPHALT LLC,2026-06-04
2026-06-05,M005922,COMPLETED-CONSTRUCTION,1784113.27,,92.33,,2021-06-10,2020-05-22,,2021-05-12,No,REEVES CONSTRUCTION CO,2026-06-04
2026-06-05,M005923,COMPLETED-CONSTRUCTION,1903836.95,,93.33,2021-07-22,2022-01-04,2020-07-17,,2021-09-23,No,EAST COAST ASPHALT LLC,2026-06-04
2026-06-05,M005924,COMPLETED-CONSTRUCTION,650125.99,,96.59,,2022-03-08,2020-08-21,,2021-09-24,No,EVERETT DYKES GRASSING CO,2026-06-04
2026-06-05,M005925,COMPLETED-CONSTRUCTION,1040486.14,,92.11,,2021-08-20,2020-07-17,,2021-06-30,No,MCLENDON ENTERPRISES INC,2026-06-04
2026-06-05,M005926,COMPLETED-CONSTRUCTION,2309880.81,,95.87,,2023-06-07,2020-10-16,,2021-10-21,No,PLANT IMPROVEMENT CO INC,2026-06-04
2026-06-05,M005927,COMPLETED-CONSTRUCTION,1575422.8,,96.42,,2021-11-19,2020-11-20,,2021-10-31,No,APAC-ATLANTIC INC,2026-06-04
2026-06-05,M005928,COMPLETED-CONSTRUCTION,4519802.09,,97.64,,2021-04-19,2020-03-20,,2021-02-26,No,APAC-ATLANTIC INC,2026-06-04
2026-06-05,M005929,COMPLETED-CONSTRUCTION,2342936.38,,99.63,,2020-02-24,2019-03-22,,2020-02-17,No,Peek Pavement Marking LLC,2026-06-04
2026-06-05,M005930,COMPLETED-CONSTRUCTION,1461431.03,,99.91,,2020-08-04,2019-04-19,,2020-04-14,No,SOUTHERN STATES PAVEMENT,2026-06-04
2026-06-05,M005931,COMPLETED-CONSTRUCTION,17249123.4,,99.57,,,2019-02-22,,2020-01-31,No,C W MATTHEWS & E R SNELL,2026-06-04
2026-06-05,M005932,COMPLETED-CONSTRUCTION,204777.63,,75.8,,2021-01-12,2019-05-17,,2020-04-06,No,Peek Pavement Marking LLC,2026-06-04
2026-06-05,M005933,COMPLETED-CONSTRUCTION,671734.95,,87.72,,2021-04-23,2019-04-19,,2020-10-07,No,ROADSAFE TRAFFIC SYSTEMS,2026-06-04
2026-06-05,M005934,COMPLETED-CONSTRUCTION,243284.97,,98.36,,2020-06-05,2019-03-22,,2020-02-28,No,Peek Pavement Marking LLC,2026-06-04
2026-06-05,M005935,COMPLETED-CONSTRUCTION,296542.18,,91.93,,2020-04-27,2019-05-17,,2020-03-03,No,SOUTHERN STATES PAVEMENT,2026-06-04
2026-06-05,M005936,COMPLETED-CONSTRUCTION,567334.59,,83.9,,2020-06-15,2019-05-17,,2020-05-02,No,SOUTHERN STATES PAVEMENT,2026-06-04
2026-06-05,M005938,COMPLETED-CONSTRUCTION,5612784.180000001,,98.26,2020-03-31,2022-03-17,2019-04-19,,2020-10-08,No,KIEWIT INFRASTR SOUTH CO,2026-06-04
2026-06-05,M005939,COMPLETED-CONSTRUCTION,6767446.35,,96.17,,2022-02-15,2019-05-17,,2021-12-27,No,STRUCTURAL TECHNOLOGIES,2026-06-04
2026-06-05,M005940,COMPLETED-CONSTRUCTION,594238.55,,42.18,,2020-11-17,2019-03-22,,2020-03-09,No,Peek Pavement Marking LLC,2026-06-04
2026-06-05,M005942,COMPLETED-CONSTRUCTION,14564686.99,,95.39,,2021-04-23,2019-03-22,,2020-02-28,No,C W MATTHEWS & E R SNELL,2026-06-04
2026-06-05,M005943,COMPLETED-CONSTRUCTION,1079331.69,,86.03,,2021-06-08,2020-04-17,,2021-03-31,No,C W Matthews Contracting,2026-06-04
2026-06-05,M005946,COMPLETED-CONSTRUCTION,1311822.28,,90.76,,2020-12-15,2019-03-22,,2020-06-11,No,Peek Pavement Marking LLC,2026-06-04
2026-06-05,M005947,COMPLETED-CONSTRUCTION,1797473.18,,100.0,,2023-06-09,2019-10-18,,2020-09-27,No,COMANCHE CST OF GA LLC,2026-06-04
2026-06-05,M005949,COMPLETED-CONSTRUCTION,684779.77,,99.7,,2020-11-18,2019-12-20,,2020-07-30,No,MASSANA INC,2026-06-04
2026-06-05,M005950,COMPLETED-CONSTRUCTION,4029942.82,,97.92,,2023-02-06,2020-01-17,,2022-11-15,No,LOUIS-COMPANY LLC,2026-06-04
2026-06-05,M005952,COMPLETED-CONSTRUCTION,546006.01,,99.99,,2020-11-10,2020-03-20,,2020-10-20,No,THE L C WHITFORD CO INC,2026-06-04
2026-06-05,M005953,COMPLETED-CONSTRUCTION,926909.3,,42.58,,,2021-09-03,,2022-08-31,No,E & D CONTRACTING SVCS,2026-06-04
2026-06-05,M005954,COMPLETED-CONSTRUCTION,9156676.62,,99.95,,2024-01-19,2021-10-01,,2023-10-31,No,SEACOAST INC,2026-06-04
2026-06-05,M005955,COMPLETED-CONSTRUCTION,7123347.29,,46.98,2025-01-01,,2022-08-05,2024-12-07,,No,MASSANA CONSTRUCTION INC,2026-06-04
2026-06-05,M005956,COMPLETED-CONSTRUCTION,704046.49,,78.36,,2021-04-22,2020-01-17,,2020-12-31,No,TRP CONSTRUCTION GROUP,2026-06-04
2026-06-05,M005957,COMPLETED-CONSTRUCTION,900250.52,,96.65,,2021-04-29,2020-01-17,,2020-12-22,No,Peek Pavement Marking LLC,2026-06-04
2026-06-05,M005958,COMPLETED-CONSTRUCTION,222202.7,,84.9,,2021-02-26,2020-01-17,,2021-01-04,No,TRP CONSTRUCTION GROUP,2026-06-04
2026-06-05,M005959,COMPLETED-CONSTRUCTION,3270374.33,,90.28,,2021-03-11,2020-01-17,,2020-12-31,No,TRP CONSTRUCTION GROUP,2026-06-04
2026-06-05,M005960,COMPLETED-CONSTRUCTION,2999493.22,,75.71000000000001,,2023-06-27,2020-01-17,,2020-12-31,No,TRP CONSTRUCTION GROUP,2026-06-04
2026-06-05,M005961,COMPLETED-CONSTRUCTION,10795864.14,,98.07,,2024-02-23,2020-09-18,,2023-06-30,No,E R SNELL CONTRACTOR INC,2026-06-04
2026-06-05,M005962,COMPLETED-CONSTRUCTION,1919248.84,,97.68,,2023-01-09,2021-07-16,,2022-10-01,No,THE TRUESDELL CORPORATION,2026-06-04
2026-06-05,M005963,COMPLETED-CONSTRUCTION,244240.38,,92.31,,2021-07-09,2020-04-17,,2021-03-26,No,GOSALIA CONCRETE CONSTR,2026-06-04
2026-06-05,M005964,COMPLETED-CONSTRUCTION,5616322.14,,96.57,,2023-07-28,2021-06-18,,2022-08-24,No,E R SNELL CONTRACTOR INC,2026-06-04
2026-06-05,M005965,COMPLETED-CONSTRUCTION,2107396.26,,87.39,2020-12-04,2021-07-14,2019-11-22,,2020-11-13,No,REEVES CONSTRUCTION CO,2026-06-04
2026-06-05,M005966,COMPLETED-CONSTRUCTION,3200409.93,,85.5,,2023-07-28,2021-06-18,,2022-08-24,No,E R SNELL CONTRACTOR INC,2026-06-04
2026-06-05,M005967,COMPLETED-CONSTRUCTION,1397896.74,,91.02,2020-11-07,2021-01-05,2019-11-22,,2020-10-31,No,REEVES CONSTRUCTION CO,2026-06-04
2026-06-05,M005968,COMPLETED-CONSTRUCTION,8483192.17,,93.23,,2021-11-01,2020-03-20,,2021-07-31,No,C W Matthews Contracting,2026-06-04
2026-06-05,M005969,COMPLETED-CONSTRUCTION,862000.17,,99.65,,,2020-10-16,,2023-05-11,No,REEVES CONSTRUCTION CO,2026-06-04
2026-06-05,M005970,COMPLETED-CONSTRUCTION,5774496.45,,98.47,2022-07-07,2023-12-07,2021-07-16,,2023-01-19,No,THE SCRUGGS COMPANY,2026-06-04
2026-06-05,M005971,COMPLETED-CONSTRUCTION,2028513.27,,87.84,,2022-02-24,2020-12-18,,2021-11-30,No,PITTMAN CONSTRUCTION CO,2026-06-04
2026-06-05,M005972,COMPLETED-CONSTRUCTION,2164573.26,,94.65,,2021-10-06,2020-07-17,,2021-06-30,No,REEVES CONSTRUCTION CO,2026-06-04
2026-06-05,M005973,COMPLETED-CONSTRUCTION,1863230.1,,82.38,2021-08-13,2021-11-02,2020-09-18,,2021-09-14,No,REEVES CONSTRUCTION CO,2026-06-04
2026-06-05,M005974,COMPLETED-CONSTRUCTION,373993.76,,94.65,,2021-10-06,2020-07-17,,2021-06-30,No,REEVES CONSTRUCTION CO,2026-06-04
2026-06-05,M005975,COMPLETED-CONSTRUCTION,1635419.86,,99.22,,,2020-08-21,,2023-04-28,No,MASSANA INC,2026-06-04
2026-06-05,M005976,COMPLETED-CONSTRUCTION,2816730.1,,95.18,,2023-08-28,2021-10-01,,2022-08-31,No,BALDWIN PAVING CO INC,2026-06-04
2026-06-05,M005978,COMPLETED-CONSTRUCTION,3097355.91,,97.87,,2021-10-29,2020-09-18,,2021-09-23,No,THE SCRUGGS COMPANY,2026-06-04
2026-06-05,M005979,COMPLETED-CONSTRUCTION,3099418.32,,92.59,,2021-12-02,2020-11-20,,2021-10-29,No,REAMES & SON CST CO INC,2026-06-04
2026-06-05,M005980,COMPLETED-CONSTRUCTION,2043968.59,,94.84,,2021-07-29,2020-10-16,,2021-06-30,No,REEVES CONSTRUCTION CO,2026-06-04
2026-06-05,M005981,COMPLETED-CONSTRUCTION,2318845.48,,84.62,2022-07-18,,2021-07-16,,2022-12-19,No,EAST COAST ASPHALT LLC,2026-06-04
2026-06-05,M005982,COMPLETED-CONSTRUCTION,2036870.52,,93.83,,2023-06-05,2021-09-02,,2022-09-08,No,THE SCRUGGS COMPANY,2026-06-04
2026-06-05,M005983,COMPLETED-CONSTRUCTION,2501964.07,,87.45,,2022-11-16,2021-10-01,,2022-09-14,No,OXFORD CONSTRUCTION CO,2026-06-04
2026-06-05,M005985,COMPLETED-CONSTRUCTION,2372235.39,,90.33,2022-01-12,,2021-05-21,,2022-04-30,No,C W Matthews Contracting,2026-06-04
2026-06-05,M005986,COMPLETED-CONSTRUCTION,768211.19,,93.6,,2023-05-10,2021-09-03,,2023-02-12,No,THE SCRUGGS COMPANY,2026-06-04
2026-06-05,M005987,COMPLETED-CONSTRUCTION,1715582.35,,81.81,,2022-05-05,2021-01-22,,2022-02-12,No,C W Matthews Contracting,2026-06-04
2026-06-05,M005988,COMPLETED-CONSTRUCTION,3421903.59,,89.52,,2021-11-15,2020-09-18,,2021-09-21,No,C W Matthews Contracting,2026-06-04
2026-06-05,M005989,COMPLETED-CONSTRUCTION,2882113.21,,99.37,,2022-06-01,2021-01-22,,2022-01-28,No,C W Matthews Contracting,2026-06-04
2026-06-05,M005990,COMPLETED-CONSTRUCTION,3531122.26,,88.81,,,2021-12-31,,2023-03-10,No,C W Matthews Contracting,2026-06-04
2026-06-05,M005991,COMPLETED-CONSTRUCTION,2771154.84,,92.1,,2021-08-27,2020-05-22,,2021-05-27,No,NORTHWEST GA PAVING INC,2026-06-04
2026-06-05,M005992,COMPLETED-CONSTRUCTION,2145198.39,,95.5,,2022-05-09,2020-10-16,,2021-09-30,No,C W Matthews Contracting,2026-06-04
2026-06-05,M005993,COMPLETED-CONSTRUCTION,2133660.63,,97.51,,2022-03-08,2020-12-18,,2021-11-30,No,C W Matthews Contracting,2026-06-04
2026-06-05,M005994,COMPLETED-CONSTRUCTION,2296874.46,,92.23,,2022-10-06,2020-09-18,,2022-01-31,No,BALDWIN PAVING CO INC,2026-06-04
2026-06-05,M005996,COMPLETED-CONSTRUCTION,2370672.51,,93.39,,2023-07-19,2021-04-16,,2022-03-31,No,Baldwin Paving Company,2026-06-04
2026-06-05,M005997,COMPLETED-CONSTRUCTION,2239648.14,,95.37,,2022-09-14,2020-09-18,,2022-05-31,No,BALDWIN PAVING CO INC,2026-06-04
2026-06-05,M005998,COMPLETED-CONSTRUCTION,1620659.47,,83.72,,2021-09-23,2020-09-18,,2021-06-30,No,C W Matthews Contracting,2026-06-04
2026-06-05,M005999,COMPLETED-CONSTRUCTION,1454636.72,,87.21000000000001,,2022-07-28,2021-02-19,,2021-12-31,No,BARTOW PAVING COMPANY INC,2026-06-04
2026-06-05,M006000,COMPLETED-CONSTRUCTION,4321039.38,,99.18,,2022-02-24,2020-09-18,,2021-09-15,No,C W Matthews Contracting,2026-06-04
2026-06-05,M006001,COMPLETED-CONSTRUCTION,1418206.14,,99.97,,2022-06-07,2020-09-18,,2021-09-06,No,C W Matthews Contracting,2026-06-04
2026-06-05,M006002,COMPLETED-CONSTRUCTION,1686123.36,,90.64,,2022-02-08,2021-01-22,,2021-12-31,No,COLDITZ TRUCKING INC,2026-06-04
2026-06-05,M006003,COMPLETED-CONSTRUCTION,2539787.9,,95.37,,2021-12-14,2020-08-21,,2021-07-31,No,C W Matthews Contracting,2026-06-04
2026-06-05,M006004,COMPLETED-CONSTRUCTION,260776.54,,95.37,,2021-12-14,2020-08-21,,2021-07-31,No,C W Matthews Contracting,2026-06-04
2026-06-05,M006005,COMPLETED-CONSTRUCTION,4273813.31,,98.26,2021-12-31,2022-07-28,2021-01-22,,2021-12-31,No,C W Matthews Contracting,2026-06-04
2026-06-05,M006006,COMPLETED-CONSTRUCTION,1751674.02,,95.21,2021-12-11,2022-08-11,2021-02-19,,2022-01-31,No,C W Matthews Contracting,2026-06-04
2026-06-05,M006007,COMPLETED-CONSTRUCTION,,,88.29,,2022-03-08,2020-09-18,,2021-09-27,No,C W Matthews Contracting,2026-06-04
2026-06-05,M006008,COMPLETED-CONSTRUCTION,1854154.69,,83.56,,2021-12-14,2020-09-18,,2021-08-31,No,NORTHWEST GA PAVING INC,2026-06-04
2026-06-05,M006009,COMPLETED-CONSTRUCTION,1882253.51,,96.67,,2023-04-24,2021-01-22,,2022-02-10,No,C W Matthews Contracting,2026-06-04
2026-06-05,M006010,COMPLETED-CONSTRUCTION,1463990.43,,99.99,,2020-10-16,2020-02-21,,2020-09-22,No,Peek Pavement Marking LLC,2026-06-04
2026-06-05,M006011,COMPLETED-CONSTRUCTION,1969487.74,,99.38,,2022-03-15,2020-02-21,,2021-01-31,No,Peek Pavement Marking LLC,2026-06-04
2026-06-05,M006012,COMPLETED-CONSTRUCTION,3039942.17,,91.02,,2022-04-28,2020-03-20,,2021-06-10,No,Peek Pavement Marking LLC,2026-06-04
2026-06-05,M006013,COMPLETED-CONSTRUCTION,,,98.47,,2022-08-11,2020-09-18,,2021-09-26,No,COMANCHE CST OF GA LLC,2026-06-04
2026-06-05,M006014,COMPLETED-CONSTRUCTION,3026745.66,,94.54,,2022-04-28,2020-05-22,,2021-06-30,No,ROBINSON PAVING COMPANY,2026-06-04
2026-06-05,M006015,COMPLETED-CONSTRUCTION,344851.46,,90.86,,2021-08-30,2020-04-17,,2021-03-31,No,TRP CST GROUP LLC,2026-06-04
2026-06-05,M006016,COMPLETED-CONSTRUCTION,4570993.23,,98.43,,2021-09-28,2020-02-21,,2021-05-07,No,ROADSIDE SPECIALTIES LLC,2026-06-04
2026-06-05,M006017,COMPLETED-CONSTRUCTION,17687078.56,,99.84,,2023-01-18,2020-07-31,,2022-01-05,No,WEBBER LLC,2026-06-04
2026-06-05,M006018,COMPLETED-CONSTRUCTION,666109.1,,99.97,,2021-12-14,2020-06-19,,2021-06-13,No,MASSANA INC,2026-06-04
2026-06-05,M006019,COMPLETED-CONSTRUCTION,3281537.8299999996,,98.05,,2023-05-03,2021-07-16,,2023-03-24,No,MASSANA CONSTRUCTION INC,2026-06-04
2026-06-05,M006020,COMPLETED-CONSTRUCTION,1639630.93,,98.35,,2022-01-18,2020-05-22,,2021-11-09,No,MASSANA INC,2026-06-04
2026-06-05,M006021,COMPLETED-CONSTRUCTION,13836526.19,,95.95,,2025-03-25,2021-02-19,,2023-08-21,No,PRECISION 2000 INC,2026-06-04
2026-06-05,M006022,COMPLETED-CONSTRUCTION,6410708.73,,95.37,,2022-01-12,2020-08-21,,2021-07-31,No,E R SNELL CONTRACTOR INC,2026-06-04
2026-06-05,M006024,COMPLETED-CONSTRUCTION,15222301.77,,88.34,2022-08-22,2023-05-31,2021-09-02,,2023-04-05,No,PLANT IMPROVEMENT/SCRUGGS,2026-06-04
2026-06-05,M006025,COMPLETED-CONSTRUCTION,1530681.0,,98.62,,2023-08-14,2021-03-19,,2022-06-24,No,EVERETT DYKES GRASSING CO,2026-06-04
2026-06-05,M006026,COMPLETED-CONSTRUCTION,2358097.12,,98.33,,2022-04-28,2021-03-19,,2022-02-03,No,MCLENDON ENTERPRISES INC,2026-06-04
2026-06-05,M006027,COMPLETED-CONSTRUCTION,636300.0,,92.42,,2022-03-21,2021-03-19,,2022-02-25,No,REEVES CONSTRUCTION CO,2026-06-04
2026-06-05,M006028,COMPLETED-CONSTRUCTION,2377421.28,,91.1,2021-04-30,2023-01-30,2020-06-05,,2021-11-20,No,CAUSIE CONTRACTING INC,2026-06-04
2026-06-05,M006029,COMPLETED-CONSTRUCTION,10762068.72,,97.63,,,2021-09-03,2023-11-06,2023-11-06,No,MASSANA CONSTRUCTION INC,2026-06-04
2026-06-05,M006030,COMPLETED-CONSTRUCTION,3110466.23,,94.57,,,2021-02-05,,2023-02-01,No,LOUIS-COMPANY LLC,2026-06-04
2026-06-05,M006031,COMPLETED-CONSTRUCTION,2132453.81,,78.17,,2023-08-29,2021-09-02,,2023-05-22,No,MASSANA CONSTRUCTION INC,2026-06-04
2026-06-05,M006032,COMPLETED-CONSTRUCTION,1786887.3,,97.62,,2022-11-16,2021-02-05,,2022-05-04,No,MASSANA CONSTRUCTION INC,2026-06-04
2026-06-05,M006033,COMPLETED-CONSTRUCTION,599502.1,,98.63,,2022-03-15,2021-01-22,,2021-12-31,No,TRP CST GROUP LLC,2026-06-04
2026-06-05,M006035,COMPLETED-CONSTRUCTION,349453.52,,100.0,,2022-03-21,2020-12-18,,2021-11-03,No,TRP CST GROUP LLC,2026-06-04
2026-06-05,M006036,COMPLETED-CONSTRUCTION,691091.5,,85.62,,2021-08-27,2020-05-22,,2021-06-14,No,Peek Pavement Marking LLC,2026-06-04
2026-06-05,M006037,COMPLETED-CONSTRUCTION,3038649.3,,97.44,,2022-03-22,2020-05-22,,2021-08-26,No,Peek Pavement Marking LLC,2026-06-04
2026-06-05,M006038,COMPLETED-CONSTRUCTION,674992.69,,88.19,,2021-07-26,2020-05-22,,2021-03-25,No,Peek Pavement Marking LLC,2026-06-04
2026-06-05,M006039,COMPLETED-CONSTRUCTION,592420.55,,99.57,,2022-09-27,2021-07-16,,2022-06-30,No,TRP CST GROUP LLC,2026-06-04
2026-06-05,M006040,COMPLETED-CONSTRUCTION,5794970.65,,95.48,,2022-07-28,2020-06-19,,2021-09-30,No,C W Matthews Contracting,2026-06-04
2026-06-05,M006041,COMPLETED-CONSTRUCTION,6626573.07,,99.9,,2022-01-04,2020-06-19,,2021-07-15,No,C W Matthews Contracting,2026-06-04
2026-06-05,M006043,COMPLETED-CONSTRUCTION,3064763.37,,93.0,,2021-05-20,2020-06-19,,2021-02-25,No,C W Matthews Contracting,2026-06-04
2026-06-05,M006044,COMPLETED-CONSTRUCTION,2950038.22,,88.33,,,2021-05-21,,2022-09-23,No,EAST COAST ASPHALT LLC,2026-06-04
2026-06-05,M006045,COMPLETED-CONSTRUCTION,2403826.77,,92.93,,2022-08-30,2021-04-16,,2022-03-31,No,Peek Pavement Marking LLC,2026-06-04
2026-06-05,M006046,COMPLETED-CONSTRUCTION,4041124.79,,96.63,,2023-01-13,2021-04-16,,2022-03-31,No,TRP CST GROUP LLC,2026-06-04
2026-06-05,M006049,COMPLETED-CONSTRUCTION,14926449.63,,97.93,2024-07-05,,2022-12-02,2024-07-02,2024-07-02,No,WEBBER LLC,2026-06-04
2026-06-05,M006050,COMPLETED-CONSTRUCTION,25917585.0,,94.21,,,2022-03-04,,2023-12-09,No,C W Matthews Contracting,2026-06-04
2026-06-05,M006051,COMPLETED-CONSTRUCTION,14376561.19,,99.94,,,2021-12-31,,2023-05-31,No,J A LONG INC,2026-06-04
2026-06-05,M006053,COMPLETED-CONSTRUCTION,1187694.69,,90.08,,2022-03-23,2021-03-19,,2022-02-16,No,C AND H PAVING INC,2026-06-04
2026-06-05,M006054,COMPLETED-CONSTRUCTION,1918722.85,,90.8,,2023-07-13,2021-10-01,,2022-08-19,No,E R SNELL CONTRACTOR INC,2026-06-04
2026-06-05,M006055,COMPLETED-CONSTRUCTION,717101.59,,83.03,,2021-03-23,2020-05-22,,2021-02-03,No,PEEK PAVEMENT MARKING,2026-06-04
2026-06-05,M006056,COMPLETED-CONSTRUCTION,1768165.0499999998,,96.1,,,2020-07-06,,2022-03-29,No,LOUIS-COMPANY LLC,2026-06-04
2026-06-05,M006057,COMPLETED-CONSTRUCTION,1394828.55,,95.42,,2023-06-02,2020-05-22,,2021-11-06,No,S & D INDUSTRIAL PAINTING,2026-06-04
2026-06-05,M006058,COMPLETED-CONSTRUCTION,16108282.49,,97.32,2023-11-30,,2023-01-06,2023-11-30,2023-11-30,No,E R SNELL CONTRACTOR INC,2026-06-04
2026-06-05,M006059,COMPLETED-CONSTRUCTION,7170735.51,,95.6,2023-10-31,,2022-12-02,2023-10-31,2023-10-31,No,PITTMAN CONSTRUCTION CO,2026-06-04
2026-06-05,M006060,COMPLETED-CONSTRUCTION,9809992.93,,87.06,2024-02-29,,2023-03-31,2024-02-28,2024-02-28,No,J A LONG INC,2026-06-04
2026-06-05,M006061,COMPLETED-CONSTRUCTION,5008632.24,,99.35,2024-10-31,,2023-06-02,2024-10-31,,No,Baldwin Paving Company,2026-06-04
2026-06-05,M006062,COMPLETED-CONSTRUCTION,25501692.0,,95.71,2024-05-09,,2023-03-03,2024-01-31,,No,C W Matthews Contracting,2026-06-04
2026-06-05,M006063,COMPLETED-CONSTRUCTION,16394509.2,,97.89,2024-08-31,,2023-08-04,2025-01-08,,No,C W MATTHEWS CONGTRACTING,2026-06-04
2026-06-05,M006064,PRE-CONSTRUCTION,1960126.72,,,,,,,,No,,2026-06-04
2026-06-05,M006066,COMPLETED-CONSTRUCTION,895378.64,,94.29,2024-11-24,,2023-08-04,2024-08-18,,No,TRP CST GROUP LLC,2026-06-04
2026-06-05,M006067,COMPLETED-CONSTRUCTION,1534339.48,,,2024-06-30,2026-03-11,2023-08-04,2024-06-07,2024-06-07,No,Peek Pavement Marking LLC,2026-06-04
2026-06-05,M006068,COMPLETED-CONSTRUCTION,8382454.6,,95.04,2024-12-10,,2023-09-01,2024-07-30,,No,Peek Pavement Marking LLC,2026-06-04
2026-06-05,M006069,COMPLETED-CONSTRUCTION,785340.72,,90.4,,2022-08-11,2021-04-16,,2022-02-28,No,ROADSIDE SPECIALITIES LLC,2026-06-04
2026-06-05,M006071,PRE-CONSTRUCTION,246500.0,,,,,,,,No,,2026-06-04
2026-06-05,M006072,PRE-CONSTRUCTION,783000.0,,,,,,,,No,,2026-06-04
2026-06-05,M006073,PRE-CONSTRUCTION,209200.0,,,,,,,,No,,2026-06-04
2026-06-05,M006074,PRE-CONSTRUCTION,116200.0,,,,,,,,No,,2026-06-04
2026-06-05,M006075,COMPLETED-CONSTRUCTION,5114105.399999999,,99.89,2024-09-02,,2022-08-05,2024-12-05,2024-12-05,No,MASSANA CONSTRUCTION INC,2026-06-04
2026-06-05,M006076,COMPLETED-CONSTRUCTION,3066483.57,,99.91,,2024-06-21,2021-10-01,,2023-08-10,No,COMANCHE CST OF GA LLC,2026-06-04
2026-06-05,M006077,COMPLETED-CONSTRUCTION,801885.78,,99.94,,2021-07-09,2020-10-16,,2021-05-30,No,THE L C WHITFORD CO INC,2026-06-04
2026-06-05,M006078,COMPLETED-CONSTRUCTION,2258790.51,,84.3,,2022-12-27,2021-07-16,,2022-08-12,No,APAC-ATLANTIC INC,2026-06-04
2026-06-05,M006079,COMPLETED-CONSTRUCTION,1251579.58,,91.03,,2022-09-09,2021-10-01,,2022-08-29,No,EAST COAST ASPHALT LLC,2026-06-04
2026-06-05,M006080,COMPLETED-CONSTRUCTION,4688891.97,,86.31,2024-06-21,2025-03-19,2022-09-30,2024-11-19,2024-11-19,No,EAST COAST ASPHALT LLC,2026-06-04
2026-06-05,M006081,COMPLETED-CONSTRUCTION,5049192.79,,86.03,2024-01-14,,2022-04-01,,2024-09-20,No,APAC-ATLANTIC INC,2026-06-04
2026-06-05,M006082,COMPLETED-CONSTRUCTION,2700852.11,,86.22,,2023-07-24,2021-12-31,,2022-12-15,No,C W Matthews Contracting,2026-06-04
2026-06-05,M006083,COMPLETED-CONSTRUCTION,8665344.63,,99.84,,2023-10-17,2022-03-04,,2023-06-29,No,C W Matthews Contracting,2026-06-04
2026-06-05,M006084,COMPLETED-CONSTRUCTION,2035693.74,,94.62,,2022-04-27,2021-05-21,,2022-03-16,No,REEVES CONSTRUCTION CO,2026-06-04
2026-06-05,M006085,COMPLETED-CONSTRUCTION,4241828.94,,79.82000000000001,2023-02-03,2024-03-06,2022-05-06,,2023-08-07,No,EAST COAST ASPHALT LLC,2026-06-04
2026-06-05,M006086,COMPLETED-CONSTRUCTION,1452756.52,,95.9,,2022-07-18,2021-05-21,,2022-04-30,No,MCLENDON ENTERPRISES INC,2026-06-04
2026-06-05,M006087,COMPLETED-CONSTRUCTION,600251.26,,99.3,,2021-10-25,2020-04-17,,2021-09-16,No,COMANCHE CST OF GA LLC,2026-06-04
2026-06-05,M006088,COMPLETED-CONSTRUCTION,688268.02,,92.3,,2022-05-02,2021-02-19,,2022-02-18,No,ROADSAFE TRAFFIC SYSTEMS,2026-06-04
2026-06-05,M006089,COMPLETED-CONSTRUCTION,2863712.59,,90.48,,2023-01-09,2021-02-19,,2022-08-07,No,ROADSAFE TRAFFIC SYSTEMS,2026-06-04
2026-06-05,M006090,COMPLETED-CONSTRUCTION,1125263.8,,100.0,2024-04-30,2025-03-25,2022-12-02,2024-04-26,,No,COMANCHE CST OF GA LLC,2026-06-04
2026-06-05,M006091,COMPLETED-CONSTRUCTION,862285.32,,89.46000000000001,,2022-04-13,2021-02-19,,2022-01-31,No,Peek Pavement Marking LLC,2026-06-04
2026-06-05,M006092,COMPLETED-CONSTRUCTION,3071955.4,,99.41,,2022-09-02,2021-03-19,,2022-02-08,No,C W Matthews Contracting,2026-06-04
2026-06-05,M006093,COMPLETED-CONSTRUCTION,2769705.32,,97.68,,2022-09-12,2021-04-05,,2022-03-15,No,C W Matthews Contracting,2026-06-04
2026-06-05,M006094,COMPLETED-CONSTRUCTION,1673439.88,,99.59,,2023-08-17,2021-07-02,,2022-10-14,No,THE SCRUGGS COMPANY,2026-06-04
2026-06-05,M006095,COMPLETED-CONSTRUCTION,7544283.81,,92.91,,2022-12-02,2021-07-02,,2022-05-31,No,C W Matthews Contracting,2026-06-04
2026-06-05,M006096,COMPLETED-CONSTRUCTION,3916342.67,,99.04,,,2022-02-04,,2023-05-30,No,C W Matthews Contracting,2026-06-04
2026-06-05,M006097,COMPLETED-CONSTRUCTION,7855566.84,,97.19,,,2021-11-05,,2022-09-30,No,E R SNELL CONTRACTOR INC,2026-06-04
2026-06-05,M006098,COMPLETED-CONSTRUCTION,3840980.34,,97.75,,2023-09-15,2020-09-03,,2022-07-31,No,C W Matthews Contracting,2026-06-04
2026-06-05,M006099,COMPLETED-CONSTRUCTION,,,94.45,,2023-10-26,2021-11-05,,2023-04-18,No,THE SCRUGGS COMPANY,2026-06-04
2026-06-05,M006100,COMPLETED-CONSTRUCTION,8016956.25,,,2023-09-30,,2022-11-04,2023-09-30,2023-10-03,No,E R SNELL CONTRACTOR INC,2026-06-04
2026-06-05,M006101,COMPLETED-CONSTRUCTION,3546698.97,,91.05,,,2021-12-31,,2022-11-30,No,ROBINSON PAVING COMPANY,2026-06-04
2026-06-05,M006102,COMPLETED-CONSTRUCTION,4816784.98,,97.27,2023-12-05,2024-03-22,2022-11-04,2023-12-04,2023-12-04,No,C W Matthews Contracting,2026-06-04
2026-06-05,M006103,COMPLETED-CONSTRUCTION,3443134.65,,,2023-09-30,2024-03-19,2022-11-04,2023-09-29,2023-09-29,No,C W Matthews Contracting,2026-06-04
2026-06-05,M006104,COMPLETED-CONSTRUCTION,3392833.44,,,2024-04-30,,2023-06-02,2024-04-30,2024-09-03,No,C W Matthews Contracting,2026-06-04
2026-06-05,M006105,COMPLETED-CONSTRUCTION,42670671.13,,93.81,2024-11-30,,2023-12-29,2024-11-05,2024-11-05,No,C W Matthews Contracting,2026-06-04
2026-06-05,M006106,COMPLETED-CONSTRUCTION,492964.85,,98.64,,2021-11-15,2020-12-18,,2021-07-30,No,MASSANA CONSTRUCTION INC,2026-06-04
2026-06-05,M006107,COMPLETED-CONSTRUCTION,2383005.14,,98.76,,2022-11-04,2020-12-18,,2022-01-19,No,THE TRUESDELL CORPORATION,2026-06-04
2026-06-05,M006108,COMPLETED-CONSTRUCTION,3300900.82,,93.54,,2023-02-28,2021-12-31,,2022-10-29,No,PITTMAN CONSTRUCTION CO,2026-06-04
2026-06-05,M006109,COMPLETED-CONSTRUCTION,2292846.0,,90.84,2024-12-16,,2023-08-04,2024-11-26,,No,THE TRUESDELL CORPORATION,2026-06-04
2026-06-05,M006110,UNDER-CONSTRUCTION,,,,2024-03-31,,2022-08-05,,,No,BRIGGS BROS ENTERPRISES,2026-06-04
2026-06-05,M006111,COMPLETED-CONSTRUCTION,,,96.6,,2021-12-14,2020-12-18,,2021-11-18,No,TRP CST GROUP LLC,2026-06-04
2026-06-05,M006112,COMPLETED-CONSTRUCTION,,,95.04,,2022-01-04,2020-12-18,,2021-11-30,No,TRP CST GROUP LLC,2026-06-04
2026-06-05,M006113,COMPLETED-CONSTRUCTION,3460162.75,,92.86,2021-10-25,2022-06-17,2021-02-19,,2022-01-31,No,E R SNELL CONTRACTOR INC,2026-06-04
2026-06-05,M006114,COMPLETED-CONSTRUCTION,4131280.87,,90.71,,2022-09-27,2021-05-21,,2022-04-30,No,NORTHWEST GA PAVING INC,2026-06-04
2026-06-05,M006115,COMPLETED-CONSTRUCTION,6291886.46,,85.54,,2023-01-13,2021-06-18,,2022-05-31,No,C W Matthews Contracting,2026-06-04
2026-06-05,M006116,COMPLETED-CONSTRUCTION,1345548.44,,82.56,,2022-09-21,2021-09-03,,2022-08-08,No,TALLEY CST CO INC,2026-06-04
2026-06-05,M006117,COMPLETED-CONSTRUCTION,3954232.84,,82.59,,2023-03-09,2021-10-01,,2022-10-05,No,C W Matthews Contracting,2026-06-04
2026-06-05,M006118,COMPLETED-CONSTRUCTION,2585236.03,,93.47,,,2021-07-16,,2022-07-15,No,NORTHWEST GA PAVING INC,2026-06-04
2026-06-05,M006119,COMPLETED-CONSTRUCTION,2696112.59,,88.33,,2022-09-02,2021-04-16,,2022-07-31,No,NORTHWEST GA PAVING INC,2026-06-04
2026-06-05,M006120,COMPLETED-CONSTRUCTION,986671.53,,99.06,,2022-03-24,2021-02-19,,2022-01-31,No,Peek Pavement Marking LLC,2026-06-04
2026-06-05,M006121,COMPLETED-CONSTRUCTION,4325052.38,,99.54,2021-12-28,2022-09-12,2021-05-21,,2022-05-23,No,C W Matthews Contracting,2026-06-04
2026-06-05,M006122,COMPLETED-CONSTRUCTION,6432912.55,,94.95,,2022-11-02,2021-03-19,,2022-02-18,No,EVERETT DYKES GRASSING CO,2026-06-04
2026-06-05,M006123,COMPLETED-CONSTRUCTION,2340154.47,,91.37,,2022-01-25,2021-03-19,,2021-12-20,No,PITTMAN CONSTRUCTION CO,2026-06-04
2026-06-05,M006124,UNDER-CONSTRUCTION,5568869.81,,60.58,2026-06-30,,2025-08-01,,,No,ER SNELL CONTRACTOR INC,2026-06-04
2026-06-05,M006125,COMPLETED-CONSTRUCTION,2047675.84,,91.5,,,2021-05-21,,2022-04-30,No,C W Matthews Contracting,2026-06-04
2026-06-05,M006126,COMPLETED-CONSTRUCTION,603743.5,,87.55,,2022-01-18,2021-01-22,,2021-11-24,No,E R SNELL CONTRACTOR INC,2026-06-04
2026-06-05,M006127,COMPLETED-CONSTRUCTION,4541890.0,,98.0,2022-11-12,2023-09-22,2021-12-03,,2023-01-11,No,C W Matthews Contracting,2026-06-04
2026-06-05,M006128,COMPLETED-CONSTRUCTION,1101931.1,,97.25,,2021-12-14,2021-05-21,,2021-11-18,No,E R SNELL CONTRACTOR INC,2026-06-04
2026-06-05,M006129,COMPLETED-CONSTRUCTION,1810691.64,,95.07,,2023-01-06,2021-09-03,,2022-09-01,No,C W Matthews Contracting,2026-06-04
2026-06-05,M006130,COMPLETED-CONSTRUCTION,4623207.62,,91.34,2022-08-26,2024-02-14,2021-10-01,,2023-01-27,No,BALDWIN PAVING CO INC,2026-06-04
2026-06-05,M006131,COMPLETED-CONSTRUCTION,2750155.5,,90.97,2022-05-14,2022-08-17,2021-06-18,,2022-06-23,No,C W Matthews Contracting,2026-06-04
2026-06-05,M006132,COMPLETED-CONSTRUCTION,2598896.1,,94.03,2021-10-15,2024-04-09,2021-03-19,,2022-02-28,No,PITTMAN CONSTRUCTION CO,2026-06-04
2026-06-05,M006133,COMPLETED-CONSTRUCTION,1478304.06,,98.61,,2022-08-11,2021-05-21,,2022-04-30,No,C AND H PAVING INC,2026-06-04
2026-06-05,M006134,COMPLETED-CONSTRUCTION,1654908.13,,88.62,,2022-08-11,2021-05-21,,2022-04-30,No,C AND H PAVING INC,2026-06-04
2026-06-05,M006135,COMPLETED-CONSTRUCTION,477612.11,,99.74,,2023-07-17,2021-09-03,,2022-05-17,No,PITTMAN CONSTRUCTION CO,2026-06-04
2026-06-05,M006136,COMPLETED-CONSTRUCTION,3243348.74,,89.67,,2023-06-12,2022-06-03,,2023-04-30,No,REEVES CONSTRUCTION CO,2026-06-04
2026-06-05,M006137,COMPLETED-CONSTRUCTION,811206.62,,95.87,,,2021-09-03,,2022-09-23,No,EAST COAST ASPHALT LLC,2026-06-04
2026-06-05,M006138,COMPLETED-CONSTRUCTION,2616847.39,,,2024-01-31,2024-06-11,2023-03-03,2024-01-31,,No,E R SNELL CONTRACTOR INC,2026-06-04
2026-06-05,M006139,COMPLETED-CONSTRUCTION,2097813.45,,92.16,2022-07-03,2023-10-11,2021-06-18,,2022-07-15,No,REEVES CONSTRUCTION CO,2026-06-04
2026-06-05,M006140,COMPLETED-CONSTRUCTION,4850503.73,,92.58,2022-06-02,2023-09-08,2021-06-18,,2023-03-21,No,EAST COAST ASPHALT LLC,2026-06-04
2026-06-05,M006141,COMPLETED-CONSTRUCTION,1443629.54,,88.29,,2023-09-20,2021-12-31,,2023-08-02,No,GRIFFIN GRADING&CONCRETE,2026-06-04
2026-06-05,M006142,COMPLETED-CONSTRUCTION,3266840.4,,96.75,,2022-08-30,2021-07-16,,2022-06-30,No,REAMES & SON CST CO INC,2026-06-04
2026-06-05,M006143,COMPLETED-CONSTRUCTION,4573442.32,,89.68,,2023-01-03,2021-06-18,,2022-09-02,No,THE SCRUGGS COMPANY,2026-06-04
2026-06-05,M006144,COMPLETED-CONSTRUCTION,2617951.29,,86.71000000000001,,2023-01-09,2021-07-16,,2022-06-30,No,C W Matthews Contracting,2026-06-04
2026-06-05,M006145,COMPLETED-CONSTRUCTION,4953916.95,,91.48,,2023-02-28,2021-07-16,,2022-06-30,No,C W Matthews Contracting,2026-06-04
2026-06-05,M006146,COMPLETED-CONSTRUCTION,2032306.28,,98.43,,2023-01-20,2021-07-16,,2022-06-30,No,PITTMAN CONSTRUCTION CO,2026-06-04
2026-06-05,M006147,COMPLETED-CONSTRUCTION,743042.09,,87.66,,2023-03-15,2022-03-04,,2023-01-31,No,BARTOW PAVING COMPANY INC,2026-06-04
2026-06-05,M006148,COMPLETED-CONSTRUCTION,2578729.38,,89.49,,2023-02-28,2021-09-02,,2022-07-31,No,C W Matthews Contracting,2026-06-04
2026-06-05,M006149,COMPLETED-CONSTRUCTION,2339002.82,,75.66,,2023-03-24,2021-10-01,,2022-10-15,No,Baldwin Paving Company,2026-06-04
2026-06-05,M006150,COMPLETED-CONSTRUCTION,735611.96,,96.54,,2022-10-06,2021-07-16,,2022-05-01,No,PITTMAN CONSTRUCTION CO,2026-06-04
2026-06-05,M006151,COMPLETED-CONSTRUCTION,502551.05,,98.65,,2022-05-17,2021-04-16,,2022-04-14,No,TRP CST GROUP LLC,2026-06-04
2026-06-05,M006152,COMPLETED-CONSTRUCTION,968016.33,,98.8,,2022-05-09,2021-01-22,,2021-11-12,No,COMANCHE CST OF GA LLC,2026-06-04
2026-06-05,M006153,COMPLETED-CONSTRUCTION,3070902.9400000004,,98.48,,2023-09-25,2021-07-16,,2023-03-31,No,THE L C WHITFORD CO INC,2026-06-04
2026-06-05,M006154,COMPLETED-CONSTRUCTION,2110752.86,,99.41,,2024-02-15,2021-12-03,,2023-03-31,No,MASSANA CONSTRUCTION INC,2026-06-04
2026-06-05,M006155,COMPLETED-CONSTRUCTION,2277653.27,,87.89,,2022-11-21,2021-10-01,,2022-11-15,No,COMANCHE CST OF GA LLC,2026-06-04
2026-06-05,M006156,COMPLETED-CONSTRUCTION,4434431.11,,99.99,2024-10-31,,2022-09-02,2024-10-31,2024-10-31,No,COMANCHE CST OF GA LLC,2026-06-04
2026-06-05,M006157,COMPLETED-CONSTRUCTION,975505.98,,96.97,,2021-11-15,2021-04-16,,2021-11-01,No,TRP CST GROUP LLC,2026-06-04
2026-06-05,M006158,COMPLETED-CONSTRUCTION,3308613.93,,97.89,,2022-09-27,2021-04-30,,2022-03-31,No,THE SCRUGGS COMPANY,2026-06-04
2026-06-05,M006160,COMPLETED-CONSTRUCTION,591288.07,,91.29,2023-11-30,2023-10-30,2023-01-06,2023-10-12,,No,ALL STAR CONCRETE INC,2026-06-04
2026-06-05,M006161,COMPLETED-CONSTRUCTION,2060000.0,,99.98,2024-11-30,,2023-06-30,2024-11-30,,No,MASSANA CONSTRUCTION INC,2026-06-04
2026-06-05,M006162,COMPLETED-CONSTRUCTION,4935268.43,,,2023-08-31,2024-05-31,2022-09-30,2023-08-31,2023-08-31,No,PITTMAN CONSTRUCTION CO,2026-06-04
2026-06-05,M006163,COMPLETED-CONSTRUCTION,1437704.21,,99.45,2023-10-31,,2022-09-02,2023-10-31,2023-10-27,No,COMANCHE CST OF GA LLC,2026-06-04
2026-06-05,M006164,COMPLETED-CONSTRUCTION,868383.7799999999,,95.74,2023-10-31,2024-01-09,2022-09-02,2023-10-31,,No,MASSANA CONSTRUCTION INC,2026-06-04
2026-06-05,M006165,COMPLETED-CONSTRUCTION,3367552.58,,95.12,,2022-07-05,2021-05-21,,2022-05-14,No,REEVES CONSTRUCTION CO,2026-06-04
2026-06-05,M006166,COMPLETED-CONSTRUCTION,6726751.91,,97.89,2025-10-31,,2024-12-06,2025-10-31,2025-10-31,No,TALLEY CST CO INC,2026-06-04
2026-06-05,M006167,COMPLETED-CONSTRUCTION,37719737.51,,95.1,2025-03-31,,2024-02-02,2025-03-31,,No,C W Matthews Contracting,2026-06-04
2026-06-05,M006168,PRE-CONSTRUCTION,2669585.0,,,,,,,,No,,2026-06-04
2026-06-05,M006169,PRE-CONSTRUCTION,0.0,,,,,,,,No,,2026-06-04
2026-06-05,M006170,PRE-CONSTRUCTION,0.0,,,,,,,,No,,2026-06-04
2026-06-05,M006171,UNDER-CONSTRUCTION,3980540.82,,,2027-02-28,,2026-04-03,,,No,THE SCRUGGS  COMPANY,2026-06-04
2026-06-05,M006172,PRE-CONSTRUCTION,1962816.45,,,,,,,,No,,2026-06-04
2026-06-05,M006173,COMPLETED-CONSTRUCTION,2103896.66,,91.07,2022-10-12,2023-11-20,2021-11-05,,2022-10-10,No,C W Matthews Contracting,2026-06-04
2026-06-05,M006174,PRE-CONSTRUCTION,1603764.66,,,,,,,,No,,2026-06-04
2026-06-05,M006175,COMPLETED-CONSTRUCTION,1757232.34,,92.22,,2024-04-03,2022-03-04,,2023-06-08,No,C W Matthews Contracting,2026-06-04
2026-06-05,M006176,COMPLETED-CONSTRUCTION,2825694.17,,99.98,2024-01-05,,2023-02-03,2024-05-10,,No,C W Matthews Contracting,2026-06-04
2026-06-05,M006177,COMPLETED-CONSTRUCTION,1261216.14,,95.27,,2023-01-10,2022-03-04,,2022-12-07,No,COLDITZ TRUCKING INC,2026-06-04
2026-06-05,M006178,COMPLETED-CONSTRUCTION,6600730.63,,93.67,2022-12-14,2024-03-07,2022-06-03,,2023-05-30,No,E R SNELL CONRACTOR INC,2026-06-04
2026-06-05,M006179,UNDER-CONSTRUCTION,2149894.18,,90.77,2026-10-31,,2025-12-05,,,No,PITTMAN CONSTRUCTION CO,2026-06-04
2026-06-05,M006180,COMPLETED-CONSTRUCTION,2238376.14,,96.14,2023-01-28,2023-09-26,2022-04-01,,2023-03-06,No,C W Matthews Contracting,2026-06-04
2026-06-05,M006182,PRE-CONSTRUCTION,0.0,,,,,,,,No,,2026-06-04
2026-06-05,M006183,COMPLETED-CONSTRUCTION,4042885.01,,86.85000000000001,2023-06-03,2023-09-22,2022-06-03,,2023-06-30,No,PITTMAN CONSTRUCTION CO,2026-06-04
2026-06-05,M006184,COMPLETED-CONSTRUCTION,870477.28,,97.01,2024-02-29,2024-01-31,2023-03-31,2024-01-11,,No,ALL STAR CONCRETE INC,2026-06-04
2026-06-05,M006185,COMPLETED-CONSTRUCTION,1424597.28,,91.69,2024-03-31,,2023-05-05,2024-03-31,,No,PITTMAN CONSTRUCTION CO,2026-06-04
2026-06-05,M006186,COMPLETED-CONSTRUCTION,3267926.62,,,2024-01-31,,2023-03-03,2024-02-09,,No,PITTMAN CONSTRUCTION CO,2026-06-04
2026-06-05,M006187,COMPLETED-CONSTRUCTION,6408514.26,,77.77,2024-10-14,,2023-11-03,2025-01-02,,No,THE SCRUGGS COMPANY,2026-06-04
2026-06-05,M006188,COMPLETED-CONSTRUCTION,3107343.86,,94.47,,2023-12-19,2021-12-03,,2022-10-31,No,C W Matthews Contracting,2026-06-04
2026-06-05,M006189,COMPLETED-CONSTRUCTION,4135556.04,,93.59,,,2021-12-03,,2023-02-10,No,REEVES CONSTRUCTION CO,2026-06-04
2026-06-05,M006190,COMPLETED-CONSTRUCTION,2256158.04,,91.53,,2023-03-02,2021-12-03,,2022-12-14,No,REAMES & SON CST CO INC,2026-06-04
2026-06-05,M006191,COMPLETED-CONSTRUCTION,1539055.82,,89.51,,2022-09-08,2021-12-31,,2022-08-01,No,REAMES & SON CST CO INC,2026-06-04
2026-06-05,M006192,COMPLETED-CONSTRUCTION,9443861.61,,88.63,2023-09-30,2024-01-23,2022-11-04,2023-09-28,2023-09-28,No,THE SCRUGGS COMPANY,2026-06-04
2026-06-05,M006193,COMPLETED-CONSTRUCTION,1511901.56,,,2023-11-30,2023-12-18,2023-01-06,2023-11-30,,No,THE SCRUGGS COMPANY,2026-06-04
2026-06-05,M006194,COMPLETED-CONSTRUCTION,2027587.24,,98.05,,2023-08-17,2022-02-04,,2023-03-02,No,THE SCRUGGS COMPANY,2026-06-04
2026-06-05,M006196,COMPLETED-CONSTRUCTION,675779.53,,96.05,,2023-08-18,2022-04-01,,2023-01-09,No,REAMES & SON CST CO INC,2026-06-04
2026-06-05,M006197,COMPLETED-CONSTRUCTION,2816114.2,,99.32,2024-09-30,,2023-02-03,2024-09-30,,No,MASSANA CONSTRUCTION INC,2026-06-04
2026-06-05,M006198,COMPLETED-CONSTRUCTION,1161400.0,,99.6,2024-07-31,,2023-09-01,2024-07-31,2024-07-31,No,SOUTHERN CONCRETE CST CO,2026-06-04
2026-06-05,M006199,COMPLETED-CONSTRUCTION,1426782.99,,98.48,,2024-04-16,2021-09-03,,2022-05-16,No,KIEWIT INFRASTRUCTURE S,2026-06-04
2026-06-05,M006201,COMPLETED-CONSTRUCTION,1747235.0,,97.58,2025-09-30,,2024-08-02,2025-08-26,2025-08-31,No,LOUIS-COMPANY LLC,2026-06-04
2026-06-05,M006202,COMPLETED-CONSTRUCTION,824500.0,,99.95,2026-04-01,,2024-08-30,2026-03-31,,No,MASSANA CONSTRUCTION INC,2026-06-04
2026-06-05,M006203,COMPLETED-CONSTRUCTION,263210.6,,87.91,,2022-06-07,2021-04-16,,2022-03-31,No,Peek Pavement Marking LLC,2026-06-04
2026-06-05,M006204,COMPLETED-CONSTRUCTION,2180550.45,,97.82,2024-03-31,2024-07-09,2022-08-05,2024-03-16,,No,THE TRUESDELL CORP,2026-06-04
2026-06-05,M006205,COMPLETED-CONSTRUCTION,865000.0,,100.0,2026-01-31,,2024-08-30,2025-06-03,,No,LOUIS-COMPANY LLC,2026-06-04
2026-06-05,M006206,UNDER-CONSTRUCTION,1067000.0,,100.0,2026-01-31,,2024-08-30,,,No,MASSANA CONSTRUCTION INC,2026-06-04
2026-06-05,M006207,COMPLETED-CONSTRUCTION,1731248.7200000002,,92.9,2024-05-31,,2022-11-04,2024-05-08,2024-05-08,No,THE TRUESDELL CORPORATION,2026-06-04
2026-06-05,M006208,COMPLETED-CONSTRUCTION,2606333.5,,99.98,2025-09-30,,2023-08-04,2025-08-27,,No,MASSANA CONSTRUCTION INC,2026-06-04
2026-06-05,M006209,COMPLETED-CONSTRUCTION,1088661.0,,97.67,2025-03-31,,2023-08-04,2025-03-31,2025-03-31,No,MASSANA CONSTRUCTION INC,2026-06-04
2026-06-05,M006210,COMPLETED-CONSTRUCTION,997584.0,,99.53,2024-12-18,,2023-10-06,2024-12-14,,No,THE TRUESDELL CORPORATION,2026-06-04
2026-06-05,M006212,COMPLETED-CONSTRUCTION,5386297.9,,71.77,,2023-12-21,2022-06-03,,2023-10-04,No,APAC-ATLANTIC INC,2026-06-04
2026-06-05,M006213,COMPLETED-CONSTRUCTION,1664103.13,,84.0,,2023-10-11,2022-06-03,,2023-05-17,No,C W Matthews Contracting,2026-06-04
2026-06-05,M006214,COMPLETED-CONSTRUCTION,4083798.26,,94.51,2024-05-29,,2023-02-03,,2024-02-19,No,C W Matthews Contracting,2026-06-04
2026-06-05,M006215,COMPLETED-CONSTRUCTION,2977643.1,,94.78,2023-11-30,2023-12-11,2023-01-06,2023-11-30,2023-10-06,No,MCLENDON ENTERPRISES INC,2026-06-04
2026-06-05,M006216,COMPLETED-CONSTRUCTION,7123899.8,,94.05,2024-04-26,,2023-03-03,2024-05-03,2024-06-10,No,REEVES CONSTRUCTION CO,2026-06-04
2026-06-05,M006217,COMPLETED-CONSTRUCTION,8244028.58,,92.52,2024-04-30,2024-06-24,2023-06-02,2024-04-30,2024-04-30,No,MCLENDON ENTERPRISES INC,2026-06-04
2026-06-05,M006218,COMPLETED-CONSTRUCTION,5587974.01,,99.99,2024-12-31,2025-03-19,2022-11-04,2024-11-11,2024-11-11,No,EAST COAST ASPHALT LLC,2026-06-04
2026-06-05,M006219,COMPLETED-CONSTRUCTION,6878504.0,,94.29,2023-09-30,2023-10-25,2022-11-04,2023-09-30,,No,REEVES CONSTRUCTION CO,2026-06-04
2026-06-05,M006220,COMPLETED-CONSTRUCTION,1954138.26,,97.12,2023-12-31,2023-12-18,2023-02-03,2023-11-20,,No,PLANT IMPROVEMENT CO INC,2026-06-04
2026-06-05,M006221,COMPLETED-CONSTRUCTION,1079585.73,,89.48,2023-11-30,,2023-01-06,2024-09-06,2024-09-26,No,EAST COAST ASPHALT LLC,2026-06-04
2026-06-05,M006222,COMPLETED-CONSTRUCTION,2848551.92,,97.73,,2023-11-20,2021-02-04,,2023-04-20,No,C W Matthews Contracting,2026-06-04
2026-06-05,M006223,COMPLETED-CONSTRUCTION,6731715.65,,79.61,,2023-07-12,2022-05-06,,2023-03-31,No,NORTHWEST GA PAVING INC,2026-06-04
2026-06-05,M006224,COMPLETED-CONSTRUCTION,4694897.68,,79.65,,2023-11-09,2022-06-03,,2023-04-30,No,COLDITZ TRUCKING INC,2026-06-04
2026-06-05,M006225,COMPLETED-CONSTRUCTION,3413757.24,,78.32000000000001,,2023-07-12,2022-04-01,,2023-02-28,No,NORTHWEST GA PAVING INC,2026-06-04
2026-06-05,M006226,COMPLETED-CONSTRUCTION,1884987.54,,92.69,2022-09-12,2023-07-25,2021-11-05,,2022-10-14,No,C W Matthews Contracting,2026-06-04
2026-06-05,M006227,COMPLETED-CONSTRUCTION,5224520.75,,92.3,2022-11-30,,2022-04-01,,2024-10-19,No,C W Matthews Contracting,2026-06-04
2026-06-05,M006229,COMPLETED-CONSTRUCTION,4571728.45,,91.18,2025-10-27,,2024-05-31,2025-10-27,,No,GRIFFIN GRADING &CONCRETE,2026-06-04
2026-06-05,M006230,COMPLETED-CONSTRUCTION,1544432.16,,91.31,2023-09-30,2023-08-09,2022-11-04,2023-09-30,,No,EAST COAST ASPHALT LLC,2026-06-04
2026-06-05,M006231,COMPLETED-CONSTRUCTION,1727629.77,,99.04,,2024-06-11,2021-12-03,,2023-08-25,No,EAST COAST ASPHALT LLC,2026-06-04
2026-06-05,M006232,COMPLETED-CONSTRUCTION,1895001.42,,91.65,2023-09-30,,2022-11-04,2023-09-30,2023-09-30,No,REEVES CONSTRUCTION CO,2026-06-04
2026-06-05,M006233,COMPLETED-CONSTRUCTION,4151085.91,,91.65,2023-09-30,2024-02-12,2022-11-04,2023-09-30,2023-09-30,No,REEVES CONSTRUCTION CO,2026-06-04
2026-06-05,M006234,COMPLETED-CONSTRUCTION,4175243.81,,99.77,2023-06-01,2024-06-07,2021-12-31,,2023-05-19,No,REEVES CONSTRUCTION CO,2026-06-04
2026-06-05,M006235,COMPLETED-CONSTRUCTION,7497984.25,,95.47,2023-12-15,2024-06-21,2022-12-02,2024-02-09,2024-02-09,No,REEVES CONSTRUCTION CO,2026-06-04
2026-06-05,M006236,COMPLETED-CONSTRUCTION,2428667.76,,85.36,,2023-07-10,2022-06-03,,2023-05-06,No,REEVES CONSTRUCTION CO,2026-06-04
2026-06-05,M006237,COMPLETED-CONSTRUCTION,12019852.08,,74.3,,2023-08-14,2022-06-03,,2023-06-09,No,REEVES CONSTRUCTION CO,2026-06-04
2026-06-05,M006238,COMPLETED-CONSTRUCTION,6577716.53,,90.89,2022-10-19,2023-04-25,2021-12-03,,2022-11-04,No,REEVES CONSTRUCTION CO,2026-06-04
2026-06-05,M006239,COMPLETED-CONSTRUCTION,9446576.43,,98.27,2023-11-05,2025-03-04,2022-11-04,2024-01-23,2024-01-23,No,PITTMAN CONSTRUCTION CO,2026-06-04
2026-06-05,M006240,COMPLETED-CONSTRUCTION,3285249.4,,,2023-10-31,,2022-12-02,2023-12-01,2023-12-01,No,PITTMAN CONSTRUCTION CO,2026-06-04
2026-06-05,M006241,COMPLETED-CONSTRUCTION,5594581.76,,,2023-10-31,2024-04-09,2022-12-02,2023-10-31,2023-10-31,No,REEVES CONSTRUCTION CO,2026-06-04
2026-06-05,M006242,COMPLETED-CONSTRUCTION,5936528.5,,92.04,2024-08-31,,2023-10-06,2024-08-27,,No,Beams Contracting Inc,2026-06-04
2026-06-05,M006243,COMPLETED-CONSTRUCTION,9231047.6,,94.57,2024-07-19,,2023-01-06,2024-07-19,2024-07-18,No,REEVES CONSTRUCTION CO,2026-06-04
2026-06-05,M006244,COMPLETED-CONSTRUCTION,5996606.34,,98.5,,,2022-03-04,,2023-07-20,No,C W Matthews Contracting,2026-06-04
2026-06-05,M006245,COMPLETED-CONSTRUCTION,7494264.64,,,2023-10-31,2023-11-07,2022-12-02,2023-08-22,2023-08-22,No,OXFORD CONSTRUCTION CO,2026-06-04
2026-06-05,M006246,COMPLETED-CONSTRUCTION,2612792.49,,97.12,2023-10-31,,2022-12-02,2023-08-31,2023-08-31,No,C W Matthews Contracting,2026-06-04
2026-06-05,M006247,COMPLETED-CONSTRUCTION,15877076.44,,83.78,2023-10-31,2024-12-17,2022-12-02,2023-10-31,2023-10-31,No,E R SNELL CONTRACTOR INC,2026-06-04
2026-06-05,M006248,COMPLETED-CONSTRUCTION,8160273.58,,87.24,2023-10-31,,2022-12-02,2023-10-31,,No,E R SNELL CONTRACTOR INC,2026-06-04
2026-06-05,M006249,COMPLETED-CONSTRUCTION,3853739.36,,98.43,2023-10-31,,2022-12-02,2023-10-31,2024-09-19,No,C W Matthews Contracting,2026-06-04
2026-06-05,M006250,COMPLETED-CONSTRUCTION,7240620.7,,88.85000000000001,2023-11-30,,2023-01-06,2023-11-30,2025-06-13,No,C W Matthews Contracting,2026-06-04
2026-06-05,M006251,COMPLETED-CONSTRUCTION,8346968.6,,85.02,2024-06-24,,2023-03-03,2024-06-24,,No,E R SNELL CONTRACTOR INC,2026-06-04
2026-06-05,M006252,COMPLETED-CONSTRUCTION,4837046.55,,96.15,2024-05-11,,2023-02-03,2024-08-09,,No,REEVES CONSTRUCTION CO,2026-06-04
2026-06-05,M006253,COMPLETED-CONSTRUCTION,7298389.44,,,2023-10-31,2024-05-28,2022-12-02,2023-10-31,2023-10-31,No,C W Matthews Contracting,2026-06-04
2026-06-05,M006254,COMPLETED-CONSTRUCTION,1103320.61,,91.52,2023-11-30,,2023-01-06,2023-11-30,2023-11-30,No,NORTHWEST GA PAVING INC,2026-06-04
2026-06-05,M006255,COMPLETED-CONSTRUCTION,4290631.6,,,2023-11-30,,2023-01-06,2023-11-30,,No,NORTHWEST GA PAVING INC,2026-06-04
2026-06-05,M006256,COMPLETED-CONSTRUCTION,6724815.0,,96.85,2024-08-21,,2023-03-31,2024-08-16,,No,C W Matthews Contracting,2026-06-04
2026-06-05,M006257,COMPLETED-CONSTRUCTION,6526018.7,,85.08,2023-10-31,2024-03-05,2022-12-02,2023-11-07,2023-11-07,No,NORTHWEST GA PAVING INC,2026-06-04
2026-06-05,M006258,COMPLETED-CONSTRUCTION,8268953.19,,88.13,2023-11-30,2024-06-27,2023-01-06,2024-01-22,,No,NORTHWEST GA PAVING INC,2026-06-04
2026-06-05,M006259,COMPLETED-CONSTRUCTION,1561653.09,,85.11,2025-01-31,,2024-03-01,2025-01-29,,No,COLDITZ TRUCKING INC,2026-06-04
2026-06-05,M006260,COMPLETED-CONSTRUCTION,4830192.67,,90.6,2025-08-31,,2024-10-04,2025-08-31,2025-08-31,No,NORTHWEST GA PAVING INC,2026-06-04
2026-06-05,M006261,COMPLETED-CONSTRUCTION,1849578.8,,96.23,2023-10-20,,2022-07-01,2024-08-01,2024-07-30,No,ROBINSON PAVING COMPANY,2026-06-04
2026-06-05,M006262,UNDER-CONSTRUCTION,5850000.0,,88.18,2026-07-28,,2023-09-01,,,No,MASSANA CONSTRUCTION INC,2026-06-04
2026-06-05,M006263,COMPLETED-CONSTRUCTION,2362036.0,,99.72,2025-04-21,,2023-08-04,2025-04-02,2025-04-02,No,COMANCHE CST OF GA LLC,2026-06-04
2026-06-05,M006264,UNDER-CONSTRUCTION,1346302.48,,27.86,2026-09-30,,2025-09-05,,,No,LOUIS-COMPANY LLC,2026-06-04
2026-06-05,M006265,COMPLETED-CONSTRUCTION,1035770.0,,99.22,2024-08-31,,2023-06-30,2024-10-15,,No,CEKRA INC,2026-06-04
2026-06-05,M006266,COMPLETED-CONSTRUCTION,2332049.7,,99.38,2024-10-31,2024-06-21,2022-11-04,2024-06-06,,No,MASSANA CONSTRUCTION INC,2026-06-04
2026-06-05,M006267,COMPLETED-CONSTRUCTION,7913511.79,,94.86,2022-12-20,2024-01-19,2022-05-06,,2023-04-24,No,C W Matthews Contracting,2026-06-04
2026-06-05,M006268,COMPLETED-CONSTRUCTION,1793274.33,,92.96,,2023-05-15,2022-04-01,,2022-12-29,No,PITTMAN CONSTRUCTION CO,2026-06-04
2026-06-05,M006269,COMPLETED-CONSTRUCTION,3404678.06,,99.99,2023-12-31,2025-03-25,2023-02-03,2023-12-29,2023-12-29,No,PITTMAN CONSTRUCTION CO,2026-06-04
2026-06-05,M006270,COMPLETED-CONSTRUCTION,2829008.74,,97.2,2022-10-08,2023-08-02,2022-02-04,,2022-12-29,No,PITTMAN CONSTRUCTION CO,2026-06-04
2026-06-05,M006271,COMPLETED-CONSTRUCTION,8002905.91,,67.92,2023-05-18,,2022-06-03,,2024-05-13,No,BALDWIN PAVING CO INC,2026-06-04
2026-06-05,M006272,COMPLETED-CONSTRUCTION,4423953.52,,97.02,2023-10-31,2024-02-12,2022-12-02,2023-10-31,,No,C W Matthews Contracting,2026-06-04
2026-06-05,M006273,PRE-CONSTRUCTION,51500000.0,,,,,,,,No,,2026-06-04
2026-06-05,M006274,PRE-CONSTRUCTION,51500000.0,,,,,,,,No,,2026-06-04
2026-06-05,M006275,UNDER-CONSTRUCTION,5551440.0,,54.58,2027-03-31,,2024-08-02,,,No,LOUIS-COMPANY LLC,2026-06-04
2026-06-05,M006276,COMPLETED-CONSTRUCTION,2677756.46,,,2023-10-31,2024-01-12,2022-12-02,2023-10-27,,No,REEVES CONSTRUCTION CO,2026-06-04
2026-06-05,M006277,COMPLETED-CONSTRUCTION,3276158.09,,87.89,2023-10-31,2024-01-12,2022-12-02,2023-10-31,,No,REAMES & SON CST CO INC,2026-06-04
2026-06-05,M006278,COMPLETED-CONSTRUCTION,5304308.36,,96.42,2023-10-31,2024-12-10,2022-12-02,2024-01-10,,No,EAST COAST ASPHALT,2026-06-04
2026-06-05,M006279,COMPLETED-CONSTRUCTION,592668.82,,88.13,,2023-07-18,2022-06-03,,2022-10-18,No,OXFORD CONSTRUCTION CO,2026-06-04
2026-06-05,M006280,COMPLETED-CONSTRUCTION,4266152.23,,94.35,2024-08-31,2024-11-25,2023-10-06,2024-08-30,,No,THE SCRUGGS COMPANY,2026-06-04
2026-06-05,M006281,COMPLETED-CONSTRUCTION,876212.3,,82.62,2023-05-31,2023-12-21,2022-07-01,2023-05-31,2023-05-31,No,EAST COAST ASPHALT LLC,2026-06-04
2026-06-05,M006282,COMPLETED-CONSTRUCTION,3068322.54,,76.11,2023-05-31,2023-10-20,2022-07-01,2023-05-31,,No,THE SCRUGGS COMPANY,2026-06-04
2026-06-05,M006283,COMPLETED-CONSTRUCTION,4437309.08,,96.6,,2023-06-27,2022-03-04,,2023-02-23,No,E R SNELL CONTRACTOR INC,2026-06-04
2026-06-05,M006284,COMPLETED-CONSTRUCTION,3808397.71,,97.43,,2023-07-05,2022-03-04,,2023-01-31,No,E R SNELL CONTRACTOR INC,2026-06-04
2026-06-05,M006285,COMPLETED-CONSTRUCTION,2325800.87,,86.22,,,2022-05-06,,2023-05-15,No,C W Matthews Contracting,2026-06-04
2026-06-05,M006286,COMPLETED-CONSTRUCTION,1380003.4,,88.28,,2023-04-25,2021-12-31,,2022-11-30,No,C W Matthews Contracting,2026-06-04
2026-06-05,M006287,COMPLETED-CONSTRUCTION,2033960.6,,99.71,,2023-07-17,1946-02-04,,2022-12-31,No,PITTMAN CONSTRUCTION CO,2026-06-04
2026-06-05,M006289,UNDER-CONSTRUCTION,,,93.19,2025-11-30,,2025-01-03,,,No,Baldwin Paving Company,2026-06-04
2026-06-05,M006290,COMPLETED-CONSTRUCTION,,,95.0,,2024-03-18,2022-02-04,,2023-07-04,No,C W Matthews Contracting,2026-06-04
2026-06-05,M006291,UNDER-CONSTRUCTION,,,76.44,2026-06-30,,2025-08-01,,,No,ER SNELL CONTRACTOR INC,2026-06-04
2026-06-05,M006292,COMPLETED-CONSTRUCTION,,,95.52,,,2022-05-06,,2023-03-31,No,C W Matthews Contracting,2026-06-04
2026-06-05,M006293,COMPLETED-CONSTRUCTION,,,96.72,2024-03-19,,2023-03-03,2024-03-19,,No,E R SNELL CONTRACTOR INC,2026-06-04
2026-06-05,M006295,COMPLETED-CONSTRUCTION,,,98.21,2024-07-31,,2023-06-02,2024-07-31,,No,MASSANA CONSTRUCTION INC,2026-06-04
2026-06-05,M006296,COMPLETED-CONSTRUCTION,,,94.55,2024-09-01,,2022-11-04,2024-08-25,,No,THE TRUESDELL CORPORATION,2026-06-04
2026-06-05,M006298,COMPLETED-CONSTRUCTION,,,83.4,2026-03-24,,2024-08-02,2026-03-24,2026-03-23,No,E R SNELL CONTRACTOR INC,2026-06-04
2026-06-05,M006300,COMPLETED-CONSTRUCTION,,,93.27,2024-04-30,2024-05-23,2022-09-30,2024-04-30,,No,DOYLE HANCOCK & SONS CST,2026-06-04
2026-06-05,M006302,COMPLETED-CONSTRUCTION,,,99.15,2024-01-31,,2023-03-03,2024-05-23,2024-05-23,No,NORTHWEST GA PAVING INC,2026-06-04
2026-06-05,M006303,COMPLETED-CONSTRUCTION,,,94.17,2023-09-30,2023-06-27,2022-11-04,2023-06-19,2023-06-19,No,OXFORD CONSTRUCTION CO,2026-06-04
2026-06-05,M006308,COMPLETED-CONSTRUCTION,,,94.95,2024-03-27,2024-12-11,2022-11-04,2023-12-01,2024-03-27,No,Baldwin Paving Company,2026-06-04
2026-06-05,M006309,COMPLETED-CONSTRUCTION,,,99.78,,2023-04-14,2022-04-01,,2023-02-28,No,Peek Pavement Marking LLC,2026-06-04
2026-06-05,M006310,COMPLETED-CONSTRUCTION,,,98.53,2026-01-31,,2023-06-30,2026-01-24,,No,M & J CST PINELLAS COUNTY,2026-06-04
2026-06-05,M006311,COMPLETED-CONSTRUCTION,,,98.73,2026-10-08,,2023-10-06,2026-04-23,,No,THE L C WHITFORD CO INC,2026-06-04
2026-06-05,M006312,COMPLETED-CONSTRUCTION,,,98.03,2025-01-31,,2023-06-30,2024-05-13,2024-05-12,No,THE L C WHITFORD CO INC,2026-06-04
2026-06-05,M006313,COMPLETED-CONSTRUCTION,,,100.0,2024-12-30,,2022-11-04,2024-11-21,,No,MASSANA CONSTRUCTION INC,2026-06-04
2026-06-05,M006314,COMPLETED-CONSTRUCTION,,,99.91,2024-11-29,2025-03-25,2022-11-04,2024-11-23,,No,THE L C WHITFORD CO INC,2026-06-04
2026-06-05,M006315,COMPLETED-CONSTRUCTION,,,97.38,2024-03-31,,2022-12-02,2024-03-31,2024-03-31,No,S & D INDUSTRIAL PAINTING,2026-06-04
2026-06-05,M006316,UNDER-CONSTRUCTION,,,99.1,2024-11-30,,2023-03-31,,,No,S & D INDUSTRIAL PAINTING,2026-06-04
2026-06-05,M006317,COMPLETED-CONSTRUCTION,,,88.03,2024-08-31,2025-03-04,2023-03-31,2024-10-01,,No,S & D INDUSTRIAL PAINTING,2026-06-04
2026-06-05,M006318,COMPLETED-CONSTRUCTION,,,94.57,2023-11-30,,2023-01-06,2023-11-22,2023-11-22,No,C W Matthews Contracting,2026-06-04
2026-06-05,M006319,COMPLETED-CONSTRUCTION,,,98.17,2023-10-31,,2022-12-02,2023-10-31,,No,C W Matthews Contracting,2026-06-04
2026-06-05,M006320,COMPLETED-CONSTRUCTION,,,92.37,2023-09-08,2024-05-23,2022-09-30,2023-10-16,2023-10-16,No,C W Matthews Contracting,2026-06-04
2026-06-05,M006321,COMPLETED-CONSTRUCTION,,,95.57,2023-10-06,,2022-11-04,2023-10-04,2023-10-04,No,C W Matthews Contracting,2026-06-04
2026-06-05,M006322,COMPLETED-CONSTRUCTION,,,95.88,2023-11-26,2024-02-21,2022-12-02,2023-11-22,2023-11-22,No,C W Matthews Contracting,2026-06-04
2026-06-05,M006323,COMPLETED-CONSTRUCTION,,,86.44,2023-07-22,2023-11-17,2022-07-01,2023-07-22,2023-07-22,No,REEVES CONSTRUCTION CO,2026-06-04
2026-06-05,M006324,COMPLETED-CONSTRUCTION,,,88.06,2023-05-31,2023-08-04,2022-07-01,2023-05-31,2023-05-31,No,BARTOW PAVING COMPANY INC,2026-06-04
2026-06-05,M006325,COMPLETED-CONSTRUCTION,,,63.57,,,2022-06-03,,2023-04-30,No,PITTMAN CONSTRUCTION CO,2026-06-04
2026-06-05,M006326,COMPLETED-CONSTRUCTION,,,93.62,2023-11-12,,2022-12-02,2023-11-12,2023-10-31,No,PITTMAN CONSTRUCTION CO,2026-06-04
2026-06-05,M006327,COMPLETED-CONSTRUCTION,,,84.86,2023-05-31,2023-12-18,2022-07-01,2023-05-31,,No,PITTMAN CONSTRUCTION CO,2026-06-04
2026-06-05,M006328,COMPLETED-CONSTRUCTION,,,91.18,2023-10-31,,2022-12-02,2023-10-31,2023-10-31,No,C W Matthews Contracting,2026-06-04
2026-06-05,M006329,COMPLETED-CONSTRUCTION,,,80.38,2024-01-31,2024-06-21,2023-03-03,2024-02-27,2024-02-27,No,C W Matthews Contracting,2026-06-04
2026-06-05,M006330,COMPLETED-CONSTRUCTION,,,98.98,2024-02-29,,2023-03-31,2024-02-29,,No,C W Matthews Contracting,2026-06-04
2026-06-05,M006331,COMPLETED-CONSTRUCTION,,,97.21,2023-11-30,,2023-01-06,2023-11-30,,No,CW MATTHEWS CONTRACTING,2026-06-04
2026-06-05,M006332,COMPLETED-CONSTRUCTION,,,83.08,2023-12-31,,2023-02-03,2023-12-31,,No,C W Matthews Contracting,2026-06-04
2026-06-05,M006333,COMPLETED-CONSTRUCTION,,,91.58,2024-02-29,,2023-03-31,2024-02-29,,No,E R SNELL CONTRACTOR INC,2026-06-04
2026-06-05,M006335,COMPLETED-CONSTRUCTION,5138902.22,,89.41,2024-10-31,,2023-12-01,2024-10-31,,No,C W MATTHES CONTRACTING,2026-06-04
2026-06-05,M006336,COMPLETED-CONSTRUCTION,1092214.77,,84.86,2023-05-31,2023-09-20,2022-07-01,2023-05-31,,No,C W Matthews Contracting,2026-06-04
2026-06-05,M006337,COMPLETED-CONSTRUCTION,873258.23,,93.3,2024-10-15,,2023-01-06,2024-08-14,2024-08-14,No,VERTICAL EARTH INC,2026-06-04
2026-06-05,M006338,COMPLETED-CONSTRUCTION,4978087.2,,88.69,2023-10-31,,2022-12-02,2023-10-31,2023-10-31,No,PITTMAN CONSTRUCTION CO,2026-06-04
2026-06-05,M006339,COMPLETED-CONSTRUCTION,1987624.36,,,2024-01-31,2024-05-28,2023-03-03,2024-01-31,2024-01-31,No,COLDITZ TRUCKING INC,2026-06-04
2026-06-05,M006340,COMPLETED-CONSTRUCTION,6704325.78,,92.67,2023-08-31,2023-11-17,2022-09-30,2023-10-02,,No,REAMES & SON CST CO INC,2026-06-04
2026-06-05,M006341,COMPLETED-CONSTRUCTION,15241611.59,,,2024-08-21,,2023-10-06,2024-08-21,2024-08-21,No,C W Matthews Contracting,2026-06-04
2026-06-05,M006342,COMPLETED-CONSTRUCTION,3845008.35,,74.96000000000001,2023-05-31,2023-09-29,2022-07-01,2023-05-31,2023-05-31,No,E R SNELL CONTRACTOR INC,2026-06-04
2026-06-05,M006343,COMPLETED-CONSTRUCTION,686067.32,,98.25,2023-06-26,,2022-07-01,2023-07-10,2023-06-26,No,C W Matthews Contracting,2026-06-04
2026-06-05,M006344,UNDER-CONSTRUCTION,2395000.0,,99.52,2026-03-31,,2024-02-02,,,No,S & D INDUSTRIAL PAINTING,2026-06-04
2026-06-05,M006345,COMPLETED-CONSTRUCTION,1387076.13,,98.12,2025-04-30,,2023-01-06,2025-04-30,2025-04-30,No,S & D INDUSTRIAL PAINTING,2026-06-04
2026-06-05,M006346,COMPLETED-CONSTRUCTION,1394848.44,,99.14,2024-06-30,,2023-02-03,2024-06-30,,No,SEMINOLE EQUIPMENT INC,2026-06-04
2026-06-05,M006347,COMPLETED-CONSTRUCTION,1098288.14,,94.39,2024-08-31,,2023-10-06,2024-08-31,2024-08-31,No,C W Matthews Contracting,2026-06-04
2026-06-05,M006348,COMPLETED-CONSTRUCTION,806480.96,,,2023-10-31,2024-05-10,2022-12-02,2024-02-15,2024-02-15,No,REEVES CONSTRUCTION CO,2026-06-04
2026-06-05,M006349,COMPLETED-CONSTRUCTION,11001593.12,,90.37,2024-06-30,,2023-08-04,2024-09-10,2024-10-03,No,OXFORD CO&ROBINSON PAVING,2026-06-04
2026-06-05,M006350,UNDER-CONSTRUCTION,13892653.32,,94.43,2025-07-31,,2023-12-29,,,No,C W Matthews Contracting,2026-06-04
2026-06-05,M006351,COMPLETED-CONSTRUCTION,20067745.53,,89.54,2024-08-31,,2023-10-06,2024-08-31,2024-08-30,No,C W Matthews Contracting,2026-06-04
2026-06-05,M006352,COMPLETED-CONSTRUCTION,1279675.05,,99.76,2024-02-29,,2023-03-31,2024-02-28,,No,C W Matthews Contracting,2026-06-04
2026-06-05,M006353,COMPLETED-CONSTRUCTION,6125884.88,,99.98,2024-03-31,,2023-05-05,2024-03-31,2024-03-31,No,C W Matthews Contracting,2026-06-04
2026-06-05,M006354,COMPLETED-CONSTRUCTION,1446978.15,,99.86,2025-05-31,,2023-03-03,2025-05-15,,No,S & D INDUSTRIAL PAINTING,2026-06-04
2026-06-05,M006355,COMPLETED-CONSTRUCTION,1171506.0,,90.11,2024-12-30,,2023-05-05,2025-09-11,,No,OLYMPUS PAINTING CONTRACT,2026-06-04
2026-06-05,M006356,COMPLETED-CONSTRUCTION,2357902.0,,99.83,2026-08-31,,2025-08-01,2026-04-01,,No,GULF COAST CONTRACTING,2026-06-04
2026-06-05,M006357,UNDER-CONSTRUCTION,1316672.0,,98.01,2027-02-28,,2025-09-05,,,No,LOUIS-COMPANY LLC,2026-06-04
2026-06-05,M006359,UNDER-CONSTRUCTION,1900135.0,,,2026-02-28,,2024-10-04,,,No,LOUIS-COMPANY LLC,2026-06-04
2026-06-05,M006361,COMPLETED-CONSTRUCTION,5468515.62,,98.25,2024-10-31,,2023-12-01,2024-10-31,,No,E R SNELL CONTRACTOR INC,2026-06-04
2026-06-05,M006362,COMPLETED-CONSTRUCTION,7098929.57,,99.37,2024-12-31,,2023-02-03,2024-12-24,2024-11-25,No,C W Matthews Contracting,2026-06-04
2026-06-05,M006363,COMPLETED-CONSTRUCTION,1009039.34,,89.72,2024-09-30,,2023-11-03,2024-09-30,2024-09-30,No,PITTMAN CONSTRUCTION CO,2026-06-04
2026-06-05,M006364,COMPLETED-CONSTRUCTION,5048485.95,,,2023-08-31,,2022-09-30,2024-04-11,,No,EAST COAST ASPHALT LLC,2026-06-04
2026-06-05,M006365,COMPLETED-CONSTRUCTION,4411049.34,,94.49,2023-11-30,2024-05-17,2023-01-06,2023-12-07,,No,OXFORD CONSTRUCTION CO,2026-06-04
2026-06-05,M006366,COMPLETED-CONSTRUCTION,1791691.1,,93.08,2023-12-31,,2023-02-03,2024-07-12,,No,REEVES CONSTRUCTION CO,2026-06-04
2026-06-05,M006367,COMPLETED-CONSTRUCTION,852598.05,,86.14,2023-11-30,2024-02-28,2023-01-06,2023-12-07,,No,REEVES CONSTRUCTION CO,2026-06-04
2026-06-05,M006368,COMPLETED-CONSTRUCTION,16022640.0,,97.46,2024-07-09,,2023-03-03,2024-07-09,,No,C W Matthews Contracting,2026-06-04
2026-06-05,M006369,COMPLETED-CONSTRUCTION,1072260.51,,97.81,2024-02-29,2024-01-23,2023-03-31,2024-02-29,2024-01-16,No,C W Matthews Contracting,2026-06-04
2026-06-05,M006370,COMPLETED-CONSTRUCTION,3195179.49,,,2023-12-31,2025-03-19,2023-02-03,2024-03-31,,No,EAST COAST ASPHALT LLC,2026-06-04
2026-06-05,M006371,COMPLETED-CONSTRUCTION,1131671.01,,95.69,2024-02-29,2023-12-11,2023-03-31,2024-02-29,2023-11-07,No,MCLENDON ENTERPRISES INC,2026-06-04
2026-06-05,M006372,COMPLETED-CONSTRUCTION,2423869.75,,,2024-08-31,2024-11-20,2023-10-06,2024-07-31,,No,THE SCRUGGS COMPANY,2026-06-04
2026-06-05,M006373,COMPLETED-CONSTRUCTION,4237833.19,,,2024-10-31,,2023-12-01,2024-10-31,,No,THE SCRUGGS COMPANY,2026-06-04
2026-06-05,M006374,COMPLETED-CONSTRUCTION,1130934.45,,92.45,2024-09-30,,2023-11-03,2024-09-30,,No,MCLENDON ENTERPRISES INC,2026-06-04
2026-06-05,M006375,COMPLETED-CONSTRUCTION,2841387.56,,97.55,2024-01-31,2024-01-26,2023-03-03,2024-01-31,2023-10-10,No,REEVES CONSTRUCTION CO,2026-06-04
2026-06-05,M006376,COMPLETED-CONSTRUCTION,6171045.99,,90.26,2024-10-01,,2023-11-03,2024-09-30,2024-09-30,No,NORTHWEST GA PAVING INC,2026-06-04
2026-06-05,M006377,COMPLETED-CONSTRUCTION,6212193.35,,94.63,2025-01-31,,2024-03-01,2025-01-31,2025-01-31,No,C W Matthews Contracting,2026-06-04
2026-06-05,M006378,COMPLETED-CONSTRUCTION,1398275.0,,99.88,2024-10-31,,2023-09-01,2024-10-31,,No,S & D INDUSTRIAL PAINTING,2026-06-04
2026-06-05,M006379,COMPLETED-CONSTRUCTION,2264227.64,,92.71,2024-02-29,,2023-03-31,2024-02-28,2024-02-28,No,THE SCRUGGS COMPANY,2026-06-04
2026-06-05,M006380,COMPLETED-CONSTRUCTION,1633062.79,,87.26,2024-08-31,,2023-10-06,2024-07-18,2024-07-18,No,REEVES CONSTRUCTION CO,2026-06-04
2026-06-05,M006381,PRE-CONSTRUCTION,352822.0,,,,,,,,No,,2026-06-04
2026-06-05,M006382,COMPLETED-CONSTRUCTION,446508.88,,90.92,2024-09-05,2025-03-16,2023-08-04,2024-09-16,,No,TRP CST GROUP LLC,2026-06-04
2026-06-05,M006383,COMPLETED-CONSTRUCTION,317832.86,,84.82000000000001,2024-10-28,,2023-08-04,2024-10-28,2024-10-28,No,TRP CST GROUP LLC,2026-06-04
2026-06-05,M006384,COMPLETED-CONSTRUCTION,780982.5,,64.02,2024-07-31,2024-11-25,2023-09-01,2024-08-28,,No,Peek Pavement Marking LLC,2026-06-04
2026-06-05,M006385,COMPLETED-CONSTRUCTION,394021.2,,96.91,2024-07-31,,2023-09-01,2024-05-30,,No,Peek Pavement Marking LLC,2026-06-04
2026-06-05,M006386,COMPLETED-CONSTRUCTION,517084.65,,97.42,2024-11-30,2025-04-10,2023-12-29,2025-01-31,,No,Peek Pavement Marking LLC,2026-06-04
2026-06-05,M006387,COMPLETED-CONSTRUCTION,1081170.0,,99.02,2024-10-31,,2023-09-01,2024-10-31,,No,THE L C WHITFORD CO INC,2026-06-04
2026-06-05,M006388,UNDER-CONSTRUCTION,,,,2027-03-31,,2025-10-03,,,No,THE TRUESDELL CORPORATION,2026-06-04
2026-06-05,M006389,UNDER-CONSTRUCTION,,,35.71,2027-04-30,,2025-09-05,,,No,LOUIS-COMPANY LLC,2026-06-04
2026-06-05,M006391,COMPLETED-CONSTRUCTION,,,91.67,2024-08-10,,2023-08-04,2025-02-12,2025-02-12,No,EAST COAST ASPHALT LLC,2026-06-04
2026-06-05,M006392,COMPLETED-CONSTRUCTION,,,100.0,2024-09-30,,2023-08-04,2024-09-18,2023-09-18,No,MASSANA CONSTRUCTION INC,2026-06-04
2026-06-05,M006393,UNDER-CONSTRUCTION,,,,2027-02-28,,2025-09-05,,,No,LOUIS-COMPANY LLC,2026-06-04
2026-06-05,M006394,COMPLETED-CONSTRUCTION,,,99.51,2024-09-11,,2023-10-06,2024-09-13,2024-09-13,No,C W Matthews Contracting,2026-06-04
2026-06-05,M006395,COMPLETED-CONSTRUCTION,,,88.72,2024-10-23,,2023-11-03,2024-10-17,,No,E R SNELL CONRACTOR INC,2026-06-04
2026-06-05,M006396,COMPLETED-CONSTRUCTION,,,90.31,2024-12-31,,2024-02-02,2025-02-14,,No,E R SNELL CONTRACTOR,2026-06-04
2026-06-05,M006397,COMPLETED-CONSTRUCTION,,,87.92,2024-10-31,2025-03-27,2023-12-01,2024-10-24,,No,PITTMAN CONSTRUCTION CO,2026-06-04
2026-06-05,M006398,COMPLETED-CONSTRUCTION,,,90.15,2025-02-26,,2024-02-02,2025-01-04,,No,PITTMAN CONSTRUCTION CO,2026-06-04
2026-06-05,M006399,COMPLETED-CONSTRUCTION,,,98.25,2025-06-30,2026-04-15,2024-08-02,2025-06-26,2026-06-26,No,REAMES & SON CST CO INC,2026-06-04
2026-06-05,M006400,UNDER-CONSTRUCTION,,,,2025-11-30,,2025-01-03,,,No,THE SCRUGGS COMPANY,2026-06-04
2026-06-05,M006401,COMPLETED-CONSTRUCTION,,,90.37,2024-06-30,,2023-08-04,2024-09-10,2024-10-03,No,OXFORD CO&ROBINSON PAVING,2026-06-04
2026-06-05,M006402,COMPLETED-CONSTRUCTION,,,,2025-08-31,,2024-10-04,2025-08-31,,No,REEVES CONSTRUCTION CO,2026-06-04
2026-06-05,M006403,COMPLETED-CONSTRUCTION,,,92.55,2024-11-17,,2023-12-01,2024-12-23,,No,REEVES CONSTRUCTION CO,2026-06-04
2026-06-05,M006404,COMPLETED-CONSTRUCTION,,,80.3,2026-01-31,,2025-03-07,2026-03-09,,No,THE SCRUGGS COMPANY,2026-06-04
2026-06-05,M006405,COMPLETED-CONSTRUCTION,,,94.4,2025-10-31,,2024-12-06,2025-10-31,,No,REEVES CONSTRUCTION CO,2026-06-04
2026-06-05,M006406,COMPLETED-CONSTRUCTION,,,97.34,2026-01-31,,2025-03-07,2026-04-08,,No,REEVES CONSTRUCTION CO,2026-06-04
2026-06-05,M006407,COMPLETED-CONSTRUCTION,,,94.85,2024-12-01,,2023-12-01,2024-11-21,,No,REEVES CONSTRUCTION CO,2026-06-04
2026-06-05,M006408,COMPLETED-CONSTRUCTION,,,,2024-09-30,,2023-11-03,2024-09-27,,No,REEVES CONSTRUCTION CO,2026-06-04
2026-06-05,M006409,PRE-CONSTRUCTION,,,,,,,,,No,,2026-06-04
2026-06-05,M006410,UNDER-CONSTRUCTION,4193623.93,,,2024-12-31,,2024-02-02,,,No,EAST COAST ASPHALT LLC,2026-06-04
2026-06-05,M006411,COMPLETED-CONSTRUCTION,2411480.14,,,2024-12-31,2025-04-10,2024-02-02,2024-12-11,,No,REEVES CONSTRUCTION CO,2026-06-04
2026-06-05,M006412,UNDER-CONSTRUCTION,2288791.14,,,2026-11-30,,2026-01-02,,,No,REAMES AND SON CONSTRUCTI,2026-06-04
2026-06-05,M006413,UNDER-CONSTRUCTION,1533758.33,,,2026-11-30,,2026-01-02,,,No,REAMES AND SON CONSTRUCTI,2026-06-04
2026-06-05,M006414,COMPLETED-CONSTRUCTION,2697400.0,,99.99,2025-10-29,,2023-10-06,2025-10-29,2025-10-29,No,THE L C WHITFORD CO INC,2026-06-04
2026-06-05,M006415,COMPLETED-CONSTRUCTION,10021543.3,,,2024-10-31,,2023-12-01,2024-10-30,,No,REAMES & SON CST CO INC,2026-06-04
2026-06-05,M006416,COMPLETED-CONSTRUCTION,3156880.88,,,2024-10-31,,2023-12-01,2024-10-31,2024-10-31,No,MCLENDON ENTERPRISES INC,2026-06-04
2026-06-05,M006417,COMPLETED-CONSTRUCTION,6221183.0,,95.44,2025-08-31,,2024-10-04,2025-08-31,,No,MCLENDON ENTERPRISES INC,2026-06-04
2026-06-05,M006418,UNDER-CONSTRUCTION,2447046.32,,35.51,2025-10-31,,2024-12-06,,,No,SIKES BROTHERS INC,2026-06-04
2026-06-05,M006419,COMPLETED-CONSTRUCTION,10179851.41,,88.21000000000001,2025-11-30,,2025-01-03,2025-11-30,,No,GRIFFIN GRADING &CONCRETE,2026-06-04
2026-06-05,M006420,COMPLETED-CONSTRUCTION,1845264.75,,88.85000000000001,2025-10-31,,2024-12-06,2025-10-23,,No,EAST COAST ASPHALT LLC,2026-06-04
2026-06-05,M006421,COMPLETED-CONSTRUCTION,1997871.12,,94.3,2026-05-31,,2025-06-27,2026-05-29,,No,MCLENDON ENTERPRISES INC,2026-06-04
2026-06-05,M006422,UNDER-CONSTRUCTION,2710703.2,,73.81,2026-07-31,,2024-11-01,,,No,EAST COAST ASPHALT LLC,2026-06-04
2026-06-05,M006423,UNDER-CONSTRUCTION,5583034.01,,92.55,2025-11-30,,2025-01-03,,,No,THE SCRUGGS COMPANY,2026-06-04
2026-06-05,M006424,COMPLETED-CONSTRUCTION,4549921.19,,96.73,2025-11-30,,2025-01-03,2025-11-13,,No,REEVES CONSTRUCTION CO,2026-06-04
2026-06-05,M006425,COMPLETED-CONSTRUCTION,297083.99,,99.35,2023-05-31,2024-06-24,2022-07-01,2023-05-31,,No,NORTH GA CONCRETE INC,2026-06-04
2026-06-05,M006426,COMPLETED-CONSTRUCTION,904869.23,,98.68,2024-09-30,,2023-11-03,2024-09-30,2024-09-30,No,E R SNELL CONTRACTOR INC,2026-06-04
2026-06-05,M006427,COMPLETED-CONSTRUCTION,726626.22,,87.78,2025-06-28,,2023-12-01,2025-06-27,2026-06-28,No,Baldwin Paving Company,2026-06-04
2026-06-05,M006428,COMPLETED-CONSTRUCTION,7258484.59,,99.95,2026-01-31,,2025-03-07,2026-02-27,,No,C W Matthews Contracting,2026-06-04
2026-06-05,M006429,COMPLETED-CONSTRUCTION,3192822.44,,92.16,2025-04-30,2025-03-21,2024-05-31,2024-12-26,,No,PITTMAN CONSTRUCTION CO,2026-06-04
2026-06-05,M006430,COMPLETED-CONSTRUCTION,4009788.87,,80.73,2025-08-31,,2024-10-04,2025-08-31,2025-08-31,No,C W Matthews Contracting,2026-06-04
2026-06-05,M006431,UNDER-CONSTRUCTION,4934418.31,,0.26,2028-03-31,,2025-12-05,,,No,C W Matthews Contracting,2026-06-04
2026-06-05,M006432,UNDER-CONSTRUCTION,1778905.99,,93.08,2026-06-30,,2025-08-01,,,No,REEVES CST COMPANY,2026-06-04
2026-06-05,M006433,COMPLETED-CONSTRUCTION,904681.0,,97.93,2025-03-31,,2023-08-04,2025-03-18,,No,COMANCHE CST OF GA LLC,2026-06-04
2026-06-05,M006435,COMPLETED-CONSTRUCTION,3029018.15,,,2024-01-31,2024-02-22,2023-03-03,2024-01-31,,No,THE SCRUGGS COMPANY,2026-06-04
2026-06-05,M006437,COMPLETED-CONSTRUCTION,7341046.09,,96.18,2024-09-30,2026-03-23,2023-11-03,2024-09-01,2024-09-01,No,INTERSTATE IMPROVEMENT,2026-06-04
2026-06-05,M006438,UNDER-CONSTRUCTION,1668319.36,,13.79,2026-10-31,,2025-12-05,,,No,CAUSIE CONTRACTING INC,2026-06-04
2026-06-05,M006439,COMPLETED-CONSTRUCTION,12872783.25,,98.79,2024-11-30,,2023-12-01,2025-02-12,,No,EMERY SAPP & SONS INC,2026-06-04
2026-06-05,M006440,COMPLETED-CONSTRUCTION,13686922.59,,95.14,2024-10-31,,2023-12-01,2024-10-31,,No,C W Matthews Contracting,2026-06-04
2026-06-05,M006441,COMPLETED-CONSTRUCTION,13663102.24,,95.14,2024-10-31,,2023-12-01,2024-10-31,,No,C W Matthews Contracting,2026-06-04
2026-06-05,M006442,COMPLETED-CONSTRUCTION,12639911.44,,95.93,2024-09-30,,2023-11-03,2024-09-30,2024-09-30,No,C W Matthews Contracting,2026-06-04
2026-06-05,M006443,COMPLETED-CONSTRUCTION,12809254.91,,95.93,2024-09-30,,2023-11-03,2024-09-30,2024-09-30,No,C W Matthews Contracting,2026-06-04
2026-06-05,M006444,PRE-CONSTRUCTION,4289482.44,,,,,,,,No,,2026-06-04
2026-06-05,M006445,COMPLETED-CONSTRUCTION,7300760.42,,85.43,2025-08-31,,2024-10-04,2025-09-12,,No,PITTMAN CONSTRUCTION CO,2026-06-04
2026-06-05,M006446,COMPLETED-CONSTRUCTION,4662438.76,,94.85,2025-08-31,,2024-10-04,2025-08-31,,No,CAUSIE CONTRACTING INC,2026-06-04
2026-06-05,M006448,COMPLETED-CONSTRUCTION,43832379.48,,90.09,2025-11-05,,2024-05-31,2025-11-05,,No,C W Matthews Contracting,2026-06-04
2026-06-05,M006450,UNDER-CONSTRUCTION,4013453.82,,98.58,2025-01-27,,2024-02-02,,,No,CAUSIE CONTRACTING INC,2026-06-04
2026-06-05,M006452,PRE-CONSTRUCTION,4600000.0,,,,,,,,No,,2026-06-04
2026-06-05,M006453,COMPLETED-CONSTRUCTION,5358814.0,,96.94,2026-04-27,,2024-05-03,,2026-04-22,No,COMANCHE CST OF GA INC,2026-06-04
2026-06-05,M006454,UNDER-CONSTRUCTION,2828875.1,,68.04,2025-08-29,,2023-10-06,,,No,Baldwin Paving Company,2026-06-04
2026-06-05,M006455,UNDER-CONSTRUCTION,2602725.75,,68.84,2028-01-31,,2025-10-03,,,No,SEMINOLE EQUIPMENT INC,2026-06-04
2026-06-05,M006457,COMPLETED-CONSTRUCTION,13458029.34,,99.38,2024-11-10,2025-03-10,2023-08-04,2024-10-02,,No,CAUSIE CONTRACTING INC,2026-06-04
2026-06-05,M006461,COMPLETED-CONSTRUCTION,3715967.33,,86.9,2025-04-30,,2024-05-31,2025-04-30,,No,BALDWIN PAVING CO INC,2026-06-04
2026-06-05,M006462,UNDER-CONSTRUCTION,3012734.27,,92.99,2025-11-12,,2024-11-01,,,No,Baldwin Paving Company,2026-06-04
2026-06-05,M006463,COMPLETED-CONSTRUCTION,426483.09,,97.32,2025-03-31,,2024-05-03,2025-03-28,2025-03-31,No,BALDWIN PAVING CO INC,2026-06-04
2026-06-05,M006464,UNDER-CONSTRUCTION,4361762.41,,85.44,2025-11-30,,2024-12-06,,,No,BALDWIN PAVING CO INC,2026-06-04
2026-06-05,M006465,COMPLETED-CONSTRUCTION,3420259.4,,81.85000000000001,2025-04-30,,2024-05-31,2025-04-30,2025-04-30,No,PITTMAN CONSTRUCTION CO,2026-06-04
2026-06-05,M006466,COMPLETED-CONSTRUCTION,780357.01,,99.53,2025-08-31,,2024-10-04,2025-05-07,,No,C W Matthews Contracting,2026-06-04
2026-06-05,M006467,COMPLETED-CONSTRUCTION,660088.46,,90.65,2025-09-30,,2024-11-01,2025-10-31,,No,Baldwin Paving Company,2026-06-04
2026-06-05,M006468,COMPLETED-CONSTRUCTION,2478555.15,,98.72,2025-11-30,,2025-01-03,2026-02-16,,No,C W Matthews Contracting,2026-06-04
2026-06-05,M006470,UNDER-CONSTRUCTION,3511603.29,,53.47,2026-06-30,,2025-08-01,,,No,SUMMIT CST & DEVELOPMENT,2026-06-04
2026-06-05,M006472,COMPLETED-CONSTRUCTION,3762613.82,,,2025-08-31,,2024-10-04,2025-07-31,,No,THE SCRUGGS COMPANY,2026-06-04
2026-06-05,M006473,COMPLETED-CONSTRUCTION,993000.0,,98.92,2025-09-30,,2024-11-01,2025-09-15,,No,S & D INDUSTRIAL PAINTING,2026-06-04
2026-06-05,M006474,UNDER-CONSTRUCTION,1017000.0,,70.22,2025-09-30,,2024-11-01,,,No,THE TRUESDELL CORPORATION,2026-06-04
2026-06-05,M006475,COMPLETED-CONSTRUCTION,1034500.0,,94.79,2026-01-31,,2024-12-06,2026-01-31,,No,LOUIS-COMPANY LLC,2026-06-04
2026-06-05,M006477,UNDER-CONSTRUCTION,2831739.33,,96.57,2025-10-31,,2024-12-06,,,No,C W Matthews Contracting,2026-06-04
2026-06-05,M006478,COMPLETED-CONSTRUCTION,19359786.01,,99.4,2024-12-31,,2024-02-02,2024-12-30,2024-12-30,No,C W MATTHEWS & E R SNELL,2026-06-04
2026-06-05,M006479,COMPLETED-CONSTRUCTION,678000.0,,99.38,2025-10-15,,2024-07-05,2025-10-13,,No,MASSANA CONSTRUCTION CO,2026-06-04
2026-06-05,M006480,UNDER-CONSTRUCTION,4320483.98,,79.82000000000001,2026-08-31,,2025-01-03,,,No,MASSANA CONSTRUCTION INC,2026-06-04
2026-06-05,M006481,COMPLETED-CONSTRUCTION,25385943.13,,94.87,2025-04-30,,2024-05-31,2025-04-02,,No,C W MATTHEWS & E R SNELL,2026-06-04
2026-06-05,M006482,COMPLETED-CONSTRUCTION,2785000.0,,96.82,2025-11-30,,2024-02-02,2025-11-30,,No,COMANCHE CST OF GA INC,2026-06-04
2026-06-05,M006483,COMPLETED-CONSTRUCTION,13308429.24,,96.34,2024-10-31,,2023-12-01,2024-10-31,,No,TALLEY CST CO INC,2026-06-04
2026-06-05,M006484,UNDER-CONSTRUCTION,,,12.81,2027-01-31,,2025-08-01,,,No,MASSANA CONSTRUCTION INC,2026-06-04
2026-06-05,M006485,UNDER-CONSTRUCTION,,,27.67,2027-03-31,,2025-10-03,,,No,THE TRUESDELL CORPORATION,2026-06-04
2026-06-05,M006487,UNDER-CONSTRUCTION,0.0,,10.25,2027-08-31,,2025-10-31,,,No,MASSANA CONSTRUCTION INC,2026-06-04
2026-06-05,M006488,UNDER-CONSTRUCTION,,,84.5,2025-09-30,,2024-11-01,,,No,WILLIAMS CONTRACTING CO,2026-06-04
2026-06-05,M006489,COMPLETED-CONSTRUCTION,,,92.69,2025-11-18,,2024-10-04,2025-11-10,,No,C W Matthews Contracting,2026-06-04
2026-06-05,M006492,COMPLETED-CONSTRUCTION,,,99.97,2026-03-21,,2025-01-03,2026-03-21,,No,MASSANA CONSTRUCTION INC,2026-06-04
2026-06-05,M006493,UNDER-CONSTRUCTION,,,99.67,2025-10-14,,2024-10-04,,,No,C W Matthews Contracting,2026-06-04
2026-06-05,M006495,COMPLETED-CONSTRUCTION,,,86.96000000000001,2026-02-28,,2025-04-21,2026-04-20,,No,CW MATTHEWS CONTRACTING,2026-06-04
2026-06-05,M006496,UNDER-CONSTRUCTION,6768812.3,,,2026-09-30,,2025-10-31,,,No,C W Matthews Contracting,2026-06-04
2026-06-05,M006497,COMPLETED-CONSTRUCTION,4988652.55,,94.11,2025-11-30,,2025-01-03,2025-11-30,,No,C W Matthews Contracting,2026-06-04
2026-06-05,M006498,UNDER-CONSTRUCTION,0.0,,,,,,,,No,ER SNELL CONTRACTOR INC,2026-06-04
2026-06-05,M006499,COMPLETED-CONSTRUCTION,10832322.72,,85.07000000000001,2025-08-31,,2024-10-04,2025-10-13,,No,C W Matthews Contracting,2026-06-04
2026-06-05,M006500,UNDER-CONSTRUCTION,933999.15,,45.61,2026-10-31,,2025-10-31,,,No,MASSANA CONSTRUCTION INC,2026-06-04
2026-06-05,M006501,COMPLETED-CONSTRUCTION,2478149.03,,100.0,2025-10-31,,2024-12-06,2025-10-31,,No,CAUSIE CONTRACTING INC,2026-06-04
2026-06-05,M006502,COMPLETED-CONSTRUCTION,10507799.72,,76.44,2025-07-07,,2024-05-31,2025-07-06,,No,OXFORD CONSTRUCTION CO,2026-06-04
2026-06-05,M006503,COMPLETED-CONSTRUCTION,3934961.16,,96.49,2025-09-30,,2024-11-01,2025-09-08,,No,REEVES CONSTRUCTION CO,2026-06-04
2026-06-05,M006504,COMPLETED-CONSTRUCTION,2862134.36,,93.02,2025-10-31,,2024-12-06,2025-10-31,,No,C W Matthews Contracting,2026-06-04
2026-06-05,M006505,UNDER-CONSTRUCTION,1187064.97,,93.53,2026-06-30,,2025-08-01,,,No,REEVES CONSTRUCTION CO,2026-06-04
2026-06-05,M006506,UNDER-CONSTRUCTION,0.0,,,2027-06-30,,2026-05-01,,,No,OMEGA COATING & CST LLC,2026-06-04
2026-06-05,M006507,UNDER-CONSTRUCTION,897450.0,,,2027-05-31,,2025-12-05,,,No,MASSANA CONSTRUCTION INC,2026-06-04
2026-06-05,M006508,UNDER-CONSTRUCTION,1158293.25,,89.46000000000001,2025-06-30,,2024-08-02,,,No,TRP CST GROUP LLC,2026-06-04
2026-06-05,M006509,PRE-CONSTRUCTION,2500000.0,,,,,,,,No,,2026-06-04
2026-06-05,M006510,UNDER-CONSTRUCTION,638357.88,,88.76,2026-07-31,,2025-09-05,,,No,Peek Pavement Marking LLC,2026-06-04
2026-06-05,M006511,UNDER-CONSTRUCTION,1266580.4,,87.46000000000001,2026-08-31,,2025-10-03,,,No,Peek Pavement Marking LLC,2026-06-04
2026-06-05,M006513,COMPLETED-CONSTRUCTION,5300833.5,,99.02,2025-01-31,,2024-03-01,2025-03-12,,No,Peek Pavement Marking LLC,2026-06-04
2026-06-05,M006514,PRE-CONSTRUCTION,1000000.0,,,,,,,,No,,2026-06-04
2026-06-05,M006515,UNDER-CONSTRUCTION,2025014.0,,95.39,2027-02-28,,2025-10-31,,,No,OMEGA COATING & CST LLC,2026-06-04
2026-06-05,M006519,UNDER-CONSTRUCTION,0.0,,85.55,2026-10-31,,2026-01-02,,,No,LOUIS-COMPANY LLC,2026-06-04
2026-06-05,M006520,PRE-CONSTRUCTION,0.0,,,,,,,,No,,2026-06-04
2026-06-05,M006521,PRE-CONSTRUCTION,2000000.0,,,,,,,,No,,2026-06-04
2026-06-05,M006522,PRE-CONSTRUCTION,1100000.0,,,,,,,,No,,2026-06-04
2026-06-05,M006523,COMPLETED-CONSTRUCTION,1884360.14,,99.08,2025-04-30,,2024-05-31,2025-04-30,2025-04-10,No,C W Matthews Contracting,2026-06-04
2026-06-05,M006524,COMPLETED-CONSTRUCTION,4924899.92,,97.27,2025-09-16,,2024-10-04,2025-09-16,,No,PITTMAN CONSTRUCTION CO,2026-06-04
2026-06-05,M006525,COMPLETED-CONSTRUCTION,460226.6,,,2026-01-31,,2025-03-07,2025-07-14,,No,EAST COAST ASPHALT INC,2026-06-04
2026-06-05,M006526,COMPLETED-CONSTRUCTION,5113544.4,,99.99,2025-04-30,,2024-05-31,2025-04-30,,No,REAMES & SON CST CO INC,2026-06-04
2026-06-05,M006528,COMPLETED-CONSTRUCTION,2893043.74,,92.97,2025-09-30,,2024-11-01,2025-09-23,,No,REEVES CONSTRUCTION CO,2026-06-04
2026-06-05,M006529,UNDER-CONSTRUCTION,1553400.45,,20.46,2027-02-28,2026-02-09,2026-01-02,,,No,MASSANA CONSTRUCTION INC,2026-06-04
2026-06-05,M006530,PRE-CONSTRUCTION,800000.0,,,,,,,,No,,2026-06-04
2026-06-05,M006531,UNDER-CONSTRUCTION,2074995.0,,2.81,2027-10-31,,2025-10-27,,,No,MASSANA CONSTRUCTION INC,2026-06-04
2026-06-05,M006532,PRE-CONSTRUCTION,2012500.0,,,,,,,,No,,2026-06-04
2026-06-05,M006533,PRE-CONSTRUCTION,1586000.0,,,,,,,,No,,2026-06-04
2026-06-05,M006534,PRE-CONSTRUCTION,0.0,,,,,,,,No,,2026-06-04
2026-06-05,M006535,PRE-CONSTRUCTION,830000.0,,,,,,,,No,,2026-06-04
2026-06-05,M006536,COMPLETED-CONSTRUCTION,5765703.17,,99.98,2025-10-10,,2024-10-04,2025-09-05,2025-09-05,No,C W Matthews Contracting,2026-06-04
2026-06-05,M006537,COMPLETED-CONSTRUCTION,7587109.57,,91.22,2025-11-12,,2024-11-01,2025-10-29,,No,Baldwin Paving Company,2026-06-04
2026-06-05,M006538,UNDER-CONSTRUCTION,2780325.25,,93.67,2026-06-30,,2025-08-01,,,No,CW MATTHEWS CONTRACTING,2026-06-04
2026-06-05,M006539,COMPLETED-CONSTRUCTION,1726854.12,,94.31,2025-09-30,,2024-11-01,2025-12-22,2025-11-14,No,VERTICAL EARTH INC,2026-06-04
2026-06-05,M006540,UNDER-CONSTRUCTION,12808319.69,,86.23,2025-11-30,,2025-01-03,,,No,Baldwin Paving Company,2026-06-04
2026-06-05,M006541,COMPLETED-CONSTRUCTION,5854384.5,,91.48,2025-09-30,,2024-11-01,2025-09-30,,No,E R SNELL CONTRACTOR INC,2026-06-04
2026-06-05,M006542,COMPLETED-CONSTRUCTION,1518512.78,,95.04,2026-01-31,,2025-03-07,2026-01-29,,No,E R SNELL CONTRACTOR INC,2026-06-04
2026-06-05,M006543,UNDER-CONSTRUCTION,5172881.52,,48.96,2026-06-30,,2025-08-01,,,No,REEVES CONSTRUCTION CO,2026-06-04
2026-06-05,M006544,UNDER-CONSTRUCTION,7910051.85,,91.46,2026-05-31,,2025-07-04,,,No,C W Matthews Contracting,2026-06-04
2026-06-05,M006545,COMPLETED-CONSTRUCTION,7361208.62,,91.02,2025-08-31,,2024-10-04,2025-08-29,,No,REAMES & SON CST CO INC,2026-06-04
2026-06-05,M006546,COMPLETED-CONSTRUCTION,4038709.84,,96.69,2026-05-31,,2025-06-27,2026-05-28,,No,REAMES & SON CST CO INC,2026-06-04
2026-06-05,M006547,COMPLETED-CONSTRUCTION,2743380.94,,,2025-10-31,,2024-12-06,2025-10-31,2025-10-31,No,EAST COAST ASPHALT LLC,2026-06-04
2026-06-05,M006548,COMPLETED-CONSTRUCTION,5270099.42,,93.47,2025-08-31,,2024-10-04,2025-12-12,,No,EAST COAST ASPHALT LLC,2026-06-04
2026-06-05,M006549,COMPLETED-CONSTRUCTION,4486976.01,,87.25,2025-10-18,,2024-10-04,2025-10-18,,No,REEVES CONSTRUCTION CO,2026-06-04
2026-06-05,M006550,COMPLETED-CONSTRUCTION,7166455.09,,94.52,2026-03-06,,2025-03-07,2026-03-06,,No,C W Matthews Contracting,2026-06-04
2026-06-05,M006551,UNDER-CONSTRUCTION,5034772.56,,85.87,2026-05-31,,2025-07-04,,,No,GRIFFIN GRADING &CONCRETE,2026-06-04
2026-06-05,M006552,COMPLETED-CONSTRUCTION,5185631.31,,85.55,2025-10-05,,2024-11-01,2025-10-05,,No,NORTHWEST GA PAVING INC,2026-06-04
2026-06-05,M006553,UNDER-CONSTRUCTION,2729823.19,,82.28,2026-06-30,,2025-08-01,,,No,NORTHWEST GEORGIA PAVING,2026-06-04
2026-06-05,M006554,UNDER-CONSTRUCTION,3183279.64,,84.58,2026-01-31,,2025-03-07,,,No,VERTICAL EARTH INC,2026-06-04
2026-06-05,M006555,UNDER-CONSTRUCTION,4005505.47,,0.42,2026-10-31,,2025-12-05,,,No,C W Matthews Contracting,2026-06-04
2026-06-05,M006556,UNDER-CONSTRUCTION,8337257.15,,63.01,2026-06-30,,2025-08-01,,,No,ER SNELL CONTRACTOR INC,2026-06-04
2026-06-05,M006558,UNDER-CONSTRUCTION,3338987.02,,,,,,,,No,BALDWIN PAVING CO INC,2026-06-04
2026-06-05,M006560,PRE-CONSTRUCTION,6851076.34,,,,,,,,No,,2026-06-04
2026-06-05,M006562,UNDER-CONSTRUCTION,8251069.81,,,2027-02-28,,2026-04-03,,,No,PRECISION 2000 INC,2026-06-04
2026-06-05,M006563,COMPLETED-CONSTRUCTION,8921575.42,,72.15,2026-04-06,,2025-03-07,2026-04-06,,No,PRECISION 2000 INC,2026-06-04
2026-06-05,M006564,UNDER-CONSTRUCTION,13447897.86,,,2027-01-31,,2026-03-06,,,No,PITTMAN CONSTRUCTION CO,2026-06-04
2026-06-05,M006565,PRE-CONSTRUCTION,6255532.8,,,,,,,,No,,2026-06-04
2026-06-05,M006566,UNDER-CONSTRUCTION,3613022.6,,,2027-02-28,,2026-04-03,,,No,EXPRESS CONCRETE & TRAFFI,2026-06-04
2026-06-05,M006567,COMPLETED-CONSTRUCTION,29360677.12,,93.05,2025-11-30,,2025-01-03,2025-11-30,,No,C W Matthews Contracting,2026-06-04
2026-06-05,M006568,UNDER-CONSTRUCTION,17979090.55,,95.0,2026-04-13,,2025-03-07,,,No,C W Matthews Contracting,2026-06-04
2026-06-05,M006569,UNDER-CONSTRUCTION,24572002.15,,24.57,2026-10-31,,2025-06-27,,,No,C W Matthews Contracting,2026-06-04
2026-06-05,M006570,UNDER-CONSTRUCTION,11957097.2,,17.31,2026-07-31,,2025-09-05,,,No,APAC-ATLANTIC INC,2026-06-04
2026-06-05,M006571,COMPLETED-CONSTRUCTION,7325047.22,,72.15,2026-04-06,,2025-03-07,2026-04-06,,No,PRECISION 2000 INC,2026-06-04
2026-06-05,M006572,COMPLETED-CONSTRUCTION,5239672.75,,83.49,2025-11-30,,2025-01-03,2026-01-05,,No,CAUSIE CONTRACTING INC,2026-06-04
2026-06-05,M006573,UNDER-CONSTRUCTION,9925212.0,,2.81,2027-10-31,,2025-10-27,,,No,MASSANA CONSTRUCTION INC,2026-06-04
2026-06-05,M006574,UNDER-CONSTRUCTION,5029708.0,,59.35,2027-07-31,,2025-05-02,,,No,MASSANA CONSTRUCTION INC,2026-06-04
2026-06-05,M006579,UNDER-CONSTRUCTION,2974688.37,,48.0,2027-11-30,,2025-08-01,,,No,MASSANA CONSTRUCTION INC,2026-06-04
2026-06-05,M006580,UNDER-CONSTRUCTION,4130325.0,,,2028-06-30,,2026-03-06,,,No,WILSON CST MANAGEMENT LLC,2026-06-04
2026-06-05,M006583,UNDER-CONSTRUCTION,4824443.77,,,2026-12-31,,2026-02-06,,,No,C W MATTHEWS CONTRACTIN,2026-06-04
2026-06-05,M006584,COMPLETED-CONSTRUCTION,5832269.92,,96.29,2025-10-30,,2024-11-01,2025-09-30,,No,REEVES CONSTRUCTION CO,2026-06-04
2026-06-05,M006585,UNDER-CONSTRUCTION,1753460.63,,10.3,2026-10-31,,2025-10-31,,,No,MASSANA CONSTRUCTION INC,2026-06-04
2026-06-05,M006586,PRE-CONSTRUCTION,1500000.0,,,,,,,,No,,2026-06-04
2026-06-05,M006587,PRE-CONSTRUCTION,1930000.0,,,,,,,,No,,2026-06-04
2026-06-05,M006588,UNDER-CONSTRUCTION,1945150.0,,63.83,2027-05-31,,2025-12-05,,,No,MASSANA CONSTRUCTION INC,2026-06-04
2026-06-05,M006590,PRE-CONSTRUCTION,1530000.0,,,,,,,,No,,2026-06-04
2026-06-05,M006591,PRE-CONSTRUCTION,1430000.0,,,,,,,,No,,2026-06-04
2026-06-05,M006592,UNDER-CONSTRUCTION,9720901.72,,13.77,2026-08-31,,2025-10-03,,,No,E R SNELL CONTRACTOR INC,2026-06-04
2026-06-05,M006593,UNDER-CONSTRUCTION,17514700.98,,13.77,2026-08-31,,2025-10-03,,,No,E R SNELL CONTRACTOR INC,2026-06-04
2026-06-05,M006597,PRE-CONSTRUCTION,2100000.0,,,,,,,,No,,2026-06-04
2026-06-05,M006598,PRE-CONSTRUCTION,1700000.0,,,,,,,,No,,2026-06-04
2026-06-05,M006599,UNDER-CONSTRUCTION,2001268.0,,17.5,2027-06-30,,2026-01-02,,,No,THE TRUESDELL CORPORATION,2026-06-04
2026-06-05,M006600,PRE-CONSTRUCTION,2900000.0,,,,,,,,No,,2026-06-04
2026-06-05,M006602,PRE-CONSTRUCTION,1500000.0,,,,,,,,No,,2026-06-04
2026-06-05,M006603,PRE-CONSTRUCTION,1150000.0,,,,,,,,No,,2026-06-04
2026-06-05,M006605,UNDER-CONSTRUCTION,1421157.87,,,2026-10-31,,2025-12-05,,,No,C W Matthews Contracting,2026-06-04
2026-06-05,M006606,COMPLETED-CONSTRUCTION,4480335.2,,90.03,2025-11-30,,2025-01-03,2025-11-30,,No,E R SNELL CONTRACTOR INC,2026-06-04
2026-06-05,M006607,UNDER-CONSTRUCTION,4073829.95,,,2026-06-30,,2025-08-01,,,No,CW MATTHEWS CONTRACTING,2026-06-04
2026-06-05,M006608,PRE-CONSTRUCTION,6171627.44,,,,,,,,No,,2026-06-04
2026-06-05,M006609,UNDER-CONSTRUCTION,7503059.25,,15.54,2026-12-31,,2026-02-06,,,No,PITTMAN CONSTRUCTION CO,2026-06-04
2026-06-05,M006610,UNDER-CONSTRUCTION,1423739.06,,,2026-12-31,,2026-02-06,,,No,E R SNELL CONTRACTOR INC,2026-06-04
2026-06-05,M006611,UNDER-CONSTRUCTION,1008263.67,,,2026-06-30,,2025-08-01,,,No,EAST COAST ASPHALT LLC,2026-06-04
2026-06-05,M006612,UNDER-CONSTRUCTION,527269.14,,,2026-11-30,,2026-01-02,,,No,E R SNELL CONTRACTOR ICN,2026-06-04
2026-06-05,M006613,UNDER-CONSTRUCTION,2040185.0,,,2026-05-31,,2025-06-27,,,No,THE SCRUGGS COMPANY,2026-06-04
2026-06-05,M006614,UNDER-CONSTRUCTION,1733295.9,,,2026-11-30,,2026-01-02,,,No,E R SNELL CONTRACTOR INC,2026-06-04
2026-06-05,M006615,UNDER-CONSTRUCTION,0.0,,,,,,,,No,ER SNELL CONTRACTOR INC,2026-06-04
2026-06-05,M006616,UNDER-CONSTRUCTION,1187212.9,,,2026-10-31,,2025-12-05,,,No,EAST COAST GRADING INC,2026-06-04
2026-06-05,M006617,PRE-CONSTRUCTION,69689.85,,,,,,,,No,,2026-06-04
2026-06-05,M006618,PRE-CONSTRUCTION,4342610.6,,,,,,,,No,,2026-06-04
2026-06-05,M006620,UNDER-CONSTRUCTION,0.0,,,,,,,,No,CW MATTHEWS CONTRACTING,2026-06-04
2026-06-05,M006621,PRE-CONSTRUCTION,1990097.22,,,,,,,,No,,2026-06-04
2026-06-05,M006623,UNDER-CONSTRUCTION,4728747.94,,,2027-01-31,,2026-03-06,,,No,C.W. MATTHEWS CONTRACTING,2026-06-04
2026-06-05,M006625,UNDER-CONSTRUCTION,4692686.22,,15.33,2026-06-30,,2025-08-01,,,No,NORTHWEST GEORGIA PAVING,2026-06-04
2026-06-05,M006626,UNDER-CONSTRUCTION,4115564.0,,,2027-01-31,,2026-03-06,,,No,C.W. MATTHEWS CONTRACTING,2026-06-04
2026-06-05,M006627,UNDER-CONSTRUCTION,6943033.49,,89.77,2026-07-30,,2025-07-04,,,No,C W Matthews Contracting,2026-06-04
2026-06-05,M006628,UNDER-CONSTRUCTION,0.0,,,,,,,,No,BARTOW PAVING COMPANY INC,2026-06-04
2026-06-05,M006629,UNDER-CONSTRUCTION,7126916.32,,93.59,2026-06-30,,2025-08-01,,,No,EAST COAST ASPALT LLC,2026-06-04
2026-06-05,M006630,UNDER-CONSTRUCTION,1163573.64,,54.45,2026-06-30,,2025-08-01,,,No,CAUSIE CONTRACTING INC,2026-06-04
2026-06-05,M006631,UNDER-CONSTRUCTION,3387526.72,,85.07000000000001,2026-06-30,,2025-08-01,,,No,REEVES CONSTRUCTION CO,2026-06-04
2026-06-05,M006632,UNDER-CONSTRUCTION,2071255.01,,,2026-09-30,,2025-10-31,,,No,MCLENDON ENTERPRISES INC,2026-06-04
2026-06-05,M006633,UNDER-CONSTRUCTION,4194656.0,,,2026-10-31,,2025-12-05,,,No,GRIFFIN GRADING &CONCRETE,2026-06-04
2026-06-05,M006634,UNDER-CONSTRUCTION,2112736.94,,,2027-01-31,,2026-03-06,,,No,MCLENDON ENTERPRISES  INC,2026-06-04
2026-06-05,M006635,UNDER-CONSTRUCTION,1136583.96,,,2026-11-30,,2026-01-02,,,No,REEVES CONSTRUCTION CO,2026-06-04
2026-06-05,M006636,UNDER-CONSTRUCTION,2614335.11,,,2027-02-28,,2026-04-03,,,No,EAST COAST ASPHALT LLC,2026-06-04
2026-06-05,M006637,PRE-CONSTRUCTION,0.0,,,,,,,,No,,2026-06-04
2026-06-05,M006638,UNDER-CONSTRUCTION,0.0,,,,,,,,No,REEVES  CONSTRUCTION CO,2026-06-04
2026-06-05,M006639,UNDER-CONSTRUCTION,2586691.14,,,2027-02-28,,2026-04-03,,,No,EAST COAST ASPHALT LLC,2026-06-04
2026-06-05,M006640,UNDER-CONSTRUCTION,4532854.79,,98.67,2026-06-30,,2025-08-01,,,No,EAST COAST ASPHALT LLC,2026-06-04
2026-06-05,M006641,UNDER-CONSTRUCTION,4658408.36,,,2027-01-31,,2026-03-06,,,No,INTERSTATE SEALANT & CONC,2026-06-04
2026-06-05,M006642,UNDER-CONSTRUCTION,12911529.93,,,2027-02-28,,2026-04-03,,,No,BRTU CONSTRUCTION INC,2026-06-04
2026-06-05,M006643,UNDER-CONSTRUCTION,3014369.09,,,2027-01-31,,2026-03-06,,,No,REEVES  CONSTRUCTION CO,2026-06-04
2026-06-05,M006644,PRE-CONSTRUCTION,7949452.0,,,,,,,,No,,2026-06-04
2026-06-05,M006645,PRE-CONSTRUCTION,10200185.0,,,,,,,,No,,2026-06-04
2026-06-05,M006646,UNDER-CONSTRUCTION,31378532.88,,49.11,2026-09-30,,2025-10-31,,,No,REAMES & SON CST COMPANY,2026-06-04
2026-06-05,M006647,UNDER-CONSTRUCTION,9479284.02,,35.61,2026-10-31,,2025-12-05,,,No,PITTMAN CONSTRUCTION CO,2026-06-04
2026-06-05,M006648,UNDER-CONSTRUCTION,5952681.66,,2.63,2026-12-31,,2026-02-06,,,No,PITTMAN CONSTRUCTION CO,2026-06-04
2026-06-05,M006649,UNDER-CONSTRUCTION,0.0,,,,,,,,No,CAUSIE CONTRACTING  INC,2026-06-04
2026-06-05,M006650,COMPLETED-CONSTRUCTION,7099443.77,,78.69,2026-04-05,,2025-03-07,2026-04-05,,No,PRECISION 2000 INC,2026-06-04
2026-06-05,M006651,UNDER-CONSTRUCTION,12255547.05,,49.27,2026-11-30,2026-02-09,2026-01-02,,,No,C W Matthews Contracting,2026-06-04
2026-06-05,M006652,UNDER-CONSTRUCTION,12813415.29,,,2026-09-30,,2025-10-31,,,No,REEVES CONSTRUCTION CO,2026-06-04
2026-06-05,M006653,UNDER-CONSTRUCTION,21731246.86,,9.67,2026-12-31,,2026-02-06,,,No,CAUSIE CONTRACTING INC,2026-06-04
2026-06-05,M006654,UNDER-CONSTRUCTION,3110061.44,,35.61,2026-10-31,,2025-12-05,,,No,PITTMAN CONSTRUCTION CO,2026-06-04
2026-06-05,M006655,PRE-CONSTRUCTION,3745000.0,,,,,,,,No,,2026-06-04
2026-06-05,M006656,UNDER-CONSTRUCTION,956212.45,,,2026-06-30,,2025-08-01,,,No,Peek Pavement Marking LLC,2026-06-04
2026-06-05,M006657,UNDER-CONSTRUCTION,1471900.78,,,,,,,,No,TRP CST GROUP LLC,2026-06-04
2026-06-05,M006658,UNDER-CONSTRUCTION,1101099.48,,,2026-07-31,,2025-09-05,,,No,Peek Pavement Marking LLC,2026-06-04
2026-06-05,M006659,PRE-CONSTRUCTION,952495.65,,,,,,,,No,,2026-06-04
2026-06-05,M006660,UNDER-CONSTRUCTION,1190487.0,,,2027-02-28,,2026-04-03,,,No,TRP CST GROUP LLC,2026-06-04
2026-06-05,M006661,PRE-CONSTRUCTION,255000.0,,,,,,,,No,,2026-06-04
2026-06-05,M006662,UNDER-CONSTRUCTION,1604410.1,,,2026-08-31,,2025-10-03,,,No,Peek Pavement Marking LLC,2026-06-04
2026-06-05,M006663,PRE-CONSTRUCTION,2320000.0,,,,,,,,No,,2026-06-04
2026-06-05,M006664,COMPLETED-CONSTRUCTION,506952.22,,89.5,2025-10-31,,2024-12-06,2025-10-28,,No,THE SCRUGGS COMPANY,2026-06-04
2026-06-05,M006665,UNDER-CONSTRUCTION,2799069.28,,,2026-11-30,,2026-01-02,,,No,THE SCRUGGS COMPANY,2026-06-04
2026-06-05,M006666,UNDER-CONSTRUCTION,4124972.47,,,2027-02-28,,2026-04-03,,,No,CW MATTHEWS CONTRACTING,2026-06-04
2026-06-05,M006667,UNDER-CONSTRUCTION,6049270.34,,,2027-02-28,,2026-04-03,,,No,CW MATTHEWS CONTRACTING,2026-06-04
2026-06-05,M006668,UNDER-CONSTRUCTION,0.0,,,,,,,,No,C W  MATTHEWS CONTRACTING,2026-06-04
2026-06-05,M006669,UNDER-CONSTRUCTION,4872240.18,,,2026-09-30,,2025-10-31,,,No,REAMES & SON CST COMPANY,2026-06-04
2026-06-05,M006670,UNDER-CONSTRUCTION,2009745.59,,,2026-11-30,,2026-01-02,,,No,REAMES AND SON CONSTRUCTI,2026-06-04
2026-06-05,M006672,PRE-CONSTRUCTION,4747000.0,,,,,,,,No,,2026-06-04
2026-06-05,M006673,PRE-CONSTRUCTION,2113000.0,,,,,,,,No,,2026-06-04
2026-06-05,M006674,PRE-CONSTRUCTION,3866000.0,,,,,,,,No,,2026-06-04
2026-06-05,M006675,PRE-CONSTRUCTION,2475000.0,,,,,,,,No,,2026-06-04
2026-06-05,M006676,UNDER-CONSTRUCTION,885985.75,,,2027-02-28,,2026-04-03,,,No,GARRETT PAVING CONTRACTOR,2026-06-04
2026-06-05,M006677,UNDER-CONSTRUCTION,9033055.17,,,2026-12-31,,2026-02-06,,,No,THE SCRUGGS COMPANY,2026-06-04
2026-06-05,M006678,UNDER-CONSTRUCTION,7156529.12,,,2027-01-31,,2026-03-06,,,No,E R  SNELL CONTRACTOR INC,2026-06-04
2026-06-05,M006679,UNDER-CONSTRUCTION,0.0,,,,,,,,No,ASA Paving LLC,2026-06-04
2026-06-05,M006680,UNDER-CONSTRUCTION,0.0,,,,,,,,No,C W  MATTHEWS CONTRACTING,2026-06-04
2026-06-05,M006681,PRE-CONSTRUCTION,1683171.12,,,,,,,,No,,2026-06-04
2026-06-05,M006682,UNDER-CONSTRUCTION,22572253.1,,84.48,2026-05-09,,2025-04-04,,,No,BALDWIN PAVING CO INC,2026-06-04
2026-06-05,M006683,UNDER-CONSTRUCTION,5977708.17,,20.46,2026-08-31,,2025-10-03,,,No,REEVES CONSTRUCTION CO,2026-06-04
2026-06-05,M006684,UNDER-CONSTRUCTION,3796853.83,,61.83,2026-02-28,,2025-04-04,,,No,ER SNELL CONTRACTOR INC,2026-06-04
2026-06-05,M006685,UNDER-CONSTRUCTION,4248409.92,,14.34,2026-04-30,,2025-05-30,,,No,C W Matthews Contracting,2026-06-04
2026-06-05,M006686,PRE-CONSTRUCTION,7045461.33,,,,,,,,No,,2026-06-04
2026-06-05,M006687,PRE-CONSTRUCTION,0.0,,,,,,,,No,,2026-06-04
2026-06-05,M006688,PRE-CONSTRUCTION,0.0,,,,,,,,No,,2026-06-04
2026-06-05,M006689,UNDER-CONSTRUCTION,1110054.34,,,2027-01-31,,2026-03-06,,,No,ALL STAR CONCRETE INC,2026-06-04
2026-06-05,M006690,UNDER-CONSTRUCTION,0.0,,,2027-03-31,,2026-05-01,,,No,PITTMAN CONSTRUCTION CO,2026-06-04
2026-06-05,M006691,PRE-CONSTRUCTION,2508565.0,,,,,,,,No,,2026-06-04
2026-06-05,M006692,UNDER-CONSTRUCTION,3479997.82,,81.27,2026-06-30,,2025-08-01,,,No,REEVES CONSTRUCTION CO,2026-06-04
2026-06-05,M006693,UNDER-CONSTRUCTION,0.0,,,,,,,,No,ER SNELL CONTRACTOR INC,2026-06-04
2026-06-05,M006694,UNDER-CONSTRUCTION,4947625.86,,,2026-06-30,,2025-08-01,,,No,JA LONG INC,2026-06-04
2026-06-05,M006695,UNDER-CONSTRUCTION,4914456.99,,54.88,2026-10-31,,2025-12-05,,,No,C W Matthews Contracting,2026-06-04
2026-06-05,M006696,UNDER-CONSTRUCTION,0.0,,,,,,,,No,ER SNELL CONTRACTOR INC,2026-06-04
2026-06-05,M006697,UNDER-CONSTRUCTION,7762560.14,,86.21000000000001,2026-08-31,,2025-10-03,,,No,OXFORD CONSTRUCTION CO,2026-06-04
2026-06-05,M006698,PRE-CONSTRUCTION,2763512.76,,,,,,,,No,,2026-06-04
2026-06-05,M006699,PRE-CONSTRUCTION,3360000.0,,,,,,,,No,,2026-06-04
2026-06-05,M006700,PRE-CONSTRUCTION,0.0,,,,,,,,No,,2026-06-04
2026-06-05,M006701,UNDER-CONSTRUCTION,2024489.45,,80.01,2026-06-30,,2025-08-01,,,No,TRP CST GROUP LLC,2026-06-04
2026-06-05,M006702,UNDER-CONSTRUCTION,0.0,,,,,,,,No,MCLEROY INC,2026-06-04
2026-06-05,M006703,PRE-CONSTRUCTION,1858286.98,,,,,,,,No,,2026-06-04
2026-06-05,M006704,UNDER-CONSTRUCTION,844564.06,,,2026-09-30,,2025-10-31,,,No,EAST COAST ASPHALT LLC,2026-06-04
2026-06-05,M006706,PRE-CONSTRUCTION,13516604.92,,,,,,,,No,,2026-06-04
2026-06-05,M006707,PRE-CONSTRUCTION,13705984.0,,,,,,,,No,,2026-06-04
2026-06-05,M006708,PRE-CONSTRUCTION,14592073.0,,,,,,,,No,,2026-06-04
2026-06-05,M006709,UNDER-CONSTRUCTION,6660712.28,,83.32000000000001,2026-10-31,,2025-12-05,,,No,PITTMAN CONSTRUCTION CO,2026-06-04
2026-06-05,M006710,UNDER-CONSTRUCTION,1413262.97,,,2027-01-31,,2026-03-06,,,No,EAST COAST ASPALT LLC,2026-06-04
2026-06-05,M006711,UNDER-CONSTRUCTION,2488262.26,,,2026-11-30,,2026-01-02,,,No,C W Matthews Contracting,2026-06-04
2026-06-05,M006713,PRE-CONSTRUCTION,13614866.0,,,,,,,,No,,2026-06-04
2026-06-05,M006714,PRE-CONSTRUCTION,12974401.0,,,,,,,,No,,2026-06-04
2026-06-05,M006715,UNDER-CONSTRUCTION,6635558.66,,7.22,2026-06-30,,2025-08-01,,,No,EAST COAST ASPHALT LLC,2026-06-04
2026-06-05,M006716,PRE-CONSTRUCTION,250000.0,,,,,,,,No,,2026-06-04
2026-06-05,M006717,PRE-CONSTRUCTION,250000.0,,,,,,,,No,,2026-06-04
2026-06-05,M006719,PRE-CONSTRUCTION,300000.0,,,,,,,,No,,2026-06-04
2026-06-05,M006721,UNDER-CONSTRUCTION,0.0,,,2027-03-31,,2026-05-01,,,No,REEVES  CONSTRUCTION CO,2026-06-04
2026-06-05,M006722,UNDER-CONSTRUCTION,0.0,,,2027-03-31,,2026-05-01,,,No,REAMES & SON CST CO INC,2026-06-04
2026-06-05,M006723,UNDER-CONSTRUCTION,0.0,,,2027-03-31,,2026-05-01,,,No,OXFORD CONSRUCTION CO,2026-06-04
2026-06-05,M006724,PRE-CONSTRUCTION,8553651.64,,,,,,,,No,,2026-06-04
2026-06-05,M006725,UNDER-CONSTRUCTION,0.0,,,,,,,,No,REEVES  CONSTRUCTION CO,2026-06-04
2026-06-05,M006726,UNDER-CONSTRUCTION,0.0,,,,,,,,No,MCLENDON ENTERPRISES  INC,2026-06-04
2026-06-05,M006727,UNDER-CONSTRUCTION,2946966.79,,,2027-02-28,,2026-04-03,,,No,REEVES  CONSTRUCTION CO,2026-06-04
2026-06-05,M006728,PRE-CONSTRUCTION,0.0,,,,,,,,No,,2026-06-04
2026-06-05,M006729,PRE-CONSTRUCTION,4008035.48,,,,,,,,No,,2026-06-04
2026-06-05,M006730,UNDER-CONSTRUCTION,0.0,,,,,,,,No,MCLENDON ENTERPRISES  INC,2026-06-04
2026-06-05,M006731,UNDER-CONSTRUCTION,0.0,,,2027-03-31,,2026-05-01,,,No,CW MATTHEWS CONTRACTING,2026-06-04
2026-06-05,M006732,PRE-CONSTRUCTION,0.0,,,,,,,,No,,2026-06-04
2026-06-05,M006733,PRE-CONSTRUCTION,5043798.0,,,,,,,,No,,2026-06-04
2026-06-05,M006734,PRE-CONSTRUCTION,2248276.0,,,,,,,,No,,2026-06-04
2026-06-05,M006735,PRE-CONSTRUCTION,3925831.84,,,,,,,,No,,2026-06-04
2026-06-05,M006736,PRE-CONSTRUCTION,4461845.01,,,,,,,,No,,2026-06-04
2026-06-05,M006737,UNDER-CONSTRUCTION,0.0,,,,,,,,No,THE SCRUGGS  COMPANY,2026-06-04
2026-06-05,M006738,PRE-CONSTRUCTION,350000.0,,,,,,,,No,,2026-06-04
2026-06-05,M006739,PRE-CONSTRUCTION,1744448.41,,,,,,,,No,,2026-06-04
2026-06-05,M006740,UNDER-CONSTRUCTION,0.0,,,,,,,,No,COLDITZ TRUCKING INC,2026-06-04
2026-06-05,M006741,PRE-CONSTRUCTION,9126697.34,,,,,,,,No,,2026-06-04
2026-06-05,M006742,PRE-CONSTRUCTION,0.0,,,,,,,,No,,2026-06-04
2026-06-05,M006743,PRE-CONSTRUCTION,5390446.84,,,,,,,,No,,2026-06-04
2026-06-05,M006744,PRE-CONSTRUCTION,2944209.0,,,,,,,,No,,2026-06-04
2026-06-05,M006745,PRE-CONSTRUCTION,2369741.81,,,,,,,,No,,2026-06-04
2026-06-05,M006746,PRE-CONSTRUCTION,0.0,,,,,,,,No,,2026-06-04
2026-06-05,M006747,PRE-CONSTRUCTION,4975000.0,,,,,,,,No,,2026-06-04
2026-06-05,M006748,UNDER-CONSTRUCTION,250000.0,,,,,,,,No,MASSANA CONSTRUCTION INC,2026-06-04
2026-06-05,M006749,PRE-CONSTRUCTION,375000.0,,,,,,,,No,,2026-06-04
2026-06-05,M006750,PRE-CONSTRUCTION,5578196.98,,,,,,,,No,,2026-06-04
2026-06-05,M006764,PRE-CONSTRUCTION,2825000.0,,,,,,,,No,,2026-06-04
2026-06-05,M006765,PRE-CONSTRUCTION,2535000.0,,,,,,,,No,,2026-06-04
2026-06-05,M006766,PRE-CONSTRUCTION,1975000.0,,,,,,,,No,,2026-06-04
2026-06-05,M006767,PRE-CONSTRUCTION,2724285.86,,,,,,,,No,,2026-06-04
2026-06-05,M006768,PRE-CONSTRUCTION,2800000.0,,,,,,,,No,,2026-06-04
2026-06-05,M006769,PRE-CONSTRUCTION,2436932.61,,,,,,,,No,,2026-06-04
2026-06-05,M006771,PRE-CONSTRUCTION,0.0,,,,,,,,No,,2026-06-04
2026-06-05,M006772,UNDER-CONSTRUCTION,0.0,,,,,,,,No,C W  MATTHEWS CONTRACTING,2026-06-04
2026-06-05,M006773,PRE-CONSTRUCTION,0.0,,,,,,,,No,,2026-06-04
2026-06-05,M006774,UNDER-CONSTRUCTION,0.0,,,,,,,,No,SUMMIT CST & DEVELOPMENT,2026-06-04
2026-06-05,M006775,PRE-CONSTRUCTION,0.0,,,,,,,,No,,2026-06-04
2026-06-05,M006776,PRE-CONSTRUCTION,870593.0,,,,,,,,No,,2026-06-04
2026-06-05,M006777,UNDER-CONSTRUCTION,0.0,,,,,,,,No,BALDWIN PAVING CO INC,2026-06-04
2026-06-05,M006778,PRE-CONSTRUCTION,0.0,,,,,,,,No,,2026-06-04
2026-06-05,M006779,PRE-CONSTRUCTION,0.0,,,,,,,,No,,2026-06-04
2026-06-05,M006780,PRE-CONSTRUCTION,3020000.0,,,,,,,,No,,2026-06-04
2026-06-05,M006781,PRE-CONSTRUCTION,4201459.13,,,,,,,,No,,2026-06-04
2026-06-05,M006782,PRE-CONSTRUCTION,0.0,,,,,,,,No,,2026-06-04
2026-06-05,M006783,PRE-CONSTRUCTION,3620000.0,,,,,,,,No,,2026-06-04
2026-06-05,M006784,PRE-CONSTRUCTION,1210000.0,,,,,,,,No,,2026-06-04
2026-06-05,M006785,PRE-CONSTRUCTION,0.0,,,,,,,,No,,2026-06-04
2026-06-05,M006786,PRE-CONSTRUCTION,930000.0,,,,,,,,No,,2026-06-04
2026-06-05,M006787,PRE-CONSTRUCTION,2115000.0,,,,,,,,No,,2026-06-04
2026-06-05,M006788,PRE-CONSTRUCTION,850000.0,,,,,,,,No,,2026-06-04
2026-06-05,M006789,PRE-CONSTRUCTION,5500000.0,,,,,,,,No,,2026-06-04
2026-06-05,M006791,PRE-CONSTRUCTION,4521685.0,,,,,,,,No,,2026-06-04
2026-06-05,M006792,PRE-CONSTRUCTION,4013816.99,,,,,,,,No,,2026-06-04
2026-06-05,M006793,PRE-CONSTRUCTION,1836910.75,,,,,,,,No,,2026-06-04
2026-06-05,M006794,PRE-CONSTRUCTION,3305331.9,,,,,,,,No,,2026-06-04
2026-06-05,M006795,PRE-CONSTRUCTION,4013816.99,,,,,,,,No,,2026-06-04
2026-06-05,M006796,PRE-CONSTRUCTION,315000.0,,,,,,,,No,,2026-06-04
2026-06-05,M006797,PRE-CONSTRUCTION,626805.0,,,,,,,,No,,2026-06-04
2026-06-05,M006798,PRE-CONSTRUCTION,14399494.06,,,,,,,,No,,2026-06-04
2026-06-05,M006799,PRE-CONSTRUCTION,0.0,,,,,,,,No,,2026-06-04
2026-06-05,M006800,PRE-CONSTRUCTION,5262536.3,,,,,,,,No,,2026-06-04
2026-06-05,M006801,PRE-CONSTRUCTION,3425289.43,,,,,,,,No,,2026-06-04
2026-06-05,M006802,PRE-CONSTRUCTION,7935046.62,,,,,,,,No,,2026-06-04
2026-06-05,M006803,PRE-CONSTRUCTION,10864028.97,,,,,,,,No,,2026-06-04
2026-06-05,M006804,PRE-CONSTRUCTION,2005350.0,,,,,,,,No,,2026-06-04
2026-06-05,M006805,PRE-CONSTRUCTION,1398180.0,,,,,,,,No,,2026-06-04
2026-06-05,M006806,PRE-CONSTRUCTION,25042395.0,,,,,,,,No,,2026-06-04
2026-06-05,M006807,PRE-CONSTRUCTION,1001520.0,,,,,,,,No,,2026-06-04
2026-06-05,M006809,PRE-CONSTRUCTION,5996196.02,,,,,,,,No,,2026-06-04
2026-06-05,M006810,PRE-CONSTRUCTION,3857710.85,,,,,,,,No,,2026-06-04
2026-06-05,M006811,PRE-CONSTRUCTION,4589930.31,,,,,,,,No,,2026-06-04
2026-06-05,M006812,PRE-CONSTRUCTION,14000000.0,,,,,,,,No,,2026-06-04
2026-06-05,M006813,PRE-CONSTRUCTION,0.0,,,,,,,,No,,2026-06-04
2026-06-05,M006814,UNDER-CONSTRUCTION,2862721.98,,,2027-02-28,,2026-04-03,,,No,BLOUNT CONSTRUCTION COMPA,2026-06-04
2026-06-05,M006815,PRE-CONSTRUCTION,0.0,,,,,,,,No,,2026-06-04
2026-06-05,M006816,PRE-CONSTRUCTION,0.0,,,,,,,,No,,2026-06-04
2026-06-05,M006817,PRE-CONSTRUCTION,6520229.0,,,,,,,,No,,2026-06-04
2026-06-05,M006818,PRE-CONSTRUCTION,874133.0,,,,,,,,No,,2026-06-04
2026-06-05,M006819,PRE-CONSTRUCTION,1361613.0,,,,,,,,No,,2026-06-04
2026-06-05,M006820,PRE-CONSTRUCTION,1038543.0,,,,,,,,No,,2026-06-04
2026-06-05,M006821,PRE-CONSTRUCTION,0.0,,,,,,,,No,,2026-06-04
2026-06-05,M006822,PRE-CONSTRUCTION,1524600.0,,,,,,,,No,,2026-06-04
2026-06-05,M006823,PRE-CONSTRUCTION,0.0,,,,,,,,No,,2026-06-04
2026-06-05,M006824,UNDER-CONSTRUCTION,3188182.07,,,2027-02-28,,2026-04-03,,,No,CW MATTHEWS CONTRACTING,2026-06-04
2026-06-05,M006825,UNDER-CONSTRUCTION,1899629.64,,,,,,,,No,CW MATTHEWS CONTRACTING,2026-06-04
2026-06-05,M006826,PRE-CONSTRUCTION,3079799.82,,,,,,,,No,,2026-06-04
2026-06-05,M006827,PRE-CONSTRUCTION,2250000.0,,,,,,,,No,,2026-06-04
2026-06-05,M006828,PRE-CONSTRUCTION,0.0,,,,,,,,No,,2026-06-04
2026-06-05,M006830,PRE-CONSTRUCTION,369000.0,,,,,,,,No,,2026-06-04
2026-06-05,M006831,PRE-CONSTRUCTION,1300000.0,,,,,,,,No,,2026-06-04
2026-06-05,M006832,PRE-CONSTRUCTION,600000.0,,,,,,,,No,,2026-06-04
2026-06-05,M006833,PRE-CONSTRUCTION,320000.0,,,,,,,,No,,2026-06-04
2026-06-05,M006834,PRE-CONSTRUCTION,2325000.0,,,,,,,,No,,2026-06-04
2026-06-05,M006835,PRE-CONSTRUCTION,2515000.0,,,,,,,,No,,2026-06-04
2026-06-05,M006837,PRE-CONSTRUCTION,2581710.21,,,,,,,,No,,2026-06-04
2026-06-05,M006838,PRE-CONSTRUCTION,0.0,,,,,,,,No,,2026-06-04
2026-06-05,M006839,PRE-CONSTRUCTION,2226121.1,,,,,,,,No,,2026-06-04
2026-06-05,M006840,PRE-CONSTRUCTION,0.0,,,,,,,,No,,2026-06-04
2026-06-05,M006841,PRE-CONSTRUCTION,2740330.0,,,,,,,,No,,2026-06-04
2026-06-05,M006842,PRE-CONSTRUCTION,812542.44,,,,,,,,No,,2026-06-04
2026-06-05,M006843,PRE-CONSTRUCTION,2090581.0,,,,,,,,No,,2026-06-04
2026-06-05,M006844,PRE-CONSTRUCTION,1019637.0,,,,,,,,No,,2026-06-04
2026-06-05,M006845,PRE-CONSTRUCTION,850000.0,,,,,,,,No,,2026-06-04
2026-06-05,M006846,PRE-CONSTRUCTION,3372968.31,,,,,,,,No,,2026-06-04
2026-06-05,M006847,PRE-CONSTRUCTION,5863495.31,,,,,,,,No,,2026-06-04
2026-06-05,M006848,PRE-CONSTRUCTION,3671666.95,,,,,,,,No,,2026-06-04
2026-06-05,M006849,PRE-CONSTRUCTION,2397086.73,,,,,,,,No,,2026-06-04
2026-06-05,M006850,PRE-CONSTRUCTION,1128087.74,,,,,,,,No,,2026-06-04
2026-06-05,M006851,PRE-CONSTRUCTION,1840915.02,,,,,,,,No,,2026-06-04
2026-06-05,M006852,PRE-CONSTRUCTION,,,,,,,,,No,,2026-06-04
2026-06-05,M006853,PRE-CONSTRUCTION,,,,,,,,,No,,2026-06-04
2026-06-05,M006854,PRE-CONSTRUCTION,,,,,,,,,No,,2026-06-04
2026-06-05,M006855,PRE-CONSTRUCTION,,,,,,,,,No,,2026-06-04
2026-06-05,M006856,PRE-CONSTRUCTION,,,,,,,,,No,,2026-06-04
2026-06-05,M006857,PRE-CONSTRUCTION,,,,,,,,,No,,2026-06-04
2026-06-05,M006858,PRE-CONSTRUCTION,,,,,,,,,No,,2026-06-04
2026-06-05,M006859,PRE-CONSTRUCTION,,,,,,,,,No,,2026-06-04
2026-06-05,M006860,PRE-CONSTRUCTION,,,,,,,,,No,,2026-06-04
2026-06-05,M006861,PRE-CONSTRUCTION,,,,,,,,,No,,2026-06-04
2026-06-05,M006862,PRE-CONSTRUCTION,,,,,,,,,No,,2026-06-04
2026-06-05,M006868,PRE-CONSTRUCTION,,,,,,,,,No,,2026-06-04
2026-06-05,M006869,PRE-CONSTRUCTION,,,,,,,,,No,,2026-06-04
2026-06-05,M006870,PRE-CONSTRUCTION,,,,,,,,,No,,2026-06-04
2026-06-05,M006871,PRE-CONSTRUCTION,,,,,,,,,No,,2026-06-04
2026-06-05,M006872,PRE-CONSTRUCTION,,,,,,,,,No,,2026-06-04
2026-06-05,M006874,PRE-CONSTRUCTION,,,,,,,,,No,,2026-06-04
2026-06-05,M006875,PRE-CONSTRUCTION,,,,,,,,,No,,2026-06-04
2026-06-05,M006876,PRE-CONSTRUCTION,,,,,,,,,No,,2026-06-04
2026-06-05,M006894,PRE-CONSTRUCTION,,,,,,,,,No,,2026-06-04
2026-06-05,M006895,PRE-CONSTRUCTION,,,,,,,,,No,,2026-06-04
2026-06-05,M006896,PRE-CONSTRUCTION,,,,,,,,,No,,2026-06-04
2026-06-05,M006897,PRE-CONSTRUCTION,,,,,,,,,No,,2026-06-04
2026-06-05,M006898,PRE-CONSTRUCTION,,,,,,,,,No,,2026-06-04
2026-06-05,M006899,PRE-CONSTRUCTION,,,,,,,,,No,,2026-06-04
2026-06-05,M006900,PRE-CONSTRUCTION,,,,,,,,,No,,2026-06-04
2026-06-05,M006901,PRE-CONSTRUCTION,,,,,,,,,No,,2026-06-04
2026-06-05,M006902,PRE-CONSTRUCTION,,,,,,,,,No,,2026-06-04
2026-06-05,M006903,PRE-CONSTRUCTION,,,,,,,,,No,,2026-06-04
2026-06-05,M006904,PRE-CONSTRUCTION,,,,,,,,,No,,2026-06-04
2026-06-05,M006905,PRE-CONSTRUCTION,,,,,,,,,No,,2026-06-04
2026-06-05,M006906,PRE-CONSTRUCTION,,,,,,,,,No,,2026-06-04
2026-06-05,M006907,PRE-CONSTRUCTION,,,,,,,,,No,,2026-06-04
2026-06-05,M006908,PRE-CONSTRUCTION,,,,,,,,,No,,2026-06-04
2026-06-05,M006909,PRE-CONSTRUCTION,,,,,,,,,No,,2026-06-04
2026-06-05,M006910,PRE-CONSTRUCTION,,,,,,,,,No,,2026-06-04
2026-06-05,M006911,PRE-CONSTRUCTION,,,,,,,,,No,,2026-06-04
2026-06-05,M006912,PRE-CONSTRUCTION,,,,,,,,,No,,2026-06-04
2026-06-05,M006913,PRE-CONSTRUCTION,,,,,,,,,No,,2026-06-04
2026-06-05,M006914,PRE-CONSTRUCTION,,,,,,,,,No,,2026-06-04
2026-06-05,M006915,PRE-CONSTRUCTION,,,,,,,,,No,,2026-06-04
2026-06-05,M006920,PRE-CONSTRUCTION,,,,,,,,,No,,2026-06-04
2026-06-05,M006921,PRE-CONSTRUCTION,5011126.08,,,,,,,,No,,2026-06-04
2026-06-05,M006922,PRE-CONSTRUCTION,0.0,,,,,,,,No,,2026-06-04
2026-06-05,M006923,PRE-CONSTRUCTION,3040810.06,,,,,,,,No,,2026-06-04
2026-06-05,M006924,PRE-CONSTRUCTION,7463350.42,,,,,,,,No,,2026-06-04
2026-06-05,M006925,PRE-CONSTRUCTION,6186752.85,,,,,,,,No,,2026-06-04
2026-06-05,M006926,PRE-CONSTRUCTION,5346349.05,,,,,,,,No,,2026-06-04
2026-06-05,M006927,PRE-CONSTRUCTION,1250000.0,,,,,,,,No,,2026-06-04
2026-06-05,M006929,PRE-CONSTRUCTION,4120600.0,,,,,,,,No,,2026-06-04
2026-06-05,M006930,PRE-CONSTRUCTION,2497000.0,,,,,,,,No,,2026-06-04
2026-06-05,M006931,PRE-CONSTRUCTION,2430488.57,,,,,,,,No,,2026-06-04
2026-06-05,M006932,PRE-CONSTRUCTION,2854853.01,,,,,,,,No,,2026-06-04
2026-06-05,M006933,PRE-CONSTRUCTION,5004650.0,,,,,,,,No,,2026-06-04
2026-06-05,M006934,PRE-CONSTRUCTION,3752083.22,,,,,,,,No,,2026-06-04
2026-06-05,M006935,PRE-CONSTRUCTION,366654.79,,,,,,,,No,,2026-06-04
2026-06-05,M006936,PRE-CONSTRUCTION,444925.61,,,,,,,,No,,2026-06-04
2026-06-05,M006937,PRE-CONSTRUCTION,3287225.0,,,,,,,,No,,2026-06-04
2026-06-05,M006938,PRE-CONSTRUCTION,12000000.0,,,,,,,,No,,2026-06-04
2026-06-05,M006939,PRE-CONSTRUCTION,3396082.0,,,,,,,,No,,2026-06-04
2026-06-05,M006944,PRE-CONSTRUCTION,474720.0,,,,,,,,No,,2026-06-04
2026-06-05,M006945,PRE-CONSTRUCTION,1325000.0,,,,,,,,No,,2026-06-04
2026-06-05,M006953,PRE-CONSTRUCTION,3506445.84,,,,,,,,No,,2026-06-04
2026-06-05,M006954,PRE-CONSTRUCTION,4580519.53,,,,,,,,No,,2026-06-04
2026-06-05,M006955,PRE-CONSTRUCTION,6219574.09,,,,,,,,No,,2026-06-04
2026-06-05,M006956,PRE-CONSTRUCTION,3671442.03,,,,,,,,No,,2026-06-04
2026-06-05,M006957,PRE-CONSTRUCTION,49084.68,,,,,,,,No,,2026-06-04
2026-06-05,M006958,PRE-CONSTRUCTION,2141217.46,,,,,,,,No,,2026-06-04
2026-06-05,M006959,PRE-CONSTRUCTION,6035911.91,,,,,,,,No,,2026-06-04
2026-06-05,M006960,PRE-CONSTRUCTION,4550000.0,,,,,,,,No,,2026-06-04
2026-06-05,M006961,PRE-CONSTRUCTION,3350000.0,,,,,,,,No,,2026-06-04
2026-06-05,M006963,PRE-CONSTRUCTION,35663495.45,,,,,,,,No,,2026-06-04
2026-06-05,M006964,PRE-CONSTRUCTION,2575000.0,,,,,,,,No,,2026-06-04
2026-06-05,M006965,PRE-CONSTRUCTION,1540000.0,,,,,,,,No,,2026-06-04
2026-06-05,M006966,PRE-CONSTRUCTION,2540000.0,,,,,,,,No,,2026-06-04
2026-06-05,M006967,PRE-CONSTRUCTION,3540000.0,,,,,,,,No,,2026-06-04
2026-06-05,M006968,PRE-CONSTRUCTION,3450000.0,,,,,,,,No,,2026-06-04
2026-06-05,M006969,PRE-CONSTRUCTION,554490.0,,,,,,,,No,,2026-06-04
2026-06-05,M006970,PRE-CONSTRUCTION,3400000.0,,,,,,,,No,,2026-06-04
2026-06-05,M006971,PRE-CONSTRUCTION,2850000.0,,,,,,,,No,,2026-06-04
2026-06-05,M006972,PRE-CONSTRUCTION,3840000.0,,,,,,,,No,,2026-06-04
2026-06-05,M006973,PRE-CONSTRUCTION,2328000.0,,,,,,,,No,,2026-06-04
2026-06-05,M006974,PRE-CONSTRUCTION,4282500.0,,,,,,,,No,,2026-06-04
2026-06-05,M006975,PRE-CONSTRUCTION,4584000.0,,,,,,,,No,,2026-06-04
2026-06-05,M006976,PRE-CONSTRUCTION,4542000.0,,,,,,,,No,,2026-06-04
2026-06-05,M006977,PRE-CONSTRUCTION,1626000.0,,,,,,,,No,,2026-06-04
2026-06-05,M006978,PRE-CONSTRUCTION,1968000.0,,,,,,,,No,,2026-06-04
2026-06-05,M006979,PRE-CONSTRUCTION,5148000.0,,,,,,,,No,,2026-06-04
2026-06-05,M006980,PRE-CONSTRUCTION,4098000.0,,,,,,,,No,,2026-06-04
2026-06-05,M006982,PRE-CONSTRUCTION,1614000.0,,,,,,,,No,,2026-06-04
2026-06-05,M006983,PRE-CONSTRUCTION,4044000.0,,,,,,,,No,,2026-06-04
2026-06-05,M006984,PRE-CONSTRUCTION,2130000.0,,,,,,,,No,,2026-06-04
2026-06-05,M006985,PRE-CONSTRUCTION,756000.0,,,,,,,,No,,2026-06-04
2026-06-05,M006986,PRE-CONSTRUCTION,1623000.0,,,,,,,,No,,2026-06-04
2026-06-05,M006987,PRE-CONSTRUCTION,3249000.0,,,,,,,,No,,2026-06-04
2026-06-05,M006988,PRE-CONSTRUCTION,2790000.0,,,,,,,,No,,2026-06-04
2026-06-05,M006990,PRE-CONSTRUCTION,3255000.0,,,,,,,,No,,2026-06-04
2026-06-05,M006991,PRE-CONSTRUCTION,2394000.0,,,,,,,,No,,2026-06-04
2026-06-05,M006992,PRE-CONSTRUCTION,3873000.0,,,,,,,,No,,2026-06-04
2026-06-05,M006993,PRE-CONSTRUCTION,4697408.12,,,,,,,,No,,2026-06-04
2026-06-05,M006994,PRE-CONSTRUCTION,3505662.03,,,,,,,,No,,2026-06-04
2026-06-05,M006995,PRE-CONSTRUCTION,5956138.06,,,,,,,,No,,2026-06-04
2026-06-05,M006996,PRE-CONSTRUCTION,2364554.37,,,,,,,,No,,2026-06-04
2026-06-05,M006997,PRE-CONSTRUCTION,7321620.24,,,,,,,,No,,2026-06-04
2026-06-05,M006998,PRE-CONSTRUCTION,5250869.75,,,,,,,,No,,2026-06-04
2026-06-05,M006999,PRE-CONSTRUCTION,9380265.15,,,,,,,,No,,2026-06-04
2026-06-05,M007000,PRE-CONSTRUCTION,1544861.87,,,,,,,,No,,2026-06-04
2026-06-05,M007001,PRE-CONSTRUCTION,3216283.18,,,,,,,,No,,2026-06-04
2026-06-05,M007002,PRE-CONSTRUCTION,5124088.22,,,,,,,,No,,2026-06-04
2026-06-05,M007003,PRE-CONSTRUCTION,7996351.24,,,,,,,,No,,2026-06-04
2026-06-05,M007004,PRE-CONSTRUCTION,1672988.55,,,,,,,,No,,2026-06-04
2026-06-05,M007005,PRE-CONSTRUCTION,5493041.7,,,,,,,,No,,2026-06-04
2026-06-05,M007006,PRE-CONSTRUCTION,11002303.33,,,,,,,,No,,2026-06-04
2026-06-05,M007007,PRE-CONSTRUCTION,5981543.04,,,,,,,,No,,2026-06-04
2026-06-05,M007008,PRE-CONSTRUCTION,1860462.56,,,,,,,,No,,2026-06-04
2026-06-05,M007009,PRE-CONSTRUCTION,3123810.19,,,,,,,,No,,2026-06-04
2026-06-05,M007010,PRE-CONSTRUCTION,4885013.43,,,,,,,,No,,2026-06-04
2026-06-05,M007012,PRE-CONSTRUCTION,2300000.0,,,,,,,,No,,2026-06-04
2026-06-05,M007013,PRE-CONSTRUCTION,2300000.0,,,,,,,,No,,2026-06-04
2026-06-05,M007014,PRE-CONSTRUCTION,2850000.0,,,,,,,,No,,2026-06-04
2026-06-05,M007015,PRE-CONSTRUCTION,3700000.0,,,,,,,,No,,2026-06-04
2026-06-05,M007016,PRE-CONSTRUCTION,2050000.0,,,,,,,,No,,2026-06-04
2026-06-05,M007017,PRE-CONSTRUCTION,2850000.0,,,,,,,,No,,2026-06-04
2026-06-05,M007018,PRE-CONSTRUCTION,2477893.96,,,,,,,,No,,2026-06-04
2026-06-05,M007019,PRE-CONSTRUCTION,3000000.0,,,,,,,,No,,2026-06-04
2026-06-05,M007020,PRE-CONSTRUCTION,3324897.51,,,,,,,,No,,2026-06-04
2026-06-05,M007021,PRE-CONSTRUCTION,4752116.85,,,,,,,,No,,2026-06-04
2026-06-05,M007022,PRE-CONSTRUCTION,2281680.35,,,,,,,,No,,2026-06-04
2026-06-05,M007023,PRE-CONSTRUCTION,875016.62,,,,,,,,No,,2026-06-04
2026-06-05,M007024,PRE-CONSTRUCTION,3287225.0,,,,,,,,No,,2026-06-04
2026-06-05,M007025,PRE-CONSTRUCTION,4124967.86,,,,,,,,No,,2026-06-04
2026-06-05,M007026,PRE-CONSTRUCTION,5580189.0,,,,,,,,No,,2026-06-04
2026-06-05,M007027,PRE-CONSTRUCTION,2217473.41,,,,,,,,No,,2026-06-04
2026-06-05,M007028,PRE-CONSTRUCTION,1500000.0,,,,,,,,No,,2026-06-04
2026-06-05,M007029,PRE-CONSTRUCTION,5839323.29,,,,,,,,No,,2026-06-04
2026-06-05,M007030,PRE-CONSTRUCTION,7158490.28,,,,,,,,No,,2026-06-04
2026-06-05,M007031,PRE-CONSTRUCTION,2960000.0,,,,,,,,No,,2026-06-04
2026-06-05,M007032,PRE-CONSTRUCTION,6690413.29,,,,,,,,No,,2026-06-04
2026-06-05,M007033,PRE-CONSTRUCTION,6257931.23,,,,,,,,No,,2026-06-04
2026-06-05,M007034,PRE-CONSTRUCTION,3413614.13,,,,,,,,No,,2026-06-04
2026-06-05,M007035,PRE-CONSTRUCTION,12472722.48,,,,,,,,No,,2026-06-04
2026-06-05,M007036,PRE-CONSTRUCTION,2550000.0,,,,,,,,No,,2026-06-04
2026-06-05,M007037,PRE-CONSTRUCTION,,,,,,,,,No,,2026-06-04
2026-06-05,M007038,PRE-CONSTRUCTION,5025000.0,,,,,,,,No,,2026-06-04
2026-06-05,M007039,PRE-CONSTRUCTION,1338000.0,,,,,,,,No,,2026-06-04
2026-06-05,M007040,PRE-CONSTRUCTION,,,,,,,,,No,,2026-06-04
2026-06-05,M007041,PRE-CONSTRUCTION,,,,,,,,,No,,2026-06-04
2026-06-05,M007042,PRE-CONSTRUCTION,,,,,,,,,No,,2026-06-04
2026-06-05,M007043,PRE-CONSTRUCTION,,,,,,,,,No,,2026-06-04
2026-06-05,M007044,PRE-CONSTRUCTION,,,,,,,,,No,,2026-06-04
2026-06-05,M007045,PRE-CONSTRUCTION,,,,,,,,,No,,2026-06-04
2026-06-05,M007046,PRE-CONSTRUCTION,10000000.0,,,,,,,,No,,2026-06-04
2026-06-05,M007047,PRE-CONSTRUCTION,,,,,,,,,No,,2026-06-04
2026-06-05,M007048,PRE-CONSTRUCTION,10000000.0,,,,,,,,No,,2026-06-04
2026-06-05,M007049,PRE-CONSTRUCTION,10000000.0,,,,,,,,No,,2026-06-04
2026-06-05,M007050,PRE-CONSTRUCTION,,,,,,,,,No,,2026-06-04
2026-06-05,M007051,PRE-CONSTRUCTION,,,,,,,,,No,,2026-06-04
2026-06-05,M007052,PRE-CONSTRUCTION,,,,,,,,,No,,2026-06-04
2026-06-05,M007053,PRE-CONSTRUCTION,,,,,,,,,No,,2026-06-04
2026-06-05,M007054,PRE-CONSTRUCTION,,,,,,,,,No,,2026-06-04
2026-06-05,M007055,PRE-CONSTRUCTION,,,,,,,,,No,,2026-06-04
