ID,URL,County,Desc_short,Status
0000293,https://www.dot.ga.gov/applications/geopi/Pages/Dashboard.aspx?ProjectId=0000293,Atkinson,SR 206 From SR 32 In Douglas To CR 143/Moseley Road,PRE-CONSTRUCTION
0000296,https://www.dot.ga.gov/applications/geopi/Pages/Dashboard.aspx?ProjectId=0000296,Dawson,SR 52: Two Wb Passing Lanes Bt Gilmer And Lumpkin Counties,PRE-CONSTRUCTION
0000297,https://www.dot.ga.gov/applications/geopi/Pages/Dashboard.aspx?ProjectId=0000297,Upson,US 19/SR 3 - Widening & Reconstr,COMPLETED-CONSTRUCTION
0000309,https://www.dot.ga.gov/applications/geopi/Pages/Dashboard.aspx?ProjectId=0000309,Chattooga,SR 48 Eb From Mp .75 - 1.55/ Wb From Mp 3.00 - 4.10,PRE-CONSTRUCTION
0000315,https://www.dot.ga.gov/applications/geopi/Pages/Dashboard.aspx?ProjectId=0000315,Dawson,SR 52 - Construction Of Roundabout,COMPLETED-CONSTRUCTION
0000316,https://www.dot.ga.gov/applications/geopi/Pages/Dashboard.aspx?ProjectId=0000316,Dawson,SR 52 Horizontal Correction @ Mp 6.4 To 6.6,PRE-CONSTRUCTION
0000397,https://www.dot.ga.gov/applications/geopi/Pages/Dashboard.aspx?ProjectId=0000397,Bartow,SR 3/US 41 @ CR 1097 & CR 397 - Relocate Intersection,PRE-CONSTRUCTION
0000402,https://www.dot.ga.gov/applications/geopi/Pages/Dashboard.aspx?ProjectId=0000402,Jackson,SR 15 Alt Eb & Wb Passing Lanes Bt Commerce & Jefferson,PRE-CONSTRUCTION
0000405,https://www.dot.ga.gov/applications/geopi/Pages/Dashboard.aspx?ProjectId=0000405,"Houston , Peach",SR 7/US 341 From SR 96/Peach To 4-Ln/Houston & Part New Loc,PRE-CONSTRUCTION
0000406,https://www.dot.ga.gov/applications/geopi/Pages/Dashboard.aspx?ProjectId=0000406,"Floyd , Polk",SR 101 From SR 6/US 278/Polk To CR 57/Pleasant Hope Ch./Floyd,PRE-CONSTRUCTION
0000411,https://www.dot.ga.gov/applications/geopi/Pages/Dashboard.aspx?ProjectId=0000411,Walton,SR 83 Conn - Construction Of Alt Conn,UNDER-CONSTRUCTION
0000414,https://www.dot.ga.gov/applications/geopi/Pages/Dashboard.aspx?ProjectId=0000414,"Newton , Rockdale , Walton",SR 138 From Miller Bottom RD To SR 10/US 78,PRE-CONSTRUCTION
0000415,https://www.dot.ga.gov/applications/geopi/Pages/Dashboard.aspx?ProjectId=0000415,Walton,SR 10/US 78 From Gwinnett County Line To SR 10Bu In Monroe,PRE-CONSTRUCTION
0000416,https://www.dot.ga.gov/applications/geopi/Pages/Dashboard.aspx?ProjectId=0000416,"Rockdale , Walton",SR 20 From Sharon Church RD/Walton To Pleasant Hill RD/Rockdle,PRE-CONSTRUCTION
0000419,https://www.dot.ga.gov/applications/geopi/Pages/Dashboard.aspx?ProjectId=0000419,Walton,Vine Street From SR 11 To SR 10/US 78; Inc New Loc,PRE-CONSTRUCTION
0000420,https://www.dot.ga.gov/applications/geopi/Pages/Dashboard.aspx?ProjectId=0000420,Walton,CR 455/Jersey-Monroe RD From Youth Jersey RD To SR 11,PRE-CONSTRUCTION
0000473,https://www.dot.ga.gov/applications/geopi/Pages/Dashboard.aspx?ProjectId=0000473,Dougherty,SR 133 - Construction Of A Bridge,UNDER-CONSTRUCTION
0000475,https://www.dot.ga.gov/applications/geopi/Pages/Dashboard.aspx?ProjectId=0000475,"Dougherty , Worth",SR 133 - Widening & Reconst,UNDER-CONSTRUCTION
0000477,https://www.dot.ga.gov/applications/geopi/Pages/Dashboard.aspx?ProjectId=0000477,"Columbia , Lincoln",SR 47 From Pollards Corner/Columbia To Lincolnton/Lincoln,PRE-CONSTRUCTION
0000519,https://www.dot.ga.gov/applications/geopi/Pages/Dashboard.aspx?ProjectId=0000519,Worth,SR 133 -  Widening,UNDER-CONSTRUCTION
0000520,https://www.dot.ga.gov/applications/geopi/Pages/Dashboard.aspx?ProjectId=0000520,Colquitt,SR 133 - Bridge Rehab,UNDER-CONSTRUCTION
0000534,https://www.dot.ga.gov/applications/geopi/Pages/Dashboard.aspx?ProjectId=0000534,Bartow,SR 293 @ SR 3,PRE-CONSTRUCTION
0000562,https://www.dot.ga.gov/applications/geopi/Pages/Dashboard.aspx?ProjectId=0000562,Henry,CR 650/Bill Gardner Pkwy From SR 155 To I-75 - Phase I,PRE-CONSTRUCTION
0000716,https://www.dot.ga.gov/applications/geopi/Pages/Dashboard.aspx?ProjectId=0000716,Clayton,Hartsfield Airport: Reloc SR 139/Riverdale & SR 314/W. Fayet,UNDER-CONSTRUCTION
0000821,https://www.dot.ga.gov/applications/geopi/Pages/Dashboard.aspx?ProjectId=0000821,Charlton,SR 40 From SR 40 Conn To 0.36 MI E Of CR 82/May Bluff RD - TIA,PRE-CONSTRUCTION
0000932,https://www.dot.ga.gov/applications/geopi/Pages/Dashboard.aspx?ProjectId=0000932,Bartow,I-75 Upgrades @ SR 61,PRE-CONSTRUCTION
0001040,https://www.dot.ga.gov/applications/geopi/Pages/Dashboard.aspx?ProjectId=0001040,Jones,SR 44 From Gray Bypass To CR 104/Mathis Road,PRE-CONSTRUCTION
0001042,https://www.dot.ga.gov/applications/geopi/Pages/Dashboard.aspx?ProjectId=0001042,Irwin,SR 32 Reloc/NE Ocilla Bypass Between SR 32 And SR 11,PRE-CONSTRUCTION
0001043,https://www.dot.ga.gov/applications/geopi/Pages/Dashboard.aspx?ProjectId=0001043,Irwin,SR 32 Reloc/NW Ocilla Bypass Between SR 35 And SR 11,PRE-CONSTRUCTION
0001044,https://www.dot.ga.gov/applications/geopi/Pages/Dashboard.aspx?ProjectId=0001044,"Irwin , Tift",SR 35 From SR 520/Tift To SR 32/Irwin,PRE-CONSTRUCTION
0001047,https://www.dot.ga.gov/applications/geopi/Pages/Dashboard.aspx?ProjectId=0001047,Madison,SR 98 Passing Lanes @ 2 Locations Between SR 8 And SR 172,PRE-CONSTRUCTION
0001096,https://www.dot.ga.gov/applications/geopi/Pages/Dashboard.aspx?ProjectId=0001096,Henry,Mcdonough Pkwy Ext From Jonesboro RD To SR 42/US 23 Ph 1-GRTA,UNDER-CONSTRUCTION
0001322,https://www.dot.ga.gov/applications/geopi/Pages/Dashboard.aspx?ProjectId=0001322,All Counties,Passenger Rail Macon To Albany - Phase 1,PRE-CONSTRUCTION
0001323,https://www.dot.ga.gov/applications/geopi/Pages/Dashboard.aspx?ProjectId=0001323,All Counties,Passenger Rail Macon To Albany - Phase 2,PRE-CONSTRUCTION
0001324,https://www.dot.ga.gov/applications/geopi/Pages/Dashboard.aspx?ProjectId=0001324,All Counties,Passenger Rail Macon To Albany - Phase 3,PRE-CONSTRUCTION
0001325,https://www.dot.ga.gov/applications/geopi/Pages/Dashboard.aspx?ProjectId=0001325,All Counties,Passenger Rail Macon To Savannah - Phase 1,PRE-CONSTRUCTION
0001327,https://www.dot.ga.gov/applications/geopi/Pages/Dashboard.aspx?ProjectId=0001327,All Counties,Passenger Rail Macon To Savannah - Phase 2,PRE-CONSTRUCTION
0001328,https://www.dot.ga.gov/applications/geopi/Pages/Dashboard.aspx?ProjectId=0001328,All Counties,Passenger Rail Macon To Savannah - Phase 3,PRE-CONSTRUCTION
0001333,https://www.dot.ga.gov/applications/geopi/Pages/Dashboard.aspx?ProjectId=0001333,All Counties,Commuter Rail Atlanta To Bremen - Phase 1,PRE-CONSTRUCTION
0001334,https://www.dot.ga.gov/applications/geopi/Pages/Dashboard.aspx?ProjectId=0001334,All Counties,Commuter Rail Atlanta To Senoia - Phase 1,PRE-CONSTRUCTION
0001339,https://www.dot.ga.gov/applications/geopi/Pages/Dashboard.aspx?ProjectId=0001339,"Crawford , Lamar",SR 7/US 341 Passing Lanes @ 5 Locations Crawford& Lamar Co.,PRE-CONSTRUCTION
0001757,https://www.dot.ga.gov/applications/geopi/Pages/Dashboard.aspx?ProjectId=0001757,"Forsyth , Fulton",SR 400 - Phase 1 Db,COMPLETED-CONSTRUCTION
0001809,https://www.dot.ga.gov/applications/geopi/Pages/Dashboard.aspx?ProjectId=0001809,Laurens,SR 257 From S Of I-16 To N Of Dexter,PRE-CONSTRUCTION
0001815,https://www.dot.ga.gov/applications/geopi/Pages/Dashboard.aspx?ProjectId=0001815,Gwinnett,CR 494/Rock Bridge Road Grade Separation @ CSX Rr,PRE-CONSTRUCTION
0001816,https://www.dot.ga.gov/applications/geopi/Pages/Dashboard.aspx?ProjectId=0001816,Barrow,CR 326/6Th  Street Grade Separation @ CSX Rr,PRE-CONSTRUCTION
0001817,https://www.dot.ga.gov/applications/geopi/Pages/Dashboard.aspx?ProjectId=0001817,Clayton,Cw Grant Pkwy (CR 1516) - Widening & Reconstruction,COMPLETED-CONSTRUCTION
0001820,https://www.dot.ga.gov/applications/geopi/Pages/Dashboard.aspx?ProjectId=0001820,Dodge,SR 117 Realignment In Rhine,PRE-CONSTRUCTION
0001821,https://www.dot.ga.gov/applications/geopi/Pages/Dashboard.aspx?ProjectId=0001821,Hall,Mcever Road From SR 347 To CS 537/Gainesville Street,PRE-CONSTRUCTION
0001822,https://www.dot.ga.gov/applications/geopi/Pages/Dashboard.aspx?ProjectId=0001822,Hall,SR 13/Atlanta Hwy From CR 528/Radford RD To S Of SR 53,PRE-CONSTRUCTION
0001823,https://www.dot.ga.gov/applications/geopi/Pages/Dashboard.aspx?ProjectId=0001823,Elbert,SR 72 Realign Bet CR 76/ Dove CR Church RD And CR 75,PRE-CONSTRUCTION
0002391,https://www.dot.ga.gov/applications/geopi/Pages/Dashboard.aspx?ProjectId=0002391,Clarke,SR 15/US 441 From Loop 10 North To Clarke County Line,PRE-CONSTRUCTION
0002392,https://www.dot.ga.gov/applications/geopi/Pages/Dashboard.aspx?ProjectId=0002392,Forsyth,SR 20 - Widening & Reconstruction,COMPLETED-CONSTRUCTION
0002393,https://www.dot.ga.gov/applications/geopi/Pages/Dashboard.aspx?ProjectId=0002393,Gwinnett,SR 13 From Sugarloaf Pkwy To SR 20 In Buford,PRE-CONSTRUCTION
0002525,https://www.dot.ga.gov/applications/geopi/Pages/Dashboard.aspx?ProjectId=0002525,Cherokee,SR 372 Spur From SR 5Bu@ Howell Br RD To SR 372 So/Ball Ground,PRE-CONSTRUCTION
0002862,https://www.dot.ga.gov/applications/geopi/Pages/Dashboard.aspx?ProjectId=0002862,"Cherokee , Forsyth",SR 20 - Widening Reconstruction,UNDER-CONSTRUCTION
0002863,https://www.dot.ga.gov/applications/geopi/Pages/Dashboard.aspx?ProjectId=0002863,Terrell,SR 50/US 82 From W Of SR 45 To SR 520,PRE-CONSTRUCTION
0002864,https://www.dot.ga.gov/applications/geopi/Pages/Dashboard.aspx?ProjectId=0002864,Randolph,SR 50/US 82 From W Of SR 41 To E Of SR 41 @ Terrell CO Line,PRE-CONSTRUCTION
0002865,https://www.dot.ga.gov/applications/geopi/Pages/Dashboard.aspx?ProjectId=0002865,"Ben Hill , Irwin",SR 11/SR 107/US 319 From SR 32/Irwin To SR 206/Ben Hill,PRE-CONSTRUCTION
0002866,https://www.dot.ga.gov/applications/geopi/Pages/Dashboard.aspx?ProjectId=0002866,Bartow,SR 3 From CSX Rr To SR 3/SR 20,PRE-CONSTRUCTION
0002868,https://www.dot.ga.gov/applications/geopi/Pages/Dashboard.aspx?ProjectId=0002868,DeKalb,Panola RD @ I-20 From Fairington RD To Snapfinger Woods Dr,PRE-CONSTRUCTION
0002869,https://www.dot.ga.gov/applications/geopi/Pages/Dashboard.aspx?ProjectId=0002869,Talbot,SR 90 Passing Lanes @ Two Locations Between SR 96 To SR 208,PRE-CONSTRUCTION
0002923,https://www.dot.ga.gov/applications/geopi/Pages/Dashboard.aspx?ProjectId=0002923,Chatham,SR 25/West Bay Street - Widening & Rcns,COMPLETED-CONSTRUCTION
0002981,https://www.dot.ga.gov/applications/geopi/Pages/Dashboard.aspx?ProjectId=0002981,Quitman,SR 50 From W Of SR 39/SR 27 To E Of SR 39 East Of Georgetown,PRE-CONSTRUCTION
0003061,https://www.dot.ga.gov/applications/geopi/Pages/Dashboard.aspx?ProjectId=0003061,Murray,SR 225 Bypass From SR 52/US 76 To SR 225,PRE-CONSTRUCTION
0003626,https://www.dot.ga.gov/applications/geopi/Pages/Dashboard.aspx?ProjectId=0003626,Hall,Sardis RD Conn - Widening & Reconstruction,UNDER-CONSTRUCTION
0003627,https://www.dot.ga.gov/applications/geopi/Pages/Dashboard.aspx?ProjectId=0003627,Dawson,SR 9 Passing Lanes From Thompson RD To Jenkins RD,PRE-CONSTRUCTION
0003628,https://www.dot.ga.gov/applications/geopi/Pages/Dashboard.aspx?ProjectId=0003628,Bartow,SR 293 North Ramp To SR 20/US 411 West,PRE-CONSTRUCTION
0003682,https://www.dot.ga.gov/applications/geopi/Pages/Dashboard.aspx?ProjectId=0003682,Forsyth,SR 20 - Widening,UNDER-CONSTRUCTION
0003701,https://www.dot.ga.gov/applications/geopi/Pages/Dashboard.aspx?ProjectId=0003701,Hall,SR 13 From I-985 To & Along Memorial Pk Dr To SR 369,PRE-CONSTRUCTION
0004295,https://www.dot.ga.gov/applications/geopi/Pages/Dashboard.aspx?ProjectId=0004295,"Dade , Walker",SR 560/East-West Highway From I-59/Dade CO To SR 157/Walker Co,PRE-CONSTRUCTION
0004296,https://www.dot.ga.gov/applications/geopi/Pages/Dashboard.aspx?ProjectId=0004296,Walker,SR 560/East-West Highway From SR 157 To US 27,PRE-CONSTRUCTION
0004297,https://www.dot.ga.gov/applications/geopi/Pages/Dashboard.aspx?ProjectId=0004297,"Catoosa , Walker",SR 560/East-West Highway From US 27/Walker To SR 151/Catoosa,PRE-CONSTRUCTION
0004298,https://www.dot.ga.gov/applications/geopi/Pages/Dashboard.aspx?ProjectId=0004298,"Catoosa , Whitfield",SR 560/East-West Hwy From SR 151/Catoosa To SR 3/Whitfield,PRE-CONSTRUCTION
0004299,https://www.dot.ga.gov/applications/geopi/Pages/Dashboard.aspx?ProjectId=0004299,Whitfield,SR 560/East-West Highway From I-75 To SR 52,PRE-CONSTRUCTION
0004300,https://www.dot.ga.gov/applications/geopi/Pages/Dashboard.aspx?ProjectId=0004300,"Murray , Whitfield",SR 560/East-West Hwy From SR 3/Whitfield To US 411/Murray,PRE-CONSTRUCTION
0004301,https://www.dot.ga.gov/applications/geopi/Pages/Dashboard.aspx?ProjectId=0004301,Gilmer,SR 560/East-West Highway From SR 52 To US 76,PRE-CONSTRUCTION
0004302,https://www.dot.ga.gov/applications/geopi/Pages/Dashboard.aspx?ProjectId=0004302,White,East-West Hwy From SR 115/SR 284 Along Westmoreland To SR 11,PRE-CONSTRUCTION
0004303,https://www.dot.ga.gov/applications/geopi/Pages/Dashboard.aspx?ProjectId=0004303,White,SR 560/East-West Highway From SR 11 To SR 384,PRE-CONSTRUCTION
0004304,https://www.dot.ga.gov/applications/geopi/Pages/Dashboard.aspx?ProjectId=0004304,Habersham,SR 560/East-West Highway From SR 384 To SR 365,PRE-CONSTRUCTION
0004407,https://www.dot.ga.gov/applications/geopi/Pages/Dashboard.aspx?ProjectId=0004407,Coweta,Lower Fayetteville RD From Grieson Trail To Fischer RD- GRTA,UNDER-CONSTRUCTION
0004428,https://www.dot.ga.gov/applications/geopi/Pages/Dashboard.aspx?ProjectId=0004428,Douglas,Ca - CR 817/Lee RD From I-20 To SR 92/Fairburn RD,UNDER-CONSTRUCTION
0004451,https://www.dot.ga.gov/applications/geopi/Pages/Dashboard.aspx?ProjectId=0004451,DeKalb,CR 1285/Clifton Road @ CSX/Rr,PRE-CONSTRUCTION
0004497,https://www.dot.ga.gov/applications/geopi/Pages/Dashboard.aspx?ProjectId=0004497,Cherokee,Woodstock Greenway,PRE-CONSTRUCTION
0004634,https://www.dot.ga.gov/applications/geopi/Pages/Dashboard.aspx?ProjectId=0004634,"Forsyth , Fulton",Mcginnis Ferry Road From Sargent Road To Union Hill Road,UNDER-CONSTRUCTION
0004748,https://www.dot.ga.gov/applications/geopi/Pages/Dashboard.aspx?ProjectId=0004748,Tift,SR 125 From SR 7 To Existing 4-Lane @ CR 413/ 20Th St,PRE-CONSTRUCTION
0004749,https://www.dot.ga.gov/applications/geopi/Pages/Dashboard.aspx?ProjectId=0004749,Tift,SR 125 From CR 329/40Th St To CR 421/Chula Brookfield RD,PRE-CONSTRUCTION
0004750,https://www.dot.ga.gov/applications/geopi/Pages/Dashboard.aspx?ProjectId=0004750,"Irwin , Tift",SR 125 From CR 421/Chula Brookfield RD/Tift To SR 32/Irwin,PRE-CONSTRUCTION
0004751,https://www.dot.ga.gov/applications/geopi/Pages/Dashboard.aspx?ProjectId=0004751,"Ben Hill , Irwin",SR 125 From SR 32/Irwin To SR 107/Ben Hill,PRE-CONSTRUCTION
0004752,https://www.dot.ga.gov/applications/geopi/Pages/Dashboard.aspx?ProjectId=0004752,"Stewart , Webster",SR 27/US 280 From SR 520 In Richland To SR 41 In Preston,PRE-CONSTRUCTION
0004753,https://www.dot.ga.gov/applications/geopi/Pages/Dashboard.aspx?ProjectId=0004753,"Sumter , Webster",SR 27/US 280 From SR 41/Webster To Plains City Limits/Sumter,PRE-CONSTRUCTION
0004754,https://www.dot.ga.gov/applications/geopi/Pages/Dashboard.aspx?ProjectId=0004754,"Crisp , Wilcox",SR 30/US 280 From CS 667/Arc Way Ave/Crisp To SR 159/Wilcox,PRE-CONSTRUCTION
0004768,https://www.dot.ga.gov/applications/geopi/Pages/Dashboard.aspx?ProjectId=0004768,Wilcox,SR 30/US 280 From SR 159 To CR 208/Mt Olive RD ,PRE-CONSTRUCTION
0004769,https://www.dot.ga.gov/applications/geopi/Pages/Dashboard.aspx?ProjectId=0004769,"Dodge , Wilcox",SR 30/US 280 From CR 208/Mt Olive RD/Wilcox To SR 117/Dodge ,PRE-CONSTRUCTION
0004770,https://www.dot.ga.gov/applications/geopi/Pages/Dashboard.aspx?ProjectId=0004770,Dodge,SR 30/US 280 From SR 117 To The Telfair County Line,PRE-CONSTRUCTION
0004771,https://www.dot.ga.gov/applications/geopi/Pages/Dashboard.aspx?ProjectId=0004771,Telfair,SR 30/US 280 From The Dodge County Line To SR 27,PRE-CONSTRUCTION
0004772,https://www.dot.ga.gov/applications/geopi/Pages/Dashboard.aspx?ProjectId=0004772,"Telfair , Wheeler",SR 30/US 280 From SR 27/Telfair To SR 126/Wheeler,PRE-CONSTRUCTION
0004773,https://www.dot.ga.gov/applications/geopi/Pages/Dashboard.aspx?ProjectId=0004773,Wheeler,SR 30/US 280 From SR 126 To SR 19,PRE-CONSTRUCTION
0004774,https://www.dot.ga.gov/applications/geopi/Pages/Dashboard.aspx?ProjectId=0004774,"Montgomery , Wheeler",SR 30/US 280 From SR 19/Wheeler Thru Montgomery To Toombs Line,PRE-CONSTRUCTION
0004775,https://www.dot.ga.gov/applications/geopi/Pages/Dashboard.aspx?ProjectId=0004775,Toombs,SR 30/US 280 From West Of SR 4/US 1 To SR 86,PRE-CONSTRUCTION
0004776,https://www.dot.ga.gov/applications/geopi/Pages/Dashboard.aspx?ProjectId=0004776,"Tattnall , Toombs",SR 30/US 280 From West Of SR 86/Toombs To CR 219/Tattnall,PRE-CONSTRUCTION
0004777,https://www.dot.ga.gov/applications/geopi/Pages/Dashboard.aspx?ProjectId=0004777,"Evans , Tattnall",SR 30/US 280 From CR 219/Tattnall To West Of SR 292/Evans,PRE-CONSTRUCTION
0004778,https://www.dot.ga.gov/applications/geopi/Pages/Dashboard.aspx?ProjectId=0004778,"Bryan , Evans",SR 30/US 280 From West Claxton City Lmt/Evans To SR 119/Bryan,PRE-CONSTRUCTION
0004779,https://www.dot.ga.gov/applications/geopi/Pages/Dashboard.aspx?ProjectId=0004779,Bryan,SR 30/US 280 From SR 119 To The End Of US 280 @ SR 26/US 80,PRE-CONSTRUCTION
0004790,https://www.dot.ga.gov/applications/geopi/Pages/Dashboard.aspx?ProjectId=0004790,Terrell,SR 32 From SR 50 To CR 101/Sapp Road,PRE-CONSTRUCTION
0004791,https://www.dot.ga.gov/applications/geopi/Pages/Dashboard.aspx?ProjectId=0004791,"Lee , Terrell",SR 32 From CR 101/Sapp RD/Terrell To SR 3/Leesburg Bypass/Lee,PRE-CONSTRUCTION
0004792,https://www.dot.ga.gov/applications/geopi/Pages/Dashboard.aspx?ProjectId=0004792,Lee,SR 32 From SR 3/Leesburg Bypass To SR 91,PRE-CONSTRUCTION
0004793,https://www.dot.ga.gov/applications/geopi/Pages/Dashboard.aspx?ProjectId=0004793,"Lee , Worth",SR 32 From SR 91/Lee To SR 300/Worth,PRE-CONSTRUCTION
0004794,https://www.dot.ga.gov/applications/geopi/Pages/Dashboard.aspx?ProjectId=0004794,Worth,SR 32 From SR 300 To SR 313,PRE-CONSTRUCTION
0004795,https://www.dot.ga.gov/applications/geopi/Pages/Dashboard.aspx?ProjectId=0004795,Worth,SR 32 From SR 313 To SR 33,PRE-CONSTRUCTION
0004796,https://www.dot.ga.gov/applications/geopi/Pages/Dashboard.aspx?ProjectId=0004796,"Turner , Worth",SR 32 From SR 33/Worth To SR 7/Turner,PRE-CONSTRUCTION
0004797,https://www.dot.ga.gov/applications/geopi/Pages/Dashboard.aspx?ProjectId=0004797,Turner,SR 32 From SR 7 East Intersection To East Of I-75,PRE-CONSTRUCTION
0004800,https://www.dot.ga.gov/applications/geopi/Pages/Dashboard.aspx?ProjectId=0004800,Coffee,SR 32 From US 441 To CR 552/Liberty St Incl Gauss Bridge,PRE-CONSTRUCTION
0004801,https://www.dot.ga.gov/applications/geopi/Pages/Dashboard.aspx?ProjectId=0004801,"Bacon , Coffee",SR 32 From CS 650/Liberty St/Coffee To CR 317/Wildes RD/Bacon,PRE-CONSTRUCTION
0004802,https://www.dot.ga.gov/applications/geopi/Pages/Dashboard.aspx?ProjectId=0004802,Bacon,SR 32 From CR 280/Dredge RD To SR 203,PRE-CONSTRUCTION
0004803,https://www.dot.ga.gov/applications/geopi/Pages/Dashboard.aspx?ProjectId=0004803,Bacon,SR 32 From SR 203 To CR 324/Coffee Road,PRE-CONSTRUCTION
0004808,https://www.dot.ga.gov/applications/geopi/Pages/Dashboard.aspx?ProjectId=0004808,"Bacon , Pierce",SR 32 From CR 324/Bacon To SR 15/Pierce ,PRE-CONSTRUCTION
0004809,https://www.dot.ga.gov/applications/geopi/Pages/Dashboard.aspx?ProjectId=0004809,Pierce,SR 32 From SR 15 To US 84 ,PRE-CONSTRUCTION
0004810,https://www.dot.ga.gov/applications/geopi/Pages/Dashboard.aspx?ProjectId=0004810,Pierce,SR 32 From SR 38/US 84 To CR 117/Kennell Road,PRE-CONSTRUCTION
0004811,https://www.dot.ga.gov/applications/geopi/Pages/Dashboard.aspx?ProjectId=0004811,"Brantley , Pierce",SR 32 From CR 117/Kennell Road/Pierce To SR 23/US 301/Brantley,PRE-CONSTRUCTION
0004812,https://www.dot.ga.gov/applications/geopi/Pages/Dashboard.aspx?ProjectId=0004812,Brantley,SR 32 From US 301 To SR 110 ,PRE-CONSTRUCTION
0004813,https://www.dot.ga.gov/applications/geopi/Pages/Dashboard.aspx?ProjectId=0004813,Brantley,SR 32 From SR 110 To CR 301/Wilkerson Road,PRE-CONSTRUCTION
0004814,https://www.dot.ga.gov/applications/geopi/Pages/Dashboard.aspx?ProjectId=0004814,"Brantley , Glynn",SR 32 From CR 301/Wilkerson RD/Brantley To SR 99/Glynn,PRE-CONSTRUCTION
0004911,https://www.dot.ga.gov/applications/geopi/Pages/Dashboard.aspx?ProjectId=0004911,Laurens,SR 29 @ SR 86 East Of Dublin,PRE-CONSTRUCTION
0004912,https://www.dot.ga.gov/applications/geopi/Pages/Dashboard.aspx?ProjectId=0004912,Jasper,SR 83 Bypass From SR 83/380 Northwest On New Loc To SR 11,PRE-CONSTRUCTION
0004914,https://www.dot.ga.gov/applications/geopi/Pages/Dashboard.aspx?ProjectId=0004914,Johnson,Wrightsville South Bypass,PRE-CONSTRUCTION
0004915,https://www.dot.ga.gov/applications/geopi/Pages/Dashboard.aspx?ProjectId=0004915,"Bartow , Floyd",SR 140 - Widening And Reconstruction,UNDER-CONSTRUCTION
0005228,https://www.dot.ga.gov/applications/geopi/Pages/Dashboard.aspx?ProjectId=0005228,"Johnson , Laurens , Washington",SR 68 From SR 19/US 80/Laurens To SR 57/Washington - Reloc,PRE-CONSTRUCTION
0005248,https://www.dot.ga.gov/applications/geopi/Pages/Dashboard.aspx?ProjectId=0005248,Lumpkin,SR 560/East-West Hwy From SR 9/SR 52 New Loc To Sr52/Sr115 Int,PRE-CONSTRUCTION
0005312,https://www.dot.ga.gov/applications/geopi/Pages/Dashboard.aspx?ProjectId=0005312,Morgan,SR 83 West Madison Bypass,PRE-CONSTRUCTION
0005313,https://www.dot.ga.gov/applications/geopi/Pages/Dashboard.aspx?ProjectId=0005313,Gordon,SR 156 From CR 483 To CR 481 Incl Newtown Br & Crane Eater Br,PRE-CONSTRUCTION
0005314,https://www.dot.ga.gov/applications/geopi/Pages/Dashboard.aspx?ProjectId=0005314,Gordon,SR 156 From CR 232 To A Point 1 Mile East,PRE-CONSTRUCTION
0005317,https://www.dot.ga.gov/applications/geopi/Pages/Dashboard.aspx?ProjectId=0005317,Gordon,SR 53 - Inter Improv,UNDER-CONSTRUCTION
0005529,https://www.dot.ga.gov/applications/geopi/Pages/Dashboard.aspx?ProjectId=0005529,DeKalb,Its Enhancement - Phase I,PRE-CONSTRUCTION
0005533,https://www.dot.ga.gov/applications/geopi/Pages/Dashboard.aspx?ProjectId=0005533,Pulaski,US 129/SR 11 - Bridge Rehab,UNDER-CONSTRUCTION
0005569,https://www.dot.ga.gov/applications/geopi/Pages/Dashboard.aspx?ProjectId=0005569,DeKalb,Its Enhancement - Phase II,PRE-CONSTRUCTION
0005749,https://www.dot.ga.gov/applications/geopi/Pages/Dashboard.aspx?ProjectId=0005749,Muscogee,CR 1618/Whittlesey RD From N Of Rollins Way To Bradley Park Dr,PRE-CONSTRUCTION
0005821,https://www.dot.ga.gov/applications/geopi/Pages/Dashboard.aspx?ProjectId=0005821,All Counties,Usbr Bicycle Signs,PRE-CONSTRUCTION
0005828,https://www.dot.ga.gov/applications/geopi/Pages/Dashboard.aspx?ProjectId=0005828,Putnam,Eatonton Southeast Bypass From SR 44 @ US 441 To SR 16,PRE-CONSTRUCTION
0005941,https://www.dot.ga.gov/applications/geopi/Pages/Dashboard.aspx?ProjectId=0005941,Talbot,SR 41 Passing Lanes Between Talbotton And Meriwither CO Line,PRE-CONSTRUCTION
0005970,https://www.dot.ga.gov/applications/geopi/Pages/Dashboard.aspx?ProjectId=0005970,Cherokee,SR 372/Ballground RD From Canton Hwy To Cumming Hwy,PRE-CONSTRUCTION
0006019,https://www.dot.ga.gov/applications/geopi/Pages/Dashboard.aspx?ProjectId=0006019,Floyd,SR 20 From SR 100 To Alabama State Line,PRE-CONSTRUCTION
0006036,https://www.dot.ga.gov/applications/geopi/Pages/Dashboard.aspx?ProjectId=0006036,"Bartow , Cherokee",SR 140 From E Valley RD/Bartow To Garland Mountain Trail/Cherokee,PRE-CONSTRUCTION
0006037,https://www.dot.ga.gov/applications/geopi/Pages/Dashboard.aspx?ProjectId=0006037,Cherokee,SR 140 From Little Refuge RD To Shoal Creek,PRE-CONSTRUCTION
0006038,https://www.dot.ga.gov/applications/geopi/Pages/Dashboard.aspx?ProjectId=0006038,Cherokee,CR 777/Arnold Mill RD From Park Ave To Hickory Flat Hwy,PRE-CONSTRUCTION
0006039,https://www.dot.ga.gov/applications/geopi/Pages/Dashboard.aspx?ProjectId=0006039,Cherokee,Bells Ferry RD From North Of Sixes RD To SR 20/Knox Hwy,PRE-CONSTRUCTION
0006042,https://www.dot.ga.gov/applications/geopi/Pages/Dashboard.aspx?ProjectId=0006042,Cherokee,Hickory Flat Road Ext From Marietta To Waleska St,PRE-CONSTRUCTION
0006047,https://www.dot.ga.gov/applications/geopi/Pages/Dashboard.aspx?ProjectId=0006047,Cobb,SR 3/US 41/Cobb Parkway @ Windy Hill Road,PRE-CONSTRUCTION
0006049,https://www.dot.ga.gov/applications/geopi/Pages/Dashboard.aspx?ProjectId=0006049,"Cobb , Paulding",SR 360 - Widening & Reconstr,UNDER-CONSTRUCTION
0006060,https://www.dot.ga.gov/applications/geopi/Pages/Dashboard.aspx?ProjectId=0006060,Walker,SR 157 @ Payne Chapel Road,PRE-CONSTRUCTION
0006061,https://www.dot.ga.gov/applications/geopi/Pages/Dashboard.aspx?ProjectId=0006061,Murray,SR 225 @ CR 297/Fox Bridge Road,PRE-CONSTRUCTION
0006068,https://www.dot.ga.gov/applications/geopi/Pages/Dashboard.aspx?ProjectId=0006068,Lincoln,SR 47 @ SR 220,PRE-CONSTRUCTION
0006078,https://www.dot.ga.gov/applications/geopi/Pages/Dashboard.aspx?ProjectId=0006078,"Newton , Rockdale",Old Salem RD From Flat Shoals RD/Rockdale To SR 162/Newton,PRE-CONSTRUCTION
0006253,https://www.dot.ga.gov/applications/geopi/Pages/Dashboard.aspx?ProjectId=0006253,"Greene , Putnam",SR 44 From Harmony/Old Phoenix RD To Carey Station-Phase III,PRE-CONSTRUCTION
0006317,https://www.dot.ga.gov/applications/geopi/Pages/Dashboard.aspx?ProjectId=0006317,Henry,CR 650/Hampton-Locust Grove RD @ Towaliga River,PRE-CONSTRUCTION
0006328,https://www.dot.ga.gov/applications/geopi/Pages/Dashboard.aspx?ProjectId=0006328,Chatham,US 80/I-516 (Brampton RD Conn) - Construction Of Bridges,UNDER-CONSTRUCTION
0006436,https://www.dot.ga.gov/applications/geopi/Pages/Dashboard.aspx?ProjectId=0006436,McDuffie,Thomson West Bypass From Three Points RD To E Of SR 17 - TIA,UNDER-CONSTRUCTION
0006446,https://www.dot.ga.gov/applications/geopi/Pages/Dashboard.aspx?ProjectId=0006446,"Harris , Muscogee",US 27/SR 1 - Major Widening,UNDER-CONSTRUCTION
0006666,https://www.dot.ga.gov/applications/geopi/Pages/Dashboard.aspx?ProjectId=0006666,Newton,SR 36 From CR 1860/Jackson Hwy To SR 12,PRE-CONSTRUCTION
0006670,https://www.dot.ga.gov/applications/geopi/Pages/Dashboard.aspx?ProjectId=0006670,"Habersham , Stephens",SR 17 Alt From CR 172/Finley RD To CR 117/Antioch Church RD,PRE-CONSTRUCTION
0006671,https://www.dot.ga.gov/applications/geopi/Pages/Dashboard.aspx?ProjectId=0006671,"Habersham , White",SR 115 From SR 254/White To SR 17/Habersham,PRE-CONSTRUCTION
0006672,https://www.dot.ga.gov/applications/geopi/Pages/Dashboard.aspx?ProjectId=0006672,Habersham,SR 197 From SR 365 To CR 202/Tech School RD,PRE-CONSTRUCTION
0006673,https://www.dot.ga.gov/applications/geopi/Pages/Dashboard.aspx?ProjectId=0006673,Habersham,SR 385 From SR 105 To SR 197,PRE-CONSTRUCTION
0006684,https://www.dot.ga.gov/applications/geopi/Pages/Dashboard.aspx?ProjectId=0006684,Fulton,LCI - Peachtree RD From Shadow Lawn,COMPLETED-CONSTRUCTION
0006689,https://www.dot.ga.gov/applications/geopi/Pages/Dashboard.aspx?ProjectId=0006689,Bibb,CR 739/Houston RD From Sardis Church RD To South Walden RD,PRE-CONSTRUCTION
0006697,https://www.dot.ga.gov/applications/geopi/Pages/Dashboard.aspx?ProjectId=0006697,Rockdale,Georgia Veterans Memorial Park In Rockdale,PRE-CONSTRUCTION
0006700,https://www.dot.ga.gov/applications/geopi/Pages/Dashboard.aspx?ProjectId=0006700,"Chatham , Effingham","SR 30 - Widen,Gr,Dr,Base, Pmx Resurface & Construction 6 Bridges",UNDER-CONSTRUCTION
0006811,https://www.dot.ga.gov/applications/geopi/Pages/Dashboard.aspx?ProjectId=0006811,DeKalb,Ashford Dunwoody Road Sidewalk & Bike Lane,PRE-CONSTRUCTION
0006857,https://www.dot.ga.gov/applications/geopi/Pages/Dashboard.aspx?ProjectId=0006857,Paulding,SR 92(Dallas Acworth Hwy) - Widen & Recon,UNDER-CONSTRUCTION
0006862,https://www.dot.ga.gov/applications/geopi/Pages/Dashboard.aspx?ProjectId=0006862,Cobb,SR 92 - Widening & Recons,COMPLETED-CONSTRUCTION
0006866,https://www.dot.ga.gov/applications/geopi/Pages/Dashboard.aspx?ProjectId=0006866,Cobb,SR 92(Dallas Acworth Hwy) - Widen & Recon,UNDER-CONSTRUCTION
0006878,https://www.dot.ga.gov/applications/geopi/Pages/Dashboard.aspx?ProjectId=0006878,Coweta,Amlajack Blvd Extension @ I-85 - Interchange,PRE-CONSTRUCTION
0006883,https://www.dot.ga.gov/applications/geopi/Pages/Dashboard.aspx?ProjectId=0006883,DeKalb,CR 4861/Hammond Dr From Ashford-Dunwoody RD To Fulton CO Ln,PRE-CONSTRUCTION
0006888,https://www.dot.ga.gov/applications/geopi/Pages/Dashboard.aspx?ProjectId=0006888,DeKalb,CR 627/Hayden Quarry RD Ext From Turner Hill RD To Rockdale Co,PRE-CONSTRUCTION
0006894,https://www.dot.ga.gov/applications/geopi/Pages/Dashboard.aspx?ProjectId=0006894,DeKalb,CR 5168/Panthersville RD From Clifton Sgs RD To Flat Shs RD,PRE-CONSTRUCTION
0006895,https://www.dot.ga.gov/applications/geopi/Pages/Dashboard.aspx?ProjectId=0006895,DeKalb,CR 442/Columbia Dr From Rainbow Dr To SR 155/Flat Shoals RD,PRE-CONSTRUCTION
0006896,https://www.dot.ga.gov/applications/geopi/Pages/Dashboard.aspx?ProjectId=0006896,DeKalb,CR 5186/Wesley Chapel RD From SR 155/Flat Shs To Kelly Chapel,PRE-CONSTRUCTION
0006897,https://www.dot.ga.gov/applications/geopi/Pages/Dashboard.aspx?ProjectId=0006897,DeKalb,CR 5186/Flakes Mill RD From SR 155/Flat Shoals RD To River RD,PRE-CONSTRUCTION
0006900,https://www.dot.ga.gov/applications/geopi/Pages/Dashboard.aspx?ProjectId=0006900,Douglas,"SR 92 - Construction & Widening (Phases I, Ii, Iii)",COMPLETED-CONSTRUCTION
0006901,https://www.dot.ga.gov/applications/geopi/Pages/Dashboard.aspx?ProjectId=0006901,Douglas,"SR 92 - Construction & Widening (Phases I, Ii, Iii)",COMPLETED-CONSTRUCTION
0006903,https://www.dot.ga.gov/applications/geopi/Pages/Dashboard.aspx?ProjectId=0006903,Fayette,W Fayetteville Bypass From Sandy Creek RD To Harp/Redwine RD,PRE-CONSTRUCTION
0006905,https://www.dot.ga.gov/applications/geopi/Pages/Dashboard.aspx?ProjectId=0006905,Fayette,SR 74 @ SR 54 - Grade Separation,PRE-CONSTRUCTION
0006915,https://www.dot.ga.gov/applications/geopi/Pages/Dashboard.aspx?ProjectId=0006915,Forsyth,Post Road From SR 9 To CR 5/Kelly Mill Road,PRE-CONSTRUCTION
0006921,https://www.dot.ga.gov/applications/geopi/Pages/Dashboard.aspx?ProjectId=0006921,Gwinnett,SR 124 From US 78 To SR 864/Ronald Reagan Parkway,PRE-CONSTRUCTION
0006922,https://www.dot.ga.gov/applications/geopi/Pages/Dashboard.aspx?ProjectId=0006922,Gwinnett,Pleasant Hill RD From Chattahoochee Rvr/Pib To Old Norcross RD,PRE-CONSTRUCTION
0006924,https://www.dot.ga.gov/applications/geopi/Pages/Dashboard.aspx?ProjectId=0006924,Gwinnett,Sugarloaf Pkwy Extension From I-85 To SR 316; Inc Cd - Phase II,PRE-CONSTRUCTION
0006930,https://www.dot.ga.gov/applications/geopi/Pages/Dashboard.aspx?ProjectId=0006930,Paulding,CR 472/Ridge Road From SR 92 To SR 61,PRE-CONSTRUCTION
0006931,https://www.dot.ga.gov/applications/geopi/Pages/Dashboard.aspx?ProjectId=0006931,Rockdale,Sigman RD Extension From Dekalb County Line To I-20,PRE-CONSTRUCTION
0006934,https://www.dot.ga.gov/applications/geopi/Pages/Dashboard.aspx?ProjectId=0006934,Rockdale,Ca - Courtesy Pkwy Ext From Old Covington Hwy,UNDER-CONSTRUCTION
0006935,https://www.dot.ga.gov/applications/geopi/Pages/Dashboard.aspx?ProjectId=0006935,Rockdale,SR 20 - Construction Roundabout,UNDER-CONSTRUCTION
0006937,https://www.dot.ga.gov/applications/geopi/Pages/Dashboard.aspx?ProjectId=0006937,Gwinnett,SR 316/US 29 From CR 186/Cedars RD To CR 238/Drowning Creek RD,PRE-CONSTRUCTION
0006965,https://www.dot.ga.gov/applications/geopi/Pages/Dashboard.aspx?ProjectId=0006965,Upson,Thomaston Truck Route From US 19 To SR 36,PRE-CONSTRUCTION
0006966,https://www.dot.ga.gov/applications/geopi/Pages/Dashboard.aspx?ProjectId=0006966,Upson,Thomaston Truck Route From SR 74 To SR 19,PRE-CONSTRUCTION
0006967,https://www.dot.ga.gov/applications/geopi/Pages/Dashboard.aspx?ProjectId=0006967,Upson,SR 36/SR 74 @ 3 Locs & SR 36 We/SR 74 Alt/SR 74 We @ 1 Loc,UNDER-CONSTRUCTION
0006968,https://www.dot.ga.gov/applications/geopi/Pages/Dashboard.aspx?ProjectId=0006968,Upson,West Side Connector-Realign Hannahs Mill RD & Old Alabama RD,PRE-CONSTRUCTION
0006969,https://www.dot.ga.gov/applications/geopi/Pages/Dashboard.aspx?ProjectId=0006969,Upson,SR 36 From Cherokee Road To Triune Mill Road,PRE-CONSTRUCTION
0006970,https://www.dot.ga.gov/applications/geopi/Pages/Dashboard.aspx?ProjectId=0006970,Upson,CR 422/Jeff Davis Road @ CR 22/Hannahs Mill Road,PRE-CONSTRUCTION
0006972,https://www.dot.ga.gov/applications/geopi/Pages/Dashboard.aspx?ProjectId=0006972,"Pike , Spalding",SR 362 From Kings Bridge Road To SR 3/US 19,PRE-CONSTRUCTION
0006987,https://www.dot.ga.gov/applications/geopi/Pages/Dashboard.aspx?ProjectId=0006987,DeKalb,Chamblee Marta Station Improvements - LCI Project,PRE-CONSTRUCTION
0006988,https://www.dot.ga.gov/applications/geopi/Pages/Dashboard.aspx?ProjectId=0006988,DeKalb,Dunwoody Marta Station Improvements - LCI Project,PRE-CONSTRUCTION
0007019,https://www.dot.ga.gov/applications/geopi/Pages/Dashboard.aspx?ProjectId=0007019,Floyd,SR 140 From SR 1/US 27 To SR 53,PRE-CONSTRUCTION
0007028,https://www.dot.ga.gov/applications/geopi/Pages/Dashboard.aspx?ProjectId=0007028,Cherokee,SR 369 - Bridge Replacement,COMPLETED-CONSTRUCTION
0007044,https://www.dot.ga.gov/applications/geopi/Pages/Dashboard.aspx?ProjectId=0007044,Meriwether,SR 85 - Bridgee Rehab,COMPLETED-CONSTRUCTION
0007052,https://www.dot.ga.gov/applications/geopi/Pages/Dashboard.aspx?ProjectId=0007052,Tift,SR 125 @ Hat Creek 7 MI N Of Tifton,PRE-CONSTRUCTION
0007053,https://www.dot.ga.gov/applications/geopi/Pages/Dashboard.aspx?ProjectId=0007053,Turner,SR 112 @ Wolf Creek,PRE-CONSTRUCTION
0007055,https://www.dot.ga.gov/applications/geopi/Pages/Dashboard.aspx?ProjectId=0007055,Union,SR 180 - Bridge Rehab,UNDER-CONSTRUCTION
0007094,https://www.dot.ga.gov/applications/geopi/Pages/Dashboard.aspx?ProjectId=0007094,Cobb,Galleria Park And Ride Lot GRTA,PRE-CONSTRUCTION
0007095,https://www.dot.ga.gov/applications/geopi/Pages/Dashboard.aspx?ProjectId=0007095,DeKalb,CR 7938/Panola RD From SR 12/Covington Hwy To CR 5193/Redan RD,PRE-CONSTRUCTION
0007128,https://www.dot.ga.gov/applications/geopi/Pages/Dashboard.aspx?ProjectId=0007128,Chatham,Islands Expressway (CR 787) - Bridge Replacement,UNDER-CONSTRUCTION
0007170,https://www.dot.ga.gov/applications/geopi/Pages/Dashboard.aspx?ProjectId=0007170,"Dawson , Hall",SR 136 - Bridge Replt,COMPLETED-CONSTRUCTION
0007179,https://www.dot.ga.gov/applications/geopi/Pages/Dashboard.aspx?ProjectId=0007179,Johnson,US 221/SR 171 - Construction Of A Bridge,COMPLETED-CONSTRUCTION
0007219,https://www.dot.ga.gov/applications/geopi/Pages/Dashboard.aspx?ProjectId=0007219,Monroe,SR 19/US 41 @ SR 18,PRE-CONSTRUCTION
0007233,https://www.dot.ga.gov/applications/geopi/Pages/Dashboard.aspx?ProjectId=0007233,Hall,SR 211 From SR 347 To SR 53,PRE-CONSTRUCTION
0007259,https://www.dot.ga.gov/applications/geopi/Pages/Dashboard.aspx?ProjectId=0007259,Chatham,US 80/SR 17 - Roadway Construction,UNDER-CONSTRUCTION
0007416,https://www.dot.ga.gov/applications/geopi/Pages/Dashboard.aspx?ProjectId=0007416,Franklin,SR 8/SR 51/SR 145 From I-85 To SR 17Bu,PRE-CONSTRUCTION
0007480,https://www.dot.ga.gov/applications/geopi/Pages/Dashboard.aspx?ProjectId=0007480,Putnam,Eatonton Northeast Bypass From SR 16 To North Side Of SR 24,PRE-CONSTRUCTION
0007494,https://www.dot.ga.gov/applications/geopi/Pages/Dashboard.aspx?ProjectId=0007494,Bartow,CS 1054/Douthit Ferry RD From Old Alabama RD To SR 61/SR 113,PRE-CONSTRUCTION
0007516,https://www.dot.ga.gov/applications/geopi/Pages/Dashboard.aspx?ProjectId=0007516,Twiggs,SR 96 From I-16 To SR 19/US 80; Inc SW Jeffersonville Bypass,PRE-CONSTRUCTION
0007517,https://www.dot.ga.gov/applications/geopi/Pages/Dashboard.aspx?ProjectId=0007517,Twiggs,Northwest Jeffersonville Bypass From SR 19/US 80 To SR 18,PRE-CONSTRUCTION
0007518,https://www.dot.ga.gov/applications/geopi/Pages/Dashboard.aspx?ProjectId=0007518,"Twiggs , Wilkinson",SR 18 From Jeffersonville City Limits To CR 185/White Springs,PRE-CONSTRUCTION
0007519,https://www.dot.ga.gov/applications/geopi/Pages/Dashboard.aspx?ProjectId=0007519,Wilkinson,SR 18 From CR 185/White Springs Road To SR 57,PRE-CONSTRUCTION
0007520,https://www.dot.ga.gov/applications/geopi/Pages/Dashboard.aspx?ProjectId=0007520,Wilkinson,SR 57 From SR 18 To SR 243,PRE-CONSTRUCTION
0007526,https://www.dot.ga.gov/applications/geopi/Pages/Dashboard.aspx?ProjectId=0007526,"Forsyth , Fulton",SR 400 - Interchg Improv,UNDER-CONSTRUCTION
0007535,https://www.dot.ga.gov/applications/geopi/Pages/Dashboard.aspx?ProjectId=0007535,Gwinnett,Ca - Connector St From Hewatt RD To Britt Dr; Inc,COMPLETED-CONSTRUCTION
0007573,https://www.dot.ga.gov/applications/geopi/Pages/Dashboard.aspx?ProjectId=0007573,Telfair,Landscaping;  Sidewalks & Lighting In Helena ,PRE-CONSTRUCTION
0007593,https://www.dot.ga.gov/applications/geopi/Pages/Dashboard.aspx?ProjectId=0007593,Jasper,Ca - Sidewalks; Lighting & Landscaping In Monticello,COMPLETED-CONSTRUCTION
0007597,https://www.dot.ga.gov/applications/geopi/Pages/Dashboard.aspx?ProjectId=0007597,Terrell,Streetscape In Dawson,PRE-CONSTRUCTION
0007640,https://www.dot.ga.gov/applications/geopi/Pages/Dashboard.aspx?ProjectId=0007640,Carroll,Chattahoochee Hills Regional Greenway Trail - Carroll,PRE-CONSTRUCTION
0007663,https://www.dot.ga.gov/applications/geopi/Pages/Dashboard.aspx?ProjectId=0007663,Jackson,SR 124 From CR 171/Josh Pirkle Road To SR 11/US 129,PRE-CONSTRUCTION
0007667,https://www.dot.ga.gov/applications/geopi/Pages/Dashboard.aspx?ProjectId=0007667,Appling,CR 531/Red Oak RD From SR 203/Alma RD To SR 15/Blackshear Hwy,PRE-CONSTRUCTION
0007680,https://www.dot.ga.gov/applications/geopi/Pages/Dashboard.aspx?ProjectId=0007680,DeKalb,SR 12/US 278 From CR 782/Margarette Dr To CR 7938/Panola RD,PRE-CONSTRUCTION
0007681,https://www.dot.ga.gov/applications/geopi/Pages/Dashboard.aspx?ProjectId=0007681,DeKalb,SR 12/US 278 From CR 7938/Panola RD To CR 6305/Evans Mill RD,PRE-CONSTRUCTION
0007691,https://www.dot.ga.gov/applications/geopi/Pages/Dashboard.aspx?ProjectId=0007691,"Douglas , Paulding",SR 92 - Widening & Reconstruction,COMPLETED-CONSTRUCTION
0007692,https://www.dot.ga.gov/applications/geopi/Pages/Dashboard.aspx?ProjectId=0007692,Paulding,SR 92 From Due West Road To Old Burnt Hickory Road-Phase V,PRE-CONSTRUCTION
0007831,https://www.dot.ga.gov/applications/geopi/Pages/Dashboard.aspx?ProjectId=0007831,Barrow,SR 324 From Gwinnett County Line To SR 8,PRE-CONSTRUCTION
0007832,https://www.dot.ga.gov/applications/geopi/Pages/Dashboard.aspx?ProjectId=0007832,Barrow,SR 11 From SR 316/US 29 To Walton County Line,PRE-CONSTRUCTION
0007833,https://www.dot.ga.gov/applications/geopi/Pages/Dashboard.aspx?ProjectId=0007833,Barrow,SR 124 From Gwinnett County Line To Jackson County Line,PRE-CONSTRUCTION
0007834,https://www.dot.ga.gov/applications/geopi/Pages/Dashboard.aspx?ProjectId=0007834,Barrow,SR 211 @ CSX Rail Line Near Statham Square,PRE-CONSTRUCTION
0007836,https://www.dot.ga.gov/applications/geopi/Pages/Dashboard.aspx?ProjectId=0007836,"Bartow , Cherokee",SR 20 From I-75/Bartow To I-575/Cherokee,PRE-CONSTRUCTION
0007837,https://www.dot.ga.gov/applications/geopi/Pages/Dashboard.aspx?ProjectId=0007837,"Coweta , Fayette",CR 358/CR 548/Palmetto RD/Collinsworth RD From I-85 To SR 74,PRE-CONSTRUCTION
0007838,https://www.dot.ga.gov/applications/geopi/Pages/Dashboard.aspx?ProjectId=0007838,Fulton,SR 9 - Widening & Reconstruct,COMPLETED-CONSTRUCTION
0007841,https://www.dot.ga.gov/applications/geopi/Pages/Dashboard.aspx?ProjectId=0007841,Fulton,I-85/SR 403 - Interchange Reconst,UNDER-CONSTRUCTION
0007843,https://www.dot.ga.gov/applications/geopi/Pages/Dashboard.aspx?ProjectId=0007843,Forsyth,SR 9 - Widening & Recon,UNDER-CONSTRUCTION
0007844,https://www.dot.ga.gov/applications/geopi/Pages/Dashboard.aspx?ProjectId=0007844,Forsyth,SR 9 / Atlanta Hwy - Widen & Recon,UNDER-CONSTRUCTION
0007846,https://www.dot.ga.gov/applications/geopi/Pages/Dashboard.aspx?ProjectId=0007846,Forsyth,CR 458/Mcfarland Road From SR 400 To SR 9/Atlanta Highway,PRE-CONSTRUCTION
0007848,https://www.dot.ga.gov/applications/geopi/Pages/Dashboard.aspx?ProjectId=0007848,Gwinnett,SR 20 From I-985/US 23 To SR 324/Gravel Springs RD,PRE-CONSTRUCTION
0007849,https://www.dot.ga.gov/applications/geopi/Pages/Dashboard.aspx?ProjectId=0007849,Gwinnett,SR 20 From SR 324/Gravel Springs Road To I-85,PRE-CONSTRUCTION
0007850,https://www.dot.ga.gov/applications/geopi/Pages/Dashboard.aspx?ProjectId=0007850,Gwinnett,SR 20 From I-85 To CR 104/Rock Springs Road,PRE-CONSTRUCTION
0007852,https://www.dot.ga.gov/applications/geopi/Pages/Dashboard.aspx?ProjectId=0007852,Gwinnett,SR 10/US 78 From SR 124/Scenic Hwy To E Of SR 84/Grayston Pkwy,PRE-CONSTRUCTION
0007853,https://www.dot.ga.gov/applications/geopi/Pages/Dashboard.aspx?ProjectId=0007853,Gwinnett,SR 10/US 78 From SR 84/Scenic Hwy To Walton County Line,PRE-CONSTRUCTION
0007854,https://www.dot.ga.gov/applications/geopi/Pages/Dashboard.aspx?ProjectId=0007854,"Henry , Newton",SR 20 From Mcdonough Bypass/Henry To SR 212/Newton,PRE-CONSTRUCTION
0007855,https://www.dot.ga.gov/applications/geopi/Pages/Dashboard.aspx?ProjectId=0007855,Henry,SR 42 From Downtown Mcdonough To SR 138,PRE-CONSTRUCTION
0007856,https://www.dot.ga.gov/applications/geopi/Pages/Dashboard.aspx?ProjectId=0007856,Henry,SR 155 From I-75 To SR 42/US 23,PRE-CONSTRUCTION
0007857,https://www.dot.ga.gov/applications/geopi/Pages/Dashboard.aspx?ProjectId=0007857,Henry,SR 155 From CR 136/ Campground Road To CR 107/Kelleytown Road,PRE-CONSTRUCTION
0007859,https://www.dot.ga.gov/applications/geopi/Pages/Dashboard.aspx?ProjectId=0007859,Newton,CR 518/Crowell Road From CR 511/Brown Bridge Road To I-20,PRE-CONSTRUCTION
0007860,https://www.dot.ga.gov/applications/geopi/Pages/Dashboard.aspx?ProjectId=0007860,Newton,West Covington Bypass/Oxford Bypass From SR 81 To I-20,PRE-CONSTRUCTION
0007861,https://www.dot.ga.gov/applications/geopi/Pages/Dashboard.aspx?ProjectId=0007861,Newton,Lovers Lane From SR 162 Conn To Flat Shoals Road ,PRE-CONSTRUCTION
0007862,https://www.dot.ga.gov/applications/geopi/Pages/Dashboard.aspx?ProjectId=0007862,Newton,SR 212 From Rockdale County Line To SR 162,PRE-CONSTRUCTION
0007863,https://www.dot.ga.gov/applications/geopi/Pages/Dashboard.aspx?ProjectId=0007863,Newton,SR 162 Conn From SR 162 To SR 81,PRE-CONSTRUCTION
0007864,https://www.dot.ga.gov/applications/geopi/Pages/Dashboard.aspx?ProjectId=0007864,"Carroll , Douglas , Paulding",SR 61 From Punkintown RD/Carroll To Dallas Nebo RD/Paulding,PRE-CONSTRUCTION
0007866,https://www.dot.ga.gov/applications/geopi/Pages/Dashboard.aspx?ProjectId=0007866,Paulding,SR 61 From SR 6Bu/Memorial Drive To Bartow County Line,PRE-CONSTRUCTION
0007867,https://www.dot.ga.gov/applications/geopi/Pages/Dashboard.aspx?ProjectId=0007867,Rockdale,SR 138 From CR 8/Fairview Road To CR 434/Ebenezer Road,PRE-CONSTRUCTION
0007869,https://www.dot.ga.gov/applications/geopi/Pages/Dashboard.aspx?ProjectId=0007869,Rockdale,SR 20 From CR 435/Sigman Road To CR 440/Pleasant Hill Road,PRE-CONSTRUCTION
0007870,https://www.dot.ga.gov/applications/geopi/Pages/Dashboard.aspx?ProjectId=0007870,Spalding,SR 155 From CR 508/North 2Nd Street To Henry County Line,PRE-CONSTRUCTION
0007871,https://www.dot.ga.gov/applications/geopi/Pages/Dashboard.aspx?ProjectId=0007871,Spalding,Griffin Southwest Bypass From SR 16 To SR 3 - Phase II,PRE-CONSTRUCTION
0007875,https://www.dot.ga.gov/applications/geopi/Pages/Dashboard.aspx?ProjectId=0007875,Monroe,I-75 From I-475 To SR 18 ,PRE-CONSTRUCTION
0007879,https://www.dot.ga.gov/applications/geopi/Pages/Dashboard.aspx?ProjectId=0007879,Monroe,I-75 From SR 42 To CR 277/High Falls Road,PRE-CONSTRUCTION
0007880,https://www.dot.ga.gov/applications/geopi/Pages/Dashboard.aspx?ProjectId=0007880,"Butts , Lamar , Monroe",I-75 From CR 277/High Falls Road To SR 16,PRE-CONSTRUCTION
0007881,https://www.dot.ga.gov/applications/geopi/Pages/Dashboard.aspx?ProjectId=0007881,"Butts , Henry , Spalding",I-75 From SR 16 To CR 636/Bill Gardner Pkwy,PRE-CONSTRUCTION
0007891,https://www.dot.ga.gov/applications/geopi/Pages/Dashboard.aspx?ProjectId=0007891,Henry,I-75 From CS 636/Bill Gardner Pkwy To SR 920/Jonesboro Road,PRE-CONSTRUCTION
0007892,https://www.dot.ga.gov/applications/geopi/Pages/Dashboard.aspx?ProjectId=0007892,"Bartow , Cherokee , Cobb",I-75 From SR 5 Conn To CR 633/Glade Road,PRE-CONSTRUCTION
0007893,https://www.dot.ga.gov/applications/geopi/Pages/Dashboard.aspx?ProjectId=0007893,Bartow,I-75 From CR 633/Glade Road To SR 20,PRE-CONSTRUCTION
0007894,https://www.dot.ga.gov/applications/geopi/Pages/Dashboard.aspx?ProjectId=0007894,Bartow,I-75 From SR 20 To CR 630/Cassville White Road,PRE-CONSTRUCTION
0007895,https://www.dot.ga.gov/applications/geopi/Pages/Dashboard.aspx?ProjectId=0007895,Bartow,I-75 From CR 630/Cassville White Road To SR 140,PRE-CONSTRUCTION
0007896,https://www.dot.ga.gov/applications/geopi/Pages/Dashboard.aspx?ProjectId=0007896,"Bartow , Gordon",I-75 From SR 140 To SR 156,PRE-CONSTRUCTION
0007897,https://www.dot.ga.gov/applications/geopi/Pages/Dashboard.aspx?ProjectId=0007897,"Gordon , Whitfield",I-75 From SR 156 To CR 665/Carbondale Road,PRE-CONSTRUCTION
0007898,https://www.dot.ga.gov/applications/geopi/Pages/Dashboard.aspx?ProjectId=0007898,Whitfield,I-75 From CR 665/Carbondale Road To SR 3,PRE-CONSTRUCTION
0007899,https://www.dot.ga.gov/applications/geopi/Pages/Dashboard.aspx?ProjectId=0007899,"Catoosa , Whitfield",I-75 From SR 3 To SR 151,PRE-CONSTRUCTION
0007904,https://www.dot.ga.gov/applications/geopi/Pages/Dashboard.aspx?ProjectId=0007904,Troup,I-85 Sb @ SR 109; Inc Ramp,PRE-CONSTRUCTION
0007910,https://www.dot.ga.gov/applications/geopi/Pages/Dashboard.aspx?ProjectId=0007910,Lowndes,SR 7 @ Oak St & @ Patterson St & @ Ashley St - Five Points,PRE-CONSTRUCTION
0007930,https://www.dot.ga.gov/applications/geopi/Pages/Dashboard.aspx?ProjectId=0007930,"Gordon , Pickens",SR 53 From SR 61/Gordon To 0.5 MI E Of SR 136 Conn/Pickens,PRE-CONSTRUCTION
0007931,https://www.dot.ga.gov/applications/geopi/Pages/Dashboard.aspx?ProjectId=0007931,Pickens,SR 53 From 0.5 MI E Of SR 136 Conn To SR 515,PRE-CONSTRUCTION
0007932,https://www.dot.ga.gov/applications/geopi/Pages/Dashboard.aspx?ProjectId=0007932,Pickens,SR 53Bu From CR 75/Camp Road To SR 53/SR 108,PRE-CONSTRUCTION
0007933,https://www.dot.ga.gov/applications/geopi/Pages/Dashboard.aspx?ProjectId=0007933,Pickens,SR 53 From SR 108 To CR 294/Steve Tate Road,PRE-CONSTRUCTION
0007934,https://www.dot.ga.gov/applications/geopi/Pages/Dashboard.aspx?ProjectId=0007934,"Dawson , Pickens",SR 53 From CR 294/Steve Tate Road/Pickens To SR 183/Dawson,PRE-CONSTRUCTION
0007935,https://www.dot.ga.gov/applications/geopi/Pages/Dashboard.aspx?ProjectId=0007935,Pickens,SR 53 From SR 515 To SR 53Bu,PRE-CONSTRUCTION
0007937,https://www.dot.ga.gov/applications/geopi/Pages/Dashboard.aspx?ProjectId=0007937,Clarke,CR 477/Whitehall RD From Oconee CO Line To Old Lexington Hwy,PRE-CONSTRUCTION
0007938,https://www.dot.ga.gov/applications/geopi/Pages/Dashboard.aspx?ProjectId=0007938,Clarke,Barnett Shoals RD From Whitehall RD To Bob Godfrey RD,PRE-CONSTRUCTION
0007942,https://www.dot.ga.gov/applications/geopi/Pages/Dashboard.aspx?ProjectId=0007942,Oconee,SR 15/US 129  @ SR 24/US 441 Bypass ,PRE-CONSTRUCTION
0007944,https://www.dot.ga.gov/applications/geopi/Pages/Dashboard.aspx?ProjectId=0007944,Oconee,SR 15 Conn From SR 24 To CR 258/Colham Ferry Road,PRE-CONSTRUCTION
0007952,https://www.dot.ga.gov/applications/geopi/Pages/Dashboard.aspx?ProjectId=0007952,Fulton,SR 154/Memorial Drive Corridor Improvements,PRE-CONSTRUCTION
0008006,https://www.dot.ga.gov/applications/geopi/Pages/Dashboard.aspx?ProjectId=0008006,Oconee,SR 15 From CR 146/Antioch Church Road To SR 24Bu/US 129,PRE-CONSTRUCTION
0008007,https://www.dot.ga.gov/applications/geopi/Pages/Dashboard.aspx?ProjectId=0008007,"Greene , Oconee",SR 15 From Greensboro Bypass To CR 146/Antioch Church Road,PRE-CONSTRUCTION
0008008,https://www.dot.ga.gov/applications/geopi/Pages/Dashboard.aspx?ProjectId=0008008,Greene,Greensboro Bypass From CR 1/Lick Skillet RD To Beaver Dam Crk,PRE-CONSTRUCTION
0008009,https://www.dot.ga.gov/applications/geopi/Pages/Dashboard.aspx?ProjectId=0008009,Greene,SR 15 From CR 73/Pear Orchard Road To Greensboro Bypass,PRE-CONSTRUCTION
0008010,https://www.dot.ga.gov/applications/geopi/Pages/Dashboard.aspx?ProjectId=0008010,Greene,SR 15 Reloc From CR 73/Pear Orchard Road To SR 77,PRE-CONSTRUCTION
0008011,https://www.dot.ga.gov/applications/geopi/Pages/Dashboard.aspx?ProjectId=0008011,Greene,SR 77 From East Siloam Bypass To SR 15 Reloc,PRE-CONSTRUCTION
0008012,https://www.dot.ga.gov/applications/geopi/Pages/Dashboard.aspx?ProjectId=0008012,Greene,East Siloam Bypass From SR 77 To S Of I-20,PRE-CONSTRUCTION
0008013,https://www.dot.ga.gov/applications/geopi/Pages/Dashboard.aspx?ProjectId=0008013,Greene,SR 15 From White Plains Bypass To E Of CR 99/English School RD,PRE-CONSTRUCTION
0008014,https://www.dot.ga.gov/applications/geopi/Pages/Dashboard.aspx?ProjectId=0008014,"Greene , Hancock",West White Plains Byp From CR 11/Edwards RD To CR 87/Eley RD,PRE-CONSTRUCTION
0008015,https://www.dot.ga.gov/applications/geopi/Pages/Dashboard.aspx?ProjectId=0008015,Hancock,SR 15 From SR 22 To CR 11/Edwards Road,PRE-CONSTRUCTION
0008016,https://www.dot.ga.gov/applications/geopi/Pages/Dashboard.aspx?ProjectId=0008016,Hancock,East Sparta Bypass - Lane Reconstruction And Bridge Cnst,UNDER-CONSTRUCTION
0008017,https://www.dot.ga.gov/applications/geopi/Pages/Dashboard.aspx?ProjectId=0008017,"Hancock , Washington",SR 15 From West Warthen Bypass To East Sparta Bypass,PRE-CONSTRUCTION
0008019,https://www.dot.ga.gov/applications/geopi/Pages/Dashboard.aspx?ProjectId=0008019,Washington,SR 15 From CR 67/Ridge Road To S Of CR 43/Mt Zion Road ,PRE-CONSTRUCTION
0008020,https://www.dot.ga.gov/applications/geopi/Pages/Dashboard.aspx?ProjectId=0008020,"Johnson , Washington",SR 15 From Channell RD To Northwest Wrightsville Bypass - TIA,PRE-CONSTRUCTION
0008021,https://www.dot.ga.gov/applications/geopi/Pages/Dashboard.aspx?ProjectId=0008021,Johnson,Northwest Wrightsville Bypass From SR 31 To SR 15,PRE-CONSTRUCTION
0008022,https://www.dot.ga.gov/applications/geopi/Pages/Dashboard.aspx?ProjectId=0008022,Johnson,SR 15 From S Of CR 14/Billy Smith RD To CR 177/Gallilee Ch RD,PRE-CONSTRUCTION
0008023,https://www.dot.ga.gov/applications/geopi/Pages/Dashboard.aspx?ProjectId=0008023,"Emanuel , Johnson",West Adrian Bypass From CR 14/Billy Smith RD To S Of Adrian,PRE-CONSTRUCTION
0008024,https://www.dot.ga.gov/applications/geopi/Pages/Dashboard.aspx?ProjectId=0008024,"Emanuel , Treutlen",SR 15 From S Of Adrian City Limits To CR 1/Pet Road,PRE-CONSTRUCTION
0008025,https://www.dot.ga.gov/applications/geopi/Pages/Dashboard.aspx?ProjectId=0008025,Treutlen,SR 15 From CR 94/Knox Mill Road To CR 1/Pet Road,PRE-CONSTRUCTION
0008026,https://www.dot.ga.gov/applications/geopi/Pages/Dashboard.aspx?ProjectId=0008026,Treutlen,East Soperton Bypass From CR 136/Rr Ave To CR 94/Knox Mill RD,PRE-CONSTRUCTION
0008027,https://www.dot.ga.gov/applications/geopi/Pages/Dashboard.aspx?ProjectId=0008027,Treutlen,SR 15 From CR 172/Montgomery Crossing To CR 136/Railroad Ave,PRE-CONSTRUCTION
0008028,https://www.dot.ga.gov/applications/geopi/Pages/Dashboard.aspx?ProjectId=0008028,"Montgomery , Treutlen",East Tarrytown Bypass From CR 30 To CR 172,PRE-CONSTRUCTION
0008029,https://www.dot.ga.gov/applications/geopi/Pages/Dashboard.aspx?ProjectId=0008029,Montgomery,SR 15 From CR 14/Wilson Road To CR 30/Dixie Lane,PRE-CONSTRUCTION
0008030,https://www.dot.ga.gov/applications/geopi/Pages/Dashboard.aspx?ProjectId=0008030,Montgomery,Northeast Higgston Bypass From W Of Toombs To CR 14/Wilson RD,PRE-CONSTRUCTION
0008031,https://www.dot.ga.gov/applications/geopi/Pages/Dashboard.aspx?ProjectId=0008031,"Montgomery , Toombs",South Vidalia Bypass From CR 245/Dixion Lake RD To SR 15/SR 30,PRE-CONSTRUCTION
0008032,https://www.dot.ga.gov/applications/geopi/Pages/Dashboard.aspx?ProjectId=0008032,Toombs,SR 15 From SR 4 To CR 245/Dixon,PRE-CONSTRUCTION
0008038,https://www.dot.ga.gov/applications/geopi/Pages/Dashboard.aspx?ProjectId=0008038,Glynn,SR 99 From SR 520/US 82 To SR 32,PRE-CONSTRUCTION
0008039,https://www.dot.ga.gov/applications/geopi/Pages/Dashboard.aspx?ProjectId=0008039,Glynn,SR 303 From SR 520/US 82 To SR 27/US 341,PRE-CONSTRUCTION
0008042,https://www.dot.ga.gov/applications/geopi/Pages/Dashboard.aspx?ProjectId=0008042,Decatur,SR 1/SR 38 From CR 393/Bethel Road To CR 208/Whigham Road,PRE-CONSTRUCTION
0008121,https://www.dot.ga.gov/applications/geopi/Pages/Dashboard.aspx?ProjectId=0008121,DeKalb,Ca - CR 7938/Rockbridge RD From Allgood RD To Roland RD,COMPLETED-CONSTRUCTION
0008280,https://www.dot.ga.gov/applications/geopi/Pages/Dashboard.aspx?ProjectId=0008280,Clarke,College Station RD From Research Dr To Barnett Shoals RD,PRE-CONSTRUCTION
0008288,https://www.dot.ga.gov/applications/geopi/Pages/Dashboard.aspx?ProjectId=0008288,DeKalb,US 278/SR 12 - Safety Improv,COMPLETED-CONSTRUCTION
0008290,https://www.dot.ga.gov/applications/geopi/Pages/Dashboard.aspx?ProjectId=0008290,Pickens,SR 515 @ CR 203/Carns Mill Road,PRE-CONSTRUCTION
0008291,https://www.dot.ga.gov/applications/geopi/Pages/Dashboard.aspx?ProjectId=0008291,Long,SR 23/US 301 @ SR 38/US 84,PRE-CONSTRUCTION
0008314,https://www.dot.ga.gov/applications/geopi/Pages/Dashboard.aspx?ProjectId=0008314,Pickens,SR 136 - Realignment Improv,COMPLETED-CONSTRUCTION
0008336,https://www.dot.ga.gov/applications/geopi/Pages/Dashboard.aspx?ProjectId=0008336,Henry,SR 155 From SR 42/US 23 To CR 376/Racetrack Road,PRE-CONSTRUCTION
0008337,https://www.dot.ga.gov/applications/geopi/Pages/Dashboard.aspx?ProjectId=0008337,Henry,CR 376/Racetrack Road From SR 155 To SR 81,PRE-CONSTRUCTION
0008338,https://www.dot.ga.gov/applications/geopi/Pages/Dashboard.aspx?ProjectId=0008338,Henry,SR 81 From CR 371/Bethany Road To CR 440/North Ola Road,PRE-CONSTRUCTION
0008345,https://www.dot.ga.gov/applications/geopi/Pages/Dashboard.aspx?ProjectId=0008345,Columbia,I-20 From SR 388 To CR 573/Wheeler Road,PRE-CONSTRUCTION
0008346,https://www.dot.ga.gov/applications/geopi/Pages/Dashboard.aspx?ProjectId=0008346,Columbia,SR 28 From South Carolina Line To Evans To Locks Road - TIA,UNDER-CONSTRUCTION
0008348,https://www.dot.ga.gov/applications/geopi/Pages/Dashboard.aspx?ProjectId=0008348,Columbia,Wrightsboro Road From SR 388 To SR 383/Jimmie Dyess Pkwy,PRE-CONSTRUCTION
0008349,https://www.dot.ga.gov/applications/geopi/Pages/Dashboard.aspx?ProjectId=0008349,Columbia,SR 232 From CR 238/Chamblin Road To CR 221/Old Belair Road,PRE-CONSTRUCTION
0008350,https://www.dot.ga.gov/applications/geopi/Pages/Dashboard.aspx?ProjectId=0008350,Columbia,SR 388 From I-20 To SR 232 - TIA,UNDER-CONSTRUCTION
0008351,https://www.dot.ga.gov/applications/geopi/Pages/Dashboard.aspx?ProjectId=0008351,Columbia,SR 388 From CR 571/Wrightsboro Road To I-20 - TIA,UNDER-CONSTRUCTION
0008353,https://www.dot.ga.gov/applications/geopi/Pages/Dashboard.aspx?ProjectId=0008353,"Columbia , Richmond",SR 232 From SR 104 To CR 579/Scott Nixon Memorial Drive,PRE-CONSTRUCTION
0008354,https://www.dot.ga.gov/applications/geopi/Pages/Dashboard.aspx?ProjectId=0008354,Richmond,SR 10/US 78 From SR 223 To SR 383,PRE-CONSTRUCTION
0008356,https://www.dot.ga.gov/applications/geopi/Pages/Dashboard.aspx?ProjectId=0008356,Richmond,SR 4/US 1 From CR 1503/Tobacco Road To CR 95/Meadowbrook Drive,PRE-CONSTRUCTION
0008357,https://www.dot.ga.gov/applications/geopi/Pages/Dashboard.aspx?ProjectId=0008357,Forsyth,SR 9 (Atlanta Hwy) - Widening & Recns,UNDER-CONSTRUCTION
0008358,https://www.dot.ga.gov/applications/geopi/Pages/Dashboard.aspx?ProjectId=0008358,Chatham,I-516 @ CS 1503/Derenne Ave,PRE-CONSTRUCTION
0008363,https://www.dot.ga.gov/applications/geopi/Pages/Dashboard.aspx?ProjectId=0008363,Randolph,CR 159/Benevolence RD @ CSX Railroad 11.5 MI NE Of Cuthbert,PRE-CONSTRUCTION
0008376,https://www.dot.ga.gov/applications/geopi/Pages/Dashboard.aspx?ProjectId=0008376,Muscogee,I-185 From CR 62/Old Cusseta Road To SR 22 Spur,PRE-CONSTRUCTION
0008378,https://www.dot.ga.gov/applications/geopi/Pages/Dashboard.aspx?ProjectId=0008378,Dawson,CR 252/Dawson Forest RD From Lumpkin Campground RD To SR 53,PRE-CONSTRUCTION
0008383,https://www.dot.ga.gov/applications/geopi/Pages/Dashboard.aspx?ProjectId=0008383,Dougherty,Signal System Upgrade @ 12 CS Locs - Phase III,PRE-CONSTRUCTION
0008384,https://www.dot.ga.gov/applications/geopi/Pages/Dashboard.aspx?ProjectId=0008384,Dougherty,Signal System Upgrade @ 16 Locs - Phase IV,PRE-CONSTRUCTION
0008385,https://www.dot.ga.gov/applications/geopi/Pages/Dashboard.aspx?ProjectId=0008385,Dougherty,Signal System Upgrade @ 17 Locs - Phase V,PRE-CONSTRUCTION
0008386,https://www.dot.ga.gov/applications/geopi/Pages/Dashboard.aspx?ProjectId=0008386,Dougherty,Signal System Upgrade @ 9 CS Locs - Phase VI,PRE-CONSTRUCTION
0008387,https://www.dot.ga.gov/applications/geopi/Pages/Dashboard.aspx?ProjectId=0008387,Peach,SR 96 From CR 107/Fire Tower Road To CR 83/Housers Mill Road,PRE-CONSTRUCTION
0008390,https://www.dot.ga.gov/applications/geopi/Pages/Dashboard.aspx?ProjectId=0008390,Gordon,SR 53 From E Of Old Fairmount Hwy To E Of Tucker Hollow RD,PRE-CONSTRUCTION
0008411,https://www.dot.ga.gov/applications/geopi/Pages/Dashboard.aspx?ProjectId=0008411,Banks,CR 16/Wilson Bridge Road @ Hudson River,PRE-CONSTRUCTION
0008412,https://www.dot.ga.gov/applications/geopi/Pages/Dashboard.aspx?ProjectId=0008412,Banks,CR 16/Harden Bridge Road @ Grove Creek,PRE-CONSTRUCTION
0008416,https://www.dot.ga.gov/applications/geopi/Pages/Dashboard.aspx?ProjectId=0008416,Twiggs,CR 189/Bullard @ Flat Creek,PRE-CONSTRUCTION
0008423,https://www.dot.ga.gov/applications/geopi/Pages/Dashboard.aspx?ProjectId=0008423,Carroll,SR 101 @ CR 353/Tumlin Lake Road/Villa Rica Middle School,PRE-CONSTRUCTION
0008429,https://www.dot.ga.gov/applications/geopi/Pages/Dashboard.aspx?ProjectId=0008429,Barrow,US 29/SR 316 - Interchange Construction,COMPLETED-CONSTRUCTION
0008430,https://www.dot.ga.gov/applications/geopi/Pages/Dashboard.aspx?ProjectId=0008430,Barrow,US 29/SR 316 - Intersection Improvements,UNDER-CONSTRUCTION
0008433,https://www.dot.ga.gov/applications/geopi/Pages/Dashboard.aspx?ProjectId=0008433,Burke,SR 56 From SR 80 To SR 23,PRE-CONSTRUCTION
0008434,https://www.dot.ga.gov/applications/geopi/Pages/Dashboard.aspx?ProjectId=0008434,Jackson,SR 53 From I-85 To CR 167/Tapp Wood Road,PRE-CONSTRUCTION
0008440,https://www.dot.ga.gov/applications/geopi/Pages/Dashboard.aspx?ProjectId=0008440,Clayton,Jonesboro Downtown Ped Streetscape - Phase II,PRE-CONSTRUCTION
0008441,https://www.dot.ga.gov/applications/geopi/Pages/Dashboard.aspx?ProjectId=0008441,Clayton,Jonesboro Downtown Ped Streetscape - Phase III,PRE-CONSTRUCTION
0008444,https://www.dot.ga.gov/applications/geopi/Pages/Dashboard.aspx?ProjectId=0008444,"Forsyth , Fulton",SR 400 From Spalding Drive To Mcfarland Pkwy,PRE-CONSTRUCTION
0008445,https://www.dot.ga.gov/applications/geopi/Pages/Dashboard.aspx?ProjectId=0008445,Forsyth,SR 400 From CR 458/Mcfarland To SR 20,PRE-CONSTRUCTION
0008458,https://www.dot.ga.gov/applications/geopi/Pages/Dashboard.aspx?ProjectId=0008458,Cook,I-75 @ CR 246/Kinard Bridge Road - Phase II - TIA,PRE-CONSTRUCTION
0008477,https://www.dot.ga.gov/applications/geopi/Pages/Dashboard.aspx?ProjectId=0008477,Cherokee,Canton East-West Conn From SR 108 To SR 5,PRE-CONSTRUCTION
0008483,https://www.dot.ga.gov/applications/geopi/Pages/Dashboard.aspx?ProjectId=0008483,Muscogee,CR 2228/Buena Vista Road From Linden Circle To Floyd Road,PRE-CONSTRUCTION
0008517,https://www.dot.ga.gov/applications/geopi/Pages/Dashboard.aspx?ProjectId=0008517,"Clayton , Fayette",East Fayetteville Bypass From SR 54 To SR 85 - Phase II,PRE-CONSTRUCTION
0008520,https://www.dot.ga.gov/applications/geopi/Pages/Dashboard.aspx?ProjectId=0008520,Habersham,SR 385/US 441 Bus @ SR 17/SR 197,PRE-CONSTRUCTION
0008521,https://www.dot.ga.gov/applications/geopi/Pages/Dashboard.aspx?ProjectId=0008521,Franklin,SR 106 Reloc @ SR 59,PRE-CONSTRUCTION
0008583,https://www.dot.ga.gov/applications/geopi/Pages/Dashboard.aspx?ProjectId=0008583,Houston,SR 247/US 129 From SR 247 Spur To SR 96,PRE-CONSTRUCTION
0008598,https://www.dot.ga.gov/applications/geopi/Pages/Dashboard.aspx?ProjectId=0008598,Fayette,Ebenezer Church RD (Cr287) - Bridge  Rehab,COMPLETED-CONSTRUCTION
0008601,https://www.dot.ga.gov/applications/geopi/Pages/Dashboard.aspx?ProjectId=0008601,Bartow,CS 1014/Euharlee Road @ Etowah River In Euharlee,PRE-CONSTRUCTION
0008604,https://www.dot.ga.gov/applications/geopi/Pages/Dashboard.aspx?ProjectId=0008604,Lowndes,CR 188/N Oak St Ext From Breckenridge Dr To CR 138/N Forest St,PRE-CONSTRUCTION
0008619,https://www.dot.ga.gov/applications/geopi/Pages/Dashboard.aspx?ProjectId=0008619,Coweta,SR 154 From SR 14/US 29 To SR 54,PRE-CONSTRUCTION
0008648,https://www.dot.ga.gov/applications/geopi/Pages/Dashboard.aspx?ProjectId=0008648,Marion,CR 114/Harts Mill Road @ Muckalee Creek,PRE-CONSTRUCTION
0008666,https://www.dot.ga.gov/applications/geopi/Pages/Dashboard.aspx?ProjectId=0008666,Camden,Kingsland Bypass From CR 61/Vacuna Road To W Of I-95,PRE-CONSTRUCTION
0008668,https://www.dot.ga.gov/applications/geopi/Pages/Dashboard.aspx?ProjectId=0008668,Gilmer,SR 282 Realignment From CS 563/Progress Dr To SR 515 @Cross St,PRE-CONSTRUCTION
0008669,https://www.dot.ga.gov/applications/geopi/Pages/Dashboard.aspx?ProjectId=0008669,Troup,SR 14/US 29 From CR 276/Youngs Mill Road To SR 54,PRE-CONSTRUCTION
0008670,https://www.dot.ga.gov/applications/geopi/Pages/Dashboard.aspx?ProjectId=0008670,Troup,SR 1/US 27 From CR 188/Old Chipley Road To I-185,PRE-CONSTRUCTION
0008671,https://www.dot.ga.gov/applications/geopi/Pages/Dashboard.aspx?ProjectId=0008671,Troup,SR 1/US 27 From I-185 To I-85,PRE-CONSTRUCTION
0008672,https://www.dot.ga.gov/applications/geopi/Pages/Dashboard.aspx?ProjectId=0008672,Troup,SR 219 From CR 407/Bartley Road To I-85,PRE-CONSTRUCTION
0008673,https://www.dot.ga.gov/applications/geopi/Pages/Dashboard.aspx?ProjectId=0008673,Troup,SR 219 From SR 1/US 27 To South Davis Road,PRE-CONSTRUCTION
0008674,https://www.dot.ga.gov/applications/geopi/Pages/Dashboard.aspx?ProjectId=0008674,Troup,SR 109 From CR 206/Callaway Church To CR 238/Chipley Mt-Ville,PRE-CONSTRUCTION
0008675,https://www.dot.ga.gov/applications/geopi/Pages/Dashboard.aspx?ProjectId=0008675,Troup,SR 109 From SR 14/US 29 To CR 680/Abbotts Ford/Rock Mill Road,PRE-CONSTRUCTION
0008676,https://www.dot.ga.gov/applications/geopi/Pages/Dashboard.aspx?ProjectId=0008676,"Meriwether , Troup",SR 54 From SR 14/US 29/Troup To CR 17/County Ln RD/Meriwether,PRE-CONSTRUCTION
0008677,https://www.dot.ga.gov/applications/geopi/Pages/Dashboard.aspx?ProjectId=0008677,Troup,SR 219 & CS 1023 From SR 1/US 27 To CR 419/Wares Cross Road,PRE-CONSTRUCTION
0008678,https://www.dot.ga.gov/applications/geopi/Pages/Dashboard.aspx?ProjectId=0008678,Troup,South Davis Road From SR 109 To SR 219,PRE-CONSTRUCTION
0008679,https://www.dot.ga.gov/applications/geopi/Pages/Dashboard.aspx?ProjectId=0008679,"Butts , Newton",SR 36 From CR 289/Stark Road/Butts To SR 162/Newton,PRE-CONSTRUCTION
0008680,https://www.dot.ga.gov/applications/geopi/Pages/Dashboard.aspx?ProjectId=0008680,Warren,I-20/SR 402 Access RD - Enhancement,COMPLETED-CONSTRUCTION
0008682,https://www.dot.ga.gov/applications/geopi/Pages/Dashboard.aspx?ProjectId=0008682,Spalding,CR 498/Mcdonough RD From SR 155 To SR 16 - SR 155 Relocation,PRE-CONSTRUCTION
0008704,https://www.dot.ga.gov/applications/geopi/Pages/Dashboard.aspx?ProjectId=0008704,Fayette,Eastern Fayette County Park & Ride - GRTA,PRE-CONSTRUCTION
0008705,https://www.dot.ga.gov/applications/geopi/Pages/Dashboard.aspx?ProjectId=0008705,Fayette,Western Fayette County Park & Ride - GRTA,PRE-CONSTRUCTION
0008706,https://www.dot.ga.gov/applications/geopi/Pages/Dashboard.aspx?ProjectId=0008706,Henry,Atlanta Motor Speedway Park & Ride - GRTA,PRE-CONSTRUCTION
0008708,https://www.dot.ga.gov/applications/geopi/Pages/Dashboard.aspx?ProjectId=0008708,Douglas,Six Flags Park & Ride - GRTA,PRE-CONSTRUCTION
0008709,https://www.dot.ga.gov/applications/geopi/Pages/Dashboard.aspx?ProjectId=0008709,Cobb,Western Cobb County Park & Ride - GRTA,PRE-CONSTRUCTION
0008710,https://www.dot.ga.gov/applications/geopi/Pages/Dashboard.aspx?ProjectId=0008710,Cobb,Bells Ferry Road County Park & Ride - GRTA,PRE-CONSTRUCTION
0008714,https://www.dot.ga.gov/applications/geopi/Pages/Dashboard.aspx?ProjectId=0008714,Gwinnett,Discover Mills Park & Ride - GRTA,PRE-CONSTRUCTION
0008757,https://www.dot.ga.gov/applications/geopi/Pages/Dashboard.aspx?ProjectId=0008757,Catoosa,CR 385/Keith Road @ Little Tiger Creek,PRE-CONSTRUCTION
0008759,https://www.dot.ga.gov/applications/geopi/Pages/Dashboard.aspx?ProjectId=0008759,Dawson,Shoal Creek RD (CR 224) - Construction Of A Bridge,UNDER-CONSTRUCTION
0008766,https://www.dot.ga.gov/applications/geopi/Pages/Dashboard.aspx?ProjectId=0008766,Cook,SR 76 @ SR 37 E Of Adel,PRE-CONSTRUCTION
0008942,https://www.dot.ga.gov/applications/geopi/Pages/Dashboard.aspx?ProjectId=0008942,Fannin,CR 2/Rock Creek Road From SR 60 To Usfws Reservation,PRE-CONSTRUCTION
0008943,https://www.dot.ga.gov/applications/geopi/Pages/Dashboard.aspx?ProjectId=0008943,Greene,CR 22/Trimble Bridge Road @ Creek Crossing - Phase I,PRE-CONSTRUCTION
0008944,https://www.dot.ga.gov/applications/geopi/Pages/Dashboard.aspx?ProjectId=0008944,Greene,CR 22/Trimble Bridge From Crk Crossing To Shooting Range-Phase II,PRE-CONSTRUCTION
0008945,https://www.dot.ga.gov/applications/geopi/Pages/Dashboard.aspx?ProjectId=0008945,Greene,CR 22/Trimble Bridge RD From Creek Crossing To CR 194 - Phase III,PRE-CONSTRUCTION
0009011,https://www.dot.ga.gov/applications/geopi/Pages/Dashboard.aspx?ProjectId=0009011,Oconee,SR 53 / Widening And Resurf,UNDER-CONSTRUCTION
0009012,https://www.dot.ga.gov/applications/geopi/Pages/Dashboard.aspx?ProjectId=0009012,Oconee,SR 53 From SR 15 To SR 24/US 441 - Phase III,PRE-CONSTRUCTION
0009036,https://www.dot.ga.gov/applications/geopi/Pages/Dashboard.aspx?ProjectId=0009036,Early,Blakely Gateway Project,UNDER-CONSTRUCTION
0009045,https://www.dot.ga.gov/applications/geopi/Pages/Dashboard.aspx?ProjectId=0009045,Floyd,Te - Redmond Trail Along Norfolk Southern Rr,COMPLETED-CONSTRUCTION
0009164,https://www.dot.ga.gov/applications/geopi/Pages/Dashboard.aspx?ProjectId=0009164,Cherokee,SR 20 - Widening & Reconstr,COMPLETED-CONSTRUCTION
0009293,https://www.dot.ga.gov/applications/geopi/Pages/Dashboard.aspx?ProjectId=0009293,Muscogee,SR 1/US 27 From Old Moon Road To Turnberry Lane - 6 Lanes,PRE-CONSTRUCTION
0009315,https://www.dot.ga.gov/applications/geopi/Pages/Dashboard.aspx?ProjectId=0009315,DeKalb,Arabia Mountain Multi-Use Trl From Nature Ctr To Turner Hill-Phase II,PRE-CONSTRUCTION
0009378,https://www.dot.ga.gov/applications/geopi/Pages/Dashboard.aspx?ProjectId=0009378,DeKalb,SR 8 From SR 42 To W Of N Ponce & From Westchester To N Decatur,PRE-CONSTRUCTION
0009395,https://www.dot.ga.gov/applications/geopi/Pages/Dashboard.aspx?ProjectId=0009395,Fulton,Belt Line Corridor From Lindbergh Center To I-85,PRE-CONSTRUCTION
0009397,https://www.dot.ga.gov/applications/geopi/Pages/Dashboard.aspx?ProjectId=0009397,Fulton,Ca - Belt Line Corridor From W Of I-75/I-85 To Blvd Dr,UNDER-CONSTRUCTION
0009398,https://www.dot.ga.gov/applications/geopi/Pages/Dashboard.aspx?ProjectId=0009398,Fulton,Belt Line Corridor From Dellwood Drive To Garson Drive,PRE-CONSTRUCTION
0009400,https://www.dot.ga.gov/applications/geopi/Pages/Dashboard.aspx?ProjectId=0009400,DeKalb,US 23/SR 13 - Sidewalk Safety Improv,UNDER-CONSTRUCTION
0009643,https://www.dot.ga.gov/applications/geopi/Pages/Dashboard.aspx?ProjectId=0009643,Fulton,Chattahoochee Hills Regional Greenway Trail - Fulton,PRE-CONSTRUCTION
0009679,https://www.dot.ga.gov/applications/geopi/Pages/Dashboard.aspx?ProjectId=0009679,Hall,Spout Springs Road Widening  Phase 1 - Hall County,COMPLETED-CONSTRUCTION
0009681,https://www.dot.ga.gov/applications/geopi/Pages/Dashboard.aspx?ProjectId=0009681,Glynn,Jekyll Island Entrance Landscaping,PRE-CONSTRUCTION
0009825,https://www.dot.ga.gov/applications/geopi/Pages/Dashboard.aspx?ProjectId=0009825,Gwinnett,I-85 @ CR 3273/Pleasant Hill RD,UNDER-CONSTRUCTION
0009831,https://www.dot.ga.gov/applications/geopi/Pages/Dashboard.aspx?ProjectId=0009831,Cobb,Joint Hero/State Patrol Facility,PRE-CONSTRUCTION
0009836,https://www.dot.ga.gov/applications/geopi/Pages/Dashboard.aspx?ProjectId=0009836,Douglas,SR 5 @ Dorsett Shoals Road & @ Banks Mill Road/Pool Road,PRE-CONSTRUCTION
0009855,https://www.dot.ga.gov/applications/geopi/Pages/Dashboard.aspx?ProjectId=0009855,Colquitt,SR 37/Cool Springs Road - Roundabout,COMPLETED-CONSTRUCTION
0009874,https://www.dot.ga.gov/applications/geopi/Pages/Dashboard.aspx?ProjectId=0009874,Glynn,US 17/SR 25 - Construction Of A Roundabout,UNDER-CONSTRUCTION
0009901,https://www.dot.ga.gov/applications/geopi/Pages/Dashboard.aspx?ProjectId=0009901,Haralson,I-20/SR 402 - Construction  Roundbout,COMPLETED-CONSTRUCTION
0009916,https://www.dot.ga.gov/applications/geopi/Pages/Dashboard.aspx?ProjectId=0009916,Richmond,SR 88 - Construction Of A Roundabout,COMPLETED-CONSTRUCTION
0009928,https://www.dot.ga.gov/applications/geopi/Pages/Dashboard.aspx?ProjectId=0009928,Newton,SR 11 @ SR 142,PRE-CONSTRUCTION
0009931,https://www.dot.ga.gov/applications/geopi/Pages/Dashboard.aspx?ProjectId=0009931,Barrow,SR 11 - Construction Of A Roundabout,COMPLETED-CONSTRUCTION
0009932,https://www.dot.ga.gov/applications/geopi/Pages/Dashboard.aspx?ProjectId=0009932,Barrow,SR 11 @ SR 53,PRE-CONSTRUCTION
0009960,https://www.dot.ga.gov/applications/geopi/Pages/Dashboard.aspx?ProjectId=0009960,Bibb,US 80/SR 22 - Construction Of A Roundabout,COMPLETED-CONSTRUCTION
0009966,https://www.dot.ga.gov/applications/geopi/Pages/Dashboard.aspx?ProjectId=0009966,Butts,SR 42 - Construction Of A Roundabout,UNDER-CONSTRUCTION
0009967,https://www.dot.ga.gov/applications/geopi/Pages/Dashboard.aspx?ProjectId=0009967,Coweta,SR 14 - Construction Of A Roundabout,UNDER-CONSTRUCTION
0009975,https://www.dot.ga.gov/applications/geopi/Pages/Dashboard.aspx?ProjectId=0009975,Troup,SR 18/E 10Th St& I-85/SR 403-Construction Of A Roundabout & Br Repl,UNDER-CONSTRUCTION
0009989,https://www.dot.ga.gov/applications/geopi/Pages/Dashboard.aspx?ProjectId=0009989,Rockdale,SR 138 (Stockbridge Hwy) - Const Of A Roundabout,COMPLETED-CONSTRUCTION
0009990,https://www.dot.ga.gov/applications/geopi/Pages/Dashboard.aspx?ProjectId=0009990,Rockdale,SR 138 (Stockbridge Hwy) - Construction Of Roundabout,COMPLETED-CONSTRUCTION
0010010,https://www.dot.ga.gov/applications/geopi/Pages/Dashboard.aspx?ProjectId=0010010,Cobb,Bob Callan Loop Trail - Phase I,UNDER-CONSTRUCTION
0010028,https://www.dot.ga.gov/applications/geopi/Pages/Dashboard.aspx?ProjectId=0010028,Chatham,Ca - CS 1097/Delesseps/La Roche Ave,UNDER-CONSTRUCTION
0010038,https://www.dot.ga.gov/applications/geopi/Pages/Dashboard.aspx?ProjectId=0010038,Cherokee,I-575 @ SR 20 - Emergency Project - Cherokee-1,UNDER-CONSTRUCTION
0010176,https://www.dot.ga.gov/applications/geopi/Pages/Dashboard.aspx?ProjectId=0010176,DeKalb,Glenwood RD From CR 5197/Columbia Dr To SR 12; Exc I-285 Intch,PRE-CONSTRUCTION
0010186,https://www.dot.ga.gov/applications/geopi/Pages/Dashboard.aspx?ProjectId=0010186,Fulton,Downtown Atlanta Express Bus Circulation Improvement - GRTA,PRE-CONSTRUCTION
0010195,https://www.dot.ga.gov/applications/geopi/Pages/Dashboard.aspx?ProjectId=0010195,White,US 129/SR 75 - Widening & Reconstr,COMPLETED-CONSTRUCTION
0010288,https://www.dot.ga.gov/applications/geopi/Pages/Dashboard.aspx?ProjectId=0010288,Clarke,Jennings Mill Pkwy From Commerce Blvd To Huntington RD - Phase II,PRE-CONSTRUCTION
0010295,https://www.dot.ga.gov/applications/geopi/Pages/Dashboard.aspx?ProjectId=0010295,Lowndes,I-75 @ SR 376 - Phase II,PRE-CONSTRUCTION
0010296,https://www.dot.ga.gov/applications/geopi/Pages/Dashboard.aspx?ProjectId=0010296,Lowndes,I-75 @ CR 783/Loch Laurel Road - Phase II,PRE-CONSTRUCTION
0010297,https://www.dot.ga.gov/applications/geopi/Pages/Dashboard.aspx?ProjectId=0010297,Lowndes,SR 31 - Interchange Cnst,UNDER-CONSTRUCTION
0010315,https://www.dot.ga.gov/applications/geopi/Pages/Dashboard.aspx?ProjectId=0010315,Gwinnett,Indian Trail Park & Ride Lot - GRTA,PRE-CONSTRUCTION
0010317,https://www.dot.ga.gov/applications/geopi/Pages/Dashboard.aspx?ProjectId=0010317,Tift,I-75 @ CR 107/Wesley Rigdon Road - Phase II,PRE-CONSTRUCTION
0010319,https://www.dot.ga.gov/applications/geopi/Pages/Dashboard.aspx?ProjectId=0010319,Tift,I-75 @ CR 11/Willis Still Road - Phase II,PRE-CONSTRUCTION
0010323,https://www.dot.ga.gov/applications/geopi/Pages/Dashboard.aspx?ProjectId=0010323,DeKalb,LCI - SR 260 At SR 42/US 23,COMPLETED-CONSTRUCTION
0010348,https://www.dot.ga.gov/applications/geopi/Pages/Dashboard.aspx?ProjectId=0010348,Liberty,15Th Street From SR 196 To Gate 7 @ Fort Stewart,PRE-CONSTRUCTION
0010412,https://www.dot.ga.gov/applications/geopi/Pages/Dashboard.aspx?ProjectId=0010412,Jones,SR 49 - Bridge Replacement,COMPLETED-CONSTRUCTION
0010428,https://www.dot.ga.gov/applications/geopi/Pages/Dashboard.aspx?ProjectId=0010428,Bulloch,Langston Chapel RD (CR 248) - Construction Of A Roundabout,UNDER-CONSTRUCTION
0010441,https://www.dot.ga.gov/applications/geopi/Pages/Dashboard.aspx?ProjectId=0010441,"Lamar , Pike , Spalding",Griffin Southeast Bypass From SR 3 To SR 16 - Phase III,PRE-CONSTRUCTION
0010555,https://www.dot.ga.gov/applications/geopi/Pages/Dashboard.aspx?ProjectId=0010555,Barrow,West Winder Bypass - RDwy Recon,UNDER-CONSTRUCTION
0010571,https://www.dot.ga.gov/applications/geopi/Pages/Dashboard.aspx?ProjectId=0010571,"Dougherty , Lee",Westover Blvd/Ledo RD - Road Construction,COMPLETED-CONSTRUCTION
0010601,https://www.dot.ga.gov/applications/geopi/Pages/Dashboard.aspx?ProjectId=0010601,Dooly,Te - SR 7 @ 1 Loc; SR 230 @ 1 Loc &,UNDER-CONSTRUCTION
0010604,https://www.dot.ga.gov/applications/geopi/Pages/Dashboard.aspx?ProjectId=0010604,Peach,Te - Fort Valley State University Pedestrian Improvements,COMPLETED-CONSTRUCTION
0010669,https://www.dot.ga.gov/applications/geopi/Pages/Dashboard.aspx?ProjectId=0010669,Irwin,Te - SR 32 From CR 252/Oak Street To CS 524/Rutherford Drive,COMPLETED-CONSTRUCTION
0010778,https://www.dot.ga.gov/applications/geopi/Pages/Dashboard.aspx?ProjectId=0010778,McIntosh,Rehab Hsn Parking Lot,PRE-CONSTRUCTION
0010814,https://www.dot.ga.gov/applications/geopi/Pages/Dashboard.aspx?ProjectId=0010814,Gwinnett,I-85 Nb @ I-985 - Flyover Ramp,PRE-CONSTRUCTION
0010874,https://www.dot.ga.gov/applications/geopi/Pages/Dashboard.aspx?ProjectId=0010874,Fulton,Big Creek Pkwy From W Of SR 140 To E Of SR 140; Inc New Bridge,PRE-CONSTRUCTION
0010926,https://www.dot.ga.gov/applications/geopi/Pages/Dashboard.aspx?ProjectId=0010926,Decatur,US 84 Bu/SR 38 Bu - Intersection Improvements,COMPLETED-CONSTRUCTION
0011372,https://www.dot.ga.gov/applications/geopi/Pages/Dashboard.aspx?ProjectId=0011372,Burke,Westside Truck Route - Cnst,COMPLETED-CONSTRUCTION
0011379,https://www.dot.ga.gov/applications/geopi/Pages/Dashboard.aspx?ProjectId=0011379,Richmond,Augusta Public Transit Operations & Maintenance - TIA,PRE-CONSTRUCTION
0011382,https://www.dot.ga.gov/applications/geopi/Pages/Dashboard.aspx?ProjectId=0011382,Richmond,SR 28/CR 2720/Broad St From SR 28 To Sand Bar Ferry RD - TIA,UNDER-CONSTRUCTION
0011389,https://www.dot.ga.gov/applications/geopi/Pages/Dashboard.aspx?ProjectId=0011389,Richmond,Greene Street From SR 4 To CR 480/East Boundary Street - TIA,PRE-CONSTRUCTION
0011390,https://www.dot.ga.gov/applications/geopi/Pages/Dashboard.aspx?ProjectId=0011390,Richmond,CR 200/Highland Ave @ CSX #279463W - TIA,PRE-CONSTRUCTION
0011409,https://www.dot.ga.gov/applications/geopi/Pages/Dashboard.aspx?ProjectId=0011409,Richmond,Green St/Telfair St From 15Th St To East Boundary St - TIA,UNDER-CONSTRUCTION
0011415,https://www.dot.ga.gov/applications/geopi/Pages/Dashboard.aspx?ProjectId=0011415,Richmond,5Th Street From Laney Walker Blvd To Reynolds Street - TIA,UNDER-CONSTRUCTION
0011416,https://www.dot.ga.gov/applications/geopi/Pages/Dashboard.aspx?ProjectId=0011416,Richmond,CR 2509/Walton Way @ Hawks Gully - TIA,PRE-CONSTRUCTION
0011421,https://www.dot.ga.gov/applications/geopi/Pages/Dashboard.aspx?ProjectId=0011421,Richmond,CR 2483/6Th St From Laney Walker Blvd To Reynolds St - TIA,UNDER-CONSTRUCTION
0011424,https://www.dot.ga.gov/applications/geopi/Pages/Dashboard.aspx?ProjectId=0011424,Richmond,SR 4 From CR 2664/Ra Dent Blvd To CR 2493/Reynolds St - TIA,UNDER-CONSTRUCTION
0011434,https://www.dot.ga.gov/applications/geopi/Pages/Dashboard.aspx?ProjectId=0011434,Muscogee,Cusseta RD (CR 62) - RDwy Improv,UNDER-CONSTRUCTION
0011435,https://www.dot.ga.gov/applications/geopi/Pages/Dashboard.aspx?ProjectId=0011435,Muscogee,Intercity Express Bus Park-N-Ride Service In Columbus - TIA,PRE-CONSTRUCTION
0011436,https://www.dot.ga.gov/applications/geopi/Pages/Dashboard.aspx?ProjectId=0011436,Muscogee,CR 2226/Buena Vista RD From Mlk Jr Blvd To St Marys RD - TIA,UNDER-CONSTRUCTION
0011639,https://www.dot.ga.gov/applications/geopi/Pages/Dashboard.aspx?ProjectId=0011639,Gwinnett,SR 13 - Safety Enhancements,COMPLETED-CONSTRUCTION
0011677,https://www.dot.ga.gov/applications/geopi/Pages/Dashboard.aspx?ProjectId=0011677,Jackson,SR 11 - Recon & Widening,COMPLETED-CONSTRUCTION
0011678,https://www.dot.ga.gov/applications/geopi/Pages/Dashboard.aspx?ProjectId=0011678,Coffee,SR 32 - Bridge Recon,COMPLETED-CONSTRUCTION
0011679,https://www.dot.ga.gov/applications/geopi/Pages/Dashboard.aspx?ProjectId=0011679,Coffee,SR 32 - Bridge Recon,COMPLETED-CONSTRUCTION
0011684,https://www.dot.ga.gov/applications/geopi/Pages/Dashboard.aspx?ProjectId=0011684,Fulton,SR 42 - Bridge Repl,COMPLETED-CONSTRUCTION
0011690,https://www.dot.ga.gov/applications/geopi/Pages/Dashboard.aspx?ProjectId=0011690,Henry,Elliott RD (CR 131) - Bridge Replacement,COMPLETED-CONSTRUCTION
0011727,https://www.dot.ga.gov/applications/geopi/Pages/Dashboard.aspx?ProjectId=0011727,Dougherty,Various Locations - Rr Safety Improv,COMPLETED-CONSTRUCTION
0011730,https://www.dot.ga.gov/applications/geopi/Pages/Dashboard.aspx?ProjectId=0011730,Liberty,US 84/SR 38 - Inter Improv,UNDER-CONSTRUCTION
0011833,https://www.dot.ga.gov/applications/geopi/Pages/Dashboard.aspx?ProjectId=0011833,Fulton,SR 154 @ Fairburn Road & @ Barge Road - Vru,PRE-CONSTRUCTION
0011845,https://www.dot.ga.gov/applications/geopi/Pages/Dashboard.aspx?ProjectId=0011845,Fulton,SR 14 (Roosevelt Hwy) - Construction Of A Roundabout,UNDER-CONSTRUCTION
0012304,https://www.dot.ga.gov/applications/geopi/Pages/Dashboard.aspx?ProjectId=0012304,Tattnall,Cyril Burkhalter & Mile Field Road In Tattnall County - TIA,UNDER-CONSTRUCTION
0012308,https://www.dot.ga.gov/applications/geopi/Pages/Dashboard.aspx?ProjectId=0012308,Tattnall,Airport Road In Tattnall County - TIA,UNDER-CONSTRUCTION
0012373,https://www.dot.ga.gov/applications/geopi/Pages/Dashboard.aspx?ProjectId=0012373,Telfair,5311 Capital In Telfair County - TIA,PRE-CONSTRUCTION
0012505,https://www.dot.ga.gov/applications/geopi/Pages/Dashboard.aspx?ProjectId=0012505,Wayne,Orange St - Inter Improv,COMPLETED-CONSTRUCTION
0012510,https://www.dot.ga.gov/applications/geopi/Pages/Dashboard.aspx?ProjectId=0012510,Wayne,Orange St - Inter Improv,COMPLETED-CONSTRUCTION
0012575,https://www.dot.ga.gov/applications/geopi/Pages/Dashboard.aspx?ProjectId=0012575,Burke,SR 56 - Widening & Reconstr,COMPLETED-CONSTRUCTION
0012577,https://www.dot.ga.gov/applications/geopi/Pages/Dashboard.aspx?ProjectId=0012577,Muscogee,I-185/SR 411 -  Interchange Constr,UNDER-CONSTRUCTION
0012586,https://www.dot.ga.gov/applications/geopi/Pages/Dashboard.aspx?ProjectId=0012586,Fulton,LCI - SR 8/US 29 From CS 520/Boulevard Dr/Monroe Dr To SR 10,UNDER-CONSTRUCTION
0012596,https://www.dot.ga.gov/applications/geopi/Pages/Dashboard.aspx?ProjectId=0012596,Fulton,SR 42/US 23 @ SR 154 & @ Arkwright Place,PRE-CONSTRUCTION
0012597,https://www.dot.ga.gov/applications/geopi/Pages/Dashboard.aspx?ProjectId=0012597,DeKalb,SR 154 From SR 42/US 23 To SR 155,PRE-CONSTRUCTION
0012603,https://www.dot.ga.gov/applications/geopi/Pages/Dashboard.aspx?ProjectId=0012603,Clayton,Ca - CR 1344/Valley Hill Road @ Flint River,UNDER-CONSTRUCTION
0012624,https://www.dot.ga.gov/applications/geopi/Pages/Dashboard.aspx?ProjectId=0012624,Fayette,Ca - Multi-Use Path,UNDER-CONSTRUCTION
0012636,https://www.dot.ga.gov/applications/geopi/Pages/Dashboard.aspx?ProjectId=0012636,Fulton,LCI - SR 14; CS 4130/W Campbellton RD,UNDER-CONSTRUCTION
0012637,https://www.dot.ga.gov/applications/geopi/Pages/Dashboard.aspx?ProjectId=0012637,Fulton,Ca - CR 1393/New Hope RD From E Of Boat Rock RD,UNDER-CONSTRUCTION
0012638,https://www.dot.ga.gov/applications/geopi/Pages/Dashboard.aspx?ProjectId=0012638,Fulton,LCI - SR 14; SR 14So; CS 6112; CS 6113; CS 6114 & CS 6115,UNDER-CONSTRUCTION
0012647,https://www.dot.ga.gov/applications/geopi/Pages/Dashboard.aspx?ProjectId=0012647,Newton,SR 81 From CS 660/North Street To CS 602/Fletcher Street,UNDER-CONSTRUCTION
0012653,https://www.dot.ga.gov/applications/geopi/Pages/Dashboard.aspx?ProjectId=0012653,Terrell,Off-System Safety Improvements @ 8 CR Loc In Terrell County,UNDER-CONSTRUCTION
0012664,https://www.dot.ga.gov/applications/geopi/Pages/Dashboard.aspx?ProjectId=0012664,Columbia,SR 104 From SR 383 To CR 515/Cumberland Drive; Inc Bridges,PRE-CONSTRUCTION
0012669,https://www.dot.ga.gov/applications/geopi/Pages/Dashboard.aspx?ProjectId=0012669,Cherokee,Various Locations - Upgrade Signals,COMPLETED-CONSTRUCTION
0012700,https://www.dot.ga.gov/applications/geopi/Pages/Dashboard.aspx?ProjectId=0012700,Bibb,I-16/SR 404 & I-75/SR 401 - Interchange Improvements,UNDER-CONSTRUCTION
0012701,https://www.dot.ga.gov/applications/geopi/Pages/Dashboard.aspx?ProjectId=0012701,Bibb,I-16/SR 404 - Interchg Improv,UNDER-CONSTRUCTION
0012757,https://www.dot.ga.gov/applications/geopi/Pages/Dashboard.aspx?ProjectId=0012757,Chatham,I-16 From I-95 To I-516,UNDER-CONSTRUCTION
0012759,https://www.dot.ga.gov/applications/geopi/Pages/Dashboard.aspx?ProjectId=0012759,Clayton,I-75 Sb Cd System From SR 3 Conn To N Of I-285; Inc Aux Lane,PRE-CONSTRUCTION
0012788,https://www.dot.ga.gov/applications/geopi/Pages/Dashboard.aspx?ProjectId=0012788,Fulton,Ca - SR 120 From CS 79/Parson Road To SR 141,UNDER-CONSTRUCTION
0012789,https://www.dot.ga.gov/applications/geopi/Pages/Dashboard.aspx?ProjectId=0012789,DeKalb,Te - CR 7938/Rockbridge RD Fm,COMPLETED-CONSTRUCTION
0012800,https://www.dot.ga.gov/applications/geopi/Pages/Dashboard.aspx?ProjectId=0012800,Troup,I-85 From 1.63 MI N Of I-185 To 0.72 MI S Of SR 54/SR 100,PRE-CONSTRUCTION
0012801,https://www.dot.ga.gov/applications/geopi/Pages/Dashboard.aspx?ProjectId=0012801,"Meriwether , Troup",I-85 From S Of SR 54/SR 100/Troup To N Of Forest RD/Meriwether,PRE-CONSTRUCTION
0012808,https://www.dot.ga.gov/applications/geopi/Pages/Dashboard.aspx?ProjectId=0012808,Cobb,Ca - Bob Callan Trunk Trail - Phase II - Segment B,UNDER-CONSTRUCTION
0012817,https://www.dot.ga.gov/applications/geopi/Pages/Dashboard.aspx?ProjectId=0012817,Gwinnett,US 78/SR 10 -Traff Sig Upg,UNDER-CONSTRUCTION
0012821,https://www.dot.ga.gov/applications/geopi/Pages/Dashboard.aspx?ProjectId=0012821,Fulton,SR 3 (Northside Dr) & SR 8 - Signal Upgrades,COMPLETED-CONSTRUCTION
0012823,https://www.dot.ga.gov/applications/geopi/Pages/Dashboard.aspx?ProjectId=0012823,Fulton,SR 3 & SR 70 - Signal Upgrades,UNDER-CONSTRUCTION
0012827,https://www.dot.ga.gov/applications/geopi/Pages/Dashboard.aspx?ProjectId=0012827,"DeKalb , Fulton",SR 42 & SR 154 - Traffic Signal Upgrades,UNDER-CONSTRUCTION
0012833,https://www.dot.ga.gov/applications/geopi/Pages/Dashboard.aspx?ProjectId=0012833,Clayton,SR 138 - Intersection Improv,COMPLETED-CONSTRUCTION
0012865,https://www.dot.ga.gov/applications/geopi/Pages/Dashboard.aspx?ProjectId=0012865,Columbia,CR 102/Hereford Farm Road From SR 232 To SR 383 - TIA,PRE-CONSTRUCTION
0012866,https://www.dot.ga.gov/applications/geopi/Pages/Dashboard.aspx?ProjectId=0012866,Richmond,CR 601/Wheeler Road @ CR 124/CR 2157/Robert C Daniel Pkwy,UNDER-CONSTRUCTION
0012867,https://www.dot.ga.gov/applications/geopi/Pages/Dashboard.aspx?ProjectId=0012867,Richmond,CR 601/Wheeler Road From I-20 To CR 804/Augusta West Pkwy,PRE-CONSTRUCTION
0012868,https://www.dot.ga.gov/applications/geopi/Pages/Dashboard.aspx?ProjectId=0012868,Richmond,Ca - CR 1502/Barton Chapel Road @ SR 10/US 78,UNDER-CONSTRUCTION
0012875,https://www.dot.ga.gov/applications/geopi/Pages/Dashboard.aspx?ProjectId=0012875,DeKalb,Ca - CS 5156/Chamblee Dunwoody RD,UNDER-CONSTRUCTION
0012877,https://www.dot.ga.gov/applications/geopi/Pages/Dashboard.aspx?ProjectId=0012877,Douglas,Greenway Trail From Boundary Waters Park To Sweetwater Ck Park,PRE-CONSTRUCTION
0012883,https://www.dot.ga.gov/applications/geopi/Pages/Dashboard.aspx?ProjectId=0012883,Gwinnett,Ca - Western Gwinnett Bikeway Extension,COMPLETED-CONSTRUCTION
0012884,https://www.dot.ga.gov/applications/geopi/Pages/Dashboard.aspx?ProjectId=0012884,Gwinnett,Indian Trail-Lilburn RD From Willow Trail Pkwy To Burns RD,PRE-CONSTRUCTION
0012885,https://www.dot.ga.gov/applications/geopi/Pages/Dashboard.aspx?ProjectId=0012885,Paulding,Ca - Dallas Battlefield Trail - Phase II,UNDER-CONSTRUCTION
0012886,https://www.dot.ga.gov/applications/geopi/Pages/Dashboard.aspx?ProjectId=0012886,Rockdale,Sigman Road Multi-Use Trail,UNDER-CONSTRUCTION
0012902,https://www.dot.ga.gov/applications/geopi/Pages/Dashboard.aspx?ProjectId=0012902,Madison,SR 8 From CR 228/Diamond Hill Colbert To CR 88/Irwin Kirk RD,PRE-CONSTRUCTION
0012903,https://www.dot.ga.gov/applications/geopi/Pages/Dashboard.aspx?ProjectId=0012903,Madison,SR 8 From SR 106 To CR 228/Diamond Hill Colbert Road,PRE-CONSTRUCTION
0012904,https://www.dot.ga.gov/applications/geopi/Pages/Dashboard.aspx?ProjectId=0012904,Elbert,SR 17 From SR 72 To CR 309/Deep Creek Road,PRE-CONSTRUCTION
0013063,https://www.dot.ga.gov/applications/geopi/Pages/Dashboard.aspx?ProjectId=0013063,"Meriwether , Troup",SR 109 From Chipley Mountville RD/Troup To SR 41/Meriwether,PRE-CONSTRUCTION
0013064,https://www.dot.ga.gov/applications/geopi/Pages/Dashboard.aspx?ProjectId=0013064,"Meriwether , Pike",SR 109 From SR 41/Meriwether To SR 18/Pike,PRE-CONSTRUCTION
0013065,https://www.dot.ga.gov/applications/geopi/Pages/Dashboard.aspx?ProjectId=0013065,"Pike , Upson",SR 74 From SR 109/Pike To SR 3/US 19/Upson,PRE-CONSTRUCTION
0013066,https://www.dot.ga.gov/applications/geopi/Pages/Dashboard.aspx?ProjectId=0013066,"Monroe , Upson",SR 74 From SR 3/US 19/Upson To SR 7/US 341/Monroe,PRE-CONSTRUCTION
0013067,https://www.dot.ga.gov/applications/geopi/Pages/Dashboard.aspx?ProjectId=0013067,"Bibb , Monroe",SR 74 From SR 7/US 341/Monroe To I-475/Bibb,PRE-CONSTRUCTION
0013086,https://www.dot.ga.gov/applications/geopi/Pages/Dashboard.aspx?ProjectId=0013086,Jackson,I-85 @ SR 60 - New Interchange,PRE-CONSTRUCTION
0013095,https://www.dot.ga.gov/applications/geopi/Pages/Dashboard.aspx?ProjectId=0013095,Whitfield,Eber Road & Cove Road Ext; Inc 4 NS Rr Locs,PRE-CONSTRUCTION
0013104,https://www.dot.ga.gov/applications/geopi/Pages/Dashboard.aspx?ProjectId=0013104,Gwinnett,I-85/SR 403 - Construction Of A New Interchange,UNDER-CONSTRUCTION
0013120,https://www.dot.ga.gov/applications/geopi/Pages/Dashboard.aspx?ProjectId=0013120,Monroe,SR 74/SR 42 - Construction Of Roundabout,UNDER-CONSTRUCTION
0013156,https://www.dot.ga.gov/applications/geopi/Pages/Dashboard.aspx?ProjectId=0013156,Cook,I-75 From Lowndes County Line To SR 37 - Phase II,PRE-CONSTRUCTION
0013157,https://www.dot.ga.gov/applications/geopi/Pages/Dashboard.aspx?ProjectId=0013157,Cook,I-75 @ CR 251/Rountree Br RD & @ CR 253/Barneyville RD-Phase II,PRE-CONSTRUCTION
0013158,https://www.dot.ga.gov/applications/geopi/Pages/Dashboard.aspx?ProjectId=0013158,Turner,I-75 @ CR 252/Inaha Road,PRE-CONSTRUCTION
0013159,https://www.dot.ga.gov/applications/geopi/Pages/Dashboard.aspx?ProjectId=0013159,Fulton,Old Alabama RD From 0.47 MI W Of Nesbit Ferry RD To Buice RD,PRE-CONSTRUCTION
0013160,https://www.dot.ga.gov/applications/geopi/Pages/Dashboard.aspx?ProjectId=0013160,Chatham,I-516 From CR 975/Veterans Pkwy To I-16,PRE-CONSTRUCTION
0013161,https://www.dot.ga.gov/applications/geopi/Pages/Dashboard.aspx?ProjectId=0013161,Coffee,SR 31/US 441 From Thomas Road To N Of Currin Road - TIA,PRE-CONSTRUCTION
0013162,https://www.dot.ga.gov/applications/geopi/Pages/Dashboard.aspx?ProjectId=0013162,Telfair,SR 31/US 441 From CR 240 To S Mcrae Bypass,PRE-CONSTRUCTION
0013163,https://www.dot.ga.gov/applications/geopi/Pages/Dashboard.aspx?ProjectId=0013163,Rockdale,Ca - Sigman RD From E Of CR 79/Lester RD,UNDER-CONSTRUCTION
0013171,https://www.dot.ga.gov/applications/geopi/Pages/Dashboard.aspx?ProjectId=0013171,Hall,Pedestrian Upgrades @ 13 Locs In Hall County - Vru,PRE-CONSTRUCTION
0013172,https://www.dot.ga.gov/applications/geopi/Pages/Dashboard.aspx?ProjectId=0013172,All Counties,Pedestrian Upgrades @ 16 Locs In District 4 - Vru,PRE-CONSTRUCTION
0013173,https://www.dot.ga.gov/applications/geopi/Pages/Dashboard.aspx?ProjectId=0013173,"Carroll , Haralson",Pedestrian Upgrades @ 30 Locs In Carroll & Haralson CO - Vru,PRE-CONSTRUCTION
0013194,https://www.dot.ga.gov/applications/geopi/Pages/Dashboard.aspx?ProjectId=0013194,Fulton,US 19/SR 9 (Roswell RD) - Realignment,COMPLETED-CONSTRUCTION
0013195,https://www.dot.ga.gov/applications/geopi/Pages/Dashboard.aspx?ProjectId=0013195,Coweta,Madras Conn From SR 14 To Herring RD; Inc New CSX Bridge-Ph I,PRE-CONSTRUCTION
0013196,https://www.dot.ga.gov/applications/geopi/Pages/Dashboard.aspx?ProjectId=0013196,"DeKalb , Fulton",Various Locs - Signal Upgs,COMPLETED-CONSTRUCTION
0013197,https://www.dot.ga.gov/applications/geopi/Pages/Dashboard.aspx?ProjectId=0013197,Wayne,Rayonier RD (CR 396) - Construction Of A Roundabout,UNDER-CONSTRUCTION
0013204,https://www.dot.ga.gov/applications/geopi/Pages/Dashboard.aspx?ProjectId=0013204,Fulton,Various Locations - Traffic Management,UNDER-CONSTRUCTION
0013207,https://www.dot.ga.gov/applications/geopi/Pages/Dashboard.aspx?ProjectId=0013207,Fulton,Various Locs  - Traffic Signal Upgs,UNDER-CONSTRUCTION
0013208,https://www.dot.ga.gov/applications/geopi/Pages/Dashboard.aspx?ProjectId=0013208,Fulton,SR 54 - Traffic Sig Upgs,COMPLETED-CONSTRUCTION
0013211,https://www.dot.ga.gov/applications/geopi/Pages/Dashboard.aspx?ProjectId=0013211,Fulton,I-20/SR 402 & SR 139 - Traff Signal Upgs,UNDER-CONSTRUCTION
0013212,https://www.dot.ga.gov/applications/geopi/Pages/Dashboard.aspx?ProjectId=0013212,Fulton,SR 42 & SR 54 - Traffic Signal Upgs,UNDER-CONSTRUCTION
0013213,https://www.dot.ga.gov/applications/geopi/Pages/Dashboard.aspx?ProjectId=0013213,Fulton,Various Locations - Traffic Signal Upgrades,UNDER-CONSTRUCTION
0013228,https://www.dot.ga.gov/applications/geopi/Pages/Dashboard.aspx?ProjectId=0013228,Towns,SR 515 From SR 2 To North Carolina State Line,PRE-CONSTRUCTION
0013230,https://www.dot.ga.gov/applications/geopi/Pages/Dashboard.aspx?ProjectId=0013230,Gwinnett,Various Locs - Traffic Signal Upgrades,COMPLETED-CONSTRUCTION
0013231,https://www.dot.ga.gov/applications/geopi/Pages/Dashboard.aspx?ProjectId=0013231,Clayton,Various Locs/Traffic Signal Upgs,COMPLETED-CONSTRUCTION
0013238,https://www.dot.ga.gov/applications/geopi/Pages/Dashboard.aspx?ProjectId=0013238,Bartow,SR 20 Conn From SR 3 To Grassdale RD - Phase II,PRE-CONSTRUCTION
0013239,https://www.dot.ga.gov/applications/geopi/Pages/Dashboard.aspx?ProjectId=0013239,Cobb,Ca - S Barrett Pkwy From Barrett Lakes Blvd,UNDER-CONSTRUCTION
0013244,https://www.dot.ga.gov/applications/geopi/Pages/Dashboard.aspx?ProjectId=0013244,Houston,West Perry Bypass From SW Perry Bypass To West Perry Pkwy,PRE-CONSTRUCTION
0013257,https://www.dot.ga.gov/applications/geopi/Pages/Dashboard.aspx?ProjectId=0013257,"Burke , Emanuel , Jefferson",Pedestrian Upgrades@16 SR Loc In Burke;Emanuel&Jefferson-Vru,PRE-CONSTRUCTION
0013258,https://www.dot.ga.gov/applications/geopi/Pages/Dashboard.aspx?ProjectId=0013258,"Greene , McDuffie , Taliaferro",Various Locs - Pedestrian Upgs,COMPLETED-CONSTRUCTION
0013259,https://www.dot.ga.gov/applications/geopi/Pages/Dashboard.aspx?ProjectId=0013259,"Newton , Putnam",Various Locs - Signal Upgs,UNDER-CONSTRUCTION
0013260,https://www.dot.ga.gov/applications/geopi/Pages/Dashboard.aspx?ProjectId=0013260,"Baldwin , Wilkinson",SR 24 @ 10 Locs & SR 29 @ 2 Locs - Ped Upgrades - Vru,PRE-CONSTRUCTION
0013296,https://www.dot.ga.gov/applications/geopi/Pages/Dashboard.aspx?ProjectId=0013296,Bartow,I-75/SR 401 & Cassville White RD (CR 630) - Construction Roundabout,COMPLETED-CONSTRUCTION
0013297,https://www.dot.ga.gov/applications/geopi/Pages/Dashboard.aspx?ProjectId=0013297,Gordon,US 41/SR 3 - Operational Improv,UNDER-CONSTRUCTION
0013301,https://www.dot.ga.gov/applications/geopi/Pages/Dashboard.aspx?ProjectId=0013301,"Franklin , Hart",SR 17 From SR 51 To CR 170/Orchard Road - Phase I,PRE-CONSTRUCTION
0013303,https://www.dot.ga.gov/applications/geopi/Pages/Dashboard.aspx?ProjectId=0013303,"McDuffie , Warren",SR 17 From N Of SR 296/Warren To CR 159/Wire Road/Mcduffie,PRE-CONSTRUCTION
0013304,https://www.dot.ga.gov/applications/geopi/Pages/Dashboard.aspx?ProjectId=0013304,Sumter,SR 27/US 280 From SR 45 To SR 49,PRE-CONSTRUCTION
0013305,https://www.dot.ga.gov/applications/geopi/Pages/Dashboard.aspx?ProjectId=0013305,Houston,SR 247 Conn From SR 11/US 41 To SR 247,PRE-CONSTRUCTION
0013306,https://www.dot.ga.gov/applications/geopi/Pages/Dashboard.aspx?ProjectId=0013306,Gordon,SR 3 From CR 65/Union Grove Road To SR 53; Inc Bridge,PRE-CONSTRUCTION
0013307,https://www.dot.ga.gov/applications/geopi/Pages/Dashboard.aspx?ProjectId=0013307,"Catoosa , Whitfield",SR 3 From CR 306/Campbell Road/Whitfield To I-75/Catoosa,PRE-CONSTRUCTION
0013308,https://www.dot.ga.gov/applications/geopi/Pages/Dashboard.aspx?ProjectId=0013308,Elbert,SR 72 From Drake RD/Pearl Mill RD To South Carolina State Line,PRE-CONSTRUCTION
0013309,https://www.dot.ga.gov/applications/geopi/Pages/Dashboard.aspx?ProjectId=0013309,Elbert,SR 72 From SR 17 To CR 41/Drake Road/CR 245/Pearl Mill Road,PRE-CONSTRUCTION
0013310,https://www.dot.ga.gov/applications/geopi/Pages/Dashboard.aspx?ProjectId=0013310,"Hall , Jackson",SR 53 From I-85/Jackson To SR 211/Hall,PRE-CONSTRUCTION
0013311,https://www.dot.ga.gov/applications/geopi/Pages/Dashboard.aspx?ProjectId=0013311,"Elbert , Wilkes",SR 17 From Vinson Road/Wilkes To N Of Robinwood Lane/Elbert,PRE-CONSTRUCTION
0013312,https://www.dot.ga.gov/applications/geopi/Pages/Dashboard.aspx?ProjectId=0013312,Peach,SR 247 Conn From SR 49 To I-75; Inc Parallel Br @ NS #734061U,PRE-CONSTRUCTION
0013313,https://www.dot.ga.gov/applications/geopi/Pages/Dashboard.aspx?ProjectId=0013313,"Bibb , Houston",SR 247/US 129 From SR 247 Conn/Houston To SR 11/US 41/Bibb,PRE-CONSTRUCTION
0013315,https://www.dot.ga.gov/applications/geopi/Pages/Dashboard.aspx?ProjectId=0013315,Clayton,SR 42 From CR 3901/Lake Harbin RD To CR 1350/Anvil Block RD,PRE-CONSTRUCTION
0013316,https://www.dot.ga.gov/applications/geopi/Pages/Dashboard.aspx?ProjectId=0013316,"Grady , Thomas",SR 38 From 0.29 MI E Of Whigham City Limits To Stewart RD,PRE-CONSTRUCTION
0013317,https://www.dot.ga.gov/applications/geopi/Pages/Dashboard.aspx?ProjectId=0013317,Lumpkin,SR 60 From SR 52 To SR 400,PRE-CONSTRUCTION
0013332,https://www.dot.ga.gov/applications/geopi/Pages/Dashboard.aspx?ProjectId=0013332,Bibb,SR 22 - Cst Of A Roundabout,COMPLETED-CONSTRUCTION
0013333,https://www.dot.ga.gov/applications/geopi/Pages/Dashboard.aspx?ProjectId=0013333,DeKalb,I-20/SR 402 - Const Of A Roundabout,UNDER-CONSTRUCTION
0013365,https://www.dot.ga.gov/applications/geopi/Pages/Dashboard.aspx?ProjectId=0013365,Butts,SR 36 From N Of Jackson To Newton County - Passing Lanes,PRE-CONSTRUCTION
0013368,https://www.dot.ga.gov/applications/geopi/Pages/Dashboard.aspx?ProjectId=0013368,Cherokee,SR 140 - CR 765/East Cherokee Drive,COMPLETED-CONSTRUCTION
0013369,https://www.dot.ga.gov/applications/geopi/Pages/Dashboard.aspx?ProjectId=0013369,Forsyth,Ca - SR 400 @ SR 369 - Interchange,UNDER-CONSTRUCTION
0013370,https://www.dot.ga.gov/applications/geopi/Pages/Dashboard.aspx?ProjectId=0013370,McIntosh,I-95 @ CR 16/King Swamp Road,PRE-CONSTRUCTION
0013372,https://www.dot.ga.gov/applications/geopi/Pages/Dashboard.aspx?ProjectId=0013372,Franklin,Lavonia Bypass From SR 327 To SR 17 @ 0.28 MI South Of I-85,PRE-CONSTRUCTION
0013373,https://www.dot.ga.gov/applications/geopi/Pages/Dashboard.aspx?ProjectId=0013373,Muscogee,SR 22 - Interchange Const,UNDER-CONSTRUCTION
0013375,https://www.dot.ga.gov/applications/geopi/Pages/Dashboard.aspx?ProjectId=0013375,Gwinnett,West Pike St - Widening And Reconst,UNDER-CONSTRUCTION
0013379,https://www.dot.ga.gov/applications/geopi/Pages/Dashboard.aspx?ProjectId=0013379,Butts,SR 36 Conn - Widen & Recon; Construction Of 2 Roundabouts,UNDER-CONSTRUCTION
0013389,https://www.dot.ga.gov/applications/geopi/Pages/Dashboard.aspx?ProjectId=0013389,Lumpkin,SR 115 From SR 400 To SR 52,PRE-CONSTRUCTION
0013390,https://www.dot.ga.gov/applications/geopi/Pages/Dashboard.aspx?ProjectId=0013390,Lumpkin,SR 52 @ Chestatee River - Bridge Replacement,PRE-CONSTRUCTION
0013423,https://www.dot.ga.gov/applications/geopi/Pages/Dashboard.aspx?ProjectId=0013423,"Coffee , Telfair",SR 31/US 441 From CR 342/Soloman Road To N Of Ocmulgee River,PRE-CONSTRUCTION
0013525,https://www.dot.ga.gov/applications/geopi/Pages/Dashboard.aspx?ProjectId=0013525,Cherokee,CR 8998/Bells Ferry RD From N Victoria RD To N Of Little River,PRE-CONSTRUCTION
0013526,https://www.dot.ga.gov/applications/geopi/Pages/Dashboard.aspx?ProjectId=0013526,Cherokee,Bells Ferry RD - Widening & Reconst,UNDER-CONSTRUCTION
0013530,https://www.dot.ga.gov/applications/geopi/Pages/Dashboard.aspx?ProjectId=0013530,Sumter,SR 30/US 280 From Ferguson Street To Lake Blackshear - TIA,PRE-CONSTRUCTION
0013531,https://www.dot.ga.gov/applications/geopi/Pages/Dashboard.aspx?ProjectId=0013531,Henry,SR 20 - Widen & Recon,UNDER-CONSTRUCTION
0013539,https://www.dot.ga.gov/applications/geopi/Pages/Dashboard.aspx?ProjectId=0013539,Ware,SR 4Bu/US 1Bu/US 23Bu @ CSX #637621H - Grade Separation,PRE-CONSTRUCTION
0013553,https://www.dot.ga.gov/applications/geopi/Pages/Dashboard.aspx?ProjectId=0013553,"Houston , Peach",SR 49 From E Of CS 676/Peachtree Pkwy/Peach To SR 11/Houston,PRE-CONSTRUCTION
0013554,https://www.dot.ga.gov/applications/geopi/Pages/Dashboard.aspx?ProjectId=0013554,Laurens,Dublin SE Bypass From SR 31/US 441 To SR 31/US 319,PRE-CONSTRUCTION
0013555,https://www.dot.ga.gov/applications/geopi/Pages/Dashboard.aspx?ProjectId=0013555,"Coffee , Irwin",SR 32 From SR 11/Irwin To CR 296/Mitchell Road/Coffee,PRE-CONSTRUCTION
0013556,https://www.dot.ga.gov/applications/geopi/Pages/Dashboard.aspx?ProjectId=0013556,"Brooks , Lowndes",SR 38/US 84 From Quitman To Valdosta - Median Turn Lanes,PRE-CONSTRUCTION
0013557,https://www.dot.ga.gov/applications/geopi/Pages/Dashboard.aspx?ProjectId=0013557,Decatur,SR 38/US 84 From Bainbridge To Grady County-Median Turn Lanes,PRE-CONSTRUCTION
0013558,https://www.dot.ga.gov/applications/geopi/Pages/Dashboard.aspx?ProjectId=0013558,"Early , Seminole",SR 38/US 84 From SR 370 To Donalsonville - Median Turn Lanes,PRE-CONSTRUCTION
0013559,https://www.dot.ga.gov/applications/geopi/Pages/Dashboard.aspx?ProjectId=0013559,Lowndes,SR 38/US 84 From Valdosta To Lanier County - Median Turn Lanes,PRE-CONSTRUCTION
0013560,https://www.dot.ga.gov/applications/geopi/Pages/Dashboard.aspx?ProjectId=0013560,Mitchell,SR 3/SR 300 From Camilla To Dougherty County-Median Turn Lanes,PRE-CONSTRUCTION
0013561,https://www.dot.ga.gov/applications/geopi/Pages/Dashboard.aspx?ProjectId=0013561,"Decatur , Seminole",SR 38/US 84 From Donalsonville To Bainbridge-Median Turn Lanes,PRE-CONSTRUCTION
0013562,https://www.dot.ga.gov/applications/geopi/Pages/Dashboard.aspx?ProjectId=0013562,Dougherty,SR 520Bu From SR 91 To CS 905/Thornton Drive,PRE-CONSTRUCTION
0013563,https://www.dot.ga.gov/applications/geopi/Pages/Dashboard.aspx?ProjectId=0013563,Douglas,CR 817/Lee Road/South Sweetwater RD - Phase I - GRTA,PRE-CONSTRUCTION
0013564,https://www.dot.ga.gov/applications/geopi/Pages/Dashboard.aspx?ProjectId=0013564,Glynn,Torras Causway Extension From SR 25/US 17 To CS 431/K Street,PRE-CONSTRUCTION
0013565,https://www.dot.ga.gov/applications/geopi/Pages/Dashboard.aspx?ProjectId=0013565,Chatham,SR 307 From 0.5 MI N Of I-16 To I-16,PRE-CONSTRUCTION
0013566,https://www.dot.ga.gov/applications/geopi/Pages/Dashboard.aspx?ProjectId=0013566,"DeKalb , Rockdale",Old Covington Hwy From SR 124 To CR 67/Lake Capri Road,PRE-CONSTRUCTION
0013567,https://www.dot.ga.gov/applications/geopi/Pages/Dashboard.aspx?ProjectId=0013567,Effingham,SR 119 Reloc From SR 119 To SR 21,PRE-CONSTRUCTION
0013568,https://www.dot.ga.gov/applications/geopi/Pages/Dashboard.aspx?ProjectId=0013568,"Butts , Lamar",SR 36 From I-75/Butts To SR 18/Lamar; Inc New Loc,PRE-CONSTRUCTION
0013569,https://www.dot.ga.gov/applications/geopi/Pages/Dashboard.aspx?ProjectId=0013569,McIntosh,I-95 @ SR 57/SR 99,PRE-CONSTRUCTION
0013571,https://www.dot.ga.gov/applications/geopi/Pages/Dashboard.aspx?ProjectId=0013571,Forsyth,SR 306 From SR 400 To SR 369,PRE-CONSTRUCTION
0013572,https://www.dot.ga.gov/applications/geopi/Pages/Dashboard.aspx?ProjectId=0013572,Elbert,SR 17 From CR 309/Deep Creek Road To SR 172,PRE-CONSTRUCTION
0013574,https://www.dot.ga.gov/applications/geopi/Pages/Dashboard.aspx?ProjectId=0013574,Hall,SR 323 From SR 11/US 129 To SR 82,PRE-CONSTRUCTION
0013577,https://www.dot.ga.gov/applications/geopi/Pages/Dashboard.aspx?ProjectId=0013577,"Dodge , Laurens , Wheeler",SR 31 From N Of CR 132/Erick Church/Wheeler To SR 46/Laurens,PRE-CONSTRUCTION
0013578,https://www.dot.ga.gov/applications/geopi/Pages/Dashboard.aspx?ProjectId=0013578,Laurens,SR 31 From S Poplar Springs Church RD To S Of SR 117-Phase II-TIA,PRE-CONSTRUCTION
0013579,https://www.dot.ga.gov/applications/geopi/Pages/Dashboard.aspx?ProjectId=0013579,Sumter,SR 30/US 280 From Felder Street To E Of District Line Road-TIA,PRE-CONSTRUCTION
0013580,https://www.dot.ga.gov/applications/geopi/Pages/Dashboard.aspx?ProjectId=0013580,Sumter,SR 30/US 280 From Lamar Road To Ferguson Street - TIA,PRE-CONSTRUCTION
0013582,https://www.dot.ga.gov/applications/geopi/Pages/Dashboard.aspx?ProjectId=0013582,Coffee,SR 31 From N Of Currin Road To Gasman Road; Inc New Loc,PRE-CONSTRUCTION
0013583,https://www.dot.ga.gov/applications/geopi/Pages/Dashboard.aspx?ProjectId=0013583,Dougherty,SR 234 Sbl @ Ga-Fl Railnet Inc Albany - SE Section,PRE-CONSTRUCTION
0013584,https://www.dot.ga.gov/applications/geopi/Pages/Dashboard.aspx?ProjectId=0013584,Crisp,SR 90/CR 366/CS 702 Reloc From S Of CR 365/24Th Ave To SR 257,PRE-CONSTRUCTION
0013585,https://www.dot.ga.gov/applications/geopi/Pages/Dashboard.aspx?ProjectId=0013585,Telfair,SR 31 From N Of Ocmulgee River To CR 240/Milan Workman RD,PRE-CONSTRUCTION
0013586,https://www.dot.ga.gov/applications/geopi/Pages/Dashboard.aspx?ProjectId=0013586,Appling,SR 15 From CR 531/Red Oak RD To CR 202/CR 417/Nokie Floyd RD,PRE-CONSTRUCTION
0013587,https://www.dot.ga.gov/applications/geopi/Pages/Dashboard.aspx?ProjectId=0013587,Glynn,CR 141/CS 626/Fourth St From CR 1326/Altama Ave To SR 25/US 17,PRE-CONSTRUCTION
0013588,https://www.dot.ga.gov/applications/geopi/Pages/Dashboard.aspx?ProjectId=0013588,Murray,SR 282 Reloc From SR 61/US 411 To CR 309/Old Hwy 411,PRE-CONSTRUCTION
0013589,https://www.dot.ga.gov/applications/geopi/Pages/Dashboard.aspx?ProjectId=0013589,Catoosa,SR 151 From SR 2/SR 3/US 41 To Tennessee State Line,PRE-CONSTRUCTION
0013590,https://www.dot.ga.gov/applications/geopi/Pages/Dashboard.aspx?ProjectId=0013590,Catoosa,SR 146 From SR 1/US 27 To Oklawaha Ave - Phase II,PRE-CONSTRUCTION
0013591,https://www.dot.ga.gov/applications/geopi/Pages/Dashboard.aspx?ProjectId=0013591,Catoosa,SR 3 From SR 151 To SR 146,PRE-CONSTRUCTION
0013594,https://www.dot.ga.gov/applications/geopi/Pages/Dashboard.aspx?ProjectId=0013594,Rockdale,SR 20 & Sigman Road From CS 442/Irwin Bridge Road To SR 138,PRE-CONSTRUCTION
0013595,https://www.dot.ga.gov/applications/geopi/Pages/Dashboard.aspx?ProjectId=0013595,Dooly,Findley RD (CR 157) - Bridge Replacment,COMPLETED-CONSTRUCTION
0013596,https://www.dot.ga.gov/applications/geopi/Pages/Dashboard.aspx?ProjectId=0013596,Evans,SR 169 - Bridge Rehab,COMPLETED-CONSTRUCTION
0013600,https://www.dot.ga.gov/applications/geopi/Pages/Dashboard.aspx?ProjectId=0013600,Meriwether,SR 109 - Construction Of A Bridge,COMPLETED-CONSTRUCTION
0013601,https://www.dot.ga.gov/applications/geopi/Pages/Dashboard.aspx?ProjectId=0013601,Muscogee,SR 219 (River RD) - Bridge Replt,UNDER-CONSTRUCTION
0013602,https://www.dot.ga.gov/applications/geopi/Pages/Dashboard.aspx?ProjectId=0013602,Newton,Frontage RD - Construction Of A Bridge,COMPLETED-CONSTRUCTION
0013603,https://www.dot.ga.gov/applications/geopi/Pages/Dashboard.aspx?ProjectId=0013603,"Jasper , Newton",SR 212 - Bridge Rehab,UNDER-CONSTRUCTION
0013605,https://www.dot.ga.gov/applications/geopi/Pages/Dashboard.aspx?ProjectId=0013605,"Pierce , Ware",US 84/SR 38 - Construction Of Bridges,UNDER-CONSTRUCTION
0013606,https://www.dot.ga.gov/applications/geopi/Pages/Dashboard.aspx?ProjectId=0013606,Wilkinson,SR 112 - Bridge Replacement,COMPLETED-CONSTRUCTION
0013610,https://www.dot.ga.gov/applications/geopi/Pages/Dashboard.aspx?ProjectId=0013610,Wayne,US 84/SR 38 - Construction Of A Bridge,UNDER-CONSTRUCTION
0013613,https://www.dot.ga.gov/applications/geopi/Pages/Dashboard.aspx?ProjectId=0013613,Oconee,SR 24/US 129 From N Of Apalachee River To CS 7/Astondale RD,PRE-CONSTRUCTION
0013614,https://www.dot.ga.gov/applications/geopi/Pages/Dashboard.aspx?ProjectId=0013614,Morgan,US 129/441/SR 24 - Widen & Recon,COMPLETED-CONSTRUCTION
0013615,https://www.dot.ga.gov/applications/geopi/Pages/Dashboard.aspx?ProjectId=0013615,Putnam,US 129/US 441/SR 24 - Widening,UNDER-CONSTRUCTION
0013616,https://www.dot.ga.gov/applications/geopi/Pages/Dashboard.aspx?ProjectId=0013616,Washington,SR 15 Bypass From SR 15 To SR 242,PRE-CONSTRUCTION
0013617,https://www.dot.ga.gov/applications/geopi/Pages/Dashboard.aspx?ProjectId=0013617,"Morgan , Oconee",SR 24 From N Of SR 12/Morgan To N Of Apalachee River/Oconee,PRE-CONSTRUCTION
0013618,https://www.dot.ga.gov/applications/geopi/Pages/Dashboard.aspx?ProjectId=0013618,Jasper,Monticello NE Bypass (SR 380) - Widening & Recns,UNDER-CONSTRUCTION
0013619,https://www.dot.ga.gov/applications/geopi/Pages/Dashboard.aspx?ProjectId=0013619,Butts,SR 16 From W Of Colwell Road To W Of Joe Lane Road,PRE-CONSTRUCTION
0013626,https://www.dot.ga.gov/applications/geopi/Pages/Dashboard.aspx?ProjectId=0013626,Hall,SR 369 From SR 53 To Forsyth County Line ,PRE-CONSTRUCTION
0013628,https://www.dot.ga.gov/applications/geopi/Pages/Dashboard.aspx?ProjectId=0013628,"Newton , Rockdale",SR 162 - Widen & Recon,PRE-CONSTRUCTION
0013677,https://www.dot.ga.gov/applications/geopi/Pages/Dashboard.aspx?ProjectId=0013677,Clinch,SR 89/US 441 From CR 40/Antioch Church RD To CR 549/Wheeler St,PRE-CONSTRUCTION
0013678,https://www.dot.ga.gov/applications/geopi/Pages/Dashboard.aspx?ProjectId=0013678,Peach,SR 49 Conn Ext From SR 49 Conn To SR 96,PRE-CONSTRUCTION
0013685,https://www.dot.ga.gov/applications/geopi/Pages/Dashboard.aspx?ProjectId=0013685,Ben Hill,SR 90 - Construction Of A Roundabout,UNDER-CONSTRUCTION
0013686,https://www.dot.ga.gov/applications/geopi/Pages/Dashboard.aspx?ProjectId=0013686,"DeKalb , Henry",SR 155/Panola RD (CR 672) - Roundabout,COMPLETED-CONSTRUCTION
0013690,https://www.dot.ga.gov/applications/geopi/Pages/Dashboard.aspx?ProjectId=0013690,Floyd,Pedestrian Upgrades @ 19 Locs In Floyd County - Vru,PRE-CONSTRUCTION
0013691,https://www.dot.ga.gov/applications/geopi/Pages/Dashboard.aspx?ProjectId=0013691,"Bartow , Gordon",Pedestrian Upgrades @ 27 Locs In Bartow & Gordon County-Vru,PRE-CONSTRUCTION
0013692,https://www.dot.ga.gov/applications/geopi/Pages/Dashboard.aspx?ProjectId=0013692,"Cherokee , Fannin , Gilmer , Pickens",Various Locs - Pedestrian Upgrades,UNDER-CONSTRUCTION
0013693,https://www.dot.ga.gov/applications/geopi/Pages/Dashboard.aspx?ProjectId=0013693,"Catoosa , Murray , Whitfield",Various Locs - Ped And Signal Upgs,UNDER-CONSTRUCTION
0013694,https://www.dot.ga.gov/applications/geopi/Pages/Dashboard.aspx?ProjectId=0013694,"Dade , Walker",Various Locs - Pedestrian Upgrades,UNDER-CONSTRUCTION
0013696,https://www.dot.ga.gov/applications/geopi/Pages/Dashboard.aspx?ProjectId=0013696,Butts,SR 42 @ CS 716/England Chapel Road/Burg Road,PRE-CONSTRUCTION
0013697,https://www.dot.ga.gov/applications/geopi/Pages/Dashboard.aspx?ProjectId=0013697,Henry,SR 81 - Construction Of A Roundabout,UNDER-CONSTRUCTION
0013700,https://www.dot.ga.gov/applications/geopi/Pages/Dashboard.aspx?ProjectId=0013700,Paulding,CR 72/Cedarcrest RD From Harmony Grove Church RD To Cobb CO Ln,PRE-CONSTRUCTION
0013702,https://www.dot.ga.gov/applications/geopi/Pages/Dashboard.aspx?ProjectId=0013702,Paulding,SR 61 From S Of CR 467/Dallas Nebo RD To SR 6,PRE-CONSTRUCTION
0013703,https://www.dot.ga.gov/applications/geopi/Pages/Dashboard.aspx?ProjectId=0013703,Richmond,CR 1515/Willis Foreman RD From SR 4/US 1 To SR 121/US 25-TIA,PRE-CONSTRUCTION
0013704,https://www.dot.ga.gov/applications/geopi/Pages/Dashboard.aspx?ProjectId=0013704,Columbia,CR 92/Hardy Mcmanus RD From William Few Pkwy To SR 28 - TIA,PRE-CONSTRUCTION
0013707,https://www.dot.ga.gov/applications/geopi/Pages/Dashboard.aspx?ProjectId=0013707,Richmond,Ca - James Brown Blvd From Twiggs St - Phase III,UNDER-CONSTRUCTION
0013708,https://www.dot.ga.gov/applications/geopi/Pages/Dashboard.aspx?ProjectId=0013708,Cherokee,SR 20 From I-575 To SR 369,PRE-CONSTRUCTION
0013712,https://www.dot.ga.gov/applications/geopi/Pages/Dashboard.aspx?ProjectId=0013712,Bibb,US 41/SR 11/SR 49 - Construction Of A Bridge,UNDER-CONSTRUCTION
0013715,https://www.dot.ga.gov/applications/geopi/Pages/Dashboard.aspx?ProjectId=0013715,Clarke,SR 10 Loop - Bridge Rehab,UNDER-CONSTRUCTION
0013716,https://www.dot.ga.gov/applications/geopi/Pages/Dashboard.aspx?ProjectId=0013716,Clarke,SR 15/SR 10 Loop - Bridge Plmt,COMPLETED-CONSTRUCTION
0013717,https://www.dot.ga.gov/applications/geopi/Pages/Dashboard.aspx?ProjectId=0013717,Coweta,SR 54 - Construction Of A Bridge,UNDER-CONSTRUCTION
0013719,https://www.dot.ga.gov/applications/geopi/Pages/Dashboard.aspx?ProjectId=0013719,Long,US 84/SR 38  - Bridge Rehab,UNDER-CONSTRUCTION
0013721,https://www.dot.ga.gov/applications/geopi/Pages/Dashboard.aspx?ProjectId=0013721,Coweta,I-85/SR 403 - Ops Improv,COMPLETED-CONSTRUCTION
0013723,https://www.dot.ga.gov/applications/geopi/Pages/Dashboard.aspx?ProjectId=0013723,Greene,SR 15 - Widening & Cnst,COMPLETED-CONSTRUCTION
0013724,https://www.dot.ga.gov/applications/geopi/Pages/Dashboard.aspx?ProjectId=0013724,Fulton,SR 279 - Ped Crossing,UNDER-CONSTRUCTION
0013725,https://www.dot.ga.gov/applications/geopi/Pages/Dashboard.aspx?ProjectId=0013725,All Counties,Flashing Yellow Arrow Upgrades On Rtop1 Corridor,PRE-CONSTRUCTION
0013726,https://www.dot.ga.gov/applications/geopi/Pages/Dashboard.aspx?ProjectId=0013726,Fayette,SR 54 - Traffic Management,UNDER-CONSTRUCTION
0013733,https://www.dot.ga.gov/applications/geopi/Pages/Dashboard.aspx?ProjectId=0013733,Douglas,SR 5/US 78 @ SR 6/US 278,PRE-CONSTRUCTION
0013734,https://www.dot.ga.gov/applications/geopi/Pages/Dashboard.aspx?ProjectId=0013734,Fayette,SR 85 - Construction Of A Bridge,UNDER-CONSTRUCTION
0013735,https://www.dot.ga.gov/applications/geopi/Pages/Dashboard.aspx?ProjectId=0013735,Baldwin,SR 22 - Construction Of A Bridge,COMPLETED-CONSTRUCTION
0013737,https://www.dot.ga.gov/applications/geopi/Pages/Dashboard.aspx?ProjectId=0013737,Calhoun,SR 37 -  Bridge Repl,COMPLETED-CONSTRUCTION
0013740,https://www.dot.ga.gov/applications/geopi/Pages/Dashboard.aspx?ProjectId=0013740,Carroll,SR 166 - Construction Of A Bridge,UNDER-CONSTRUCTION
0013741,https://www.dot.ga.gov/applications/geopi/Pages/Dashboard.aspx?ProjectId=0013741,Chatham,Db - SR 25 At Savannah River & Middle River Bridges,UNDER-CONSTRUCTION
0013742,https://www.dot.ga.gov/applications/geopi/Pages/Dashboard.aspx?ProjectId=0013742,Chatham,Db - SR 25 At Savannah River & Middle River Bridges,UNDER-CONSTRUCTION
0013746,https://www.dot.ga.gov/applications/geopi/Pages/Dashboard.aspx?ProjectId=0013746,Habersham,US 441 Bus/SR 385 - Construction Of A Bridge,UNDER-CONSTRUCTION
0013747,https://www.dot.ga.gov/applications/geopi/Pages/Dashboard.aspx?ProjectId=0013747,Hart,US 29/SR 8 - Construction Of A Bridge,COMPLETED-CONSTRUCTION
0013748,https://www.dot.ga.gov/applications/geopi/Pages/Dashboard.aspx?ProjectId=0013748,"Emanuel , Johnson",US 80/SR 26 - Construction Of Bridge,COMPLETED-CONSTRUCTION
0013749,https://www.dot.ga.gov/applications/geopi/Pages/Dashboard.aspx?ProjectId=0013749,Laurens,SR 29 - Bridge Replacement,COMPLETED-CONSTRUCTION
0013750,https://www.dot.ga.gov/applications/geopi/Pages/Dashboard.aspx?ProjectId=0013750,Liberty,SR 119 - Bridge Repl,COMPLETED-CONSTRUCTION
0013751,https://www.dot.ga.gov/applications/geopi/Pages/Dashboard.aspx?ProjectId=0013751,Newton,SR 81 - Bridge Replt,UNDER-CONSTRUCTION
0013752,https://www.dot.ga.gov/applications/geopi/Pages/Dashboard.aspx?ProjectId=0013752,Sumter,SR 377 - Bridge Repl,COMPLETED-CONSTRUCTION
0013756,https://www.dot.ga.gov/applications/geopi/Pages/Dashboard.aspx?ProjectId=0013756,DeKalb,Lithonia Ind Blvd From Woodrow RD To Evans Mill RD - Phase IV,PRE-CONSTRUCTION
0013760,https://www.dot.ga.gov/applications/geopi/Pages/Dashboard.aspx?ProjectId=0013760,Paulding,SR 6Bu/SR 61 @ CS 610/Legion Road,PRE-CONSTRUCTION
0013762,https://www.dot.ga.gov/applications/geopi/Pages/Dashboard.aspx?ProjectId=0013762,"Hall , Lumpkin",SR 60 From SR 400/Lumpkin To Yellow Creek Road/Hall,PRE-CONSTRUCTION
0013763,https://www.dot.ga.gov/applications/geopi/Pages/Dashboard.aspx?ProjectId=0013763,Oconee,SR 8/SR 316/US 29 @ Dials Mill Road & @ Dials Mill Ext,PRE-CONSTRUCTION
0013764,https://www.dot.ga.gov/applications/geopi/Pages/Dashboard.aspx?ProjectId=0013764,Oconee,SR 8/SR 316/US 29 @ CR 64/Mcnutt Creek Road,PRE-CONSTRUCTION
0013765,https://www.dot.ga.gov/applications/geopi/Pages/Dashboard.aspx?ProjectId=0013765,Oconee,SR 8/SR 316/US 29 @ CR 263/Mars Hill Road,PRE-CONSTRUCTION
0013766,https://www.dot.ga.gov/applications/geopi/Pages/Dashboard.aspx?ProjectId=0013766,Oconee,SR 8/SR 316/US 29 @ CR 20/Julian Drive,PRE-CONSTRUCTION
0013770,https://www.dot.ga.gov/applications/geopi/Pages/Dashboard.aspx?ProjectId=0013770,Oconee,SR 8/SR 316/US 29 @ SR 10 Loop,PRE-CONSTRUCTION
0013802,https://www.dot.ga.gov/applications/geopi/Pages/Dashboard.aspx?ProjectId=0013802,Brooks,SR 122 - Bridge Rehab,COMPLETED-CONSTRUCTION
0013804,https://www.dot.ga.gov/applications/geopi/Pages/Dashboard.aspx?ProjectId=0013804,"Bulloch , Effingham",SR 119 @ Ogeechee River & Overflow 13.6 MI SE Of Brooklet,PRE-CONSTRUCTION
0013806,https://www.dot.ga.gov/applications/geopi/Pages/Dashboard.aspx?ProjectId=0013806,Clarke,US 78/SR 10 - Bridge Rehab,UNDER-CONSTRUCTION
0013808,https://www.dot.ga.gov/applications/geopi/Pages/Dashboard.aspx?ProjectId=0013808,Franklin,SR 106 @ Nails Creek 7 MI S Of Carnesville,PRE-CONSTRUCTION
0013809,https://www.dot.ga.gov/applications/geopi/Pages/Dashboard.aspx?ProjectId=0013809,Fulton,US 29/SR 14 - Bridge Rehab,UNDER-CONSTRUCTION
0013810,https://www.dot.ga.gov/applications/geopi/Pages/Dashboard.aspx?ProjectId=0013810,Fulton,US 29/SR 14 (Lee St) - Construction Of A Bridge,UNDER-CONSTRUCTION
0013811,https://www.dot.ga.gov/applications/geopi/Pages/Dashboard.aspx?ProjectId=0013811,Hart,SR 77 Spur - Bridge Rehab,COMPLETED-CONSTRUCTION
0013812,https://www.dot.ga.gov/applications/geopi/Pages/Dashboard.aspx?ProjectId=0013812,Hart,SR 77 Spur - Bridge Rehab,COMPLETED-CONSTRUCTION
0013813,https://www.dot.ga.gov/applications/geopi/Pages/Dashboard.aspx?ProjectId=0013813,"Jasper , Monroe",SR 83 - Construction Of Bridges,UNDER-CONSTRUCTION
0013814,https://www.dot.ga.gov/applications/geopi/Pages/Dashboard.aspx?ProjectId=0013814,Taylor,SR 128 @ Patsiliga Creek & Overflow N Of Reynolds,PRE-CONSTRUCTION
0013817,https://www.dot.ga.gov/applications/geopi/Pages/Dashboard.aspx?ProjectId=0013817,Wilkinson,SR 112 - Construction Of A Bridge,UNDER-CONSTRUCTION
0013819,https://www.dot.ga.gov/applications/geopi/Pages/Dashboard.aspx?ProjectId=0013819,"Barrow , Jackson",SR 82 - Construction Of A Bridge,COMPLETED-CONSTRUCTION
0013820,https://www.dot.ga.gov/applications/geopi/Pages/Dashboard.aspx?ProjectId=0013820,Burke,SR 23 - Bridge Repl,COMPLETED-CONSTRUCTION
0013823,https://www.dot.ga.gov/applications/geopi/Pages/Dashboard.aspx?ProjectId=0013823,Dodge,SR 165 - Construction Of A Bridge,COMPLETED-CONSTRUCTION
0013824,https://www.dot.ga.gov/applications/geopi/Pages/Dashboard.aspx?ProjectId=0013824,Dodge,SR 230 - Construction Of A Bridge,COMPLETED-CONSTRUCTION
0013827,https://www.dot.ga.gov/applications/geopi/Pages/Dashboard.aspx?ProjectId=0013827,Pickens,SR 136 @ Talking Rock Creek 3 MI N Of Jasper,PRE-CONSTRUCTION
0013828,https://www.dot.ga.gov/applications/geopi/Pages/Dashboard.aspx?ProjectId=0013828,Seminole,SR 45 -  Rehab & Plmx Resurf,COMPLETED-CONSTRUCTION
0013847,https://www.dot.ga.gov/applications/geopi/Pages/Dashboard.aspx?ProjectId=0013847,Turner,I-75 @ SR 32,PRE-CONSTRUCTION
0013848,https://www.dot.ga.gov/applications/geopi/Pages/Dashboard.aspx?ProjectId=0013848,Turner,I-75 @ CR 33/Bussey Road,PRE-CONSTRUCTION
0013849,https://www.dot.ga.gov/applications/geopi/Pages/Dashboard.aspx?ProjectId=0013849,Turner,I-75 @ SR 107,PRE-CONSTRUCTION
0013850,https://www.dot.ga.gov/applications/geopi/Pages/Dashboard.aspx?ProjectId=0013850,Turner,I-75 @ SR 159,PRE-CONSTRUCTION
0013859,https://www.dot.ga.gov/applications/geopi/Pages/Dashboard.aspx?ProjectId=0013859,Newton,SR 11 - Construction Of A Roundabout,COMPLETED-CONSTRUCTION
0013860,https://www.dot.ga.gov/applications/geopi/Pages/Dashboard.aspx?ProjectId=0013860,Newton,SR 162 - Construction Of Roundabout,UNDER-CONSTRUCTION
0013861,https://www.dot.ga.gov/applications/geopi/Pages/Dashboard.aspx?ProjectId=0013861,Habersham,SR 105 - Construction Of A Roundabout,UNDER-CONSTRUCTION
0013882,https://www.dot.ga.gov/applications/geopi/Pages/Dashboard.aspx?ProjectId=0013882,Habersham,SR 197 @ SR 385 In Clarkesville,PRE-CONSTRUCTION
0013883,https://www.dot.ga.gov/applications/geopi/Pages/Dashboard.aspx?ProjectId=0013883,Mitchell,SR 3/US 19 From CR 159/Big Creek Road To CS 835/Campbell Drive,PRE-CONSTRUCTION
0013884,https://www.dot.ga.gov/applications/geopi/Pages/Dashboard.aspx?ProjectId=0013884,"Brooks , Thomas",SR 38/US 84 From Thomasville To Quitman,PRE-CONSTRUCTION
0013886,https://www.dot.ga.gov/applications/geopi/Pages/Dashboard.aspx?ProjectId=0013886,Baldwin,US 441 Bus/SR 29 Bus - Bridge Rehab,UNDER-CONSTRUCTION
0013888,https://www.dot.ga.gov/applications/geopi/Pages/Dashboard.aspx?ProjectId=0013888,Gordon,SR 156 @ Salacoa Creek 6 MI NW Of Ranger,PRE-CONSTRUCTION
0013889,https://www.dot.ga.gov/applications/geopi/Pages/Dashboard.aspx?ProjectId=0013889,Fulton,SR 140 @ Saddle Creek Pkwy/Saddle Creek Drive In Roswell,PRE-CONSTRUCTION
0013890,https://www.dot.ga.gov/applications/geopi/Pages/Dashboard.aspx?ProjectId=0013890,"Cherokee , Fulton",SR 140 From CS 1331/Rucker Road To CR 777/Arnold Mill Road,PRE-CONSTRUCTION
0013891,https://www.dot.ga.gov/applications/geopi/Pages/Dashboard.aspx?ProjectId=0013891,Cherokee,SR 140 From CR 777/Arnold Mill RD To CR 765/E Cherokee Dr,PRE-CONSTRUCTION
0013892,https://www.dot.ga.gov/applications/geopi/Pages/Dashboard.aspx?ProjectId=0013892,Cherokee,SR 140 From CR 765/East Cherokee Drive To I-575,PRE-CONSTRUCTION
0013893,https://www.dot.ga.gov/applications/geopi/Pages/Dashboard.aspx?ProjectId=0013893,Gwinnett,SR 316 From E Of Collins Hill Road To W Of Cedars Road,PRE-CONSTRUCTION
0013894,https://www.dot.ga.gov/applications/geopi/Pages/Dashboard.aspx?ProjectId=0013894,Gwinnett,SR 316 - Intersection Improv,UNDER-CONSTRUCTION
0013895,https://www.dot.ga.gov/applications/geopi/Pages/Dashboard.aspx?ProjectId=0013895,Gwinnett,SR 316 From E Of CR 186/Cedars RD To E Of CR 5661/Fence RD,PRE-CONSTRUCTION
0013896,https://www.dot.ga.gov/applications/geopi/Pages/Dashboard.aspx?ProjectId=0013896,Gwinnett,SR 316 @ CR 5661/Fence RD & New Loc From Fence RD To SR 8,PRE-CONSTRUCTION
0013897,https://www.dot.ga.gov/applications/geopi/Pages/Dashboard.aspx?ProjectId=0013897,Gwinnett,SR 316 From E Of Fence Road To W Of Sugarloaf Pkwy,PRE-CONSTRUCTION
0013899,https://www.dot.ga.gov/applications/geopi/Pages/Dashboard.aspx?ProjectId=0013899,Gwinnett,Oak Valley Road Extension From Oak Valley Road To Harbins Road,PRE-CONSTRUCTION
0013900,https://www.dot.ga.gov/applications/geopi/Pages/Dashboard.aspx?ProjectId=0013900,Gwinnett,SR 316 @ CS 1255/Williams Farm Drive,PRE-CONSTRUCTION
0013901,https://www.dot.ga.gov/applications/geopi/Pages/Dashboard.aspx?ProjectId=0013901,Gwinnett,SR 316/US 29 @ CR 238/Drowning Creek Road,PRE-CONSTRUCTION
0013904,https://www.dot.ga.gov/applications/geopi/Pages/Dashboard.aspx?ProjectId=0013904,Barrow,SR 316 @ CR 110/Harry Mccarty Road,PRE-CONSTRUCTION
0013905,https://www.dot.ga.gov/applications/geopi/Pages/Dashboard.aspx?ProjectId=0013905,Barrow,SR 316 @ CS 144/Harrison Mill Road,PRE-CONSTRUCTION
0013906,https://www.dot.ga.gov/applications/geopi/Pages/Dashboard.aspx?ProjectId=0013906,Barrow,SR 316 @ CR 138/Smith Cemetery Road,PRE-CONSTRUCTION
0013907,https://www.dot.ga.gov/applications/geopi/Pages/Dashboard.aspx?ProjectId=0013907,Barrow,SR 316 @ CR 139/Jackson Trail Road,PRE-CONSTRUCTION
0013908,https://www.dot.ga.gov/applications/geopi/Pages/Dashboard.aspx?ProjectId=0013908,Barrow,SR 316 @ CR 159/Wall Road,PRE-CONSTRUCTION
0013909,https://www.dot.ga.gov/applications/geopi/Pages/Dashboard.aspx?ProjectId=0013909,Barrow,SR 316 @Mccarty RD &Sam Sims Ext From Sam Sims RD To Powell RD,PRE-CONSTRUCTION
0013913,https://www.dot.ga.gov/applications/geopi/Pages/Dashboard.aspx?ProjectId=0013913,DeKalb,I-20 From I-285 To SR 124 - Express Lanes,PRE-CONSTRUCTION
0013915,https://www.dot.ga.gov/applications/geopi/Pages/Dashboard.aspx?ProjectId=0013915,DeKalb,I-285 @ I-20 - East Side Interchange Reconstruction,UNDER-CONSTRUCTION
0013916,https://www.dot.ga.gov/applications/geopi/Pages/Dashboard.aspx?ProjectId=0013916,"Cobb , Douglas , Fulton",I-20 From I-285 To CR 192/Bright Star Road - Express Lanes,PRE-CONSTRUCTION
0013917,https://www.dot.ga.gov/applications/geopi/Pages/Dashboard.aspx?ProjectId=0013917,"Cobb , Fulton",I-285 From I-20/Fulton To Atlanta RD/Cobb-Westside Express Ln ,PRE-CONSTRUCTION
0013918,https://www.dot.ga.gov/applications/geopi/Pages/Dashboard.aspx?ProjectId=0013918,"Cobb , Fulton",I-285 @ I-20 West Side Interchange Reconstruction & Widening,UNDER-CONSTRUCTION
0013919,https://www.dot.ga.gov/applications/geopi/Pages/Dashboard.aspx?ProjectId=0013919,"Clayton , Henry",I-75 From I-285 To SR 138 - Express Lanes,PRE-CONSTRUCTION
0013920,https://www.dot.ga.gov/applications/geopi/Pages/Dashboard.aspx?ProjectId=0013920,"DeKalb , Gwinnett",I-85 From I-285 To CR 3761/Old Peachtree Road - Express Lanes,PRE-CONSTRUCTION
0013921,https://www.dot.ga.gov/applications/geopi/Pages/Dashboard.aspx?ProjectId=0013921,Bibb,Tucker RD (CR 742) - Construction Of Bridges,UNDER-CONSTRUCTION
0013922,https://www.dot.ga.gov/applications/geopi/Pages/Dashboard.aspx?ProjectId=0013922,Hall,Elachee Dr (CS 991) -  Construction Of A Bridge,COMPLETED-CONSTRUCTION
0013924,https://www.dot.ga.gov/applications/geopi/Pages/Dashboard.aspx?ProjectId=0013924,Laurens,US 80/SR 26 - Construction Of A Bridge,COMPLETED-CONSTRUCTION
0013926,https://www.dot.ga.gov/applications/geopi/Pages/Dashboard.aspx?ProjectId=0013926,Muscogee,US 27 Alt/SR 85 Sb & Nb - Bridge Rehab,UNDER-CONSTRUCTION
0013927,https://www.dot.ga.gov/applications/geopi/Pages/Dashboard.aspx?ProjectId=0013927,Richmond,SR 4/US 25Bu @ Savannah River @South Carolina State Line-TIA,PRE-CONSTRUCTION
0013928,https://www.dot.ga.gov/applications/geopi/Pages/Dashboard.aspx?ProjectId=0013928,Spalding,SR 16 - Bridge Rehab,UNDER-CONSTRUCTION
0013930,https://www.dot.ga.gov/applications/geopi/Pages/Dashboard.aspx?ProjectId=0013930,Coweta,SR 54 - Bridge Rplt,UNDER-CONSTRUCTION
0013937,https://www.dot.ga.gov/applications/geopi/Pages/Dashboard.aspx?ProjectId=0013937,Floyd,US 27/SR 1 - Bridge Replac,UNDER-CONSTRUCTION
0013939,https://www.dot.ga.gov/applications/geopi/Pages/Dashboard.aspx?ProjectId=0013939,Franklin,SR 59 - Bridge Repl,UNDER-CONSTRUCTION
0013941,https://www.dot.ga.gov/applications/geopi/Pages/Dashboard.aspx?ProjectId=0013941,Troup,US 27/SR 1 - Construction Of A Bridge,COMPLETED-CONSTRUCTION
0013942,https://www.dot.ga.gov/applications/geopi/Pages/Dashboard.aspx?ProjectId=0013942,Troup,SR 1 - Construction Of A Bridge,UNDER-CONSTRUCTION
0013943,https://www.dot.ga.gov/applications/geopi/Pages/Dashboard.aspx?ProjectId=0013943,Walker,US 27/ SR 1 - Construction Of A Bridge,COMPLETED-CONSTRUCTION
0013946,https://www.dot.ga.gov/applications/geopi/Pages/Dashboard.aspx?ProjectId=0013946,Franklin,SR 17 Reloc From Royston Bypass To SR 51 In Canon,PRE-CONSTRUCTION
0013947,https://www.dot.ga.gov/applications/geopi/Pages/Dashboard.aspx?ProjectId=0013947,Fulton,Ca - Ellard Dr/Barnwell RD,COMPLETED-CONSTRUCTION
0013948,https://www.dot.ga.gov/applications/geopi/Pages/Dashboard.aspx?ProjectId=0013948,Fulton,Buffington RD (CR 1385) - Widen & Recon,UNDER-CONSTRUCTION
0013949,https://www.dot.ga.gov/applications/geopi/Pages/Dashboard.aspx?ProjectId=0013949,Fulton,Buffington RD (CR 1385) - Widen & Recon,UNDER-CONSTRUCTION
0013951,https://www.dot.ga.gov/applications/geopi/Pages/Dashboard.aspx?ProjectId=0013951,DeKalb,SR 42 From CR 1285/Clifton RD To CR 5160/North Druid Hills RD,PRE-CONSTRUCTION
0013954,https://www.dot.ga.gov/applications/geopi/Pages/Dashboard.aspx?ProjectId=0013954,Clarke,SR 15 Alt/CR 1228 From Sunset Drive To S Of Pulaski Street-Vru,PRE-CONSTRUCTION
0013960,https://www.dot.ga.gov/applications/geopi/Pages/Dashboard.aspx?ProjectId=0013960,Meriwether,Stribling RD (CR 285) - Bridge Rehab,UNDER-CONSTRUCTION
0013965,https://www.dot.ga.gov/applications/geopi/Pages/Dashboard.aspx?ProjectId=0013965,Forsyth,Post Road From CR 5/Kelly Mill Road To SR 20,PRE-CONSTRUCTION
0013971,https://www.dot.ga.gov/applications/geopi/Pages/Dashboard.aspx?ProjectId=0013971,DeKalb,SR 42/Briarcliff RD - Inter Improv,UNDER-CONSTRUCTION
0013972,https://www.dot.ga.gov/applications/geopi/Pages/Dashboard.aspx?ProjectId=0013972,Gwinnett,SR 140 From SR 13 To SR 141,PRE-CONSTRUCTION
0013974,https://www.dot.ga.gov/applications/geopi/Pages/Dashboard.aspx?ProjectId=0013974,Gwinnett,SR 20 From SR 124 To CR 1940/Hurricane Road,PRE-CONSTRUCTION
0013986,https://www.dot.ga.gov/applications/geopi/Pages/Dashboard.aspx?ProjectId=0013986,Lowndes,CR 188/CR 781/N Oak Street From SR 7Bu To Breckenridge Drive,PRE-CONSTRUCTION
0013988,https://www.dot.ga.gov/applications/geopi/Pages/Dashboard.aspx?ProjectId=0013988,Barrow,SR 211 - Widening & Reconstruct,UNDER-CONSTRUCTION
0013989,https://www.dot.ga.gov/applications/geopi/Pages/Dashboard.aspx?ProjectId=0013989,Forsyth,SR 369 From SR 306 To Hall County Line,PRE-CONSTRUCTION
0013990,https://www.dot.ga.gov/applications/geopi/Pages/Dashboard.aspx?ProjectId=0013990,Dawson,SR 136 - Bridge Rehab,UNDER-CONSTRUCTION
0013991,https://www.dot.ga.gov/applications/geopi/Pages/Dashboard.aspx?ProjectId=0013991,DeKalb,SR 42 - Construction Of A Bridge,PRE-CONSTRUCTION
0013992,https://www.dot.ga.gov/applications/geopi/Pages/Dashboard.aspx?ProjectId=0013992,Dougherty,US 82 Bu/US 19 Bu/SR 520 Bu (Oglethorpe Blvd) - Bridge Cnst,UNDER-CONSTRUCTION
0013993,https://www.dot.ga.gov/applications/geopi/Pages/Dashboard.aspx?ProjectId=0013993,Glynn,SR 32/SR 99 @ Little Buffalo Creek 3 MI W Of SR 27,PRE-CONSTRUCTION
0013994,https://www.dot.ga.gov/applications/geopi/Pages/Dashboard.aspx?ProjectId=0013994,Gordon,SR 136 - Construction Of Bridges,UNDER-CONSTRUCTION
0013998,https://www.dot.ga.gov/applications/geopi/Pages/Dashboard.aspx?ProjectId=0013998,"Oconee , Walton",SR 186 @ Apalachee River,PRE-CONSTRUCTION
0013999,https://www.dot.ga.gov/applications/geopi/Pages/Dashboard.aspx?ProjectId=0013999,Troup,SR 18/E 10Th St& I-85/SR 403-Construction Of A Roundabout & Br Repl,UNDER-CONSTRUCTION
0014072,https://www.dot.ga.gov/applications/geopi/Pages/Dashboard.aspx?ProjectId=0014072,Bibb,I-16/SR 404 Eb & Wb - Construction Of A Bridge,UNDER-CONSTRUCTION
0014073,https://www.dot.ga.gov/applications/geopi/Pages/Dashboard.aspx?ProjectId=0014073,Echols,SR 376 - Construction Of A Bridge,UNDER-CONSTRUCTION
0014075,https://www.dot.ga.gov/applications/geopi/Pages/Dashboard.aspx?ProjectId=0014075,Franklin,I-85/SR 403 - Construction Of A Bridge,UNDER-CONSTRUCTION
0014076,https://www.dot.ga.gov/applications/geopi/Pages/Dashboard.aspx?ProjectId=0014076,Jackson,I-85 Widening Design Build - Phase 3,COMPLETED-CONSTRUCTION
0014077,https://www.dot.ga.gov/applications/geopi/Pages/Dashboard.aspx?ProjectId=0014077,Troup,Lagrange Bypass From E Of CR 282/Youngs Mill Road To SR 1,PRE-CONSTRUCTION
0014078,https://www.dot.ga.gov/applications/geopi/Pages/Dashboard.aspx?ProjectId=0014078,Troup,Lagrange Bypass/N Davis RD From SR 14/US 29 To Youngs Mill RD,PRE-CONSTRUCTION
0014079,https://www.dot.ga.gov/applications/geopi/Pages/Dashboard.aspx?ProjectId=0014079,Troup,SR 14 Spur From S Of SR 109 To SR 14/US 29,PRE-CONSTRUCTION
0014080,https://www.dot.ga.gov/applications/geopi/Pages/Dashboard.aspx?ProjectId=0014080,Clayton,SR 314 From SR 139 To CR 1346/Flat Shoals Road,PRE-CONSTRUCTION
0014082,https://www.dot.ga.gov/applications/geopi/Pages/Dashboard.aspx?ProjectId=0014082,Walton,SR 138 (Walnut Ave) At SR 81 (Leone Ave) -Construction Of Roundabout,UNDER-CONSTRUCTION
0014085,https://www.dot.ga.gov/applications/geopi/Pages/Dashboard.aspx?ProjectId=0014085,"Coweta , Harris , Meriwether , Troup",I-85/SR 403 - Signing Upgrades,UNDER-CONSTRUCTION
0014086,https://www.dot.ga.gov/applications/geopi/Pages/Dashboard.aspx?ProjectId=0014086,All Counties,I-75/SR 401 - Signing,UNDER-CONSTRUCTION
0014090,https://www.dot.ga.gov/applications/geopi/Pages/Dashboard.aspx?ProjectId=0014090,All Counties,I-75/SR 401 - Signing,UNDER-CONSTRUCTION
0014122,https://www.dot.ga.gov/applications/geopi/Pages/Dashboard.aspx?ProjectId=0014122,Dawson,Perimeter Road Ext From SR 53 To SR 9,PRE-CONSTRUCTION
0014124,https://www.dot.ga.gov/applications/geopi/Pages/Dashboard.aspx?ProjectId=0014124,"Newton , Walton",SR 81 From SR 142 To SR 138,PRE-CONSTRUCTION
0014125,https://www.dot.ga.gov/applications/geopi/Pages/Dashboard.aspx?ProjectId=0014125,Walton,SR 81 From SR 138 To SR 10/US 78,PRE-CONSTRUCTION
0014126,https://www.dot.ga.gov/applications/geopi/Pages/Dashboard.aspx?ProjectId=0014126,Walton,SR 81 From SR 20 To CR 461/CR 462/Bold Springs Road,PRE-CONSTRUCTION
0014127,https://www.dot.ga.gov/applications/geopi/Pages/Dashboard.aspx?ProjectId=0014127,"Barrow , Walton",SR 81 From CR 461/Bold Springs RD To CR 106/Punkin Junction RD,PRE-CONSTRUCTION
0014128,https://www.dot.ga.gov/applications/geopi/Pages/Dashboard.aspx?ProjectId=0014128,Newton,SR 142 From Nisshinbo Drive To SR 81,PRE-CONSTRUCTION
0014129,https://www.dot.ga.gov/applications/geopi/Pages/Dashboard.aspx?ProjectId=0014129,Hall,SR 11/129 From N Of CR 65/Nopone To SR 284,PRE-CONSTRUCTION
0014131,https://www.dot.ga.gov/applications/geopi/Pages/Dashboard.aspx?ProjectId=0014131,Cherokee,SR 20 - Reconstr & Widening,UNDER-CONSTRUCTION
0014132,https://www.dot.ga.gov/applications/geopi/Pages/Dashboard.aspx?ProjectId=0014132,Cherokee,SR 20 From CR 762/Union Hill RD To CR 765/East Cherokee Dr,PRE-CONSTRUCTION
0014133,https://www.dot.ga.gov/applications/geopi/Pages/Dashboard.aspx?ProjectId=0014133,Cherokee,SR 20 From CR 765/East Cherokee Drive To SR 369,PRE-CONSTRUCTION
0014134,https://www.dot.ga.gov/applications/geopi/Pages/Dashboard.aspx?ProjectId=0014134,Lowndes,Jerry Jones Dr/Eager RD(CS 1517) - Widen & Recon,UNDER-CONSTRUCTION
0014159,https://www.dot.ga.gov/applications/geopi/Pages/Dashboard.aspx?ProjectId=0014159,Butts,SR 16 - Construction Roundbout,COMPLETED-CONSTRUCTION
0014167,https://www.dot.ga.gov/applications/geopi/Pages/Dashboard.aspx?ProjectId=0014167,Fannin,Shallowford Bridge RD(CR 38) - Construction Of A Bridge,COMPLETED-CONSTRUCTION
0014168,https://www.dot.ga.gov/applications/geopi/Pages/Dashboard.aspx?ProjectId=0014168,Heard,SR 34 - Bridge Cnst,UNDER-CONSTRUCTION
0014169,https://www.dot.ga.gov/applications/geopi/Pages/Dashboard.aspx?ProjectId=0014169,Macon,SR 128 - Construction Of A Bridge,COMPLETED-CONSTRUCTION
0014170,https://www.dot.ga.gov/applications/geopi/Pages/Dashboard.aspx?ProjectId=0014170,Muscogee,"SR 22 Spur -  Milling, Inlay, Plmx Rsrf, Construction Of A Bridge",COMPLETED-CONSTRUCTION
0014172,https://www.dot.ga.gov/applications/geopi/Pages/Dashboard.aspx?ProjectId=0014172,Gwinnett,SR 124 From Ronald Reagan Pkwy To Sugarloaf Pkwy,PRE-CONSTRUCTION
0014173,https://www.dot.ga.gov/applications/geopi/Pages/Dashboard.aspx?ProjectId=0014173,Habersham,SR 365/SR 419/US 23 @ CR 387/Mt Airy Road,PRE-CONSTRUCTION
0014203,https://www.dot.ga.gov/applications/geopi/Pages/Dashboard.aspx?ProjectId=0014203,All Counties,I-75 From I-475 To SR 155 - Commercial Vehicle Lanes,PRE-CONSTRUCTION
0014482,https://www.dot.ga.gov/applications/geopi/Pages/Dashboard.aspx?ProjectId=0014482,Henry,Western Parallel Connector - New Road,UNDER-CONSTRUCTION
0014485,https://www.dot.ga.gov/applications/geopi/Pages/Dashboard.aspx?ProjectId=0014485,"Lanier , Lowndes",US 221/SR 31 - Passing Lanes,UNDER-CONSTRUCTION
0014884,https://www.dot.ga.gov/applications/geopi/Pages/Dashboard.aspx?ProjectId=0014884,Haralson,I-20 From Alabama State Line To SR 100,PRE-CONSTRUCTION
0014885,https://www.dot.ga.gov/applications/geopi/Pages/Dashboard.aspx?ProjectId=0014885,Haralson,I-20 From SR 100 To CR 348/Atlanta Ave,PRE-CONSTRUCTION
0014886,https://www.dot.ga.gov/applications/geopi/Pages/Dashboard.aspx?ProjectId=0014886,"Carroll , Haralson",I-20 From CR 348/Atlanta Ave/Haralson To SR 1/US 27/Carroll,PRE-CONSTRUCTION
0014887,https://www.dot.ga.gov/applications/geopi/Pages/Dashboard.aspx?ProjectId=0014887,Carroll,I-20 From SR 1/US 27 To SR 113,PRE-CONSTRUCTION
0014888,https://www.dot.ga.gov/applications/geopi/Pages/Dashboard.aspx?ProjectId=0014888,Carroll,I-20 From SR 113 To SR 61,PRE-CONSTRUCTION
0014889,https://www.dot.ga.gov/applications/geopi/Pages/Dashboard.aspx?ProjectId=0014889,"Telfair , Wheeler",N Mcrae Byp From SR 27/US 341/Telfair To SR 30/US 441/Wheeler,PRE-CONSTRUCTION
0014890,https://www.dot.ga.gov/applications/geopi/Pages/Dashboard.aspx?ProjectId=0014890,"Irwin , Turner",SR 107 From Waterloo Road/Turner To Cleveland Road/Irwin,PRE-CONSTRUCTION
0014891,https://www.dot.ga.gov/applications/geopi/Pages/Dashboard.aspx?ProjectId=0014891,"Ben Hill , Irwin",SR 107 From W Of CR 264/Cleveland RD/Irwin To SR 11/Ben Hill,PRE-CONSTRUCTION
0014892,https://www.dot.ga.gov/applications/geopi/Pages/Dashboard.aspx?ProjectId=0014892,Turner,SR 107 From CR 250/Waterloo Road To I-75,PRE-CONSTRUCTION
0014893,https://www.dot.ga.gov/applications/geopi/Pages/Dashboard.aspx?ProjectId=0014893,Troup,I-85 From 0.26 MI N Of SR 109 To 1.63 MI N Of I-185,PRE-CONSTRUCTION
0014894,https://www.dot.ga.gov/applications/geopi/Pages/Dashboard.aspx?ProjectId=0014894,Bulloch,SR 26 From SR 67/SR 73 To CS 802/Lovett Street In Statesboro,PRE-CONSTRUCTION
0014895,https://www.dot.ga.gov/applications/geopi/Pages/Dashboard.aspx?ProjectId=0014895,Bibb,Bridge Replacement,COMPLETED-CONSTRUCTION
0014896,https://www.dot.ga.gov/applications/geopi/Pages/Dashboard.aspx?ProjectId=0014896,Bibb,Bass RD (CR 742) - Bridge Replc,UNDER-CONSTRUCTION
0014897,https://www.dot.ga.gov/applications/geopi/Pages/Dashboard.aspx?ProjectId=0014897,Bibb,I-16/SR 404 Eb & Wb - Construction Of A Bridge,UNDER-CONSTRUCTION
0014899,https://www.dot.ga.gov/applications/geopi/Pages/Dashboard.aspx?ProjectId=0014899,Bibb,Bridge Replacement,COMPLETED-CONSTRUCTION
0014900,https://www.dot.ga.gov/applications/geopi/Pages/Dashboard.aspx?ProjectId=0014900,Burke,SR 23 - Bridge Repl,COMPLETED-CONSTRUCTION
0014901,https://www.dot.ga.gov/applications/geopi/Pages/Dashboard.aspx?ProjectId=0014901,Colquitt,SR 37 - Construction Of A Bridge,COMPLETED-CONSTRUCTION
0014902,https://www.dot.ga.gov/applications/geopi/Pages/Dashboard.aspx?ProjectId=0014902,Early,SR 62 @Breastworks Branch; @Dry Creek & @Dry Creek Overflow,PRE-CONSTRUCTION
0014903,https://www.dot.ga.gov/applications/geopi/Pages/Dashboard.aspx?ProjectId=0014903,Morgan,I-20/SR 402 - Bridge Rehab,COMPLETED-CONSTRUCTION
0014905,https://www.dot.ga.gov/applications/geopi/Pages/Dashboard.aspx?ProjectId=0014905,Polk,US 27/SR 1 Bu - Bridge Rehab,UNDER-CONSTRUCTION
0014906,https://www.dot.ga.gov/applications/geopi/Pages/Dashboard.aspx?ProjectId=0014906,Polk,US 27/SR 1 - Bridge Rehab,UNDER-CONSTRUCTION
0014907,https://www.dot.ga.gov/applications/geopi/Pages/Dashboard.aspx?ProjectId=0014907,Richmond,US 1/SR 4 - Construction Of A Bridge,COMPLETED-CONSTRUCTION
0014914,https://www.dot.ga.gov/applications/geopi/Pages/Dashboard.aspx?ProjectId=0014914,Glynn,CR 583/Sea Island Road @ Dunbar Creek On St Simons Island,PRE-CONSTRUCTION
0014924,https://www.dot.ga.gov/applications/geopi/Pages/Dashboard.aspx?ProjectId=0014924,Chattahoochee,SR 26 From SR 1/SR 520 To Marion County Line @ 2 Locs,PRE-CONSTRUCTION
0014925,https://www.dot.ga.gov/applications/geopi/Pages/Dashboard.aspx?ProjectId=0014925,Gwinnett,SR 124 From SR 20 To CR 106/Old Peachtree Road,PRE-CONSTRUCTION
0014926,https://www.dot.ga.gov/applications/geopi/Pages/Dashboard.aspx?ProjectId=0014926,Gwinnett,SR 124 From Old Peachtree Road To Hamilton Mill Pkwy,PRE-CONSTRUCTION
0014927,https://www.dot.ga.gov/applications/geopi/Pages/Dashboard.aspx?ProjectId=0014927,Gwinnett,SR 124 From E Of Hamilton Mill Pkwy To Wheeler Road,PRE-CONSTRUCTION
0014928,https://www.dot.ga.gov/applications/geopi/Pages/Dashboard.aspx?ProjectId=0014928,Stephens,SR 17 Alt From SR 17 To CR 538/Rock Creek Road,PRE-CONSTRUCTION
0014929,https://www.dot.ga.gov/applications/geopi/Pages/Dashboard.aspx?ProjectId=0014929,Chatham,Islands Expressway From General Mcintosh Blvd To Truman Pkwy,PRE-CONSTRUCTION
0015000,https://www.dot.ga.gov/applications/geopi/Pages/Dashboard.aspx?ProjectId=0015000,Fulton,SR 237 (Piedmont RD) - Widening,UNDER-CONSTRUCTION
0015019,https://www.dot.ga.gov/applications/geopi/Pages/Dashboard.aspx?ProjectId=0015019,Fulton,Ca - 15Th Street Extension From SR 9 To,UNDER-CONSTRUCTION
0015023,https://www.dot.ga.gov/applications/geopi/Pages/Dashboard.aspx?ProjectId=0015023,Fulton,Path 400 Trail Ext From Loridans Dr To S Of Johnson Ferry RD,UNDER-CONSTRUCTION
0015042,https://www.dot.ga.gov/applications/geopi/Pages/Dashboard.aspx?ProjectId=0015042,Cobb,Rottenwood Creek Trail From Alumni Dr To Franklin RD - Phase I,PRE-CONSTRUCTION
0015051,https://www.dot.ga.gov/applications/geopi/Pages/Dashboard.aspx?ProjectId=0015051,Cobb,I-75/SR 401 - Add'L Express Lane Access Ramps,UNDER-CONSTRUCTION
0015071,https://www.dot.ga.gov/applications/geopi/Pages/Dashboard.aspx?ProjectId=0015071,DeKalb,Ca - SR 10/US 278 From CS 721/Ashton Place,UNDER-CONSTRUCTION
0015078,https://www.dot.ga.gov/applications/geopi/Pages/Dashboard.aspx?ProjectId=0015078,Fulton,Big Creek Greenway Conn From Bethany Bend RD To Morris RD,PRE-CONSTRUCTION
0015080,https://www.dot.ga.gov/applications/geopi/Pages/Dashboard.aspx?ProjectId=0015080,"Clayton , Fulton",Ca - Global Gateway Connector - Multi Use Trl,UNDER-CONSTRUCTION
0015088,https://www.dot.ga.gov/applications/geopi/Pages/Dashboard.aspx?ProjectId=0015088,Gwinnett,Ca - CS 1086/Moreno St From W Main St To E Main St In Buford,UNDER-CONSTRUCTION
0015089,https://www.dot.ga.gov/applications/geopi/Pages/Dashboard.aspx?ProjectId=0015089,Henry,SR 81 From E Of SR 81 We To E Of CR 371/Bethany Road,PRE-CONSTRUCTION
0015090,https://www.dot.ga.gov/applications/geopi/Pages/Dashboard.aspx?ProjectId=0015090,Henry,Rock Quarry Road From Eagles Landing Pkwy To SR 42/SR 138,PRE-CONSTRUCTION
0015095,https://www.dot.ga.gov/applications/geopi/Pages/Dashboard.aspx?ProjectId=0015095,Newton,Ca - Access RD @ I-20 From W Of Crowell RD To,UNDER-CONSTRUCTION
0015096,https://www.dot.ga.gov/applications/geopi/Pages/Dashboard.aspx?ProjectId=0015096,Newton,Ca - CR 511/Brown Bridge RD At Yellow Creek,UNDER-CONSTRUCTION
0015097,https://www.dot.ga.gov/applications/geopi/Pages/Dashboard.aspx?ProjectId=0015097,Newton,CR 511/Brown Bridge RD At Snapping Shoals Crk;,UNDER-CONSTRUCTION
0015100,https://www.dot.ga.gov/applications/geopi/Pages/Dashboard.aspx?ProjectId=0015100,Rockdale,Honey Creek RD (CR 505) - Construction Of A Bridge,UNDER-CONSTRUCTION
0015114,https://www.dot.ga.gov/applications/geopi/Pages/Dashboard.aspx?ProjectId=0015114,Bulloch,SR 73/US 301 From S Of Randy Lowery Road To S Of Clito Road,PRE-CONSTRUCTION
0015127,https://www.dot.ga.gov/applications/geopi/Pages/Dashboard.aspx?ProjectId=0015127,Chatham,Savannah Its System Expansion,PRE-CONSTRUCTION
0015128,https://www.dot.ga.gov/applications/geopi/Pages/Dashboard.aspx?ProjectId=0015128,Richmond,Augusta Its System Expansion,PRE-CONSTRUCTION
0015129,https://www.dot.ga.gov/applications/geopi/Pages/Dashboard.aspx?ProjectId=0015129,Clarke,Athens Its System Expansion,PRE-CONSTRUCTION
0015130,https://www.dot.ga.gov/applications/geopi/Pages/Dashboard.aspx?ProjectId=0015130,Muscogee,Columbus Its System Expansion,PRE-CONSTRUCTION
0015131,https://www.dot.ga.gov/applications/geopi/Pages/Dashboard.aspx?ProjectId=0015131,All Counties,Navigator Enhancements & Replacement,PRE-CONSTRUCTION
0015145,https://www.dot.ga.gov/applications/geopi/Pages/Dashboard.aspx?ProjectId=0015145,Bartow,Cass-White RD From Busch Dr To Great Valley Pkwy - Phase II,PRE-CONSTRUCTION
0015147,https://www.dot.ga.gov/applications/geopi/Pages/Dashboard.aspx?ProjectId=0015147,Bartow,I-75 @ CS 631/Old Allatoona Road,PRE-CONSTRUCTION
0015151,https://www.dot.ga.gov/applications/geopi/Pages/Dashboard.aspx?ProjectId=0015151,Chatham,SR 204 From SR 21 To CS 1201/Rio Road @ 23 Locs - Vru,PRE-CONSTRUCTION
0015156,https://www.dot.ga.gov/applications/geopi/Pages/Dashboard.aspx?ProjectId=0015156,Clayton,SR 3/US 19 From SR 54 To I-75 @ 15 Locs,PRE-CONSTRUCTION
0015157,https://www.dot.ga.gov/applications/geopi/Pages/Dashboard.aspx?ProjectId=0015157,Colquitt,SR 37 From CS 1166/Funston-Sale City Road To SR 111,PRE-CONSTRUCTION
0015216,https://www.dot.ga.gov/applications/geopi/Pages/Dashboard.aspx?ProjectId=0015216,DeKalb,CS 236/Hugh Howell Road @ SR 8 Conn,PRE-CONSTRUCTION
0015217,https://www.dot.ga.gov/applications/geopi/Pages/Dashboard.aspx?ProjectId=0015217,Clarke,CR 1897/Sanford Drive @ Uga Stadium,UNDER-CONSTRUCTION
0015219,https://www.dot.ga.gov/applications/geopi/Pages/Dashboard.aspx?ProjectId=0015219,Fulton,I-285 @ SR 9 - Interchange,PRE-CONSTRUCTION
0015230,https://www.dot.ga.gov/applications/geopi/Pages/Dashboard.aspx?ProjectId=0015230,Clinch,SR 89/US 441 From N Of Williamsburg RD To Antioch Church RD,PRE-CONSTRUCTION
0015243,https://www.dot.ga.gov/applications/geopi/Pages/Dashboard.aspx?ProjectId=0015243,Turner,Ca - Access Road From SR 112 To Gorday Drive In Ashburn,COMPLETED-CONSTRUCTION
0015245,https://www.dot.ga.gov/applications/geopi/Pages/Dashboard.aspx?ProjectId=0015245,"Banks , Jackson",I-85 Widening Design Build - Phase 3,COMPLETED-CONSTRUCTION
0015248,https://www.dot.ga.gov/applications/geopi/Pages/Dashboard.aspx?ProjectId=0015248,Banks,I-85 From N Of SR 15/US 441 To N Of SR 63,PRE-CONSTRUCTION
0015249,https://www.dot.ga.gov/applications/geopi/Pages/Dashboard.aspx?ProjectId=0015249,"Banks , Franklin",I-85 From N Of SR 63/Banks To N Of SR 51/Franklin,PRE-CONSTRUCTION
0015250,https://www.dot.ga.gov/applications/geopi/Pages/Dashboard.aspx?ProjectId=0015250,Franklin,I-85 From N Of SR 51 To N Of SR 320,PRE-CONSTRUCTION
0015251,https://www.dot.ga.gov/applications/geopi/Pages/Dashboard.aspx?ProjectId=0015251,Franklin,I-85 From N Of SR 320 To N Of SR 17,PRE-CONSTRUCTION
0015252,https://www.dot.ga.gov/applications/geopi/Pages/Dashboard.aspx?ProjectId=0015252,"Franklin , Hart",I-85 From N Of SR 17 To South Carolina State Line,PRE-CONSTRUCTION
0015280,https://www.dot.ga.gov/applications/geopi/Pages/Dashboard.aspx?ProjectId=0015280,Hall,Spout Springs Road From Union Circle To S Of SR 347-Phase II,PRE-CONSTRUCTION
0015284,https://www.dot.ga.gov/applications/geopi/Pages/Dashboard.aspx?ProjectId=0015284,Henry,SR 155 From I-75 To Hampton-Locust Grove RD/Bill Gardner Pkwy,PRE-CONSTRUCTION
0015285,https://www.dot.ga.gov/applications/geopi/Pages/Dashboard.aspx?ProjectId=0015285,Muscogee,Infantry Road & Follow Me Trail Extension,UNDER-CONSTRUCTION
0015287,https://www.dot.ga.gov/applications/geopi/Pages/Dashboard.aspx?ProjectId=0015287,Muscogee,Motts Green Plaza,UNDER-CONSTRUCTION
0015288,https://www.dot.ga.gov/applications/geopi/Pages/Dashboard.aspx?ProjectId=0015288,Fulton,SR 3/US 41 From CS 1704/Tech Pkwy To CS 696/Hemphill Ave,PRE-CONSTRUCTION
0015295,https://www.dot.ga.gov/applications/geopi/Pages/Dashboard.aspx?ProjectId=0015295,Fulton,CS 2003/Central Ave @ CSX #279974G In Atlanta,PRE-CONSTRUCTION
0015306,https://www.dot.ga.gov/applications/geopi/Pages/Dashboard.aspx?ProjectId=0015306,Chatham,Ca - Truman Linear Park Train - Phase II-B,UNDER-CONSTRUCTION
0015314,https://www.dot.ga.gov/applications/geopi/Pages/Dashboard.aspx?ProjectId=0015314,Coweta,I-85/SR 154 - Traffic Management,COMPLETED-CONSTRUCTION
0015318,https://www.dot.ga.gov/applications/geopi/Pages/Dashboard.aspx?ProjectId=0015318,Fulton,US 41/SR 3/SR 8 - Operation Improvements,COMPLETED-CONSTRUCTION
0015322,https://www.dot.ga.gov/applications/geopi/Pages/Dashboard.aspx?ProjectId=0015322,Habersham,SR 105 @ SR 365/SR 419,PRE-CONSTRUCTION
0015382,https://www.dot.ga.gov/applications/geopi/Pages/Dashboard.aspx?ProjectId=0015382,Fulton,I-285 @ SR 8 & SR 8 From I-285 To SR 280,PRE-CONSTRUCTION
0015383,https://www.dot.ga.gov/applications/geopi/Pages/Dashboard.aspx?ProjectId=0015383,Chatham,SR 26 From W Of Ft Pulaski RD To W Of Byers St-Emergency Proj,UNDER-CONSTRUCTION
0015384,https://www.dot.ga.gov/applications/geopi/Pages/Dashboard.aspx?ProjectId=0015384,Bryan,SR 144Sp From Williamson Dr To W Of Grace Ct Dr-Emergency Proj,UNDER-CONSTRUCTION
0015385,https://www.dot.ga.gov/applications/geopi/Pages/Dashboard.aspx?ProjectId=0015385,Glynn,SR 25 Spur @ CR 855/Glynco Pkwy - Emergency Project,UNDER-CONSTRUCTION
0015386,https://www.dot.ga.gov/applications/geopi/Pages/Dashboard.aspx?ProjectId=0015386,Chatham,SR 307 @ CS 1560/Product Support Road - Emergency Project,UNDER-CONSTRUCTION
0015387,https://www.dot.ga.gov/applications/geopi/Pages/Dashboard.aspx?ProjectId=0015387,Chatham,SR 204 @ CSX #641157A - Emergency Project,UNDER-CONSTRUCTION
0015390,https://www.dot.ga.gov/applications/geopi/Pages/Dashboard.aspx?ProjectId=0015390,Clarke,CR 1037/Chase Street From CR 478/Barber Street To CSX #639916G,PRE-CONSTRUCTION
0015391,https://www.dot.ga.gov/applications/geopi/Pages/Dashboard.aspx?ProjectId=0015391,Jackson,Ca - CS 751/CR 1317/Davis St @ 1 Loc &CS 753/Pinecrest Ln,UNDER-CONSTRUCTION
0015394,https://www.dot.ga.gov/applications/geopi/Pages/Dashboard.aspx?ProjectId=0015394,Thomas,SR 38Bu From CS 817/North Blvd To CS 790/Plantation Oak Dr,UNDER-CONSTRUCTION
0015396,https://www.dot.ga.gov/applications/geopi/Pages/Dashboard.aspx?ProjectId=0015396,Camden,Boone Street; May Creek Drive & Keith Dixon Way @ 3 Locs,PRE-CONSTRUCTION
0015397,https://www.dot.ga.gov/applications/geopi/Pages/Dashboard.aspx?ProjectId=0015397,Coffee,Sidewalk Improvements @ 4 Locs In Douglas,PRE-CONSTRUCTION
0015398,https://www.dot.ga.gov/applications/geopi/Pages/Dashboard.aspx?ProjectId=0015398,Camden,Winding Road From Colerain Road To SR 40 Spur,PRE-CONSTRUCTION
0015400,https://www.dot.ga.gov/applications/geopi/Pages/Dashboard.aspx?ProjectId=0015400,Glynn,Glynn Ave Link Trail From Overlook Park To SR 25 Spur East,PRE-CONSTRUCTION
0015401,https://www.dot.ga.gov/applications/geopi/Pages/Dashboard.aspx?ProjectId=0015401,Dougherty,Downtown Albany Revitalization @ 7 Locs,PRE-CONSTRUCTION
0015402,https://www.dot.ga.gov/applications/geopi/Pages/Dashboard.aspx?ProjectId=0015402,Washington,Downtown Sandersville Pedestrain Access @ 5 Locs,PRE-CONSTRUCTION
0015403,https://www.dot.ga.gov/applications/geopi/Pages/Dashboard.aspx?ProjectId=0015403,Toombs,Downtown Vidalia Streetscapes @ 5 Locs,PRE-CONSTRUCTION
0015404,https://www.dot.ga.gov/applications/geopi/Pages/Dashboard.aspx?ProjectId=0015404,Lee,SR 3/US 19 @ SR 32,PRE-CONSTRUCTION
0015408,https://www.dot.ga.gov/applications/geopi/Pages/Dashboard.aspx?ProjectId=0015408,"Butts , Lamar , Monroe , Spalding",I-75 From Johnstonville Road To Jenkinsburg Road - Phase I,PRE-CONSTRUCTION
0015409,https://www.dot.ga.gov/applications/geopi/Pages/Dashboard.aspx?ProjectId=0015409,All Counties,I-75 From CR 648/Lg Griffin Road To SR 18 - Phase II,PRE-CONSTRUCTION
0015410,https://www.dot.ga.gov/applications/geopi/Pages/Dashboard.aspx?ProjectId=0015410,Bartow,Ca - Chitwood Cove RD From Wilderness Camp,COMPLETED-CONSTRUCTION
0015411,https://www.dot.ga.gov/applications/geopi/Pages/Dashboard.aspx?ProjectId=0015411,Bartow,Ca - Mccaskey Creek RD From SR 20 Spur,COMPLETED-CONSTRUCTION
0015413,https://www.dot.ga.gov/applications/geopi/Pages/Dashboard.aspx?ProjectId=0015413,Chattooga,SR 1/US 27 @ Taylors Ridge - Phase II,PRE-CONSTRUCTION
0015417,https://www.dot.ga.gov/applications/geopi/Pages/Dashboard.aspx?ProjectId=0015417,"Clayton , Spalding",Wildwood Road (CR 517/CR 1329) - Construction Of A Bridge,COMPLETED-CONSTRUCTION
0015421,https://www.dot.ga.gov/applications/geopi/Pages/Dashboard.aspx?ProjectId=0015421,Walton,SR 138 - New Const,COMPLETED-CONSTRUCTION
0015422,https://www.dot.ga.gov/applications/geopi/Pages/Dashboard.aspx?ProjectId=0015422,Echols,CR 96/Culpepper Road @ Alapahoochee River & @ Overflow,PRE-CONSTRUCTION
0015424,https://www.dot.ga.gov/applications/geopi/Pages/Dashboard.aspx?ProjectId=0015424,Fulton,Transportation Management Center,PRE-CONSTRUCTION
0015425,https://www.dot.ga.gov/applications/geopi/Pages/Dashboard.aspx?ProjectId=0015425,Butts,SR 16/SR 42 - Roundabout,UNDER-CONSTRUCTION
0015432,https://www.dot.ga.gov/applications/geopi/Pages/Dashboard.aspx?ProjectId=0015432,Clayton,SR 3 Conn - Op Improv,UNDER-CONSTRUCTION
0015439,https://www.dot.ga.gov/applications/geopi/Pages/Dashboard.aspx?ProjectId=0015439,Gwinnett,SR 20 ¿ Widening & Reconstruction,UNDER-CONSTRUCTION
0015447,https://www.dot.ga.gov/applications/geopi/Pages/Dashboard.aspx?ProjectId=0015447,All Counties,Its Expansion - Various Locations,COMPLETED-CONSTRUCTION
0015475,https://www.dot.ga.gov/applications/geopi/Pages/Dashboard.aspx?ProjectId=0015475,Dougherty,SR 133 @ CR 234/Lovers Lane Road - Roundabout,PRE-CONSTRUCTION
0015478,https://www.dot.ga.gov/applications/geopi/Pages/Dashboard.aspx?ProjectId=0015478,"Colquitt , Worth",SR 133 From 0.25 MI N Of Mike Horne RD To N Of Worth CO Line,PRE-CONSTRUCTION
0015517,https://www.dot.ga.gov/applications/geopi/Pages/Dashboard.aspx?ProjectId=0015517,Pickens,SR 53Bu From 0.25 MI S Of CS 672/Burnt Mountain RD To CR 75/Camp RD,PRE-CONSTRUCTION
0015519,https://www.dot.ga.gov/applications/geopi/Pages/Dashboard.aspx?ProjectId=0015519,Franklin,0.Casey RD (CR 44) - Bridge Rehab,COMPLETED-CONSTRUCTION
0015523,https://www.dot.ga.gov/applications/geopi/Pages/Dashboard.aspx?ProjectId=0015523,All Counties,Design Build Bridge Replacement - Various Locations,COMPLETED-CONSTRUCTION
0015528,https://www.dot.ga.gov/applications/geopi/Pages/Dashboard.aspx?ProjectId=0015528,Chatham,I-16 From CS 565/Pooler Pkwy To I-95,PRE-CONSTRUCTION
0015530,https://www.dot.ga.gov/applications/geopi/Pages/Dashboard.aspx?ProjectId=0015530,Fulton,CR 1529/Cochran Road @ Camp Creek,UNDER-CONSTRUCTION
0015532,https://www.dot.ga.gov/applications/geopi/Pages/Dashboard.aspx?ProjectId=0015532,Banks,SR 51 - Construction Of A Bridge,COMPLETED-CONSTRUCTION
0015534,https://www.dot.ga.gov/applications/geopi/Pages/Dashboard.aspx?ProjectId=0015534,Bartow,US 41/SR 3 - Construction Of A Bridge,UNDER-CONSTRUCTION
0015535,https://www.dot.ga.gov/applications/geopi/Pages/Dashboard.aspx?ProjectId=0015535,Bartow,US 41/SR 3 - Construction Of A Bridge,UNDER-CONSTRUCTION
0015536,https://www.dot.ga.gov/applications/geopi/Pages/Dashboard.aspx?ProjectId=0015536,Brantley,US 82 - Construction Of A Bridge,COMPLETED-CONSTRUCTION
0015537,https://www.dot.ga.gov/applications/geopi/Pages/Dashboard.aspx?ProjectId=0015537,Carroll,US 27/SR 1 - Construction Of A Bridge,COMPLETED-CONSTRUCTION
0015538,https://www.dot.ga.gov/applications/geopi/Pages/Dashboard.aspx?ProjectId=0015538,Catoosa,US 41/SR 3 - Construction Of A Bridge,UNDER-CONSTRUCTION
0015539,https://www.dot.ga.gov/applications/geopi/Pages/Dashboard.aspx?ProjectId=0015539,Chattooga,Sr48 - Bridge Rplt,COMPLETED-CONSTRUCTION
0015540,https://www.dot.ga.gov/applications/geopi/Pages/Dashboard.aspx?ProjectId=0015540,Crisp,US 41/SR 7 - Brgd Rehab,COMPLETED-CONSTRUCTION
0015541,https://www.dot.ga.gov/applications/geopi/Pages/Dashboard.aspx?ProjectId=0015541,Dade,SR 58 - Construction Of A Bridge,UNDER-CONSTRUCTION
0015542,https://www.dot.ga.gov/applications/geopi/Pages/Dashboard.aspx?ProjectId=0015542,Dade,SR 136 @ Lookout Creek,PRE-CONSTRUCTION
0015543,https://www.dot.ga.gov/applications/geopi/Pages/Dashboard.aspx?ProjectId=0015543,Elbert,SR 77 (Hartwell Hwy) - Bridge Rehab,UNDER-CONSTRUCTION
0015544,https://www.dot.ga.gov/applications/geopi/Pages/Dashboard.aspx?ProjectId=0015544,Floyd,SR 293 (Kingston Highway) - Bridge Rehab,UNDER-CONSTRUCTION
0015546,https://www.dot.ga.gov/applications/geopi/Pages/Dashboard.aspx?ProjectId=0015546,Fulton,SR 14 @ NS #718047H In Atlanta,PRE-CONSTRUCTION
0015547,https://www.dot.ga.gov/applications/geopi/Pages/Dashboard.aspx?ProjectId=0015547,Gilmer,US 76/SR 515 - Construction Of Bridges,UNDER-CONSTRUCTION
0015552,https://www.dot.ga.gov/applications/geopi/Pages/Dashboard.aspx?ProjectId=0015552,Houston,SR 7 @ Flat Creek 3.5 MI SW Of Perry,PRE-CONSTRUCTION
0015553,https://www.dot.ga.gov/applications/geopi/Pages/Dashboard.aspx?ProjectId=0015553,Houston,SR 7/SR 127/US 41 @ Big Indian Creek In Perry,PRE-CONSTRUCTION
0015554,https://www.dot.ga.gov/applications/geopi/Pages/Dashboard.aspx?ProjectId=0015554,Jefferson,US 221/US 319/ SR 78/SR 171 - Bridge Replt,UNDER-CONSTRUCTION
0015556,https://www.dot.ga.gov/applications/geopi/Pages/Dashboard.aspx?ProjectId=0015556,Lumpkin,US 19/SR 9 -  Bridge Rehab,COMPLETED-CONSTRUCTION
0015557,https://www.dot.ga.gov/applications/geopi/Pages/Dashboard.aspx?ProjectId=0015557,"Franklin , Madison",US 29/SR 174/SR 8  - Bridge Replace,UNDER-CONSTRUCTION
0015558,https://www.dot.ga.gov/applications/geopi/Pages/Dashboard.aspx?ProjectId=0015558,Meriwether,US 27 Alt/SR 41 (Roosevelt Hwy) - Construction Of A Bridge,COMPLETED-CONSTRUCTION
0015559,https://www.dot.ga.gov/applications/geopi/Pages/Dashboard.aspx?ProjectId=0015559,Muscogee,SR 520/US 280 @ Chattahoochee River In Columbus,PRE-CONSTRUCTION
0015560,https://www.dot.ga.gov/applications/geopi/Pages/Dashboard.aspx?ProjectId=0015560,Newton,SR 81 @ Yellow River In Porterdale,PRE-CONSTRUCTION
0015561,https://www.dot.ga.gov/applications/geopi/Pages/Dashboard.aspx?ProjectId=0015561,Polk,SR 101 - Construction Of A Bridge,UNDER-CONSTRUCTION
0015562,https://www.dot.ga.gov/applications/geopi/Pages/Dashboard.aspx?ProjectId=0015562,Rabun,SR 28 @ Big Creek 13 MI NE Of Clayton,PRE-CONSTRUCTION
0015563,https://www.dot.ga.gov/applications/geopi/Pages/Dashboard.aspx?ProjectId=0015563,Randolph,SR 41 - Construction Of A Bridge,COMPLETED-CONSTRUCTION
0015564,https://www.dot.ga.gov/applications/geopi/Pages/Dashboard.aspx?ProjectId=0015564,Talbot,US 80/SR 22 - Bridge Replt,COMPLETED-CONSTRUCTION
0015565,https://www.dot.ga.gov/applications/geopi/Pages/Dashboard.aspx?ProjectId=0015565,Talbot,US 80/SR 22 - Bridge Rehab,COMPLETED-CONSTRUCTION
0015566,https://www.dot.ga.gov/applications/geopi/Pages/Dashboard.aspx?ProjectId=0015566,Talbot,SR 190 - Construction Of A Bridge,UNDER-CONSTRUCTION
0015567,https://www.dot.ga.gov/applications/geopi/Pages/Dashboard.aspx?ProjectId=0015567,Union,SR 60 - Bridge Cnst,UNDER-CONSTRUCTION
0015568,https://www.dot.ga.gov/applications/geopi/Pages/Dashboard.aspx?ProjectId=0015568,Walton,SR 83 - Construction Of A Bridge,COMPLETED-CONSTRUCTION
0015575,https://www.dot.ga.gov/applications/geopi/Pages/Dashboard.aspx?ProjectId=0015575,"Newton , Rockdale , Walton",SR 138 From Hi Roc Road To SR 81,PRE-CONSTRUCTION
0015576,https://www.dot.ga.gov/applications/geopi/Pages/Dashboard.aspx?ProjectId=0015576,Walton,SR 138 & CR 1448/Charlette Rowell Blvd From SR 81 To SR 11,PRE-CONSTRUCTION
0015591,https://www.dot.ga.gov/applications/geopi/Pages/Dashboard.aspx?ProjectId=0015591,"Dawson , Forsyth",SR 9 @ CR 741/Bannister Road,UNDER-CONSTRUCTION
0015592,https://www.dot.ga.gov/applications/geopi/Pages/Dashboard.aspx?ProjectId=0015592,Jackson,SR 11 (Winder Hwy) - Construction Of A Roundabout,COMPLETED-CONSTRUCTION
0015598,https://www.dot.ga.gov/applications/geopi/Pages/Dashboard.aspx?ProjectId=0015598,"DeKalb , Gwinnett",SR 141 - Sign Upgrades,COMPLETED-CONSTRUCTION
0015601,https://www.dot.ga.gov/applications/geopi/Pages/Dashboard.aspx?ProjectId=0015601,Schley,Ebenezer RD (CR 133) - Construction Of A Bridge,COMPLETED-CONSTRUCTION
0015602,https://www.dot.ga.gov/applications/geopi/Pages/Dashboard.aspx?ProjectId=0015602,Hancock,Water Works RD (CR 101) -Construction Of A Bridge,UNDER-CONSTRUCTION
0015603,https://www.dot.ga.gov/applications/geopi/Pages/Dashboard.aspx?ProjectId=0015603,Brooks,Old Madison Road (CR 245) - Bridge Rehab,UNDER-CONSTRUCTION
0015604,https://www.dot.ga.gov/applications/geopi/Pages/Dashboard.aspx?ProjectId=0015604,Paulding,Morningside Drive (CR 591) - Bridge Rehab,UNDER-CONSTRUCTION
0015605,https://www.dot.ga.gov/applications/geopi/Pages/Dashboard.aspx?ProjectId=0015605,Bulloch,CR 927/Old Hwy 46 @ Ash Branch 11.6 MI SE Of Brooklet,PRE-CONSTRUCTION
0015606,https://www.dot.ga.gov/applications/geopi/Pages/Dashboard.aspx?ProjectId=0015606,Fulton,Ca - CS 3586/Spring Street @ CSX,UNDER-CONSTRUCTION
0015608,https://www.dot.ga.gov/applications/geopi/Pages/Dashboard.aspx?ProjectId=0015608,Banks,Wrights Mill RD (CR 92) - Construction Of A  Bridge,UNDER-CONSTRUCTION
0015609,https://www.dot.ga.gov/applications/geopi/Pages/Dashboard.aspx?ProjectId=0015609,"Barrow , Gwinnett",Harbins RD (CR 954)/Patrick Mill RD (CR 93)-Apalachee River,COMPLETED-CONSTRUCTION
0015611,https://www.dot.ga.gov/applications/geopi/Pages/Dashboard.aspx?ProjectId=0015611,Gilmer,Vanilla Ln (CR 412) - Bridge Rehab,COMPLETED-CONSTRUCTION
0015613,https://www.dot.ga.gov/applications/geopi/Pages/Dashboard.aspx?ProjectId=0015613,Johnson,Cross Cedar RD (CS 666) - Bridge Rehab,UNDER-CONSTRUCTION
0015614,https://www.dot.ga.gov/applications/geopi/Pages/Dashboard.aspx?ProjectId=0015614,Lowndes,CR 136/Old Quitman Road @ CSX #637487Y 6 MI W Of Valdosta,PRE-CONSTRUCTION
0015615,https://www.dot.ga.gov/applications/geopi/Pages/Dashboard.aspx?ProjectId=0015615,Upson,Jeff Davis RD (CR 422) - Construction Of A Bridge,UNDER-CONSTRUCTION
0015617,https://www.dot.ga.gov/applications/geopi/Pages/Dashboard.aspx?ProjectId=0015617,Colquitt,Ellenton Omega RD (CR 486) - Construction Of Bridges,UNDER-CONSTRUCTION
0015618,https://www.dot.ga.gov/applications/geopi/Pages/Dashboard.aspx?ProjectId=0015618,Gwinnett,Martin Farm RD (CS 833) - Construction Of A Bridge,UNDER-CONSTRUCTION
0015619,https://www.dot.ga.gov/applications/geopi/Pages/Dashboard.aspx?ProjectId=0015619,Echols,J Frank Culpepper RD (CR 96) - Bridge Rehab,COMPLETED-CONSTRUCTION
0015621,https://www.dot.ga.gov/applications/geopi/Pages/Dashboard.aspx?ProjectId=0015621,Emanuel,Lambs Bridge RD (CR 454) - Construction Of A Bridge,UNDER-CONSTRUCTION
0015622,https://www.dot.ga.gov/applications/geopi/Pages/Dashboard.aspx?ProjectId=0015622,Emanuel,Lambs Bridge RD (CR 454) - Construction Of A Bridge,UNDER-CONSTRUCTION
0015623,https://www.dot.ga.gov/applications/geopi/Pages/Dashboard.aspx?ProjectId=0015623,Jenkins,Harrison RD (CR 48) - Bridge Rehab,COMPLETED-CONSTRUCTION
0015624,https://www.dot.ga.gov/applications/geopi/Pages/Dashboard.aspx?ProjectId=0015624,Fulton,SR 279 From SR 138 To CR 1391/Flat Shoals Road - Phase II,PRE-CONSTRUCTION
0015629,https://www.dot.ga.gov/applications/geopi/Pages/Dashboard.aspx?ProjectId=0015629,DeKalb,SR 236 - Pedestrian Improv,COMPLETED-CONSTRUCTION
0015631,https://www.dot.ga.gov/applications/geopi/Pages/Dashboard.aspx?ProjectId=0015631,Clayton,Brown RD(CR 506) - Brgd Rehab,UNDER-CONSTRUCTION
0015632,https://www.dot.ga.gov/applications/geopi/Pages/Dashboard.aspx?ProjectId=0015632,Coffee,CR 705/Bridgetown Road @ Satilla River 11 MI W Of Douglas,PRE-CONSTRUCTION
0015635,https://www.dot.ga.gov/applications/geopi/Pages/Dashboard.aspx?ProjectId=0015635,Lumpkin,CR 48/Roy Grindle Road @ Chestatee River Trib N Of Dahlonega,PRE-CONSTRUCTION
0015636,https://www.dot.ga.gov/applications/geopi/Pages/Dashboard.aspx?ProjectId=0015636,Habersham,Tugalo Short Cut RD (CR 225) Bridgee Rplt,UNDER-CONSTRUCTION
0015640,https://www.dot.ga.gov/applications/geopi/Pages/Dashboard.aspx?ProjectId=0015640,Sumter,Salters Mill RD (CR 313) - Construction Of A Bridge,UNDER-CONSTRUCTION
0015641,https://www.dot.ga.gov/applications/geopi/Pages/Dashboard.aspx?ProjectId=0015641,Pierce,Tyre Bridge RD (CR 305) - Bridge Rehab,UNDER-CONSTRUCTION
0015642,https://www.dot.ga.gov/applications/geopi/Pages/Dashboard.aspx?ProjectId=0015642,Fulton,Oakley RD (CR 614) - Bridge Rehab,UNDER-CONSTRUCTION
0015645,https://www.dot.ga.gov/applications/geopi/Pages/Dashboard.aspx?ProjectId=0015645,Clarke,Belmont RD (CR 479) - Construction Of A Bridge,UNDER-CONSTRUCTION
0015646,https://www.dot.ga.gov/applications/geopi/Pages/Dashboard.aspx?ProjectId=0015646,DeKalb,Mercer University Dr (CR 3271) - Construction Of A Bridge,UNDER-CONSTRUCTION
0015647,https://www.dot.ga.gov/applications/geopi/Pages/Dashboard.aspx?ProjectId=0015647,Fayette,Coastline RD (CR 61) - Construction Of A Bridge,UNDER-CONSTRUCTION
0015651,https://www.dot.ga.gov/applications/geopi/Pages/Dashboard.aspx?ProjectId=0015651,Crisp,Watson Road (CR 73) - Bridge Replac,COMPLETED-CONSTRUCTION
0015652,https://www.dot.ga.gov/applications/geopi/Pages/Dashboard.aspx?ProjectId=0015652,Talbot,Gorman RD (CS 670) - Bridge Replac,UNDER-CONSTRUCTION
0015653,https://www.dot.ga.gov/applications/geopi/Pages/Dashboard.aspx?ProjectId=0015653,Fannin,CR 159/Madola Road @ Fightingtown Creek SW Of Mccaysville,PRE-CONSTRUCTION
0015656,https://www.dot.ga.gov/applications/geopi/Pages/Dashboard.aspx?ProjectId=0015656,Oconee,Clotfelter Road (CR 592) - Bridge Replac,UNDER-CONSTRUCTION
0015658,https://www.dot.ga.gov/applications/geopi/Pages/Dashboard.aspx?ProjectId=0015658,Putnam,CR 29/Martins Mill Road @ Little River 4.5 MI NW Of Eatonton,PRE-CONSTRUCTION
0015660,https://www.dot.ga.gov/applications/geopi/Pages/Dashboard.aspx?ProjectId=0015660,Brantley,CR 122/Humpback RD @ Little Satilla River 6 MI N Of Nahunta,PRE-CONSTRUCTION
0015664,https://www.dot.ga.gov/applications/geopi/Pages/Dashboard.aspx?ProjectId=0015664,Fulton,Campbellton RD From CR 485/Enon RD To CS 2952/Campground RD,PRE-CONSTRUCTION
0015667,https://www.dot.ga.gov/applications/geopi/Pages/Dashboard.aspx?ProjectId=0015667,Baldwin,SR 22 @ SR 24,PRE-CONSTRUCTION
0015670,https://www.dot.ga.gov/applications/geopi/Pages/Dashboard.aspx?ProjectId=0015670,Banks,US 441/SR 15 - Realignment & Safety Inprov,UNDER-CONSTRUCTION
0015672,https://www.dot.ga.gov/applications/geopi/Pages/Dashboard.aspx?ProjectId=0015672,Newton,Brown Bridge RD (CR 1840) - Construction Of A Roundabout,COMPLETED-CONSTRUCTION
0015675,https://www.dot.ga.gov/applications/geopi/Pages/Dashboard.aspx?ProjectId=0015675,Chatham,I-16 @ CS 647/CS 2289/Chatham Pkwy,PRE-CONSTRUCTION
0015678,https://www.dot.ga.gov/applications/geopi/Pages/Dashboard.aspx?ProjectId=0015678,Walton,SR 10Bus -  Safety Improv,COMPLETED-CONSTRUCTION
0015679,https://www.dot.ga.gov/applications/geopi/Pages/Dashboard.aspx?ProjectId=0015679,Douglas,US 78/SR 8 (Veterans Memorial Hwy) - Construction Of A Roundabout,UNDER-CONSTRUCTION
0015680,https://www.dot.ga.gov/applications/geopi/Pages/Dashboard.aspx?ProjectId=0015680,DeKalb,SR 155 From SR 236 To CR 157/Briarcliff Road,PRE-CONSTRUCTION
0015682,https://www.dot.ga.gov/applications/geopi/Pages/Dashboard.aspx?ProjectId=0015682,DeKalb,SR 8 From CSX #639758J To CR 1267/N Ponce De Leon Ave,PRE-CONSTRUCTION
0015686,https://www.dot.ga.gov/applications/geopi/Pages/Dashboard.aspx?ProjectId=0015686,Bibb,US 41/SR 247 - Construction Of A Roundabout,UNDER-CONSTRUCTION
0015687,https://www.dot.ga.gov/applications/geopi/Pages/Dashboard.aspx?ProjectId=0015687,Chattahoochee,SR 1 - Construction Of Roundabout,UNDER-CONSTRUCTION
0015688,https://www.dot.ga.gov/applications/geopi/Pages/Dashboard.aspx?ProjectId=0015688,Butts,SR 16 - Construction Of A Roundabout,UNDER-CONSTRUCTION
0015689,https://www.dot.ga.gov/applications/geopi/Pages/Dashboard.aspx?ProjectId=0015689,Henry,SR 81 - Construction Of A Roundabout,UNDER-CONSTRUCTION
0015690,https://www.dot.ga.gov/applications/geopi/Pages/Dashboard.aspx?ProjectId=0015690,Muscogee,SR 22/US 80 @ SR 22 Spur,PRE-CONSTRUCTION
0015692,https://www.dot.ga.gov/applications/geopi/Pages/Dashboard.aspx?ProjectId=0015692,Bibb,SR 87- Construction Of Roundabout,UNDER-CONSTRUCTION
0015694,https://www.dot.ga.gov/applications/geopi/Pages/Dashboard.aspx?ProjectId=0015694,Carroll,SR 16 (Mt Zion RD) - Construction Of A Roundabout,UNDER-CONSTRUCTION
0015696,https://www.dot.ga.gov/applications/geopi/Pages/Dashboard.aspx?ProjectId=0015696,Mitchell,SR 3 @ SR 93,PRE-CONSTRUCTION
0015701,https://www.dot.ga.gov/applications/geopi/Pages/Dashboard.aspx?ProjectId=0015701,DeKalb,SR 124 From I-20 To CR 4282/Old Covington Highway,PRE-CONSTRUCTION
0015702,https://www.dot.ga.gov/applications/geopi/Pages/Dashboard.aspx?ProjectId=0015702,Hall,SR 53 (Dawsonville Hwy) - Ops Improv,UNDER-CONSTRUCTION
0015703,https://www.dot.ga.gov/applications/geopi/Pages/Dashboard.aspx?ProjectId=0015703,Clayton,SR 331 - Safety Improv,COMPLETED-CONSTRUCTION
0015704,https://www.dot.ga.gov/applications/geopi/Pages/Dashboard.aspx?ProjectId=0015704,Chatham,SR 404 Spur/US 17 @ Back River,PRE-CONSTRUCTION
0015724,https://www.dot.ga.gov/applications/geopi/Pages/Dashboard.aspx?ProjectId=0015724,Wayne,Ca - Transportation Improvements In Jesup,UNDER-CONSTRUCTION
0015738,https://www.dot.ga.gov/applications/geopi/Pages/Dashboard.aspx?ProjectId=0015738,Ware,Camp Branch RD (CR 32) - Bridge Replacement,COMPLETED-CONSTRUCTION
0015773,https://www.dot.ga.gov/applications/geopi/Pages/Dashboard.aspx?ProjectId=0015773,Charlton,"Patch / Resurface, CR 138 / Old Dixie Highway",COMPLETED-CONSTRUCTION
0015823,https://www.dot.ga.gov/applications/geopi/Pages/Dashboard.aspx?ProjectId=0015823,Henry,US 23/SR 42 - Widening,UNDER-CONSTRUCTION
0015844,https://www.dot.ga.gov/applications/geopi/Pages/Dashboard.aspx?ProjectId=0015844,Coweta,SR 14/US 29 @ CS 2334/Corinth Road In Newnan,PRE-CONSTRUCTION
0015878,https://www.dot.ga.gov/applications/geopi/Pages/Dashboard.aspx?ProjectId=0015878,Washington,SR 24 - Major Widening,UNDER-CONSTRUCTION
0015882,https://www.dot.ga.gov/applications/geopi/Pages/Dashboard.aspx?ProjectId=0015882,Barrow,SR 124 @ CR 47/Old Hog Mountain Road,PRE-CONSTRUCTION
0015890,https://www.dot.ga.gov/applications/geopi/Pages/Dashboard.aspx?ProjectId=0015890,Fulton,Ca - CS 654/10Th St @ I-75/I-85; Inc Williams St,UNDER-CONSTRUCTION
0015912,https://www.dot.ga.gov/applications/geopi/Pages/Dashboard.aspx?ProjectId=0015912,All Counties,"Db -  Br Repl At 6 Loc In District 1, 2 & 6",COMPLETED-CONSTRUCTION
0015913,https://www.dot.ga.gov/applications/geopi/Pages/Dashboard.aspx?ProjectId=0015913,All Counties,"Db - Br Repl At  Various Loc In Dist 3, 4 & 5",COMPLETED-CONSTRUCTION
0015916,https://www.dot.ga.gov/applications/geopi/Pages/Dashboard.aspx?ProjectId=0015916,Henry,SR 20 @ CS 992/Mcgarity Road & CS 608/Lawrenceville Street,PRE-CONSTRUCTION
0015918,https://www.dot.ga.gov/applications/geopi/Pages/Dashboard.aspx?ProjectId=0015918,Hall,SR 60 @ CS 898/Academy Street,PRE-CONSTRUCTION
0015919,https://www.dot.ga.gov/applications/geopi/Pages/Dashboard.aspx?ProjectId=0015919,DeKalb,I-85 Nb From SR 42 To SR 155,PRE-CONSTRUCTION
0015923,https://www.dot.ga.gov/applications/geopi/Pages/Dashboard.aspx?ProjectId=0015923,Cherokee,SR 92 @ CS 990/Neese Road,UNDER-CONSTRUCTION
0015925,https://www.dot.ga.gov/applications/geopi/Pages/Dashboard.aspx?ProjectId=0015925,Oconee,SR 24/US 441 From SR 186 To CS 7/Astondale Road,PRE-CONSTRUCTION
0015951,https://www.dot.ga.gov/applications/geopi/Pages/Dashboard.aspx?ProjectId=0015951,Turner,Legg Road @ Wolf Creek,PRE-CONSTRUCTION
0015955,https://www.dot.ga.gov/applications/geopi/Pages/Dashboard.aspx?ProjectId=0015955,Decatur,SR 38 (Whigham Dairy RD) - Reconstruction,UNDER-CONSTRUCTION
0015956,https://www.dot.ga.gov/applications/geopi/Pages/Dashboard.aspx?ProjectId=0015956,DeKalb,SR 155/US 23 From I-85 To CR 1482/Audubon Drive,PRE-CONSTRUCTION
0015957,https://www.dot.ga.gov/applications/geopi/Pages/Dashboard.aspx?ProjectId=0015957,Grady,SR 188 @ CR 325/Airport Road,PRE-CONSTRUCTION
0015960,https://www.dot.ga.gov/applications/geopi/Pages/Dashboard.aspx?ProjectId=0015960,Gordon,SR 3 @ CS 1134/Travelers Path,PRE-CONSTRUCTION
0015963,https://www.dot.ga.gov/applications/geopi/Pages/Dashboard.aspx?ProjectId=0015963,Walker,Hog Jowl RD (CR 716) - Bridge Replacement,COMPLETED-CONSTRUCTION
0015983,https://www.dot.ga.gov/applications/geopi/Pages/Dashboard.aspx?ProjectId=0015983,Gwinnett,SR 140 - Operation Improv,UNDER-CONSTRUCTION
0015984,https://www.dot.ga.gov/applications/geopi/Pages/Dashboard.aspx?ProjectId=0015984,Morgan,North Madison Bypass From SR 83 To SR 24,PRE-CONSTRUCTION
0015985,https://www.dot.ga.gov/applications/geopi/Pages/Dashboard.aspx?ProjectId=0015985,Morgan,CS 603/Lions Club Road From SR 83 To SR 24,PRE-CONSTRUCTION
0015997,https://www.dot.ga.gov/applications/geopi/Pages/Dashboard.aspx?ProjectId=0015997,Fulton,Ca - Path 400 Trl Ext Frm Wieuca Road To Loridans Dr,UNDER-CONSTRUCTION
0015998,https://www.dot.ga.gov/applications/geopi/Pages/Dashboard.aspx?ProjectId=0015998,Fulton,SR 3 (Northside Dr) - Sidewalk Cnst,UNDER-CONSTRUCTION
0015999,https://www.dot.ga.gov/applications/geopi/Pages/Dashboard.aspx?ProjectId=0015999,Fulton,CS 434/Lenox RD From CS 3369/East Paces Ferry RD To SR 141,UNDER-CONSTRUCTION
0016000,https://www.dot.ga.gov/applications/geopi/Pages/Dashboard.aspx?ProjectId=0016000,Banks,US 441/SR 15 - Realignment & Safety Inprov,UNDER-CONSTRUCTION
0016015,https://www.dot.ga.gov/applications/geopi/Pages/Dashboard.aspx?ProjectId=0016015,"Cherokee , Cobb",Ca - Noonday Creek Trail Extension From SR 92 To Noonday Creek,UNDER-CONSTRUCTION
0016053,https://www.dot.ga.gov/applications/geopi/Pages/Dashboard.aspx?ProjectId=0016053,DeKalb,Ptree Crk Greenway Trail From Atl To N Druid Hills RD-Phase II,PRE-CONSTRUCTION
0016054,https://www.dot.ga.gov/applications/geopi/Pages/Dashboard.aspx?ProjectId=0016054,DeKalb,I-85 At SR 42/North Druid Hills - Interchange Reconstruction,UNDER-CONSTRUCTION
0016056,https://www.dot.ga.gov/applications/geopi/Pages/Dashboard.aspx?ProjectId=0016056,DeKalb,CS 127/Ashford Dunwoody Road @ CS 145/Windsor Pkwy,PRE-CONSTRUCTION
0016065,https://www.dot.ga.gov/applications/geopi/Pages/Dashboard.aspx?ProjectId=0016065,Jackson,SR 53 - Construction Of Roundabout,UNDER-CONSTRUCTION
0016066,https://www.dot.ga.gov/applications/geopi/Pages/Dashboard.aspx?ProjectId=0016066,Forsyth,SR 9 - Inter Improv,UNDER-CONSTRUCTION
0016067,https://www.dot.ga.gov/applications/geopi/Pages/Dashboard.aspx?ProjectId=0016067,Gwinnett,Norcross Greenway - LCI,PRE-CONSTRUCTION
0016069,https://www.dot.ga.gov/applications/geopi/Pages/Dashboard.aspx?ProjectId=0016069,Gwinnett,Ca - SR 20 From CR 288/Ozora RD To CR 8321/Brand RD,UNDER-CONSTRUCTION
0016074,https://www.dot.ga.gov/applications/geopi/Pages/Dashboard.aspx?ProjectId=0016074,Hall,SR 365 @ Howard Road - New Interchange,PRE-CONSTRUCTION
0016078,https://www.dot.ga.gov/applications/geopi/Pages/Dashboard.aspx?ProjectId=0016078,"DeKalb , Fulton",I-20/ SR 402 - Operational Improv,UNDER-CONSTRUCTION
0016081,https://www.dot.ga.gov/applications/geopi/Pages/Dashboard.aspx?ProjectId=0016081,Oconee,CR 828/Bishop Farms Pkwy Ext To New High Shoals Road,PRE-CONSTRUCTION
0016089,https://www.dot.ga.gov/applications/geopi/Pages/Dashboard.aspx?ProjectId=0016089,"Barrow , Gwinnett , Hall",SR 211 From CS 1274/Pinot Noir Drive To SR 347,PRE-CONSTRUCTION
0016105,https://www.dot.ga.gov/applications/geopi/Pages/Dashboard.aspx?ProjectId=0016105,Cherokee,SR 140 - Intersection Improv,COMPLETED-CONSTRUCTION
0016106,https://www.dot.ga.gov/applications/geopi/Pages/Dashboard.aspx?ProjectId=0016106,Polk,US 278/SR 6 - Construction Of A Roundabout,UNDER-CONSTRUCTION
0016108,https://www.dot.ga.gov/applications/geopi/Pages/Dashboard.aspx?ProjectId=0016108,Carroll,SR 16 - Construction Of A Roundabout,UNDER-CONSTRUCTION
0016110,https://www.dot.ga.gov/applications/geopi/Pages/Dashboard.aspx?ProjectId=0016110,Carroll,SR 101 (Rockmart RD) - Widening,UNDER-CONSTRUCTION
0016111,https://www.dot.ga.gov/applications/geopi/Pages/Dashboard.aspx?ProjectId=0016111,Houston,US 129/SR 247 - Inter Improv,COMPLETED-CONSTRUCTION
0016112,https://www.dot.ga.gov/applications/geopi/Pages/Dashboard.aspx?ProjectId=0016112,Sumter,SR 30 @ Lamar Road/Pecan Road,PRE-CONSTRUCTION
0016113,https://www.dot.ga.gov/applications/geopi/Pages/Dashboard.aspx?ProjectId=0016113,Meriwether,SR 41 - Construction Of A Roundabout,UNDER-CONSTRUCTION
0016114,https://www.dot.ga.gov/applications/geopi/Pages/Dashboard.aspx?ProjectId=0016114,Brooks,SR 122 @ SR 333 - TIA,PRE-CONSTRUCTION
0016116,https://www.dot.ga.gov/applications/geopi/Pages/Dashboard.aspx?ProjectId=0016116,Pickens,SR 53Bu @ Dragon Drive,PRE-CONSTRUCTION
0016117,https://www.dot.ga.gov/applications/geopi/Pages/Dashboard.aspx?ProjectId=0016117,Peach,SR 247 Conn - Construction Of A  Roundabout,UNDER-CONSTRUCTION
0016118,https://www.dot.ga.gov/applications/geopi/Pages/Dashboard.aspx?ProjectId=0016118,Hall,SR 369 - Inter Improv,UNDER-CONSTRUCTION
0016122,https://www.dot.ga.gov/applications/geopi/Pages/Dashboard.aspx?ProjectId=0016122,"Cobb , Paulding",Ca - Burnt Hickory Road @ 1 Loc - Off-System,UNDER-CONSTRUCTION
0016123,https://www.dot.ga.gov/applications/geopi/Pages/Dashboard.aspx?ProjectId=0016123,Gilmer,Lower Cartecay RD (CR 101) - Construction Of A Bridge,UNDER-CONSTRUCTION
0016126,https://www.dot.ga.gov/applications/geopi/Pages/Dashboard.aspx?ProjectId=0016126,Butts,SR 36 @ Big Sandy Creek 3.8 MI SW Of Jackson,PRE-CONSTRUCTION
0016127,https://www.dot.ga.gov/applications/geopi/Pages/Dashboard.aspx?ProjectId=0016127,Butts,SR 36 @ Norris Creek 3.2 MI SW Of Jackson,PRE-CONSTRUCTION
0016128,https://www.dot.ga.gov/applications/geopi/Pages/Dashboard.aspx?ProjectId=0016128,"McDuffie , Wilkes",SR 80 @ Little River 12.9 MI NW Of Thomson,PRE-CONSTRUCTION
0016129,https://www.dot.ga.gov/applications/geopi/Pages/Dashboard.aspx?ProjectId=0016129,Monroe,SR 18 @ NS #718484D 13 MI E Of Forsyth,PRE-CONSTRUCTION
0016130,https://www.dot.ga.gov/applications/geopi/Pages/Dashboard.aspx?ProjectId=0016130,"Jones , Monroe",SR 18 @ Ocmulgee River 13 MI E Of Forsyth,PRE-CONSTRUCTION
0016166,https://www.dot.ga.gov/applications/geopi/Pages/Dashboard.aspx?ProjectId=0016166,Jackson,SR 124 - Construction Of A Roundabout,UNDER-CONSTRUCTION
0016167,https://www.dot.ga.gov/applications/geopi/Pages/Dashboard.aspx?ProjectId=0016167,Bryan,SR 144 @ Longwood Drive & Louis C Gill Blvd,PRE-CONSTRUCTION
0016181,https://www.dot.ga.gov/applications/geopi/Pages/Dashboard.aspx?ProjectId=0016181,Bacon,CR 323/Johnson Lake Road From SR 32 To SR 203 - TIA,UNDER-CONSTRUCTION
0016182,https://www.dot.ga.gov/applications/geopi/Pages/Dashboard.aspx?ProjectId=0016182,"Bacon , Coffee",SR 32 - Passing Lanes,UNDER-CONSTRUCTION
0016186,https://www.dot.ga.gov/applications/geopi/Pages/Dashboard.aspx?ProjectId=0016186,Ben Hill,CR 68/Bethleham Church Road @ South Prong House Creek - TIA,PRE-CONSTRUCTION
0016187,https://www.dot.ga.gov/applications/geopi/Pages/Dashboard.aspx?ProjectId=0016187,Ben Hill,CR 68/Bethleham Church Road @ Otter Creek - TIA,PRE-CONSTRUCTION
0016188,https://www.dot.ga.gov/applications/geopi/Pages/Dashboard.aspx?ProjectId=0016188,Ben Hill,Peachtree RD Corr From Benjamin H Hill Dr To SR 107/US 319-TIA,PRE-CONSTRUCTION
0016189,https://www.dot.ga.gov/applications/geopi/Pages/Dashboard.aspx?ProjectId=0016189,Ben Hill,CR 246/Evergreen RD From Oriole RD To Irwin County Line - TIA,UNDER-CONSTRUCTION
0016190,https://www.dot.ga.gov/applications/geopi/Pages/Dashboard.aspx?ProjectId=0016190,Ben Hill,Fitzgerald Perimeter Roads Improvements - TIA,PRE-CONSTRUCTION
0016192,https://www.dot.ga.gov/applications/geopi/Pages/Dashboard.aspx?ProjectId=0016192,Ben Hill,CS 752/Evergreen RD From SR 107 To CS 627/Glen Bass RD - TIA,UNDER-CONSTRUCTION
0016201,https://www.dot.ga.gov/applications/geopi/Pages/Dashboard.aspx?ProjectId=0016201,Brooks,Devane RD (CR 236) - Construction Of A Bridge,COMPLETED-CONSTRUCTION
0016202,https://www.dot.ga.gov/applications/geopi/Pages/Dashboard.aspx?ProjectId=0016202,Brooks,Webster RD - Sidewalk Construction & Drainage Improv,COMPLETED-CONSTRUCTION
0016203,https://www.dot.ga.gov/applications/geopi/Pages/Dashboard.aspx?ProjectId=0016203,Brooks,Barwick RD (CS 840) - Sidewalk Construction & Drain Improv,COMPLETED-CONSTRUCTION
0016204,https://www.dot.ga.gov/applications/geopi/Pages/Dashboard.aspx?ProjectId=0016204,Brooks,Barwick RD (CS 840) - Sidewalk Construction & Drain Improv,COMPLETED-CONSTRUCTION
0016205,https://www.dot.ga.gov/applications/geopi/Pages/Dashboard.aspx?ProjectId=0016205,Brooks,Barwick RD (CS 840) - Sidewalk Construction & Drain Improv,COMPLETED-CONSTRUCTION
0016206,https://www.dot.ga.gov/applications/geopi/Pages/Dashboard.aspx?ProjectId=0016206,Brooks,Barwick RD (CS 840) - Sidewalk Construction & Drain Improv,COMPLETED-CONSTRUCTION
0016215,https://www.dot.ga.gov/applications/geopi/Pages/Dashboard.aspx?ProjectId=0016215,Clinch,CS 567/Homerville Bypass From SR 38/US 84 To SR 38/US 84-TIA,PRE-CONSTRUCTION
0016235,https://www.dot.ga.gov/applications/geopi/Pages/Dashboard.aspx?ProjectId=0016235,Coffee,Bud Hutcheson Road From SR 32 To CR 45/Dolly Brock Road-TIA,PRE-CONSTRUCTION
0016240,https://www.dot.ga.gov/applications/geopi/Pages/Dashboard.aspx?ProjectId=0016240,Coffee,SR 158 From E Of Douglas City Limits To Ware County Line-TIA,PRE-CONSTRUCTION
0016244,https://www.dot.ga.gov/applications/geopi/Pages/Dashboard.aspx?ProjectId=0016244,Coffee,CS 672/Mcdonald Road From SR 158 To CS 1016/Cecil Way - TIA,PRE-CONSTRUCTION
0016245,https://www.dot.ga.gov/applications/geopi/Pages/Dashboard.aspx?ProjectId=0016245,Coffee,CS 660/S Gaskin Ave From SR 135 To CS 940/Pinecrest Dr - TIA,UNDER-CONSTRUCTION
0016246,https://www.dot.ga.gov/applications/geopi/Pages/Dashboard.aspx?ProjectId=0016246,Coffee,CS 787/Chester Ave From SR 32 To SR 31/US 441 - TIA,PRE-CONSTRUCTION
0016247,https://www.dot.ga.gov/applications/geopi/Pages/Dashboard.aspx?ProjectId=0016247,Coffee,SR 135/US 221 From SR 32 To W Of CS 1037/E Walker Street-TIA,PRE-CONSTRUCTION
0016248,https://www.dot.ga.gov/applications/geopi/Pages/Dashboard.aspx?ProjectId=0016248,Coffee,CS 795/Lupo Lane From CSX #638203Y To SR 158 - TIA,UNDER-CONSTRUCTION
0016249,https://www.dot.ga.gov/applications/geopi/Pages/Dashboard.aspx?ProjectId=0016249,Coffee,SR 158 From CS 652/Lakeview Ave To SR 135 - TIA,UNDER-CONSTRUCTION
0016250,https://www.dot.ga.gov/applications/geopi/Pages/Dashboard.aspx?ProjectId=0016250,Coffee,CS 1037/W Walker Street From SR 31/US 441 To N Gaskin Ave-TIA,PRE-CONSTRUCTION
0016251,https://www.dot.ga.gov/applications/geopi/Pages/Dashboard.aspx?ProjectId=0016251,Coffee,Road Improvements From Airport Circle To Thomas H Frier Dr-TIA,UNDER-CONSTRUCTION
0016253,https://www.dot.ga.gov/applications/geopi/Pages/Dashboard.aspx?ProjectId=0016253,Cook,CS 778/Alabama RD From CS 848/Country Farm RD To SR 37 - TIA,UNDER-CONSTRUCTION
0016254,https://www.dot.ga.gov/applications/geopi/Pages/Dashboard.aspx?ProjectId=0016254,Cook,CR 149/CR 216/CS 850/Tillman Road From SR 76 To I-75 - TIA,PRE-CONSTRUCTION
0016257,https://www.dot.ga.gov/applications/geopi/Pages/Dashboard.aspx?ProjectId=0016257,Cook,Val Del RD -  Pltmx Resurf,COMPLETED-CONSTRUCTION
0016270,https://www.dot.ga.gov/applications/geopi/Pages/Dashboard.aspx?ProjectId=0016270,Lowndes,Old Clyattville RD From I-75 To Kinderlou-Clyattville RD-TIA,PRE-CONSTRUCTION
0016272,https://www.dot.ga.gov/applications/geopi/Pages/Dashboard.aspx?ProjectId=0016272,Lowndes,CR 775/Shiloh Road From CR 239/Snake Nation Road To I-75-TIA,PRE-CONSTRUCTION
0016273,https://www.dot.ga.gov/applications/geopi/Pages/Dashboard.aspx?ProjectId=0016273,Lowndes,Orr RD Extension From Skipper Bridge RD To Mulligan RD-TIA,PRE-CONSTRUCTION
0016275,https://www.dot.ga.gov/applications/geopi/Pages/Dashboard.aspx?ProjectId=0016275,Lowndes,CR 248/Briggston RD From SR 31 To Old Clyattville RD - TIA,UNDER-CONSTRUCTION
0016278,https://www.dot.ga.gov/applications/geopi/Pages/Dashboard.aspx?ProjectId=0016278,Lowndes,Kinderlou Clyattville RD From Old Clyattville To Seckinger-TIA,UNDER-CONSTRUCTION
0016279,https://www.dot.ga.gov/applications/geopi/Pages/Dashboard.aspx?ProjectId=0016279,Lowndes,CR 79/Coleman RD From Hahira City Limits To Val Del RD - TIA,UNDER-CONSTRUCTION
0016280,https://www.dot.ga.gov/applications/geopi/Pages/Dashboard.aspx?ProjectId=0016280,Lowndes,CR 390/Twin Lakes RD From CR 783/Loch Laurel RD To SR 7-TIA,PRE-CONSTRUCTION
0016281,https://www.dot.ga.gov/applications/geopi/Pages/Dashboard.aspx?ProjectId=0016281,Lowndes,CR 221/Hall RD From CR 38/Union RD To CR 57/Val Del RD - TIA,PRE-CONSTRUCTION
0016282,https://www.dot.ga.gov/applications/geopi/Pages/Dashboard.aspx?ProjectId=0016282,Lowndes,CS 1268/Country Club Drive From Eager Road To SR 7/US 41-TIA,PRE-CONSTRUCTION
0016283,https://www.dot.ga.gov/applications/geopi/Pages/Dashboard.aspx?ProjectId=0016283,Lowndes,CS 1539/St Augustine RD @ CSX #637479G S Of SR 38/US 84-TIA,PRE-CONSTRUCTION
0016284,https://www.dot.ga.gov/applications/geopi/Pages/Dashboard.aspx?ProjectId=0016284,Lowndes,Valdosta Regional Airport - Traffic Control Tower - TIA,UNDER-CONSTRUCTION
0016285,https://www.dot.ga.gov/applications/geopi/Pages/Dashboard.aspx?ProjectId=0016285,Lowndes,Old Clyattville RD From Gil Harbin Ind Blvd To Airport RD-TIA,UNDER-CONSTRUCTION
0016286,https://www.dot.ga.gov/applications/geopi/Pages/Dashboard.aspx?ProjectId=0016286,Lowndes,SR 133 (N Street) - Intersection Improv,UNDER-CONSTRUCTION
0016288,https://www.dot.ga.gov/applications/geopi/Pages/Dashboard.aspx?ProjectId=0016288,Lowndes,SR 133 (N Street) - Intersection Improv,UNDER-CONSTRUCTION
0016289,https://www.dot.ga.gov/applications/geopi/Pages/Dashboard.aspx?ProjectId=0016289,Lowndes,CS 1005/CS 1582/Forrest St From SR 38/US 84 To SR 7/US 41-TIA,PRE-CONSTRUCTION
0016290,https://www.dot.ga.gov/applications/geopi/Pages/Dashboard.aspx?ProjectId=0016290,Lowndes,CS 569/CS 1267/Baytree RD @ CS 1043/CS 1589/Gornto RD - TIA,UNDER-CONSTRUCTION
0016296,https://www.dot.ga.gov/applications/geopi/Pages/Dashboard.aspx?ProjectId=0016296,Pierce,CR 316/Golf Course Road From Ware Street To Brooks Circle-TIA,UNDER-CONSTRUCTION
0016297,https://www.dot.ga.gov/applications/geopi/Pages/Dashboard.aspx?ProjectId=0016297,Pierce,US 84/SR 38 - Inter Improv,UNDER-CONSTRUCTION
0016298,https://www.dot.ga.gov/applications/geopi/Pages/Dashboard.aspx?ProjectId=0016298,Tift,CR 44/Upper Ty Ty Road @ Little River - TIA,PRE-CONSTRUCTION
0016299,https://www.dot.ga.gov/applications/geopi/Pages/Dashboard.aspx?ProjectId=0016299,Tift,CR 411/Scooterville Road @ Little Creek - TIA,UNDER-CONSTRUCTION
0016300,https://www.dot.ga.gov/applications/geopi/Pages/Dashboard.aspx?ProjectId=0016300,Tift,CR 424/Omega-Eldorado Road @ Arnold Creek - TIA,UNDER-CONSTRUCTION
0016301,https://www.dot.ga.gov/applications/geopi/Pages/Dashboard.aspx?ProjectId=0016301,Tift,CR 424/Omega-Eldorado Road @ Little River - TIA,PRE-CONSTRUCTION
0016304,https://www.dot.ga.gov/applications/geopi/Pages/Dashboard.aspx?ProjectId=0016304,Tift,CR 326/Mccormick Dr From SR 520/US 82 To SR 35/US 319 - TIA,PRE-CONSTRUCTION
0016305,https://www.dot.ga.gov/applications/geopi/Pages/Dashboard.aspx?ProjectId=0016305,Tift,Tift Myers Airport - Taxiway Improvements - TIA,UNDER-CONSTRUCTION
0016306,https://www.dot.ga.gov/applications/geopi/Pages/Dashboard.aspx?ProjectId=0016306,Tift,CS 733/12Th Street @ CS 624/Prince Ave - TIA,PRE-CONSTRUCTION
0016307,https://www.dot.ga.gov/applications/geopi/Pages/Dashboard.aspx?ProjectId=0016307,Tift,CS 606/18Th St From CS 604/Hall Ave To CS 716/Emmett Dr - TIA,UNDER-CONSTRUCTION
0016309,https://www.dot.ga.gov/applications/geopi/Pages/Dashboard.aspx?ProjectId=0016309,Turner,CR 99/CR 107/Hobby RD From CR 101/Hobby School RD To SR 32-TIA,PRE-CONSTRUCTION
0016310,https://www.dot.ga.gov/applications/geopi/Pages/Dashboard.aspx?ProjectId=0016310,Turner,CR 101/Glynn Cook RD From CR 111/Cannon RD To SR 112 - TIA,PRE-CONSTRUCTION
0016311,https://www.dot.ga.gov/applications/geopi/Pages/Dashboard.aspx?ProjectId=0016311,Turner,CR 50/Reid Road From SR 159 To CR 163/Haw Pond Road - TIA,PRE-CONSTRUCTION
0016317,https://www.dot.ga.gov/applications/geopi/Pages/Dashboard.aspx?ProjectId=0016317,Tift,Carpenter Road From SR 520/US 82 To SR 35/US 319 - TIA,PRE-CONSTRUCTION
0016318,https://www.dot.ga.gov/applications/geopi/Pages/Dashboard.aspx?ProjectId=0016318,Tift,Mt Olive Church RD/Old Ocilla RD From Kennedy RD To SR 35,PRE-CONSTRUCTION
0016319,https://www.dot.ga.gov/applications/geopi/Pages/Dashboard.aspx?ProjectId=0016319,McDuffie,SR 17 (Werns Hwy) - Roundabout,UNDER-CONSTRUCTION
0016347,https://www.dot.ga.gov/applications/geopi/Pages/Dashboard.aspx?ProjectId=0016347,Banks,SR 98 @ SR 164 - Vru,PRE-CONSTRUCTION
0016348,https://www.dot.ga.gov/applications/geopi/Pages/Dashboard.aspx?ProjectId=0016348,Forsyth,SR 9 - Construction Of A Roundabout,UNDER-CONSTRUCTION
0016349,https://www.dot.ga.gov/applications/geopi/Pages/Dashboard.aspx?ProjectId=0016349,Barrow,SR 211 @ CR 38/Dee Kennedy Road,PRE-CONSTRUCTION
0016350,https://www.dot.ga.gov/applications/geopi/Pages/Dashboard.aspx?ProjectId=0016350,Barrow,SR 211 @ CR 1/CR 326/County Line Auburn Road - Hrrr,PRE-CONSTRUCTION
0016351,https://www.dot.ga.gov/applications/geopi/Pages/Dashboard.aspx?ProjectId=0016351,Barrow,SR 8/SR 53 @ CR 139/Jackson Trail Road,PRE-CONSTRUCTION
0016352,https://www.dot.ga.gov/applications/geopi/Pages/Dashboard.aspx?ProjectId=0016352,Gwinnett,SR 84 @ CR 556/Lakeview Road,PRE-CONSTRUCTION
0016356,https://www.dot.ga.gov/applications/geopi/Pages/Dashboard.aspx?ProjectId=0016356,Newton,SR 162 - Construction Of A Roundabout,UNDER-CONSTRUCTION
0016357,https://www.dot.ga.gov/applications/geopi/Pages/Dashboard.aspx?ProjectId=0016357,Laurens,US 80/SR 26 - Construction Of Roundabout,COMPLETED-CONSTRUCTION
0016358,https://www.dot.ga.gov/applications/geopi/Pages/Dashboard.aspx?ProjectId=0016358,Muscogee,I-185 @ CR 2249/Williams Road,PRE-CONSTRUCTION
0016360,https://www.dot.ga.gov/applications/geopi/Pages/Dashboard.aspx?ProjectId=0016360,Appling,SR 27/US 341 From SR 4 To Walmart Driveway,PRE-CONSTRUCTION
0016362,https://www.dot.ga.gov/applications/geopi/Pages/Dashboard.aspx?ProjectId=0016362,Fulton,SR 13 @ CS 520/Monroe Drive,PRE-CONSTRUCTION
0016363,https://www.dot.ga.gov/applications/geopi/Pages/Dashboard.aspx?ProjectId=0016363,Walton,SR 81 - Roundabout,UNDER-CONSTRUCTION
0016365,https://www.dot.ga.gov/applications/geopi/Pages/Dashboard.aspx?ProjectId=0016365,Cherokee,SR 92 @ CR 387/Trickum Road,PRE-CONSTRUCTION
0016386,https://www.dot.ga.gov/applications/geopi/Pages/Dashboard.aspx?ProjectId=0016386,Walton,SR 20 @ 3 Locs In Walton County,PRE-CONSTRUCTION
0016390,https://www.dot.ga.gov/applications/geopi/Pages/Dashboard.aspx?ProjectId=0016390,Fulton,SR 3 @ CS 2328/Ralph David Abernathy Blvd & CS 2429/Glenn St,PRE-CONSTRUCTION
0016404,https://www.dot.ga.gov/applications/geopi/Pages/Dashboard.aspx?ProjectId=0016404,Gwinnett,Ca - SR 13 From CS 1193/Sudderth Road,COMPLETED-CONSTRUCTION
0016405,https://www.dot.ga.gov/applications/geopi/Pages/Dashboard.aspx?ProjectId=0016405,Gwinnett,Ca - Arcado RD/Killian Hill RD From,COMPLETED-CONSTRUCTION
0016406,https://www.dot.ga.gov/applications/geopi/Pages/Dashboard.aspx?ProjectId=0016406,Gwinnett,Ca - SR 120 @ 1 Loc & CR 513/Cruse RD @ 1 Loc,COMPLETED-CONSTRUCTION
0016407,https://www.dot.ga.gov/applications/geopi/Pages/Dashboard.aspx?ProjectId=0016407,Gwinnett,Ca - CR 6512/Sugarloaf Pkwy From SR 20 To SR 316,COMPLETED-CONSTRUCTION
0016443,https://www.dot.ga.gov/applications/geopi/Pages/Dashboard.aspx?ProjectId=0016443,Fulton,SR 372 - Construction Of A Roundabout,COMPLETED-CONSTRUCTION
0016445,https://www.dot.ga.gov/applications/geopi/Pages/Dashboard.aspx?ProjectId=0016445,Hart,SR 8 From CS 711/N Richardson Street To CR 33/Elizabeth Road,PRE-CONSTRUCTION
0016446,https://www.dot.ga.gov/applications/geopi/Pages/Dashboard.aspx?ProjectId=0016446,Stephens,SR 17 Alt From CS 734/Fernside Drive To SR 184,PRE-CONSTRUCTION
0016448,https://www.dot.ga.gov/applications/geopi/Pages/Dashboard.aspx?ProjectId=0016448,Barrow,SR 211 @ CR 326/County Line Auburn Road,PRE-CONSTRUCTION
0016453,https://www.dot.ga.gov/applications/geopi/Pages/Dashboard.aspx?ProjectId=0016453,Newton,SR 162 @ CR 228/Rocky Plains Road,PRE-CONSTRUCTION
0016457,https://www.dot.ga.gov/applications/geopi/Pages/Dashboard.aspx?ProjectId=0016457,Richmond,SR 28 From SR 104 Conn To Old Berckmans Road,PRE-CONSTRUCTION
0016458,https://www.dot.ga.gov/applications/geopi/Pages/Dashboard.aspx?ProjectId=0016458,"Columbia , Richmond",SR 383 From CR 573/Wheeler Road To CR 1501/Wrightsboro Road,PRE-CONSTRUCTION
0016461,https://www.dot.ga.gov/applications/geopi/Pages/Dashboard.aspx?ProjectId=0016461,Montgomery,SR 30/US 280 @ SR 15/SR 135,PRE-CONSTRUCTION
0016462,https://www.dot.ga.gov/applications/geopi/Pages/Dashboard.aspx?ProjectId=0016462,Chatham,SR 25/US 17 From SR 307 To I-516,PRE-CONSTRUCTION
0016464,https://www.dot.ga.gov/applications/geopi/Pages/Dashboard.aspx?ProjectId=0016464,Bulloch,SR 73/US 25 @ SR 67,PRE-CONSTRUCTION
0016466,https://www.dot.ga.gov/applications/geopi/Pages/Dashboard.aspx?ProjectId=0016466,Carroll,SR 8 From CS 919/Rocky Branch Road To SR 61,PRE-CONSTRUCTION
0016467,https://www.dot.ga.gov/applications/geopi/Pages/Dashboard.aspx?ProjectId=0016467,Paulding,SR 6/US 278 @ 5 Locs,PRE-CONSTRUCTION
0016469,https://www.dot.ga.gov/applications/geopi/Pages/Dashboard.aspx?ProjectId=0016469,Polk,SR 6/SR 101 @ Coots Lake,PRE-CONSTRUCTION
0016475,https://www.dot.ga.gov/applications/geopi/Pages/Dashboard.aspx?ProjectId=0016475,DeKalb,SR 8/SR 10/US 23 @ Lullwater Creek,PRE-CONSTRUCTION
0016476,https://www.dot.ga.gov/applications/geopi/Pages/Dashboard.aspx?ProjectId=0016476,Fulton,SR 9/US 19 @ CSX #639817J In Atlanta,PRE-CONSTRUCTION
0016504,https://www.dot.ga.gov/applications/geopi/Pages/Dashboard.aspx?ProjectId=0016504,Atkinson,US 221/SR 31/SR 64 - Bridge Culv Repl & Construction Of A Bridge,UNDER-CONSTRUCTION
0016505,https://www.dot.ga.gov/applications/geopi/Pages/Dashboard.aspx?ProjectId=0016505,Atkinson,US 221/SR 31/SR 64 - Bridge Culv Repl & Construction Of A Bridge,UNDER-CONSTRUCTION
0016506,https://www.dot.ga.gov/applications/geopi/Pages/Dashboard.aspx?ProjectId=0016506,Bartow,I-75 @ CR 179/Cedar Creek Road 5.2 MI NW Of White,UNDER-CONSTRUCTION
0016507,https://www.dot.ga.gov/applications/geopi/Pages/Dashboard.aspx?ProjectId=0016507,Bryan,I-16 @ CR 12/Olive Branch Road 9.1 MI NE Of Pembroke,PRE-CONSTRUCTION
0016508,https://www.dot.ga.gov/applications/geopi/Pages/Dashboard.aspx?ProjectId=0016508,Chattahoochee,SR 520/US 27 @ First Division Road 7.5 MI NW Of Cusseta,PRE-CONSTRUCTION
0016509,https://www.dot.ga.gov/applications/geopi/Pages/Dashboard.aspx?ProjectId=0016509,Cherokee,SR 108 @ Shoal Creek 4.5 MI SW Of Waleska,PRE-CONSTRUCTION
0016512,https://www.dot.ga.gov/applications/geopi/Pages/Dashboard.aspx?ProjectId=0016512,Dade,I-24 @ CR 145/Slygo Road 5 MI NE Of New England ,PRE-CONSTRUCTION
0016513,https://www.dot.ga.gov/applications/geopi/Pages/Dashboard.aspx?ProjectId=0016513,Dodge,SR 257 @ Gum Swamp Creek 4.7 MI SW Of Chester,PRE-CONSTRUCTION
0016514,https://www.dot.ga.gov/applications/geopi/Pages/Dashboard.aspx?ProjectId=0016514,Echols,SR 89/US 441 @ Little Suwannee Creek 8 MI S Of Fargo,PRE-CONSTRUCTION
0016515,https://www.dot.ga.gov/applications/geopi/Pages/Dashboard.aspx?ProjectId=0016515,Fannin,SR 5 @ Toccoa River In Mccaysville,PRE-CONSTRUCTION
0016517,https://www.dot.ga.gov/applications/geopi/Pages/Dashboard.aspx?ProjectId=0016517,Franklin,SR 328 @ Gumlog Creek 3.8 MI N Of Lavonia,PRE-CONSTRUCTION
0016523,https://www.dot.ga.gov/applications/geopi/Pages/Dashboard.aspx?ProjectId=0016523,Jackson,I-85/SR 403 - Construction Of A Bridge,COMPLETED-CONSTRUCTION
0016526,https://www.dot.ga.gov/applications/geopi/Pages/Dashboard.aspx?ProjectId=0016526,"Franklin , Madison",SR 106 @ Hudson River 3.8 MI N Of Pocataligo,PRE-CONSTRUCTION
0016527,https://www.dot.ga.gov/applications/geopi/Pages/Dashboard.aspx?ProjectId=0016527,Meriwether,SR 362 @ Red Oak Creek 6 MI NE Of Greenville,PRE-CONSTRUCTION
0016528,https://www.dot.ga.gov/applications/geopi/Pages/Dashboard.aspx?ProjectId=0016528,Murray,SR 2/SR 61 @ Sumac Creek 1.6 MI N Of Crandall,PRE-CONSTRUCTION
0016531,https://www.dot.ga.gov/applications/geopi/Pages/Dashboard.aspx?ProjectId=0016531,Turner,CR 26/Bethel Road @ Hat Creek 6.7 MI SE Of Sycamore,PRE-CONSTRUCTION
0016564,https://www.dot.ga.gov/applications/geopi/Pages/Dashboard.aspx?ProjectId=0016564,Wayne,CR 31/Oglethorpe Road @ Little Goose Creek,PRE-CONSTRUCTION
0016565,https://www.dot.ga.gov/applications/geopi/Pages/Dashboard.aspx?ProjectId=0016565,Wayne,CR 31/Oglethorpe Road @ Little Goose Creek 9 MI NW Of Jesup,PRE-CONSTRUCTION
0016566,https://www.dot.ga.gov/applications/geopi/Pages/Dashboard.aspx?ProjectId=0016566,Camden,CS 140/Old Still Road @ Crooked River,PRE-CONSTRUCTION
0016567,https://www.dot.ga.gov/applications/geopi/Pages/Dashboard.aspx?ProjectId=0016567,Liberty,CR 171/Lewis Frasier Road @ Peacock Creek,PRE-CONSTRUCTION
0016568,https://www.dot.ga.gov/applications/geopi/Pages/Dashboard.aspx?ProjectId=0016568,Charlton,CR 95/Grace Chapel Road @ Spanish Creek,PRE-CONSTRUCTION
0016569,https://www.dot.ga.gov/applications/geopi/Pages/Dashboard.aspx?ProjectId=0016569,Mitchell,CR 288/Whigham Road @ Big Slough,PRE-CONSTRUCTION
0016570,https://www.dot.ga.gov/applications/geopi/Pages/Dashboard.aspx?ProjectId=0016570,Macon,CR 281/Cedar Creek Road @ Cedar Creek,PRE-CONSTRUCTION
0016571,https://www.dot.ga.gov/applications/geopi/Pages/Dashboard.aspx?ProjectId=0016571,Crisp,CR 4/Story Road @ North Branch Swift Creek Trib,PRE-CONSTRUCTION
0016572,https://www.dot.ga.gov/applications/geopi/Pages/Dashboard.aspx?ProjectId=0016572,Crisp,CR 11/Lower Pateville Road @ Swift Creek Trib,PRE-CONSTRUCTION
0016573,https://www.dot.ga.gov/applications/geopi/Pages/Dashboard.aspx?ProjectId=0016573,Sumter,CR 147/Murphy Mill Road @ Murphys Mill Pond,PRE-CONSTRUCTION
0016574,https://www.dot.ga.gov/applications/geopi/Pages/Dashboard.aspx?ProjectId=0016574,"Meriwether , Pike",CR 246/CR 412/Flat Shoals Road @ Flint River,PRE-CONSTRUCTION
0016576,https://www.dot.ga.gov/applications/geopi/Pages/Dashboard.aspx?ProjectId=0016576,Coweta,CR 261/Old Corinth Road @ Sandy Creek,PRE-CONSTRUCTION
0016577,https://www.dot.ga.gov/applications/geopi/Pages/Dashboard.aspx?ProjectId=0016577,Carroll,CR 824/W Hickory Level Road @ Little Tallapoosa River,PRE-CONSTRUCTION
0016578,https://www.dot.ga.gov/applications/geopi/Pages/Dashboard.aspx?ProjectId=0016578,Carroll,CR 824/W Hickory Level Road @ Little Tallapoosa River Trib,PRE-CONSTRUCTION
0016579,https://www.dot.ga.gov/applications/geopi/Pages/Dashboard.aspx?ProjectId=0016579,"Clayton , Fayette",CR 191/CR 363/Mcdonough Road @ Flint River,PRE-CONSTRUCTION
0016580,https://www.dot.ga.gov/applications/geopi/Pages/Dashboard.aspx?ProjectId=0016580,Fulton,CS 1323/Hopewell Road @ Chicken Creek,PRE-CONSTRUCTION
0016581,https://www.dot.ga.gov/applications/geopi/Pages/Dashboard.aspx?ProjectId=0016581,Fulton,CS 4/Birmingham Road @ Chicken Creek Trib,PRE-CONSTRUCTION
0016582,https://www.dot.ga.gov/applications/geopi/Pages/Dashboard.aspx?ProjectId=0016582,Fulton,CS 34/Freemanville Road @ Cooper Sandy Creek,PRE-CONSTRUCTION
0016583,https://www.dot.ga.gov/applications/geopi/Pages/Dashboard.aspx?ProjectId=0016583,Gwinnett,CR 243/Brooks Road @ Alcovy River,PRE-CONSTRUCTION
0016584,https://www.dot.ga.gov/applications/geopi/Pages/Dashboard.aspx?ProjectId=0016584,Thomas,CR 298/Coffee Road @ Aucilla River,PRE-CONSTRUCTION
0016585,https://www.dot.ga.gov/applications/geopi/Pages/Dashboard.aspx?ProjectId=0016585,Thomas,CR 305/Palmer Road @ Little Ochlocknee River Overflow,PRE-CONSTRUCTION
0016586,https://www.dot.ga.gov/applications/geopi/Pages/Dashboard.aspx?ProjectId=0016586,Thomas,CR 305/Palmer Road @ Little Ochlocknee River,PRE-CONSTRUCTION
0016587,https://www.dot.ga.gov/applications/geopi/Pages/Dashboard.aspx?ProjectId=0016587,Thomas,CR 360/Old US 84 @ CSX #636964L,PRE-CONSTRUCTION
0016588,https://www.dot.ga.gov/applications/geopi/Pages/Dashboard.aspx?ProjectId=0016588,Irwin,CR 181/Satilla Road @ Willacoochee River Overflow,PRE-CONSTRUCTION
0016589,https://www.dot.ga.gov/applications/geopi/Pages/Dashboard.aspx?ProjectId=0016589,Colquitt,CR 485/Tillman Road @ Indian Creek,PRE-CONSTRUCTION
0016590,https://www.dot.ga.gov/applications/geopi/Pages/Dashboard.aspx?ProjectId=0016590,Colquitt,CR 485/Tillman Road @ Bull Creek,PRE-CONSTRUCTION
0016591,https://www.dot.ga.gov/applications/geopi/Pages/Dashboard.aspx?ProjectId=0016591,Worth,Melton RD (CR 169) - Construction Of A Bridge,UNDER-CONSTRUCTION
0016592,https://www.dot.ga.gov/applications/geopi/Pages/Dashboard.aspx?ProjectId=0016592,White,CR 200/Town Creek Road @ Tesnatee Creek,PRE-CONSTRUCTION
0016593,https://www.dot.ga.gov/applications/geopi/Pages/Dashboard.aspx?ProjectId=0016593,Hancock,CR 118/Glen Ford Road @ CSX #279810R,PRE-CONSTRUCTION
0016594,https://www.dot.ga.gov/applications/geopi/Pages/Dashboard.aspx?ProjectId=0016594,Hancock,CR 123/Davis Road @ CSX #279813L,PRE-CONSTRUCTION
0016595,https://www.dot.ga.gov/applications/geopi/Pages/Dashboard.aspx?ProjectId=0016595,Wilkes,Big Cedar RD (CR 197) - Construction Of A Bridge,UNDER-CONSTRUCTION
0016596,https://www.dot.ga.gov/applications/geopi/Pages/Dashboard.aspx?ProjectId=0016596,Bartow,CS 963/Sugar Valley Road @ Nancy Creek,PRE-CONSTRUCTION
0016597,https://www.dot.ga.gov/applications/geopi/Pages/Dashboard.aspx?ProjectId=0016597,Cherokee,CR 372/Waters Road @ Mill Creek,PRE-CONSTRUCTION
0016598,https://www.dot.ga.gov/applications/geopi/Pages/Dashboard.aspx?ProjectId=0016598,Cherokee,CR 375/Vaughn Road @ Mill Creek,PRE-CONSTRUCTION
0016599,https://www.dot.ga.gov/applications/geopi/Pages/Dashboard.aspx?ProjectId=0016599,Fulton,CS 1472/Waters Road @ Long Indian Creek,PRE-CONSTRUCTION
0016600,https://www.dot.ga.gov/applications/geopi/Pages/Dashboard.aspx?ProjectId=0016600,Screven,CR 238/Buck Creek Road @ South Prong Buck Creek,PRE-CONSTRUCTION
0016601,https://www.dot.ga.gov/applications/geopi/Pages/Dashboard.aspx?ProjectId=0016601,Screven,CR 238/Buck Creek Road @ Buck Creek Trib,PRE-CONSTRUCTION
0016602,https://www.dot.ga.gov/applications/geopi/Pages/Dashboard.aspx?ProjectId=0016602,Candler,CR 223/Portal Highway @ Fifteen Mile Creek & @ Overflow,PRE-CONSTRUCTION
0016604,https://www.dot.ga.gov/applications/geopi/Pages/Dashboard.aspx?ProjectId=0016604,Bulloch,CR 9/Akins Pond Road @ Mill Creek,PRE-CONSTRUCTION
0016605,https://www.dot.ga.gov/applications/geopi/Pages/Dashboard.aspx?ProjectId=0016605,Fulton,CR 581/Bethsaida Road @ Morning Creek,PRE-CONSTRUCTION
0016606,https://www.dot.ga.gov/applications/geopi/Pages/Dashboard.aspx?ProjectId=0016606,Clayton,CR 392/Upper Riverdale Road @ Flint River,PRE-CONSTRUCTION
0016607,https://www.dot.ga.gov/applications/geopi/Pages/Dashboard.aspx?ProjectId=0016607,Walker,CR 219/Red Belt Road @ West Chickamauga Creek,PRE-CONSTRUCTION
0016608,https://www.dot.ga.gov/applications/geopi/Pages/Dashboard.aspx?ProjectId=0016608,Walker,CR 434/Lee Clarkson Road @ West Chickamauga Creek,PRE-CONSTRUCTION
0016610,https://www.dot.ga.gov/applications/geopi/Pages/Dashboard.aspx?ProjectId=0016610,Polk,CR 211/Everett Road @ Simpson Creek,PRE-CONSTRUCTION
0016611,https://www.dot.ga.gov/applications/geopi/Pages/Dashboard.aspx?ProjectId=0016611,Floyd,CR 924/Bells Ferry Road @ Woodward Creek,PRE-CONSTRUCTION
0016615,https://www.dot.ga.gov/applications/geopi/Pages/Dashboard.aspx?ProjectId=0016615,"Fulton , Gwinnett",SR 140 (Holcomb Bridge RD) - Inter Improv,UNDER-CONSTRUCTION
0016618,https://www.dot.ga.gov/applications/geopi/Pages/Dashboard.aspx?ProjectId=0016618,Bryan,Db - US 280 / SR 30 Widening And Interchange,UNDER-CONSTRUCTION
0016625,https://www.dot.ga.gov/applications/geopi/Pages/Dashboard.aspx?ProjectId=0016625,Laurens,SR 26/US 80 From CS 701/Franklin Street To Oconee River,PRE-CONSTRUCTION
0016627,https://www.dot.ga.gov/applications/geopi/Pages/Dashboard.aspx?ProjectId=0016627,Bartow,Ca - CR 635/New Hope Church RD,UNDER-CONSTRUCTION
0016628,https://www.dot.ga.gov/applications/geopi/Pages/Dashboard.aspx?ProjectId=0016628,Bartow,Ca - Grassdale Road From SR 293 To SR 3/SR 20,UNDER-CONSTRUCTION
0016629,https://www.dot.ga.gov/applications/geopi/Pages/Dashboard.aspx?ProjectId=0016629,Lumpkin,SR 9/SR 60 From SR 60Bu To N Of Yahoola Creek,UNDER-CONSTRUCTION
0016630,https://www.dot.ga.gov/applications/geopi/Pages/Dashboard.aspx?ProjectId=0016630,Walton,SR 11; Highland Ave & N Lumpkin St @ 3 Locs In Monroe,PRE-CONSTRUCTION
0016632,https://www.dot.ga.gov/applications/geopi/Pages/Dashboard.aspx?ProjectId=0016632,Bulloch,S & S Greenway - Phase III,PRE-CONSTRUCTION
0016633,https://www.dot.ga.gov/applications/geopi/Pages/Dashboard.aspx?ProjectId=0016633,Greene,N West St From Green St To SR 12 & SR 12 From N West St To SR 15,PRE-CONSTRUCTION
0016634,https://www.dot.ga.gov/applications/geopi/Pages/Dashboard.aspx?ProjectId=0016634,Bryan,SR 67; Strickland St Ext & Ash Branch RD @ 3 Loc In Pembroke,PRE-CONSTRUCTION
0016635,https://www.dot.ga.gov/applications/geopi/Pages/Dashboard.aspx?ProjectId=0016635,Glynn,SR 520 From Jekyll Island Guest Information Center To SR 25,PRE-CONSTRUCTION
0016636,https://www.dot.ga.gov/applications/geopi/Pages/Dashboard.aspx?ProjectId=0016636,Lowndes,SR 7/SR 122 From Union Road To Newsome Street In Hahira,PRE-CONSTRUCTION
0016637,https://www.dot.ga.gov/applications/geopi/Pages/Dashboard.aspx?ProjectId=0016637,Effingham,SR 21 Bu From Rabun St To Madison St & From 2Nd St To Stillwell,PRE-CONSTRUCTION
0016638,https://www.dot.ga.gov/applications/geopi/Pages/Dashboard.aspx?ProjectId=0016638,Walton,Ca - Cherokee RD From Spring Dr To Cannon Dr,UNDER-CONSTRUCTION
0016639,https://www.dot.ga.gov/applications/geopi/Pages/Dashboard.aspx?ProjectId=0016639,Walton,East Hightower Trail From Spring Street To Vine Circle,PRE-CONSTRUCTION
0016650,https://www.dot.ga.gov/applications/geopi/Pages/Dashboard.aspx?ProjectId=0016650,Bulloch,Arcola RD(CR 582) - Construction Of A Bridge,COMPLETED-CONSTRUCTION
0016794,https://www.dot.ga.gov/applications/geopi/Pages/Dashboard.aspx?ProjectId=0016794,Bleckley,Hendricks RD (CR 26) - Bridge Rplt,COMPLETED-CONSTRUCTION
0016800,https://www.dot.ga.gov/applications/geopi/Pages/Dashboard.aspx?ProjectId=0016800,All Counties,Railroad Crossings @ 13 Locs In District 5,PRE-CONSTRUCTION
0016818,https://www.dot.ga.gov/applications/geopi/Pages/Dashboard.aspx?ProjectId=0016818,"Greene , Oconee",SR 15 From N Of Boswell RD To S Of Antioch Church RD @ 2 Locs,PRE-CONSTRUCTION
0016824,https://www.dot.ga.gov/applications/geopi/Pages/Dashboard.aspx?ProjectId=0016824,Fulton,SR 154/SR 166 (Langford Pkwy) - Lighting Upg,COMPLETED-CONSTRUCTION
0016830,https://www.dot.ga.gov/applications/geopi/Pages/Dashboard.aspx?ProjectId=0016830,Chattooga,SR 1/US 27 From E Of Chattooga River To E Of Gore Subligna RD,PRE-CONSTRUCTION
0016840,https://www.dot.ga.gov/applications/geopi/Pages/Dashboard.aspx?ProjectId=0016840,Carroll,Bethesda Chruch RD (CR 35) - Construction Of A Bridge,COMPLETED-CONSTRUCTION
0016841,https://www.dot.ga.gov/applications/geopi/Pages/Dashboard.aspx?ProjectId=0016841,Carroll,Asbury RD (CS 784) - Bridge Rehab,COMPLETED-CONSTRUCTION
0016842,https://www.dot.ga.gov/applications/geopi/Pages/Dashboard.aspx?ProjectId=0016842,Pickens,Fairview RD (CR 85) - Bridge Rehab,COMPLETED-CONSTRUCTION
0016887,https://www.dot.ga.gov/applications/geopi/Pages/Dashboard.aspx?ProjectId=0016887,DeKalb,Various County RDs  - Off-System Safety Improv,COMPLETED-CONSTRUCTION
0016899,https://www.dot.ga.gov/applications/geopi/Pages/Dashboard.aspx?ProjectId=0016899,Peach,SR 49 @ I-75 In Byron,PRE-CONSTRUCTION
0016920,https://www.dot.ga.gov/applications/geopi/Pages/Dashboard.aspx?ProjectId=0016920,Clarke,SR 10 @ CR 993/West Hancock Ave,PRE-CONSTRUCTION
0016924,https://www.dot.ga.gov/applications/geopi/Pages/Dashboard.aspx?ProjectId=0016924,"Columbia , Richmond",I-20/SR 402 & I-520/SR - Nav Its Sys Installations,COMPLETED-CONSTRUCTION
0016926,https://www.dot.ga.gov/applications/geopi/Pages/Dashboard.aspx?ProjectId=0016926,"Harris , Muscogee , Troup",I-185/SR 411 - Its Expansion,UNDER-CONSTRUCTION
0016927,https://www.dot.ga.gov/applications/geopi/Pages/Dashboard.aspx?ProjectId=0016927,Clayton,SR 3/US 19 @ SR 138 Spur,PRE-CONSTRUCTION
0016928,https://www.dot.ga.gov/applications/geopi/Pages/Dashboard.aspx?ProjectId=0016928,Clayton,US 19 (Tara Blvd)/SR 3/SR 54 - Intersection Improv,COMPLETED-CONSTRUCTION
0016975,https://www.dot.ga.gov/applications/geopi/Pages/Dashboard.aspx?ProjectId=0016975,Forsyth,Pilgrim Mill Road From Holtzclaw Road To Tidwell Park,PRE-CONSTRUCTION
0016985,https://www.dot.ga.gov/applications/geopi/Pages/Dashboard.aspx?ProjectId=0016985,Glynn,"SR 25 - Widen & Recon,Construction Of A Bridge",UNDER-CONSTRUCTION
0017000,https://www.dot.ga.gov/applications/geopi/Pages/Dashboard.aspx?ProjectId=0017000,Rabun,US 76/SR 2 - Slope Rehab,COMPLETED-CONSTRUCTION
0017038,https://www.dot.ga.gov/applications/geopi/Pages/Dashboard.aspx?ProjectId=0017038,Fannin,SR 5 - Major Widening,COMPLETED-CONSTRUCTION
0017040,https://www.dot.ga.gov/applications/geopi/Pages/Dashboard.aspx?ProjectId=0017040,Fannin,SR 5 From N Of SR 2 To S Of Pineview Lane - Phase III,PRE-CONSTRUCTION
0017062,https://www.dot.ga.gov/applications/geopi/Pages/Dashboard.aspx?ProjectId=0017062,Forsyth,SR 306 - Culvert Constr,COMPLETED-CONSTRUCTION
0017087,https://www.dot.ga.gov/applications/geopi/Pages/Dashboard.aspx?ProjectId=0017087,"Bulloch , Effingham , Evans , Screven",Various Locations - Rumble Strips,COMPLETED-CONSTRUCTION
0017088,https://www.dot.ga.gov/applications/geopi/Pages/Dashboard.aspx?ProjectId=0017088,Monroe,CR 34/Rumble Road @ NS #718345H,PRE-CONSTRUCTION
0017096,https://www.dot.ga.gov/applications/geopi/Pages/Dashboard.aspx?ProjectId=0017096,Gilmer,SR 282 @ SR 2/SR 5,PRE-CONSTRUCTION
0017100,https://www.dot.ga.gov/applications/geopi/Pages/Dashboard.aspx?ProjectId=0017100,All Counties,Various Locations - Cable Barriers Installation,UNDER-CONSTRUCTION
0017110,https://www.dot.ga.gov/applications/geopi/Pages/Dashboard.aspx?ProjectId=0017110,Gwinnett,I-85 @ Mcginnis Ferry Road - New Interchange - Phase II,PRE-CONSTRUCTION
0017113,https://www.dot.ga.gov/applications/geopi/Pages/Dashboard.aspx?ProjectId=0017113,Gwinnett,SR 141 Sb From SR 140 To CR 3958/Winters Chapel Road,PRE-CONSTRUCTION
0017114,https://www.dot.ga.gov/applications/geopi/Pages/Dashboard.aspx?ProjectId=0017114,Forsyth,SR 20 - Inter Improv,UNDER-CONSTRUCTION
0017115,https://www.dot.ga.gov/applications/geopi/Pages/Dashboard.aspx?ProjectId=0017115,Gwinnett,SR 140 - Intersection Improv,UNDER-CONSTRUCTION
0017116,https://www.dot.ga.gov/applications/geopi/Pages/Dashboard.aspx?ProjectId=0017116,Cobb,SR 120 @ CR 8228/Ernest Barrett Pkwy,PRE-CONSTRUCTION
0017121,https://www.dot.ga.gov/applications/geopi/Pages/Dashboard.aspx?ProjectId=0017121,Bibb,CR 742/Bass Road From Providence Blvd To New Forsyth Road,PRE-CONSTRUCTION
0017124,https://www.dot.ga.gov/applications/geopi/Pages/Dashboard.aspx?ProjectId=0017124,"Cobb , Fulton",I-285 From Atlanta RD To Northside Dr-Top End Express Lanes ,PRE-CONSTRUCTION
0017130,https://www.dot.ga.gov/applications/geopi/Pages/Dashboard.aspx?ProjectId=0017130,Fulton,I-285 Wb Aux Lane Ext From SR 9 To Riverside Dr; Inc Mt Vernon,UNDER-CONSTRUCTION
0017135,https://www.dot.ga.gov/applications/geopi/Pages/Dashboard.aspx?ProjectId=0017135,"DeKalb , Fulton",I-285 From Northside Dr To N Shallowford RD-Top End Express Ln,PRE-CONSTRUCTION
0017138,https://www.dot.ga.gov/applications/geopi/Pages/Dashboard.aspx?ProjectId=0017138,Muscogee,Military Drive From Infantry Road To Hampton Inn,PRE-CONSTRUCTION
0017139,https://www.dot.ga.gov/applications/geopi/Pages/Dashboard.aspx?ProjectId=0017139,Troup,SR 219 @ CR 419/Wares Cross Road/Cameron Mill Road,PRE-CONSTRUCTION
0017172,https://www.dot.ga.gov/applications/geopi/Pages/Dashboard.aspx?ProjectId=0017172,Atkinson,Cogdell Hwy (CR 206) - Construction Of A Bridge,COMPLETED-CONSTRUCTION
0017173,https://www.dot.ga.gov/applications/geopi/Pages/Dashboard.aspx?ProjectId=0017173,Atkinson,Cogdell Hwy(CR 245) - Construction Of A Bridge,COMPLETED-CONSTRUCTION
0017177,https://www.dot.ga.gov/applications/geopi/Pages/Dashboard.aspx?ProjectId=0017177,Monroe,SR 83/SR 42 (North Lee St) - Rr Safety Improv,UNDER-CONSTRUCTION
0017185,https://www.dot.ga.gov/applications/geopi/Pages/Dashboard.aspx?ProjectId=0017185,Oconee,SR 53 - Construction Of A Roundabout,UNDER-CONSTRUCTION
0017186,https://www.dot.ga.gov/applications/geopi/Pages/Dashboard.aspx?ProjectId=0017186,Oconee,SR 53 @ CR 99/Rays Church Road/CR 516/Malcolm Bridge Road,PRE-CONSTRUCTION
0017187,https://www.dot.ga.gov/applications/geopi/Pages/Dashboard.aspx?ProjectId=0017187,Fulton,SR 120 From North Point Pkwy To Kimball Bridge Road,PRE-CONSTRUCTION
0017189,https://www.dot.ga.gov/applications/geopi/Pages/Dashboard.aspx?ProjectId=0017189,Bulloch,Ca - Veterans Memorial Pkwy Conn From SR 63 Bypass,UNDER-CONSTRUCTION
0017221,https://www.dot.ga.gov/applications/geopi/Pages/Dashboard.aspx?ProjectId=0017221,"Bibb , Houston",SR 247 @ Echeconnee Creek & Overflow @ 3 Locs,PRE-CONSTRUCTION
0017222,https://www.dot.ga.gov/applications/geopi/Pages/Dashboard.aspx?ProjectId=0017222,Carroll,SR 113 @ Allen Creek & @ Bethel Creek,PRE-CONSTRUCTION
0017229,https://www.dot.ga.gov/applications/geopi/Pages/Dashboard.aspx?ProjectId=0017229,Wilkinson,SR 29/US 441 - Slope Repair,UNDER-CONSTRUCTION
0017236,https://www.dot.ga.gov/applications/geopi/Pages/Dashboard.aspx?ProjectId=0017236,Screven,SR 21Bu/SR 73 @ Orc #620102E In Sylvania,PRE-CONSTRUCTION
0017244,https://www.dot.ga.gov/applications/geopi/Pages/Dashboard.aspx?ProjectId=0017244,"Franklin , Hart",SR 17 From CR 170/Orchard Road To SR 327 - Phase II,PRE-CONSTRUCTION
0017246,https://www.dot.ga.gov/applications/geopi/Pages/Dashboard.aspx?ProjectId=0017246,Brooks,US 84/SR 38 - Pond Mitigation,COMPLETED-CONSTRUCTION
0017271,https://www.dot.ga.gov/applications/geopi/Pages/Dashboard.aspx?ProjectId=0017271,Chatham,I-95 @ SR 21,PRE-CONSTRUCTION
0017317,https://www.dot.ga.gov/applications/geopi/Pages/Dashboard.aspx?ProjectId=0017317,Wilkinson,SR 18 @ NS #732712X In Gordon,PRE-CONSTRUCTION
0017391,https://www.dot.ga.gov/applications/geopi/Pages/Dashboard.aspx?ProjectId=0017391,Peach,US 341/Oakland Heights Pkwy - Inter Improv,UNDER-CONSTRUCTION
0017392,https://www.dot.ga.gov/applications/geopi/Pages/Dashboard.aspx?ProjectId=0017392,Hall,SR 11Bu/SR 60 From CS 624/Academy St To CS 548/Glenwood Dr,PRE-CONSTRUCTION
0017394,https://www.dot.ga.gov/applications/geopi/Pages/Dashboard.aspx?ProjectId=0017394,Bibb,SR 74 From CR 5462/Oglesby Place To CR 741/Columbus RD - Vru,PRE-CONSTRUCTION
0017395,https://www.dot.ga.gov/applications/geopi/Pages/Dashboard.aspx?ProjectId=0017395,Bibb,SR 247/US 41 @ CR 5104/CR 5481/Anthony Road,PRE-CONSTRUCTION
0017396,https://www.dot.ga.gov/applications/geopi/Pages/Dashboard.aspx?ProjectId=0017396,Dougherty,SR 3/SR 300/US 19 @ CR 39/Nelms Road,PRE-CONSTRUCTION
0017397,https://www.dot.ga.gov/applications/geopi/Pages/Dashboard.aspx?ProjectId=0017397,Worth,SR 32 @ SR 300,PRE-CONSTRUCTION
0017398,https://www.dot.ga.gov/applications/geopi/Pages/Dashboard.aspx?ProjectId=0017398,Fulton,SR 92 @ CR 515/Jones Road & @ CR 485/Demooney Road,PRE-CONSTRUCTION
0017399,https://www.dot.ga.gov/applications/geopi/Pages/Dashboard.aspx?ProjectId=0017399,DeKalb,SR 410/US 78 @ CR 9476/Mountain Ind Blvd,PRE-CONSTRUCTION
0017401,https://www.dot.ga.gov/applications/geopi/Pages/Dashboard.aspx?ProjectId=0017401,Fulton,SR 42 @ CS 2199/United Ave & CS 2935/Skyhaven Road - Vru,PRE-CONSTRUCTION
0017402,https://www.dot.ga.gov/applications/geopi/Pages/Dashboard.aspx?ProjectId=0017402,Fulton,I-75 Nb Ramps @ CS 253/Moores Mill Road,PRE-CONSTRUCTION
0017403,https://www.dot.ga.gov/applications/geopi/Pages/Dashboard.aspx?ProjectId=0017403,Gwinnett,SR 20 - Addl Turn Lane,UNDER-CONSTRUCTION
0017404,https://www.dot.ga.gov/applications/geopi/Pages/Dashboard.aspx?ProjectId=0017404,Gwinnett,I-85 Nb Ramp @ CR 134/Hamilton Mill Road,PRE-CONSTRUCTION
0017405,https://www.dot.ga.gov/applications/geopi/Pages/Dashboard.aspx?ProjectId=0017405,Gwinnett,SR 124 @ Hamilton Mill RD & @ Hamilton Creek Pkwy,PRE-CONSTRUCTION
0017412,https://www.dot.ga.gov/applications/geopi/Pages/Dashboard.aspx?ProjectId=0017412,All Counties,Atlanta Regional Connected Vehicle Program - Fy 2025,PRE-CONSTRUCTION
0017414,https://www.dot.ga.gov/applications/geopi/Pages/Dashboard.aspx?ProjectId=0017414,Chatham,SR 26/US 80 @ Bull River,PRE-CONSTRUCTION
0017416,https://www.dot.ga.gov/applications/geopi/Pages/Dashboard.aspx?ProjectId=0017416,Chatham,SR 26/US 80 From E Of Bull River To W Of Lazaretto Creek,PRE-CONSTRUCTION
0017418,https://www.dot.ga.gov/applications/geopi/Pages/Dashboard.aspx?ProjectId=0017418,"Burke , Richmond",Old Waynesboro RD (CR 35) - Construction Of A Bridge,COMPLETED-CONSTRUCTION
0017419,https://www.dot.ga.gov/applications/geopi/Pages/Dashboard.aspx?ProjectId=0017419,Jasper,Bar Bridge RD (CR 283) - Bridge Rehab,COMPLETED-CONSTRUCTION
0017423,https://www.dot.ga.gov/applications/geopi/Pages/Dashboard.aspx?ProjectId=0017423,Wilkinson,Asbury Church RD(CR 185) - Bridge Rehab,COMPLETED-CONSTRUCTION
0017426,https://www.dot.ga.gov/applications/geopi/Pages/Dashboard.aspx?ProjectId=0017426,Bartow,Old Hall Station RD @ 2 CSX Locs & Griffin RD @ 1 CSX Loc,PRE-CONSTRUCTION
0017430,https://www.dot.ga.gov/applications/geopi/Pages/Dashboard.aspx?ProjectId=0017430,DeKalb,Ashford-Dunwoody RD - Minor Widening,UNDER-CONSTRUCTION
0017443,https://www.dot.ga.gov/applications/geopi/Pages/Dashboard.aspx?ProjectId=0017443,Glynn,SR 32/SR 99 From SR 99 To SR 27/US 25/US 341,PRE-CONSTRUCTION
0017444,https://www.dot.ga.gov/applications/geopi/Pages/Dashboard.aspx?ProjectId=0017444,Glynn,SR 99 From SR 27/US 25/US 341 To I-95,PRE-CONSTRUCTION
0017454,https://www.dot.ga.gov/applications/geopi/Pages/Dashboard.aspx?ProjectId=0017454,Newton,SR 12 From Turner Lake Road To SR 81 - Vru,PRE-CONSTRUCTION
0017462,https://www.dot.ga.gov/applications/geopi/Pages/Dashboard.aspx?ProjectId=0017462,Towns,US 76/SR 515/SR 2 - Trout Stream Restoration,UNDER-CONSTRUCTION
0017514,https://www.dot.ga.gov/applications/geopi/Pages/Dashboard.aspx?ProjectId=0017514,Cobb,CR 2089/Angham Road @ NS #719820N - Phase II,PRE-CONSTRUCTION
0017515,https://www.dot.ga.gov/applications/geopi/Pages/Dashboard.aspx?ProjectId=0017515,Chatham,I-16 @ SR 17 Conn,PRE-CONSTRUCTION
0017517,https://www.dot.ga.gov/applications/geopi/Pages/Dashboard.aspx?ProjectId=0017517,Baldwin,SR 24 & SR 29 From Holly Drive To N Of Melody Way,PRE-CONSTRUCTION
0017518,https://www.dot.ga.gov/applications/geopi/Pages/Dashboard.aspx?ProjectId=0017518,Columbia,I-20 From SR 47 To SR 388 - Phase II,PRE-CONSTRUCTION
0017521,https://www.dot.ga.gov/applications/geopi/Pages/Dashboard.aspx?ProjectId=0017521,Burke,CR 206/Hadden Pond Road @ Walnut Branch - TIA,PRE-CONSTRUCTION
0017522,https://www.dot.ga.gov/applications/geopi/Pages/Dashboard.aspx?ProjectId=0017522,Burke,Vogtle Pkwy From Seven Oaks Road To CR 59/River Road - TIA,PRE-CONSTRUCTION
0017523,https://www.dot.ga.gov/applications/geopi/Pages/Dashboard.aspx?ProjectId=0017523,Columbia,Old Berzelia Road @ Harlem-Grovetown Road - TIA,PRE-CONSTRUCTION
0017524,https://www.dot.ga.gov/applications/geopi/Pages/Dashboard.aspx?ProjectId=0017524,Columbia,CS 755/Whiskey Road From SR 388 To CS 672/Guy Drive - TIA,PRE-CONSTRUCTION
0017525,https://www.dot.ga.gov/applications/geopi/Pages/Dashboard.aspx?ProjectId=0017525,Columbia,Whiskey Road Ext From Guy Road To Butternut Road - TIA,PRE-CONSTRUCTION
0017526,https://www.dot.ga.gov/applications/geopi/Pages/Dashboard.aspx?ProjectId=0017526,Columbia,CR 127/Stevens Creek Road @ CR 1236/Evans To Locks Road-TIA,PRE-CONSTRUCTION
0017527,https://www.dot.ga.gov/applications/geopi/Pages/Dashboard.aspx?ProjectId=0017527,Columbia,CR 83/Clanton RD From CR 1427/William Few Pkwy To SR 104 - TIA,PRE-CONSTRUCTION
0017528,https://www.dot.ga.gov/applications/geopi/Pages/Dashboard.aspx?ProjectId=0017528,Columbia,SR 47 @ CR 17/Clary Cut Road - TIA,PRE-CONSTRUCTION
0017529,https://www.dot.ga.gov/applications/geopi/Pages/Dashboard.aspx?ProjectId=0017529,Columbia,Euchee Creek Greenway From SR 104 To William Few Pkwy - TIA,PRE-CONSTRUCTION
0017530,https://www.dot.ga.gov/applications/geopi/Pages/Dashboard.aspx?ProjectId=0017530,"Columbia , McDuffie",CR 570/White Oak Road From SR 47/US 221 To SR 223 - TIA,UNDER-CONSTRUCTION
0017531,https://www.dot.ga.gov/applications/geopi/Pages/Dashboard.aspx?ProjectId=0017531,Columbia,Evans To Locks RD From Columbia Ind Dr To Stevens Creek RD-TIA,UNDER-CONSTRUCTION
0017532,https://www.dot.ga.gov/applications/geopi/Pages/Dashboard.aspx?ProjectId=0017532,Columbia,CR 1237/Blackstone Camp RD From SR 28 To Point Comfort RD-TIA,UNDER-CONSTRUCTION
0017533,https://www.dot.ga.gov/applications/geopi/Pages/Dashboard.aspx?ProjectId=0017533,Columbia,Blue Ridge Dr From Evans To Locks RD To Riverwatch Pkwy-TIA,UNDER-CONSTRUCTION
0017534,https://www.dot.ga.gov/applications/geopi/Pages/Dashboard.aspx?ProjectId=0017534,Columbia,William Few Pkwy From SR 388 To SR 104 - TIA,PRE-CONSTRUCTION
0017535,https://www.dot.ga.gov/applications/geopi/Pages/Dashboard.aspx?ProjectId=0017535,Columbia,Harlem Grovetown Road From SR 388 To SR 47 - TIA,UNDER-CONSTRUCTION
0017536,https://www.dot.ga.gov/applications/geopi/Pages/Dashboard.aspx?ProjectId=0017536,Columbia,CR 27/Dozier Road @ Greenbrier Creek - TIA,PRE-CONSTRUCTION
0017537,https://www.dot.ga.gov/applications/geopi/Pages/Dashboard.aspx?ProjectId=0017537,Columbia,SR 223 From Old Wrightsboro Road To Newmantown Road - TIA,PRE-CONSTRUCTION
0017538,https://www.dot.ga.gov/applications/geopi/Pages/Dashboard.aspx?ProjectId=0017538,Columbia,CR 253/Baker Place Road From William Few Pkwy To I-20 - TIA,UNDER-CONSTRUCTION
0017539,https://www.dot.ga.gov/applications/geopi/Pages/Dashboard.aspx?ProjectId=0017539,Columbia,CR 75/Bennet Road From CR 986/Ray Owens Road To SR 150 - TIA,PRE-CONSTRUCTION
0017540,https://www.dot.ga.gov/applications/geopi/Pages/Dashboard.aspx?ProjectId=0017540,Columbia,CR 100/Blanchard RD From SR 104 To CR 102/Hereford Farm RD-TIA,UNDER-CONSTRUCTION
0017541,https://www.dot.ga.gov/applications/geopi/Pages/Dashboard.aspx?ProjectId=0017541,Columbia,CR 248/Browns Circle @ CR 575/Harlem Grovetown Road - TIA,UNDER-CONSTRUCTION
0017542,https://www.dot.ga.gov/applications/geopi/Pages/Dashboard.aspx?ProjectId=0017542,Columbia,CR 1308/Cdp Ind Blvd From Park West Dr To Wrightsboro RD-TIA,UNDER-CONSTRUCTION
0017543,https://www.dot.ga.gov/applications/geopi/Pages/Dashboard.aspx?ProjectId=0017543,Columbia,Columbia Ind Blvd From Riverwatch Pwy To Evans To Locks RD-TIA,UNDER-CONSTRUCTION
0017544,https://www.dot.ga.gov/applications/geopi/Pages/Dashboard.aspx?ProjectId=0017544,"Columbia , McDuffie",CR 1/County Line Road From SR 223 To Harlem City Limits - TIA,UNDER-CONSTRUCTION
0017545,https://www.dot.ga.gov/applications/geopi/Pages/Dashboard.aspx?ProjectId=0017545,Columbia,CR 1272/Dent Street From Desoto Drive To Old Evans Road-TIA,PRE-CONSTRUCTION
0017546,https://www.dot.ga.gov/applications/geopi/Pages/Dashboard.aspx?ProjectId=0017546,Columbia,CR 193/Desoto Drive From Dent Street To Old Evans Road - TIA,PRE-CONSTRUCTION
0017547,https://www.dot.ga.gov/applications/geopi/Pages/Dashboard.aspx?ProjectId=0017547,Columbia,CR 36/Eubanks Drive From CR 986/Ray Owens Road To SR 47-TIA,PRE-CONSTRUCTION
0017548,https://www.dot.ga.gov/applications/geopi/Pages/Dashboard.aspx?ProjectId=0017548,Columbia,Faircloth Drive From SR 104 To Evans Town Center Blvd - TIA,UNDER-CONSTRUCTION
0017549,https://www.dot.ga.gov/applications/geopi/Pages/Dashboard.aspx?ProjectId=0017549,Columbia,Government Ctr Way From Faircloth Dr To Ronald Reagan Dr-TIA,UNDER-CONSTRUCTION
0017550,https://www.dot.ga.gov/applications/geopi/Pages/Dashboard.aspx?ProjectId=0017550,Columbia,CR 101/Gr Tucker RD From Leitner Mill RD To Old Blythe RD-TIA,UNDER-CONSTRUCTION
0017551,https://www.dot.ga.gov/applications/geopi/Pages/Dashboard.aspx?ProjectId=0017551,Columbia,CR 16/Halali Farm RD From CR 92/Hardy Mcmanus RD To SR 104-TIA,UNDER-CONSTRUCTION
0017552,https://www.dot.ga.gov/applications/geopi/Pages/Dashboard.aspx?ProjectId=0017552,Columbia,CR 192/Haley Dr From Hightower Dr To Old Evans RD - TIA,PRE-CONSTRUCTION
0017553,https://www.dot.ga.gov/applications/geopi/Pages/Dashboard.aspx?ProjectId=0017553,Columbia,CR 92/Hardy Mcmanus RD From William Few Pkwy To SR 104 - TIA,PRE-CONSTRUCTION
0017554,https://www.dot.ga.gov/applications/geopi/Pages/Dashboard.aspx?ProjectId=0017554,Columbia,Industrial Park Dr From N Belair RD To Southern Pines Dr-TIA,UNDER-CONSTRUCTION
0017555,https://www.dot.ga.gov/applications/geopi/Pages/Dashboard.aspx?ProjectId=0017555,Columbia,CR 285/Lonergan Hulme RD From Natures Way To E Of SR 47-TIA,PRE-CONSTRUCTION
0017556,https://www.dot.ga.gov/applications/geopi/Pages/Dashboard.aspx?ProjectId=0017556,Columbia,Louisville RD From Harlem Grovetown RD To Wrightsboro RD-TIA,UNDER-CONSTRUCTION
0017557,https://www.dot.ga.gov/applications/geopi/Pages/Dashboard.aspx?ProjectId=0017557,Columbia,Martinez Blvd From Old Evans Road To Baston Road - TIA,PRE-CONSTRUCTION
0017558,https://www.dot.ga.gov/applications/geopi/Pages/Dashboard.aspx?ProjectId=0017558,Columbia,CR 123/Mullikin Road From SR 28 To Dead End - TIA,PRE-CONSTRUCTION
0017559,https://www.dot.ga.gov/applications/geopi/Pages/Dashboard.aspx?ProjectId=0017559,Columbia,CR 155/Oak Street From SR 104 To CR 1271/Rose Lane - TIA,UNDER-CONSTRUCTION
0017560,https://www.dot.ga.gov/applications/geopi/Pages/Dashboard.aspx?ProjectId=0017560,Columbia,Oakley Pirkle RD From SR 383 To CR 221/S Old Belair RD - TIA,UNDER-CONSTRUCTION
0017561,https://www.dot.ga.gov/applications/geopi/Pages/Dashboard.aspx?ProjectId=0017561,Columbia,CR 145/Old Evans RD From CR 145/Riverwatch Pkwy To SR 104-TIA,PRE-CONSTRUCTION
0017562,https://www.dot.ga.gov/applications/geopi/Pages/Dashboard.aspx?ProjectId=0017562,Columbia,Old Stevens Crk RD From Evans To Locks RD To Stevens Crk-TIA,PRE-CONSTRUCTION
0017563,https://www.dot.ga.gov/applications/geopi/Pages/Dashboard.aspx?ProjectId=0017563,Columbia,CR 670/Old Trail Road From Maywood Dr To Richmond CO Line-TIA,UNDER-CONSTRUCTION
0017564,https://www.dot.ga.gov/applications/geopi/Pages/Dashboard.aspx?ProjectId=0017564,Columbia,CR 256/Old Trail RD From Maywood Dr To Flowing Wells RD-TIA,UNDER-CONSTRUCTION
0017565,https://www.dot.ga.gov/applications/geopi/Pages/Dashboard.aspx?ProjectId=0017565,Columbia,CR 245/Old Union Road From SR 47 To Harlem Grovetown Road-TIA,UNDER-CONSTRUCTION
0017566,https://www.dot.ga.gov/applications/geopi/Pages/Dashboard.aspx?ProjectId=0017566,Columbia,CR 234/Old Wheeler Road From Wrightsboro Road To Dead End-TIA,UNDER-CONSTRUCTION
0017567,https://www.dot.ga.gov/applications/geopi/Pages/Dashboard.aspx?ProjectId=0017567,Columbia,Park West Dr From Belair Frontage RD To Old Wheeler RD - TIA,UNDER-CONSTRUCTION
0017568,https://www.dot.ga.gov/applications/geopi/Pages/Dashboard.aspx?ProjectId=0017568,Columbia,Pleasant Home RD From Richmond CO Line To Flowing Wells RD-TIA,UNDER-CONSTRUCTION
0017569,https://www.dot.ga.gov/applications/geopi/Pages/Dashboard.aspx?ProjectId=0017569,Columbia,Point Comfort RD From Blackstone Camp RD To Old Stevens Ck-TIA,PRE-CONSTRUCTION
0017570,https://www.dot.ga.gov/applications/geopi/Pages/Dashboard.aspx?ProjectId=0017570,Columbia,CR 986/Ray Owens Road From SR 47 To SR 150 - TIA,PRE-CONSTRUCTION
0017571,https://www.dot.ga.gov/applications/geopi/Pages/Dashboard.aspx?ProjectId=0017571,Columbia,CR 46/Ridge Road From SR 47 To Dead End - TIA,PRE-CONSTRUCTION
0017572,https://www.dot.ga.gov/applications/geopi/Pages/Dashboard.aspx?ProjectId=0017572,Columbia,CR 188/Roberts RD From Old Evans RD To Hightower Dr - TIA,PRE-CONSTRUCTION
0017573,https://www.dot.ga.gov/applications/geopi/Pages/Dashboard.aspx?ProjectId=0017573,Columbia,CR 154/Rose Street From Camilla Road To Chalker Road - TIA,PRE-CONSTRUCTION
0017574,https://www.dot.ga.gov/applications/geopi/Pages/Dashboard.aspx?ProjectId=0017574,Columbia,Roswell Dr From CR 1061/Ashbyrne Dr To CR 209/Owens RD - TIA,UNDER-CONSTRUCTION
0017575,https://www.dot.ga.gov/applications/geopi/Pages/Dashboard.aspx?ProjectId=0017575,Columbia,CR 6/Sawdust RD From N Fairview Dr To Harlem City Limits-TIA,UNDER-CONSTRUCTION
0017576,https://www.dot.ga.gov/applications/geopi/Pages/Dashboard.aspx?ProjectId=0017576,Columbia,CR 221/S Old Belair Road From SR 383 To SR 232 - TIA,UNDER-CONSTRUCTION
0017577,https://www.dot.ga.gov/applications/geopi/Pages/Dashboard.aspx?ProjectId=0017577,Columbia,CR 25/Shucraft Road From CR 570/Dozier Road To SR 47 - TIA,PRE-CONSTRUCTION
0017578,https://www.dot.ga.gov/applications/geopi/Pages/Dashboard.aspx?ProjectId=0017578,Columbia,CR 945/Southern Pines Dr From SR 28 To Industrial Park Dr-TIA,UNDER-CONSTRUCTION
0017579,https://www.dot.ga.gov/applications/geopi/Pages/Dashboard.aspx?ProjectId=0017579,Columbia,Stevens Crk RD From Island Overlook To Evans To Locks RD-TIA,PRE-CONSTRUCTION
0017580,https://www.dot.ga.gov/applications/geopi/Pages/Dashboard.aspx?ProjectId=0017580,Columbia,Stevens Ck RD From Island Overlook To Old Stevens Ck RD-TIA,PRE-CONSTRUCTION
0017581,https://www.dot.ga.gov/applications/geopi/Pages/Dashboard.aspx?ProjectId=0017581,Columbia,CR 400/CR 2201/Sugar Creek Drive From SR 388 To Dead End-TIA,UNDER-CONSTRUCTION
0017582,https://www.dot.ga.gov/applications/geopi/Pages/Dashboard.aspx?ProjectId=0017582,Columbia,CR 1500/Town Center Drive From SR 104 To SR 383 - TIA,PRE-CONSTRUCTION
0017583,https://www.dot.ga.gov/applications/geopi/Pages/Dashboard.aspx?ProjectId=0017583,Columbia,CR 578/Tubman RD From CR 320/Old Washington RD To SR 104-TIA,PRE-CONSTRUCTION
0017584,https://www.dot.ga.gov/applications/geopi/Pages/Dashboard.aspx?ProjectId=0017584,Columbia,CR 128/Vaughn Road From CR 337/Parliament Road To SR 28-TIA,PRE-CONSTRUCTION
0017585,https://www.dot.ga.gov/applications/geopi/Pages/Dashboard.aspx?ProjectId=0017585,Columbia,CR 571/Wrightsboro RD From SR 383 To Grovetown City Limits-TIA,UNDER-CONSTRUCTION
0017586,https://www.dot.ga.gov/applications/geopi/Pages/Dashboard.aspx?ProjectId=0017586,Columbia,CR 577/Yelton Road From CR 986/Ray Owens Road To SR 47 - TIA,PRE-CONSTRUCTION
0017587,https://www.dot.ga.gov/applications/geopi/Pages/Dashboard.aspx?ProjectId=0017587,Glascock,SR 102 @ Industrial Park 1.30 MI W Of Gibson - TIA,PRE-CONSTRUCTION
0017588,https://www.dot.ga.gov/applications/geopi/Pages/Dashboard.aspx?ProjectId=0017588,Glascock,School Access RD From Jw Braswell RD To Flat Woods RD - TIA,PRE-CONSTRUCTION
0017589,https://www.dot.ga.gov/applications/geopi/Pages/Dashboard.aspx?ProjectId=0017589,Hancock,CR 172/Gilbert Road From CR 395/Gilbert Circle To SR 16 - TIA,PRE-CONSTRUCTION
0017590,https://www.dot.ga.gov/applications/geopi/Pages/Dashboard.aspx?ProjectId=0017590,"Hancock , Washington",Friendship Nebo RD From Baldwin County Line To Linton RD-TIA,PRE-CONSTRUCTION
0017591,https://www.dot.ga.gov/applications/geopi/Pages/Dashboard.aspx?ProjectId=0017591,Hancock,CS 501/Adam Street From CS 517/Maiden Lane To SR 15 - TIA,UNDER-CONSTRUCTION
0017592,https://www.dot.ga.gov/applications/geopi/Pages/Dashboard.aspx?ProjectId=0017592,Hancock,CS 517/Maiden Lane/Rabun St From Hancock St Hamilton St-TIA,UNDER-CONSTRUCTION
0017593,https://www.dot.ga.gov/applications/geopi/Pages/Dashboard.aspx?ProjectId=0017593,Hancock,Lake Crest Ext From Lake Crest To Lake Sinclair Drive - TIA,PRE-CONSTRUCTION
0017594,https://www.dot.ga.gov/applications/geopi/Pages/Dashboard.aspx?ProjectId=0017594,Hancock,CS 502/Ghettis Street From E Hamilton Street To SR 16 - TIA,PRE-CONSTRUCTION
0017595,https://www.dot.ga.gov/applications/geopi/Pages/Dashboard.aspx?ProjectId=0017595,Jenkins,SR 17 & SR 67 From Wilson Street To Old Sylvania RD - TIA,PRE-CONSTRUCTION
0017596,https://www.dot.ga.gov/applications/geopi/Pages/Dashboard.aspx?ProjectId=0017596,Jenkins,SR 121/US 25 @ Industrial Park Entrance - TIA,UNDER-CONSTRUCTION
0017597,https://www.dot.ga.gov/applications/geopi/Pages/Dashboard.aspx?ProjectId=0017597,Jenkins,SR 17; SR 23 & SR 67 @ 3 Locs In Jenkins County - TIA,PRE-CONSTRUCTION
0017598,https://www.dot.ga.gov/applications/geopi/Pages/Dashboard.aspx?ProjectId=0017598,Jenkins,SR 17 @ SR 17 Bypass - TIA,PRE-CONSTRUCTION
0017599,https://www.dot.ga.gov/applications/geopi/Pages/Dashboard.aspx?ProjectId=0017599,Jenkins,SR 17 From Screven County Line To Millen City Limits - TIA,PRE-CONSTRUCTION
0017600,https://www.dot.ga.gov/applications/geopi/Pages/Dashboard.aspx?ProjectId=0017600,Jenkins,SR 17 Bypass @ Recreation Complex - TIA,PRE-CONSTRUCTION
0017601,https://www.dot.ga.gov/applications/geopi/Pages/Dashboard.aspx?ProjectId=0017601,Lincoln,SR 47 @ SR 220 - TIA,PRE-CONSTRUCTION
0017602,https://www.dot.ga.gov/applications/geopi/Pages/Dashboard.aspx?ProjectId=0017602,Lincoln,"Various Locs - Rsrf, Shoulder Rehab",UNDER-CONSTRUCTION
0017603,https://www.dot.ga.gov/applications/geopi/Pages/Dashboard.aspx?ProjectId=0017603,Lincoln,"Various Locs - Rsrf, Shoulder Rehab",UNDER-CONSTRUCTION
0017604,https://www.dot.ga.gov/applications/geopi/Pages/Dashboard.aspx?ProjectId=0017604,Lincoln,"Various Locs - Rsrf, Shoulder Rehab",UNDER-CONSTRUCTION
0017605,https://www.dot.ga.gov/applications/geopi/Pages/Dashboard.aspx?ProjectId=0017605,Lincoln,"Various Locs - Rsrf, Shoulder Rehab",UNDER-CONSTRUCTION
0017606,https://www.dot.ga.gov/applications/geopi/Pages/Dashboard.aspx?ProjectId=0017606,Lincoln,"Various Locs - Rsrf, Shoulder Rehab",UNDER-CONSTRUCTION
0017607,https://www.dot.ga.gov/applications/geopi/Pages/Dashboard.aspx?ProjectId=0017607,Lincoln,CR 72/Mcgill Road From SR 43 To CR 79/Leathersville Road-TIA,PRE-CONSTRUCTION
0017608,https://www.dot.ga.gov/applications/geopi/Pages/Dashboard.aspx?ProjectId=0017608,Lincoln,CR 71/Goldman Johnson Road From SR 43 To SR 220 - TIA,PRE-CONSTRUCTION
0017609,https://www.dot.ga.gov/applications/geopi/Pages/Dashboard.aspx?ProjectId=0017609,McDuffie,SR 17 From SR 150 To SR 12 - TIA,PRE-CONSTRUCTION
0017610,https://www.dot.ga.gov/applications/geopi/Pages/Dashboard.aspx?ProjectId=0017610,McDuffie,Mcduffie County Pavement Rehab @ 5 Locs - TIA,PRE-CONSTRUCTION
0017611,https://www.dot.ga.gov/applications/geopi/Pages/Dashboard.aspx?ProjectId=0017611,McDuffie,I-20 Frontage Road From Dallas Drive To Scuffle Road - TIA,PRE-CONSTRUCTION
0017612,https://www.dot.ga.gov/applications/geopi/Pages/Dashboard.aspx?ProjectId=0017612,McDuffie,Samuels Road & Ext From SR 150 To Sterling Wells Road - TIA,PRE-CONSTRUCTION
0017613,https://www.dot.ga.gov/applications/geopi/Pages/Dashboard.aspx?ProjectId=0017613,McDuffie,SR 150 @ CR 8/Stagecoach Road - TIA,PRE-CONSTRUCTION
0017614,https://www.dot.ga.gov/applications/geopi/Pages/Dashboard.aspx?ProjectId=0017614,McDuffie,CS 788/Harrison Road From SR 17 To SR 223 - TIA,PRE-CONSTRUCTION
0017615,https://www.dot.ga.gov/applications/geopi/Pages/Dashboard.aspx?ProjectId=0017615,McDuffie,SR 150 From SR 17 To CS 788/Harrison Road - TIA,PRE-CONSTRUCTION
0017616,https://www.dot.ga.gov/applications/geopi/Pages/Dashboard.aspx?ProjectId=0017616,McDuffie,Mcduffie County Pavement Rehab @ 2 Locs - TIA,PRE-CONSTRUCTION
0017617,https://www.dot.ga.gov/applications/geopi/Pages/Dashboard.aspx?ProjectId=0017617,McDuffie,SR 17 & CS 654/Greenway Street In Thomson - TIA,PRE-CONSTRUCTION
0017618,https://www.dot.ga.gov/applications/geopi/Pages/Dashboard.aspx?ProjectId=0017618,Richmond,SR 4 From CR 1507/Walton Way To CR 2285/Government Road-TIA,PRE-CONSTRUCTION
0017619,https://www.dot.ga.gov/applications/geopi/Pages/Dashboard.aspx?ProjectId=0017619,Richmond,Augusta Transit Operations & Maintenance - TIA,PRE-CONSTRUCTION
0017620,https://www.dot.ga.gov/applications/geopi/Pages/Dashboard.aspx?ProjectId=0017620,Richmond,Broad Street From SR 28 To Sand Bar Ferry Road-Phase II-TIA,PRE-CONSTRUCTION
0017621,https://www.dot.ga.gov/applications/geopi/Pages/Dashboard.aspx?ProjectId=0017621,Richmond,CR 2678/Broad Street @ Raes Creek - TIA,PRE-CONSTRUCTION
0017622,https://www.dot.ga.gov/applications/geopi/Pages/Dashboard.aspx?ProjectId=0017622,Richmond,CR 2720/Broad Street @ Raes Creek - TIA,PRE-CONSTRUCTION
0017623,https://www.dot.ga.gov/applications/geopi/Pages/Dashboard.aspx?ProjectId=0017623,Richmond,Daniel Field Airport - TIA,UNDER-CONSTRUCTION
0017624,https://www.dot.ga.gov/applications/geopi/Pages/Dashboard.aspx?ProjectId=0017624,Richmond,Richmond County Its Master Plan Implementation-Phase II-TIA,PRE-CONSTRUCTION
0017625,https://www.dot.ga.gov/applications/geopi/Pages/Dashboard.aspx?ProjectId=0017625,Richmond,Richmond County Its Operations & Maintenance Repairs - TIA,PRE-CONSTRUCTION
0017626,https://www.dot.ga.gov/applications/geopi/Pages/Dashboard.aspx?ProjectId=0017626,Richmond,Richmond CO Emergency & Transit Veh Preemption Sys-Phase II-TIA,PRE-CONSTRUCTION
0017627,https://www.dot.ga.gov/applications/geopi/Pages/Dashboard.aspx?ProjectId=0017627,Richmond,Acp Rail Lead Track - TIA,PRE-CONSTRUCTION
0017628,https://www.dot.ga.gov/applications/geopi/Pages/Dashboard.aspx?ProjectId=0017628,Richmond,Augusta Regional Airport - Apron Expansion - TIA,UNDER-CONSTRUCTION
0017629,https://www.dot.ga.gov/applications/geopi/Pages/Dashboard.aspx?ProjectId=0017629,Richmond,Augusta Regional Airport - Runway 8/26 Rehabilitation - TIA,UNDER-CONSTRUCTION
0017630,https://www.dot.ga.gov/applications/geopi/Pages/Dashboard.aspx?ProjectId=0017630,Richmond,Barton Chapel RD From Deans Bridge RD To Augusta W Pkwy-TIA,PRE-CONSTRUCTION
0017631,https://www.dot.ga.gov/applications/geopi/Pages/Dashboard.aspx?ProjectId=0017631,Richmond,Daniel Field Airport - Commercial Hanger Development - TIA,PRE-CONSTRUCTION
0017632,https://www.dot.ga.gov/applications/geopi/Pages/Dashboard.aspx?ProjectId=0017632,Richmond,CR 562/Dennis Road From Stevens Creek Road To Dead End - TIA,UNDER-CONSTRUCTION
0017633,https://www.dot.ga.gov/applications/geopi/Pages/Dashboard.aspx?ProjectId=0017633,Richmond,CR 3888/Doug Bernard Pkwy From SR 10 To Tobacco RD - TIA,PRE-CONSTRUCTION
0017634,https://www.dot.ga.gov/applications/geopi/Pages/Dashboard.aspx?ProjectId=0017634,Richmond,Fulcher Road From Keysville Road To Story Mill Road - TIA,PRE-CONSTRUCTION
0017635,https://www.dot.ga.gov/applications/geopi/Pages/Dashboard.aspx?ProjectId=0017635,Richmond,CR 165/Golden Camp RD From Milledgeville RD To SR 4/US 1-TIA,UNDER-CONSTRUCTION
0017636,https://www.dot.ga.gov/applications/geopi/Pages/Dashboard.aspx?ProjectId=0017636,Richmond,SR 10/US 78 From I-520 To South Carolina State Line - TIA,PRE-CONSTRUCTION
0017637,https://www.dot.ga.gov/applications/geopi/Pages/Dashboard.aspx?ProjectId=0017637,Richmond,Hephzibah-Mcbean Road From SR 121 To Brothersville Road-TIA,UNDER-CONSTRUCTION
0017638,https://www.dot.ga.gov/applications/geopi/Pages/Dashboard.aspx?ProjectId=0017638,Richmond,CR 200/Highland Ave From Wrightsboro Road To SR 10 - TIA,PRE-CONSTRUCTION
0017639,https://www.dot.ga.gov/applications/geopi/Pages/Dashboard.aspx?ProjectId=0017639,Richmond,Laney Walker Blvd @ Ra Dent Blvd & @ Augusta Ave - TIA,PRE-CONSTRUCTION
0017640,https://www.dot.ga.gov/applications/geopi/Pages/Dashboard.aspx?ProjectId=0017640,Richmond,Milledgeville RD From North Leg RD To Barton Chapel RD-TIA,PRE-CONSTRUCTION
0017641,https://www.dot.ga.gov/applications/geopi/Pages/Dashboard.aspx?ProjectId=0017641,Richmond,CR 2337/Monte Sano Ave From Wrightsboro RD To Walton Way-TIA,PRE-CONSTRUCTION
0017642,https://www.dot.ga.gov/applications/geopi/Pages/Dashboard.aspx?ProjectId=0017642,Richmond,New Savannah Bluff Lock & Dam Repair & Restoration - TIA,PRE-CONSTRUCTION
0017643,https://www.dot.ga.gov/applications/geopi/Pages/Dashboard.aspx?ProjectId=0017643,Richmond,Richmond Hill RD From Lumpkin RD To Deans Bridge RD - TIA,PRE-CONSTRUCTION
0017644,https://www.dot.ga.gov/applications/geopi/Pages/Dashboard.aspx?ProjectId=0017644,Richmond,Skinner Mill RD From Boy Scout RD To Walton Way Ext - TIA,PRE-CONSTRUCTION
0017645,https://www.dot.ga.gov/applications/geopi/Pages/Dashboard.aspx?ProjectId=0017645,Richmond,Story Mill RD From Hephzibah Mcbean RD To Fulcher RD - TIA,UNDER-CONSTRUCTION
0017646,https://www.dot.ga.gov/applications/geopi/Pages/Dashboard.aspx?ProjectId=0017646,Richmond,CR 1503/Tobacco Road From SR 4 To SR 121 - TIA,PRE-CONSTRUCTION
0017647,https://www.dot.ga.gov/applications/geopi/Pages/Dashboard.aspx?ProjectId=0017647,Richmond,Wrightsboro Road @ Ra Dent Blvd - TIA,PRE-CONSTRUCTION
0017648,https://www.dot.ga.gov/applications/geopi/Pages/Dashboard.aspx?ProjectId=0017648,Richmond,CR 200/Wheeless Road From SR 121 To SR 4 - TIA,PRE-CONSTRUCTION
0017649,https://www.dot.ga.gov/applications/geopi/Pages/Dashboard.aspx?ProjectId=0017649,Taliaferro,CR 86/Hillman RD/Sandy Cross RD From SR 22 To Thomas RD-TIA,PRE-CONSTRUCTION
0017650,https://www.dot.ga.gov/applications/geopi/Pages/Dashboard.aspx?ProjectId=0017650,Taliaferro,CR 71/Springfield RD From Greene County Line To Gullan RD-TIA,PRE-CONSTRUCTION
0017651,https://www.dot.ga.gov/applications/geopi/Pages/Dashboard.aspx?ProjectId=0017651,Warren,CR 166/Mitchell Road From SR 16 To Glascock County Line-TIA,PRE-CONSTRUCTION
0017652,https://www.dot.ga.gov/applications/geopi/Pages/Dashboard.aspx?ProjectId=0017652,Warren,Mayfield RD; Five Points Jewell RD & Mt Beulah Church RD-TIA,PRE-CONSTRUCTION
0017653,https://www.dot.ga.gov/applications/geopi/Pages/Dashboard.aspx?ProjectId=0017653,Warren,Cadley Road From Old Greensboro Road To SR 80 - TIA,PRE-CONSTRUCTION
0017654,https://www.dot.ga.gov/applications/geopi/Pages/Dashboard.aspx?ProjectId=0017654,Warren,Norwood-Camak Road From Camak City Limits To Ridge Road-TIA,PRE-CONSTRUCTION
0017655,https://www.dot.ga.gov/applications/geopi/Pages/Dashboard.aspx?ProjectId=0017655,Warren,Little Briar Creek Church RD From Ricketson RD To SR 80-TIA,PRE-CONSTRUCTION
0017656,https://www.dot.ga.gov/applications/geopi/Pages/Dashboard.aspx?ProjectId=0017656,Warren,Andrews Chapel RD From Jack Ray RD To Prospect Church RD-TIA,PRE-CONSTRUCTION
0017657,https://www.dot.ga.gov/applications/geopi/Pages/Dashboard.aspx?ProjectId=0017657,Warren,CR 120/Garthright Road From SR 80 To SR 12 - TIA,PRE-CONSTRUCTION
0017658,https://www.dot.ga.gov/applications/geopi/Pages/Dashboard.aspx?ProjectId=0017658,Warren,Rocky Branch RD From Elam Church RD To Sam Collins RD-TIA,PRE-CONSTRUCTION
0017659,https://www.dot.ga.gov/applications/geopi/Pages/Dashboard.aspx?ProjectId=0017659,Warren,SR 80 From SR 12 To CS 685/Freeman Street - TIA,PRE-CONSTRUCTION
0017660,https://www.dot.ga.gov/applications/geopi/Pages/Dashboard.aspx?ProjectId=0017660,Warren,Story Road & Williams Church Creek Road - TIA,PRE-CONSTRUCTION
0017661,https://www.dot.ga.gov/applications/geopi/Pages/Dashboard.aspx?ProjectId=0017661,Wilkes,Wilkes County Resurfacing @ 7 Locs - TIA,PRE-CONSTRUCTION
0017662,https://www.dot.ga.gov/applications/geopi/Pages/Dashboard.aspx?ProjectId=0017662,Wilkes,CR 190/Amity Road From Lincoln County Line To SR 47 - TIA,PRE-CONSTRUCTION
0017663,https://www.dot.ga.gov/applications/geopi/Pages/Dashboard.aspx?ProjectId=0017663,Wilkes,CR 53/Bartram Trace Road From Court Ground Road To SR 44-TIA,PRE-CONSTRUCTION
0017664,https://www.dot.ga.gov/applications/geopi/Pages/Dashboard.aspx?ProjectId=0017664,Wilkes,CR 185/Metasville Road From SR 47 To Lincoln County Line-TIA,PRE-CONSTRUCTION
0017665,https://www.dot.ga.gov/applications/geopi/Pages/Dashboard.aspx?ProjectId=0017665,Wilkes,CR 188/Newtown RD From Clark Station Church RD To SR 10-TIA,PRE-CONSTRUCTION
0017666,https://www.dot.ga.gov/applications/geopi/Pages/Dashboard.aspx?ProjectId=0017666,Wilkes,CR 190/Oak Grove RD From SR 47 To CR 185/Metasville RD - TIA,PRE-CONSTRUCTION
0017667,https://www.dot.ga.gov/applications/geopi/Pages/Dashboard.aspx?ProjectId=0017667,Wilkes,Lundberg RD From Andrew Drive To Taliaferro County Line-TIA,PRE-CONSTRUCTION
0017668,https://www.dot.ga.gov/applications/geopi/Pages/Dashboard.aspx?ProjectId=0017668,Wilkes,CR 68/Stoney Ridge Road From SR 44 To SR 44 - TIA,PRE-CONSTRUCTION
0017669,https://www.dot.ga.gov/applications/geopi/Pages/Dashboard.aspx?ProjectId=0017669,Wilkes,CS 566/Liberty Street From Alexander Ave To SR 44 - TIA,PRE-CONSTRUCTION
0017670,https://www.dot.ga.gov/applications/geopi/Pages/Dashboard.aspx?ProjectId=0017670,Wilkes,CS 534/Gordon Street From SR 47 To SR 44 - TIA,PRE-CONSTRUCTION
0017671,https://www.dot.ga.gov/applications/geopi/Pages/Dashboard.aspx?ProjectId=0017671,Wilkes,CR 240/Hospital Drive From SR 47 To SR 44 - TIA,PRE-CONSTRUCTION
0017672,https://www.dot.ga.gov/applications/geopi/Pages/Dashboard.aspx?ProjectId=0017672,Wilkes,CR 198/Aonia Road From SR 17 To SR 47 - TIA,PRE-CONSTRUCTION
0017673,https://www.dot.ga.gov/applications/geopi/Pages/Dashboard.aspx?ProjectId=0017673,"Lincoln , Wilkes",Delhi Road From SR 17/Wilkes To SR 79/Lincoln - TIA,PRE-CONSTRUCTION
0017678,https://www.dot.ga.gov/applications/geopi/Pages/Dashboard.aspx?ProjectId=0017678,Catoosa,Mt Vernon RD (CR 215) - Bridge Replac,UNDER-CONSTRUCTION
0017691,https://www.dot.ga.gov/applications/geopi/Pages/Dashboard.aspx?ProjectId=0017691,Muscogee,City Of Columbus Resurfacing @ 8 Locs,PRE-CONSTRUCTION
0017694,https://www.dot.ga.gov/applications/geopi/Pages/Dashboard.aspx?ProjectId=0017694,All Counties,Various Locs - Pvmnt Mrkg,COMPLETED-CONSTRUCTION
0017697,https://www.dot.ga.gov/applications/geopi/Pages/Dashboard.aspx?ProjectId=0017697,Liberty,SR 38/US 84 From Flowers Drive To Patriots Trail - Vru,PRE-CONSTRUCTION
0017698,https://www.dot.ga.gov/applications/geopi/Pages/Dashboard.aspx?ProjectId=0017698,Gilmer,SR 5/SR 515 - Inter Inprov,COMPLETED-CONSTRUCTION
0017708,https://www.dot.ga.gov/applications/geopi/Pages/Dashboard.aspx?ProjectId=0017708,Henry,Various County RDs - Off System Safety Improv,COMPLETED-CONSTRUCTION
0017712,https://www.dot.ga.gov/applications/geopi/Pages/Dashboard.aspx?ProjectId=0017712,Pickens,Various Cnty RDs - Oss,COMPLETED-CONSTRUCTION
0017715,https://www.dot.ga.gov/applications/geopi/Pages/Dashboard.aspx?ProjectId=0017715,Rockdale,Various County RDs - Pavement Mkg Upgrades,COMPLETED-CONSTRUCTION
0017718,https://www.dot.ga.gov/applications/geopi/Pages/Dashboard.aspx?ProjectId=0017718,"DeKalb , Gwinnett",SR 141 - Intersection Improv,UNDER-CONSTRUCTION
0017719,https://www.dot.ga.gov/applications/geopi/Pages/Dashboard.aspx?ProjectId=0017719,Forsyth,SR 20 We From Hudson Street To Mason Street,PRE-CONSTRUCTION
0017730,https://www.dot.ga.gov/applications/geopi/Pages/Dashboard.aspx?ProjectId=0017730,Gilmer,SR 52 @ Licklog Creek 10.5 MI SE Of Ellijay,PRE-CONSTRUCTION
0017731,https://www.dot.ga.gov/applications/geopi/Pages/Dashboard.aspx?ProjectId=0017731,Gilmer,SR 52 @ Anderson Creek Tributary,PRE-CONSTRUCTION
0017732,https://www.dot.ga.gov/applications/geopi/Pages/Dashboard.aspx?ProjectId=0017732,Habersham,SR 17/SR 115 @ Soquee River,PRE-CONSTRUCTION
0017733,https://www.dot.ga.gov/applications/geopi/Pages/Dashboard.aspx?ProjectId=0017733,Habersham,SR 255 @ Amys Creek,PRE-CONSTRUCTION
0017734,https://www.dot.ga.gov/applications/geopi/Pages/Dashboard.aspx?ProjectId=0017734,"Habersham , White",SR 384 @ Chattahoochee River,PRE-CONSTRUCTION
0017735,https://www.dot.ga.gov/applications/geopi/Pages/Dashboard.aspx?ProjectId=0017735,Hall,SR 283 @ Flat Creek,PRE-CONSTRUCTION
0017736,https://www.dot.ga.gov/applications/geopi/Pages/Dashboard.aspx?ProjectId=0017736,Hart,SR 77 @ Shoal Creek,PRE-CONSTRUCTION
0017738,https://www.dot.ga.gov/applications/geopi/Pages/Dashboard.aspx?ProjectId=0017738,Ware,CR 591/Albany Ave @ Kettle Creek,PRE-CONSTRUCTION
0017739,https://www.dot.ga.gov/applications/geopi/Pages/Dashboard.aspx?ProjectId=0017739,White,SR 17/SR 75 @ Chattahoochee River,PRE-CONSTRUCTION
0017740,https://www.dot.ga.gov/applications/geopi/Pages/Dashboard.aspx?ProjectId=0017740,Catoosa,"Various Locs - Mill, Plmx Rsrf",COMPLETED-CONSTRUCTION
0017756,https://www.dot.ga.gov/applications/geopi/Pages/Dashboard.aspx?ProjectId=0017756,Bibb,I-16 @ I-75 - Its Deployment - Phase I,PRE-CONSTRUCTION
0017769,https://www.dot.ga.gov/applications/geopi/Pages/Dashboard.aspx?ProjectId=0017769,Coffee,Salem Church Road @ CSX #638221T; Inc Pecan Grove Road,PRE-CONSTRUCTION
0017771,https://www.dot.ga.gov/applications/geopi/Pages/Dashboard.aspx?ProjectId=0017771,Barrow,Robertson Bridge Road (CR 156) - Bridge Rehab,COMPLETED-CONSTRUCTION
0017772,https://www.dot.ga.gov/applications/geopi/Pages/Dashboard.aspx?ProjectId=0017772,Elbert,Browns Bridge Road (CR 96)  -  Bridge Rehab,COMPLETED-CONSTRUCTION
0017773,https://www.dot.ga.gov/applications/geopi/Pages/Dashboard.aspx?ProjectId=0017773,Franklin,Bald Eagle RD (CR 285) - Bridge Replac,UNDER-CONSTRUCTION
0017774,https://www.dot.ga.gov/applications/geopi/Pages/Dashboard.aspx?ProjectId=0017774,Marion,Pineville RD (CR 163) - Construction Of A Bridge,UNDER-CONSTRUCTION
0017775,https://www.dot.ga.gov/applications/geopi/Pages/Dashboard.aspx?ProjectId=0017775,Floyd,Rehobeth RD (CR 10) - Construction Of A Bridge,UNDER-CONSTRUCTION
0017777,https://www.dot.ga.gov/applications/geopi/Pages/Dashboard.aspx?ProjectId=0017777,Turner,Wardlow RD (CR 251) - Br Cnst,COMPLETED-CONSTRUCTION
0017778,https://www.dot.ga.gov/applications/geopi/Pages/Dashboard.aspx?ProjectId=0017778,Tattnall,Birdford Lake RD(CR 685) - Construction Of A Bridge,COMPLETED-CONSTRUCTION
0017780,https://www.dot.ga.gov/applications/geopi/Pages/Dashboard.aspx?ProjectId=0017780,Fulton,Garretts Ferry RD (CR 435) - Bridge Rehab,UNDER-CONSTRUCTION
0017782,https://www.dot.ga.gov/applications/geopi/Pages/Dashboard.aspx?ProjectId=0017782,Fannin,SR 5 (Blue Ridge Dr) - Traffic Management,UNDER-CONSTRUCTION
0017789,https://www.dot.ga.gov/applications/geopi/Pages/Dashboard.aspx?ProjectId=0017789,Cherokee,SR 140 From SR 5 Bu To N Of CS 662/Mary Lane In Canton,PRE-CONSTRUCTION
0017802,https://www.dot.ga.gov/applications/geopi/Pages/Dashboard.aspx?ProjectId=0017802,Fulton,Atlanta Traffic Signal Enhancement Program - Phase I,PRE-CONSTRUCTION
0017804,https://www.dot.ga.gov/applications/geopi/Pages/Dashboard.aspx?ProjectId=0017804,Cherokee,SR 140 @ CR 309/Univeter Road,PRE-CONSTRUCTION
0017806,https://www.dot.ga.gov/applications/geopi/Pages/Dashboard.aspx?ProjectId=0017806,Cobb,Cumberland Core Loop From Galleria Drive To Akers Mill RD-LCI,PRE-CONSTRUCTION
0017807,https://www.dot.ga.gov/applications/geopi/Pages/Dashboard.aspx?ProjectId=0017807,DeKalb,City Of Chamblee Rail Trail Extension - LCI,PRE-CONSTRUCTION
0017809,https://www.dot.ga.gov/applications/geopi/Pages/Dashboard.aspx?ProjectId=0017809,DeKalb,South River Trail Ext From Bolder Walk Drive To Crestdale RD,PRE-CONSTRUCTION
0017811,https://www.dot.ga.gov/applications/geopi/Pages/Dashboard.aspx?ProjectId=0017811,Douglas,E Strickland St;Ellis St;James Vance St & Old SR 92 @ 4 Locs,PRE-CONSTRUCTION
0017812,https://www.dot.ga.gov/applications/geopi/Pages/Dashboard.aspx?ProjectId=0017812,Fayette,Ca - Fayette County Resurfacing Program,UNDER-CONSTRUCTION
0017813,https://www.dot.ga.gov/applications/geopi/Pages/Dashboard.aspx?ProjectId=0017813,Fayette,SR 85 @ 1 Loc; SR 279 @ 1 Loc & Corinth Road @ 1 Loc,PRE-CONSTRUCTION
0017815,https://www.dot.ga.gov/applications/geopi/Pages/Dashboard.aspx?ProjectId=0017815,Fulton,Chattahoochee Greenway From SR 120 To Cauley Creek Park,PRE-CONSTRUCTION
0017821,https://www.dot.ga.gov/applications/geopi/Pages/Dashboard.aspx?ProjectId=0017821,Rockdale,Rockdale Rvr Trail Ext From Rockdale Rvr Trail To Granade Road,PRE-CONSTRUCTION
0017830,https://www.dot.ga.gov/applications/geopi/Pages/Dashboard.aspx?ProjectId=0017830,Fulton,CS 111/Buice Road @ Johns Creek,PRE-CONSTRUCTION
0017842,https://www.dot.ga.gov/applications/geopi/Pages/Dashboard.aspx?ProjectId=0017842,"Carroll , Haralson",SR 8 @ 8 Locs & SR 61 @ 1 Loc,PRE-CONSTRUCTION
0017843,https://www.dot.ga.gov/applications/geopi/Pages/Dashboard.aspx?ProjectId=0017843,Dougherty,SR 133; SR 234; SR 520 & SR 520 Bu @ 12 Locs,PRE-CONSTRUCTION
0017844,https://www.dot.ga.gov/applications/geopi/Pages/Dashboard.aspx?ProjectId=0017844,Coffee,SR 31 @ 6 Locs & SR 206 @ 5 Locs,PRE-CONSTRUCTION
0017876,https://www.dot.ga.gov/applications/geopi/Pages/Dashboard.aspx?ProjectId=0017876,Macon,General John B. Gordon RD (CR 53) - Bridge Rehab,COMPLETED-CONSTRUCTION
0017879,https://www.dot.ga.gov/applications/geopi/Pages/Dashboard.aspx?ProjectId=0017879,Bibb,Ocmulgee Heritage Trail From I-16/I-75 To Amerson River Park,PRE-CONSTRUCTION
0017907,https://www.dot.ga.gov/applications/geopi/Pages/Dashboard.aspx?ProjectId=0017907,All Counties,I-16 Interchanges - Its CCTV Deployment,PRE-CONSTRUCTION
0017915,https://www.dot.ga.gov/applications/geopi/Pages/Dashboard.aspx?ProjectId=0017915,Bibb,I-16/I-75 Interchange Its Deployment - Phase II,PRE-CONSTRUCTION
0017922,https://www.dot.ga.gov/applications/geopi/Pages/Dashboard.aspx?ProjectId=0017922,"Bryan , Chatham",I-95/SR 405 - Signing Upgrades,UNDER-CONSTRUCTION
0017926,https://www.dot.ga.gov/applications/geopi/Pages/Dashboard.aspx?ProjectId=0017926,Fulton,US 278/SR 8 - Median Wk,COMPLETED-CONSTRUCTION
0017927,https://www.dot.ga.gov/applications/geopi/Pages/Dashboard.aspx?ProjectId=0017927,Barrow,SR 324 @ CSX #640143N,PRE-CONSTRUCTION
0017928,https://www.dot.ga.gov/applications/geopi/Pages/Dashboard.aspx?ProjectId=0017928,Bulloch,SR 26 @ Lotts Creek,PRE-CONSTRUCTION
0017929,https://www.dot.ga.gov/applications/geopi/Pages/Dashboard.aspx?ProjectId=0017929,Burke,SR 56 @ Rocky Creek,PRE-CONSTRUCTION
0017930,https://www.dot.ga.gov/applications/geopi/Pages/Dashboard.aspx?ProjectId=0017930,Catoosa,I-75 @ CR 382/Boynton Drive,PRE-CONSTRUCTION
0017931,https://www.dot.ga.gov/applications/geopi/Pages/Dashboard.aspx?ProjectId=0017931,Columbia,SR 104 @ Little Kiokee Creek,PRE-CONSTRUCTION
0017932,https://www.dot.ga.gov/applications/geopi/Pages/Dashboard.aspx?ProjectId=0017932,Columbia,SR 104 @ Kiokee Creek,PRE-CONSTRUCTION
0017933,https://www.dot.ga.gov/applications/geopi/Pages/Dashboard.aspx?ProjectId=0017933,Emanuel,SR 26 @ Fifteen Mile Creek,PRE-CONSTRUCTION
0017934,https://www.dot.ga.gov/applications/geopi/Pages/Dashboard.aspx?ProjectId=0017934,Gilmer,SR 52 @ Cartecay River,PRE-CONSTRUCTION
0017935,https://www.dot.ga.gov/applications/geopi/Pages/Dashboard.aspx?ProjectId=0017935,Gilmer,SR 52 @ Licklog Creek 6.6 MI SE Of Ellijay,PRE-CONSTRUCTION
0017936,https://www.dot.ga.gov/applications/geopi/Pages/Dashboard.aspx?ProjectId=0017936,Jasper,SR 11 @ NS #733263N,PRE-CONSTRUCTION
0017937,https://www.dot.ga.gov/applications/geopi/Pages/Dashboard.aspx?ProjectId=0017937,Meriwether,SR 85 @ CSX #639361Y In Woodbury,PRE-CONSTRUCTION
0017938,https://www.dot.ga.gov/applications/geopi/Pages/Dashboard.aspx?ProjectId=0017938,Morgan,SR 83 @ Little River,PRE-CONSTRUCTION
0017939,https://www.dot.ga.gov/applications/geopi/Pages/Dashboard.aspx?ProjectId=0017939,Morgan,SR 83 @ Big Indian Creek,PRE-CONSTRUCTION
0017940,https://www.dot.ga.gov/applications/geopi/Pages/Dashboard.aspx?ProjectId=0017940,"Pike , Upson",SR 74 @ Elkins Creek,PRE-CONSTRUCTION
0017941,https://www.dot.ga.gov/applications/geopi/Pages/Dashboard.aspx?ProjectId=0017941,Taliaferro,SR 22 @ South Fork Little River,PRE-CONSTRUCTION
0017942,https://www.dot.ga.gov/applications/geopi/Pages/Dashboard.aspx?ProjectId=0017942,Walton,SR 138 @ Alcovy River,PRE-CONSTRUCTION
0017946,https://www.dot.ga.gov/applications/geopi/Pages/Dashboard.aspx?ProjectId=0017946,Floyd,CR 761/Hall Road @ NS #719126X,PRE-CONSTRUCTION
0017956,https://www.dot.ga.gov/applications/geopi/Pages/Dashboard.aspx?ProjectId=0017956,Barrow,SR 11 @ CR 125/Mcelhannon Road - Vru,PRE-CONSTRUCTION
0017957,https://www.dot.ga.gov/applications/geopi/Pages/Dashboard.aspx?ProjectId=0017957,"Habersham , Lumpkin , Rabun , Towns",Various Locs - Install Motorcycle Guardrails,UNDER-CONSTRUCTION
0017958,https://www.dot.ga.gov/applications/geopi/Pages/Dashboard.aspx?ProjectId=0017958,Rockdale,SR 138 @ CR 122/Dial Mill Road,PRE-CONSTRUCTION
0017959,https://www.dot.ga.gov/applications/geopi/Pages/Dashboard.aspx?ProjectId=0017959,Mitchell,SR 37 @ CR 275/River Road,PRE-CONSTRUCTION
0017960,https://www.dot.ga.gov/applications/geopi/Pages/Dashboard.aspx?ProjectId=0017960,Colquitt,SR 37 @ CR 483/Thigpen Trail,PRE-CONSTRUCTION
0017961,https://www.dot.ga.gov/applications/geopi/Pages/Dashboard.aspx?ProjectId=0017961,Clay,SR 1/US 27 @ SR 37,PRE-CONSTRUCTION
0017962,https://www.dot.ga.gov/applications/geopi/Pages/Dashboard.aspx?ProjectId=0017962,Lee,SR 3/US 19 @ CS 507/Church Street,PRE-CONSTRUCTION
0017963,https://www.dot.ga.gov/applications/geopi/Pages/Dashboard.aspx?ProjectId=0017963,Colquitt,SR 33 @ CR 15/Gene Mcqueen Road,PRE-CONSTRUCTION
0017964,https://www.dot.ga.gov/applications/geopi/Pages/Dashboard.aspx?ProjectId=0017964,Whitfield,SR 286 @ CR 670/Dawnville Road,PRE-CONSTRUCTION
0017965,https://www.dot.ga.gov/applications/geopi/Pages/Dashboard.aspx?ProjectId=0017965,Carroll,I-20 @ SR 61 - Ddi,PRE-CONSTRUCTION
0017966,https://www.dot.ga.gov/applications/geopi/Pages/Dashboard.aspx?ProjectId=0017966,Carroll,SR 61 - Intersection Improv,COMPLETED-CONSTRUCTION
0017967,https://www.dot.ga.gov/applications/geopi/Pages/Dashboard.aspx?ProjectId=0017967,Jefferson,SR 540 @ SR 296,PRE-CONSTRUCTION
0017968,https://www.dot.ga.gov/applications/geopi/Pages/Dashboard.aspx?ProjectId=0017968,Peach,SR 96 @ CS 767/Housers Mill Road,PRE-CONSTRUCTION
0017969,https://www.dot.ga.gov/applications/geopi/Pages/Dashboard.aspx?ProjectId=0017969,Whitfield,SR 3/US 41 From SR 71 To Mill Creek,PRE-CONSTRUCTION
0017973,https://www.dot.ga.gov/applications/geopi/Pages/Dashboard.aspx?ProjectId=0017973,Chatham,City Of Savannah Traffic Control Center,PRE-CONSTRUCTION
0017975,https://www.dot.ga.gov/applications/geopi/Pages/Dashboard.aspx?ProjectId=0017975,Chatham,CR 76/Chevis Road From CR 73/Wild Heron Road To SR 25,PRE-CONSTRUCTION
0017976,https://www.dot.ga.gov/applications/geopi/Pages/Dashboard.aspx?ProjectId=0017976,Chatham,CR 585/CR 777/Garrard Ave From Chatham Pkwy To Gamble Road,PRE-CONSTRUCTION
0017980,https://www.dot.ga.gov/applications/geopi/Pages/Dashboard.aspx?ProjectId=0017980,Fulton,Path 400 Trail From Loridans Dr To Sandy Springs City Limits,UNDER-CONSTRUCTION
0017981,https://www.dot.ga.gov/applications/geopi/Pages/Dashboard.aspx?ProjectId=0017981,Fulton,SR 141 Conn From CS 7005/Phipps Blvd To SR 237 - Phase III,PRE-CONSTRUCTION
0017982,https://www.dot.ga.gov/applications/geopi/Pages/Dashboard.aspx?ProjectId=0017982,Cherokee,SR 140 @ SR 5 Conn,PRE-CONSTRUCTION
0017989,https://www.dot.ga.gov/applications/geopi/Pages/Dashboard.aspx?ProjectId=0017989,Cobb,Noonday Creek Trail @ SR 3 & @ Noonday Crk-Pedestrian Bridge,PRE-CONSTRUCTION
0017991,https://www.dot.ga.gov/applications/geopi/Pages/Dashboard.aspx?ProjectId=0017991,DeKalb,CR 5160/North Druid Hills Road @ CSX #639806W,PRE-CONSTRUCTION
0017992,https://www.dot.ga.gov/applications/geopi/Pages/Dashboard.aspx?ProjectId=0017992,DeKalb,Kensington Marta Station Trail - Phase I,PRE-CONSTRUCTION
0017993,https://www.dot.ga.gov/applications/geopi/Pages/Dashboard.aspx?ProjectId=0017993,Fulton,SR 6 @ CS 8265/CS 8224/Welcome All Road,PRE-CONSTRUCTION
0017994,https://www.dot.ga.gov/applications/geopi/Pages/Dashboard.aspx?ProjectId=0017994,Fulton,CS 665/Peachtree Street From SR 154 To Alabama Street - LCI,PRE-CONSTRUCTION
0017995,https://www.dot.ga.gov/applications/geopi/Pages/Dashboard.aspx?ProjectId=0017995,Fulton,SR 70 From CR 7549/Lakeview Court To CR 2036/Westpark Place,PRE-CONSTRUCTION
0017998,https://www.dot.ga.gov/applications/geopi/Pages/Dashboard.aspx?ProjectId=0017998,Gwinnett,SR 124 From SR 20 To Barrow County Line - Phase I,PRE-CONSTRUCTION
0017999,https://www.dot.ga.gov/applications/geopi/Pages/Dashboard.aspx?ProjectId=0017999,Gwinnett,S Norcross-Tucker RD/Singleton RD/Steve Reynolds Blvd@1Loc,UNDER-CONSTRUCTION
0018008,https://www.dot.ga.gov/applications/geopi/Pages/Dashboard.aspx?ProjectId=0018008,"Newton , Rockdale",Dial Mill Road @ Little Haynes Creek,PRE-CONSTRUCTION
0018009,https://www.dot.ga.gov/applications/geopi/Pages/Dashboard.aspx?ProjectId=0018009,Newton,SR 12/US 278 From CS 681/Turner Lake Road To SR 81,PRE-CONSTRUCTION
0018022,https://www.dot.ga.gov/applications/geopi/Pages/Dashboard.aspx?ProjectId=0018022,Troup,SR 54/SR 100 @ I-85 Ramps In Hogansville,PRE-CONSTRUCTION
0018023,https://www.dot.ga.gov/applications/geopi/Pages/Dashboard.aspx?ProjectId=0018023,Chatham,SR 30 @ CS 673/Hodgeville Road,PRE-CONSTRUCTION
0018024,https://www.dot.ga.gov/applications/geopi/Pages/Dashboard.aspx?ProjectId=0018024,Cherokee,SR 92 @ CS 998/Main Street,PRE-CONSTRUCTION
0018025,https://www.dot.ga.gov/applications/geopi/Pages/Dashboard.aspx?ProjectId=0018025,Gwinnett,SR 10 @ CR 2560/West Park Place Blvd,PRE-CONSTRUCTION
0018033,https://www.dot.ga.gov/applications/geopi/Pages/Dashboard.aspx?ProjectId=0018033,"DeKalb , Fulton",Atlanta Traffic Signal Enhancements - Phase II,PRE-CONSTRUCTION
0018037,https://www.dot.ga.gov/applications/geopi/Pages/Dashboard.aspx?ProjectId=0018037,Fayette,Various Locs - Off-System Safety Improv,COMPLETED-CONSTRUCTION
0018039,https://www.dot.ga.gov/applications/geopi/Pages/Dashboard.aspx?ProjectId=0018039,Newton,Various Locs - Oss,COMPLETED-CONSTRUCTION
0018041,https://www.dot.ga.gov/applications/geopi/Pages/Dashboard.aspx?ProjectId=0018041,Burke,Various Locs - Oss,COMPLETED-CONSTRUCTION
0018048,https://www.dot.ga.gov/applications/geopi/Pages/Dashboard.aspx?ProjectId=0018048,Gordon,Various Cnty RDs - Off-System Safety Improv,COMPLETED-CONSTRUCTION
0018054,https://www.dot.ga.gov/applications/geopi/Pages/Dashboard.aspx?ProjectId=0018054,Hancock,Tucker RD (CR 72) - Construction Of A Bridge,UNDER-CONSTRUCTION
0018055,https://www.dot.ga.gov/applications/geopi/Pages/Dashboard.aspx?ProjectId=0018055,Newton,Benton RD (CR 179) - Bridge Replac,COMPLETED-CONSTRUCTION
0018056,https://www.dot.ga.gov/applications/geopi/Pages/Dashboard.aspx?ProjectId=0018056,Jefferson,Sandy Valley RD (CR 116) - Construction Of A Bridge,UNDER-CONSTRUCTION
0018057,https://www.dot.ga.gov/applications/geopi/Pages/Dashboard.aspx?ProjectId=0018057,Clinch,Antioch Church RD (CR 204) - Bridge Replt,UNDER-CONSTRUCTION
0018058,https://www.dot.ga.gov/applications/geopi/Pages/Dashboard.aspx?ProjectId=0018058,Jeff Davis,Post RD (CR 299) - Construction Of A Bridge,UNDER-CONSTRUCTION
0018173,https://www.dot.ga.gov/applications/geopi/Pages/Dashboard.aspx?ProjectId=0018173,Jasper,Old Agateville RD (CR 117) ¿ Bridge Cnst,COMPLETED-CONSTRUCTION
0018174,https://www.dot.ga.gov/applications/geopi/Pages/Dashboard.aspx?ProjectId=0018174,Laurens,CR 348/Lord Road @ Rocky Creek,PRE-CONSTRUCTION
0018177,https://www.dot.ga.gov/applications/geopi/Pages/Dashboard.aspx?ProjectId=0018177,Fannin,Various Cnty RDs - Pvmnt Mrkg,COMPLETED-CONSTRUCTION
0018180,https://www.dot.ga.gov/applications/geopi/Pages/Dashboard.aspx?ProjectId=0018180,All Counties,Carm Operational Improvement - Phase III,PRE-CONSTRUCTION
0018185,https://www.dot.ga.gov/applications/geopi/Pages/Dashboard.aspx?ProjectId=0018185,Fulton,SR 70 @ CR 4176/Cascade Road,PRE-CONSTRUCTION
0018191,https://www.dot.ga.gov/applications/geopi/Pages/Dashboard.aspx?ProjectId=0018191,Fulton,I-285 From SR 14 To CS 2971/Mt Gilead Road,PRE-CONSTRUCTION
0018192,https://www.dot.ga.gov/applications/geopi/Pages/Dashboard.aspx?ProjectId=0018192,Fulton,I-285 From CS 2971/Mt Gilead Road To CS 843/Collier Drive,PRE-CONSTRUCTION
0018193,https://www.dot.ga.gov/applications/geopi/Pages/Dashboard.aspx?ProjectId=0018193,"Cobb , Fulton",I-285 From CS 843/Collier Drive To CR 2838/Paces Ferry Road,PRE-CONSTRUCTION
0018207,https://www.dot.ga.gov/applications/geopi/Pages/Dashboard.aspx?ProjectId=0018207,All Counties,Various Rr Crossings - Sign & Pvmt Marking Upgs,COMPLETED-CONSTRUCTION
0018218,https://www.dot.ga.gov/applications/geopi/Pages/Dashboard.aspx?ProjectId=0018218,Treutlen,SR 86 - Bridge Repl,COMPLETED-CONSTRUCTION
0018219,https://www.dot.ga.gov/applications/geopi/Pages/Dashboard.aspx?ProjectId=0018219,Union,CR 286/CS 547/Blue Ridge Street @ CS 524/Murphy Hwy,PRE-CONSTRUCTION
0018220,https://www.dot.ga.gov/applications/geopi/Pages/Dashboard.aspx?ProjectId=0018220,Union,SR 11 From CR 236/Gumlog Road To SR 325,PRE-CONSTRUCTION
0018221,https://www.dot.ga.gov/applications/geopi/Pages/Dashboard.aspx?ProjectId=0018221,DeKalb,Various Cnty RDs - Oss,COMPLETED-CONSTRUCTION
0018222,https://www.dot.ga.gov/applications/geopi/Pages/Dashboard.aspx?ProjectId=0018222,Banks,CR 224/Moss Farm Road @ Mountain Creek 6 MI N Of Homer,PRE-CONSTRUCTION
0018223,https://www.dot.ga.gov/applications/geopi/Pages/Dashboard.aspx?ProjectId=0018223,Brooks,CR 279/Coffee Road @ Little Creek 8 MI W Of Morven,PRE-CONSTRUCTION
0018224,https://www.dot.ga.gov/applications/geopi/Pages/Dashboard.aspx?ProjectId=0018224,Brooks,CR 280/Lawson Pond RD @ Little River Trib 3 MI NE Of Morven,PRE-CONSTRUCTION
0018225,https://www.dot.ga.gov/applications/geopi/Pages/Dashboard.aspx?ProjectId=0018225,Camden,CS 426/Borrell Blvd @ Borrells Creek In St Marys,PRE-CONSTRUCTION
0018226,https://www.dot.ga.gov/applications/geopi/Pages/Dashboard.aspx?ProjectId=0018226,Charlton,CR 88/Winokur Rock @ Little Buffalo Crk 14 MI N Of Folkston,PRE-CONSTRUCTION
0018227,https://www.dot.ga.gov/applications/geopi/Pages/Dashboard.aspx?ProjectId=0018227,Charlton,CR 88/Winokur Rock @ Satilla River Trib 18 MI N Of Folkston,PRE-CONSTRUCTION
0018228,https://www.dot.ga.gov/applications/geopi/Pages/Dashboard.aspx?ProjectId=0018228,"Colquitt , Cook",CR 478/Moultrie Lenox RD @ Little Rvr 9 MI E Of Norman Park,PRE-CONSTRUCTION
0018229,https://www.dot.ga.gov/applications/geopi/Pages/Dashboard.aspx?ProjectId=0018229,Colquitt,Roundtree Bridge RD @ Little Rvr Trib 2.6 MI NE Of Ellenton,PRE-CONSTRUCTION
0018230,https://www.dot.ga.gov/applications/geopi/Pages/Dashboard.aspx?ProjectId=0018230,Colquitt,Roundtree Bridge RD @ Little River Trib 3 MI NE Of Ellenton,PRE-CONSTRUCTION
0018231,https://www.dot.ga.gov/applications/geopi/Pages/Dashboard.aspx?ProjectId=0018231,Coweta,CR 21/Happy Valley Circle @ Browns Creek 6 MI N Of Newnan,PRE-CONSTRUCTION
0018232,https://www.dot.ga.gov/applications/geopi/Pages/Dashboard.aspx?ProjectId=0018232,Echols,CR 120/Howell Road @ Connell Branch 1.5 MI E Of Howell,PRE-CONSTRUCTION
0018233,https://www.dot.ga.gov/applications/geopi/Pages/Dashboard.aspx?ProjectId=0018233,Echols,CR 120/Howell RD @ Alapaha River Overflow 2.5 MI E Of Howell,PRE-CONSTRUCTION
0018234,https://www.dot.ga.gov/applications/geopi/Pages/Dashboard.aspx?ProjectId=0018234,Effingham,Stillwell Road @ Ebenezer Creek,PRE-CONSTRUCTION
0018235,https://www.dot.ga.gov/applications/geopi/Pages/Dashboard.aspx?ProjectId=0018235,Emanuel,CR 160/Halls Bridge RD @ Mulepen Crk 1.8 MI NW Of Norristown,PRE-CONSTRUCTION
0018236,https://www.dot.ga.gov/applications/geopi/Pages/Dashboard.aspx?ProjectId=0018236,Emanuel,CR 160/Halls Bridge Road @ West Fork Yam Grandy Creek,PRE-CONSTRUCTION
0018238,https://www.dot.ga.gov/applications/geopi/Pages/Dashboard.aspx?ProjectId=0018238,"Cherokee , Fulton",CS 32/CR 306/Clarity RD @ Little River 8 MI NW Of Alpharetta,PRE-CONSTRUCTION
0018239,https://www.dot.ga.gov/applications/geopi/Pages/Dashboard.aspx?ProjectId=0018239,"Coweta , Fulton",Atlanta Newnan Road @ Cedar Creek 3 MI W Of Palmetto,PRE-CONSTRUCTION
0018240,https://www.dot.ga.gov/applications/geopi/Pages/Dashboard.aspx?ProjectId=0018240,"Cherokee , Fulton",Hickory Flat Road/Lower Birmingham Road @ Little River,PRE-CONSTRUCTION
0018241,https://www.dot.ga.gov/applications/geopi/Pages/Dashboard.aspx?ProjectId=0018241,Grady,CR 324/Lower Pine Park Road @ Brumbley Creek,PRE-CONSTRUCTION
0018242,https://www.dot.ga.gov/applications/geopi/Pages/Dashboard.aspx?ProjectId=0018242,Habersham,CR 193/Hub Tatum Road @ Sautee Creek 3 MI S Of Batesville,PRE-CONSTRUCTION
0018243,https://www.dot.ga.gov/applications/geopi/Pages/Dashboard.aspx?ProjectId=0018243,Habersham,CR 512/Garrison Drive @ Mud Creek 7.4 MI SW Of Baldwin,PRE-CONSTRUCTION
0018244,https://www.dot.ga.gov/applications/geopi/Pages/Dashboard.aspx?ProjectId=0018244,Heard,CR 211/Ridgeway Road @ Cedar Creek 7 MI W Of Franklin,PRE-CONSTRUCTION
0018245,https://www.dot.ga.gov/applications/geopi/Pages/Dashboard.aspx?ProjectId=0018245,Madison,CR 11/Dove-Drake Road @ Mill Shoal Creek 10 MI N Of Comer,PRE-CONSTRUCTION
0018246,https://www.dot.ga.gov/applications/geopi/Pages/Dashboard.aspx?ProjectId=0018246,Polk,CS 767/Drummond Road @ Lake Creek Trib 5 MI NE Of Cedartown,PRE-CONSTRUCTION
0018247,https://www.dot.ga.gov/applications/geopi/Pages/Dashboard.aspx?ProjectId=0018247,Polk,CS 605/North College Street @ Cedar Creek Trib,PRE-CONSTRUCTION
0018248,https://www.dot.ga.gov/applications/geopi/Pages/Dashboard.aspx?ProjectId=0018248,Stephens,CR 146/Riverdale Road @ NS #717368L 5.2 MI NE Of Toccoa,PRE-CONSTRUCTION
0018249,https://www.dot.ga.gov/applications/geopi/Pages/Dashboard.aspx?ProjectId=0018249,Stephens,CR 146/Riverdale Road @ Toccoa Creek 5.2 MI N Of Toccoa,PRE-CONSTRUCTION
0018250,https://www.dot.ga.gov/applications/geopi/Pages/Dashboard.aspx?ProjectId=0018250,Stephens,CR 415/Tower Road @ Eastanollee Creek 1.8 MI NE Of Avalon,PRE-CONSTRUCTION
0018251,https://www.dot.ga.gov/applications/geopi/Pages/Dashboard.aspx?ProjectId=0018251,Talbot,CR 111/Packing House Road @ CSX #638427T 2 MI S Of Talbotton,PRE-CONSTRUCTION
0018252,https://www.dot.ga.gov/applications/geopi/Pages/Dashboard.aspx?ProjectId=0018252,Terrell,CR 133/Judge Laye Road @ Brantley Creek 1.7 MI W Of Sasser,PRE-CONSTRUCTION
0018253,https://www.dot.ga.gov/applications/geopi/Pages/Dashboard.aspx?ProjectId=0018253,Union,CR 129/Byers Road @ Youngcane Creek 6.9 MI W Of Blairsville,PRE-CONSTRUCTION
0018254,https://www.dot.ga.gov/applications/geopi/Pages/Dashboard.aspx?ProjectId=0018254,Walker,East Armuchee RD @ East Armuchee Creek 1.5 MI S Of Villanow,PRE-CONSTRUCTION
0018256,https://www.dot.ga.gov/applications/geopi/Pages/Dashboard.aspx?ProjectId=0018256,Lumpkin,SR 60/US 19 @ Yahoola Creek,PRE-CONSTRUCTION
0018257,https://www.dot.ga.gov/applications/geopi/Pages/Dashboard.aspx?ProjectId=0018257,Ware,SR 4 Bu/US 1Bu @ Kettle Creek,PRE-CONSTRUCTION
0018261,https://www.dot.ga.gov/applications/geopi/Pages/Dashboard.aspx?ProjectId=0018261,Wilcox,SR 112 @ Mill Creek NW Of Echols RD Ext - Emergency Repairs,PRE-CONSTRUCTION
0018264,https://www.dot.ga.gov/applications/geopi/Pages/Dashboard.aspx?ProjectId=0018264,Rockdale,Rockdale County School Bus Replacement - Fy 2024,PRE-CONSTRUCTION
0018265,https://www.dot.ga.gov/applications/geopi/Pages/Dashboard.aspx?ProjectId=0018265,Cobb,SR 280 From CS 1720/Windy Hill Road To CS 1782/Concord Road,PRE-CONSTRUCTION
0018274,https://www.dot.ga.gov/applications/geopi/Pages/Dashboard.aspx?ProjectId=0018274,"Coweta , Fulton , Troup",I-85/SR 403 - Its Dms Expansion,UNDER-CONSTRUCTION
0018282,https://www.dot.ga.gov/applications/geopi/Pages/Dashboard.aspx?ProjectId=0018282,Floyd,SR 101 @ CS 1053/12Th Street,PRE-CONSTRUCTION
0018283,https://www.dot.ga.gov/applications/geopi/Pages/Dashboard.aspx?ProjectId=0018283,Cobb,SR 3/US 41 @ SR 5 Conn,PRE-CONSTRUCTION
0018284,https://www.dot.ga.gov/applications/geopi/Pages/Dashboard.aspx?ProjectId=0018284,DeKalb,SR 8/US 29 @ CR 5160/North Druid Hills Road,PRE-CONSTRUCTION
0018297,https://www.dot.ga.gov/applications/geopi/Pages/Dashboard.aspx?ProjectId=0018297,Gwinnett,SR 120 From CR 5529/Boles Farm Lane To CR 709/Pine Street,PRE-CONSTRUCTION
0018298,https://www.dot.ga.gov/applications/geopi/Pages/Dashboard.aspx?ProjectId=0018298,Fulton,SR 3/US 41 @ SR 8,PRE-CONSTRUCTION
0018301,https://www.dot.ga.gov/applications/geopi/Pages/Dashboard.aspx?ProjectId=0018301,Fulton,SR 3/US 19 From CS 3498/Marietta Street To CS 3352/8Th Street,PRE-CONSTRUCTION
0018302,https://www.dot.ga.gov/applications/geopi/Pages/Dashboard.aspx?ProjectId=0018302,Fulton,SR 3/US 19 From Greensferry Ave To Joseph E Boone Blvd,PRE-CONSTRUCTION
0018303,https://www.dot.ga.gov/applications/geopi/Pages/Dashboard.aspx?ProjectId=0018303,Fulton,SR 3/US 19 From Whitehall Street To Greensferry Ave,PRE-CONSTRUCTION
0018324,https://www.dot.ga.gov/applications/geopi/Pages/Dashboard.aspx?ProjectId=0018324,Fulton,SR 139 & CS 2328 From Cascade Ave To Murphy Ave - Vru,PRE-CONSTRUCTION
0018325,https://www.dot.ga.gov/applications/geopi/Pages/Dashboard.aspx?ProjectId=0018325,Gordon,SR 225 @ CR 483/Newtown Church Road,PRE-CONSTRUCTION
0018326,https://www.dot.ga.gov/applications/geopi/Pages/Dashboard.aspx?ProjectId=0018326,Dougherty,SR 234 From CS 773/Cedar Ave To CS 664/W Whitney Ave - Vru,PRE-CONSTRUCTION
0018327,https://www.dot.ga.gov/applications/geopi/Pages/Dashboard.aspx?ProjectId=0018327,Bibb,SR 22/US 80 From CR 5503/Canterbury RD To I-75 Sb Ramp - Vru,PRE-CONSTRUCTION
0018328,https://www.dot.ga.gov/applications/geopi/Pages/Dashboard.aspx?ProjectId=0018328,Bibb,SR 22/US 80 @ I-75 Sb Ramp,PRE-CONSTRUCTION
0018329,https://www.dot.ga.gov/applications/geopi/Pages/Dashboard.aspx?ProjectId=0018329,Peach,SR 7/US 341 @ CR 186/Woolfolk Road,PRE-CONSTRUCTION
0018330,https://www.dot.ga.gov/applications/geopi/Pages/Dashboard.aspx?ProjectId=0018330,Coweta,SR 54 @ CR 547/Gordon Road,PRE-CONSTRUCTION
0018331,https://www.dot.ga.gov/applications/geopi/Pages/Dashboard.aspx?ProjectId=0018331,Barrow,SR 81 @ CR 410/Tom Miller Road,PRE-CONSTRUCTION
0018332,https://www.dot.ga.gov/applications/geopi/Pages/Dashboard.aspx?ProjectId=0018332,Columbia,SR 232 @ CR 576/Louisville Road,PRE-CONSTRUCTION
0018334,https://www.dot.ga.gov/applications/geopi/Pages/Dashboard.aspx?ProjectId=0018334,Barrow,SR 82 @ CR 139/CR 267/Bowman Mill Road,PRE-CONSTRUCTION
0018335,https://www.dot.ga.gov/applications/geopi/Pages/Dashboard.aspx?ProjectId=0018335,DeKalb,SR 10 From SR 155 To Arcadia Ave &From Lakeshore Dr To SR 10-Vru,PRE-CONSTRUCTION
0018336,https://www.dot.ga.gov/applications/geopi/Pages/Dashboard.aspx?ProjectId=0018336,Sumter,SR 377 @ CS 789/Church Street,PRE-CONSTRUCTION
0018343,https://www.dot.ga.gov/applications/geopi/Pages/Dashboard.aspx?ProjectId=0018343,Fulton,SR 3/US 19 From SR 14 To Greensferry Ave/Mcdaniels Street,PRE-CONSTRUCTION
0018352,https://www.dot.ga.gov/applications/geopi/Pages/Dashboard.aspx?ProjectId=0018352,Muscogee,Cherokee Ave & Slade Dr From Garrard St To Fall Line Trace Trl,PRE-CONSTRUCTION
0018353,https://www.dot.ga.gov/applications/geopi/Pages/Dashboard.aspx?ProjectId=0018353,"Clarke , Habersham , Oconee , Walton",SR 8; SR 10; SR 15; SR 15 Alt & SR 316 @ 9 Locs,PRE-CONSTRUCTION
0018354,https://www.dot.ga.gov/applications/geopi/Pages/Dashboard.aspx?ProjectId=0018354,Elbert,SR 17 @ 6 Loc & SR 77 @ 1 Loc In Elbert County,PRE-CONSTRUCTION
0018355,https://www.dot.ga.gov/applications/geopi/Pages/Dashboard.aspx?ProjectId=0018355,"Bartow , Floyd",SR 1 @ 1 Loc; SR 61 @ 9 Loc; SR 101 @ 2 Loc & SR 293 @ 2 Loc,PRE-CONSTRUCTION
0018356,https://www.dot.ga.gov/applications/geopi/Pages/Dashboard.aspx?ProjectId=0018356,Brooks,SR 122 @ SR 133,PRE-CONSTRUCTION
0018357,https://www.dot.ga.gov/applications/geopi/Pages/Dashboard.aspx?ProjectId=0018357,"Dougherty , Lee , Terrell",Albany To Sasser Multi-Use Trail,PRE-CONSTRUCTION
0018358,https://www.dot.ga.gov/applications/geopi/Pages/Dashboard.aspx?ProjectId=0018358,Worth,CS 761/W Lee Street & CS 866/West Street In Sylvester,PRE-CONSTRUCTION
0018359,https://www.dot.ga.gov/applications/geopi/Pages/Dashboard.aspx?ProjectId=0018359,Morgan,Gateway Connectivity In Madison,PRE-CONSTRUCTION
0018361,https://www.dot.ga.gov/applications/geopi/Pages/Dashboard.aspx?ProjectId=0018361,Morgan,Db - I-20 @ CR 249/Old Mill Road,UNDER-CONSTRUCTION
0018362,https://www.dot.ga.gov/applications/geopi/Pages/Dashboard.aspx?ProjectId=0018362,"Calhoun , Lee , Randolph , Terrell",Db - Bridge Replacements,UNDER-CONSTRUCTION
0018364,https://www.dot.ga.gov/applications/geopi/Pages/Dashboard.aspx?ProjectId=0018364,Hall,SR 369 @ I-985,PRE-CONSTRUCTION
0018366,https://www.dot.ga.gov/applications/geopi/Pages/Dashboard.aspx?ProjectId=0018366,Bryan,I-95 @ SR 25/US 17,PRE-CONSTRUCTION
0018367,https://www.dot.ga.gov/applications/geopi/Pages/Dashboard.aspx?ProjectId=0018367,Paulding,Ca - SR 101 @ SR 120,UNDER-CONSTRUCTION
0018369,https://www.dot.ga.gov/applications/geopi/Pages/Dashboard.aspx?ProjectId=0018369,Fulton,SR 14 Alt/US 29 @ Hunter Road/Mason Road,PRE-CONSTRUCTION
0018372,https://www.dot.ga.gov/applications/geopi/Pages/Dashboard.aspx?ProjectId=0018372,Wilkinson,SR 29/US 441 @ SR 112,PRE-CONSTRUCTION
0018373,https://www.dot.ga.gov/applications/geopi/Pages/Dashboard.aspx?ProjectId=0018373,All Counties,I-20/SR 402 - Its Expansion,UNDER-CONSTRUCTION
0018374,https://www.dot.ga.gov/applications/geopi/Pages/Dashboard.aspx?ProjectId=0018374,Cook,SR 37 - Construction Of A Roundabout,UNDER-CONSTRUCTION
0018375,https://www.dot.ga.gov/applications/geopi/Pages/Dashboard.aspx?ProjectId=0018375,Dawson,SR 136 @ CR 225/Keith Evans Road,PRE-CONSTRUCTION
0018376,https://www.dot.ga.gov/applications/geopi/Pages/Dashboard.aspx?ProjectId=0018376,Heard,SR 34 @ SR 100,PRE-CONSTRUCTION
0018377,https://www.dot.ga.gov/applications/geopi/Pages/Dashboard.aspx?ProjectId=0018377,Walker,SR 136 @ SR 201,PRE-CONSTRUCTION
0018381,https://www.dot.ga.gov/applications/geopi/Pages/Dashboard.aspx?ProjectId=0018381,Gwinnett,Traffic Signal Upgrades @ 12 Locs In Gwinnett County,PRE-CONSTRUCTION
0018383,https://www.dot.ga.gov/applications/geopi/Pages/Dashboard.aspx?ProjectId=0018383,All Counties,Var Locs - Sign & Pvmt Mkg Upgs,UNDER-CONSTRUCTION
0018384,https://www.dot.ga.gov/applications/geopi/Pages/Dashboard.aspx?ProjectId=0018384,Dooly,SR 215 @ SR 257,PRE-CONSTRUCTION
0018386,https://www.dot.ga.gov/applications/geopi/Pages/Dashboard.aspx?ProjectId=0018386,Bryan,SR 26 @ SR 30,PRE-CONSTRUCTION
0018387,https://www.dot.ga.gov/applications/geopi/Pages/Dashboard.aspx?ProjectId=0018387,Turner,SR 112 @ CS 557/Hudson Ave,PRE-CONSTRUCTION
0018388,https://www.dot.ga.gov/applications/geopi/Pages/Dashboard.aspx?ProjectId=0018388,Thomas,SR 38Bu @ CS 817/North Blvd,PRE-CONSTRUCTION
0018389,https://www.dot.ga.gov/applications/geopi/Pages/Dashboard.aspx?ProjectId=0018389,"Cobb , DeKalb , Douglas , Fulton",Various Railroad Locations - Signing & Pvmk Upgrades,COMPLETED-CONSTRUCTION
0018391,https://www.dot.ga.gov/applications/geopi/Pages/Dashboard.aspx?ProjectId=0018391,Colquitt,SR 33 & SR 33 SO @ CS 810/4Th Ave,PRE-CONSTRUCTION
0018392,https://www.dot.ga.gov/applications/geopi/Pages/Dashboard.aspx?ProjectId=0018392,Franklin,SR 59 @ SR 106 In Carnesville,PRE-CONSTRUCTION
0018394,https://www.dot.ga.gov/applications/geopi/Pages/Dashboard.aspx?ProjectId=0018394,Haralson,SR 8 @ CS 693/Mangham Drive,PRE-CONSTRUCTION
0018395,https://www.dot.ga.gov/applications/geopi/Pages/Dashboard.aspx?ProjectId=0018395,Walker,SR 337 @ CR 850/Broomtown Road,PRE-CONSTRUCTION
0018396,https://www.dot.ga.gov/applications/geopi/Pages/Dashboard.aspx?ProjectId=0018396,Madison,SR 98 @ SR 172,PRE-CONSTRUCTION
0018397,https://www.dot.ga.gov/applications/geopi/Pages/Dashboard.aspx?ProjectId=0018397,Franklin,SR 8 @ SR 145,PRE-CONSTRUCTION
0018399,https://www.dot.ga.gov/applications/geopi/Pages/Dashboard.aspx?ProjectId=0018399,Jackson,SR 82 @ I-85 Sb & Nb Ramps,PRE-CONSTRUCTION
0018429,https://www.dot.ga.gov/applications/geopi/Pages/Dashboard.aspx?ProjectId=0018429,Appling,CR 417/Satilla Church Road From SR 15 To Bacon County Line-TIA,PRE-CONSTRUCTION
0018431,https://www.dot.ga.gov/applications/geopi/Pages/Dashboard.aspx?ProjectId=0018431,Appling,Ten Mile RD From E River RD To SR 144 - Phase II - TIA,PRE-CONSTRUCTION
0018435,https://www.dot.ga.gov/applications/geopi/Pages/Dashboard.aspx?ProjectId=0018435,Appling,CS 717/W Tollison Street From SR 4 To Crowder Street - TIA,UNDER-CONSTRUCTION
0018436,https://www.dot.ga.gov/applications/geopi/Pages/Dashboard.aspx?ProjectId=0018436,Appling,CS 602/Beach RD From W Tollison Street To Patterson RD - TIA,PRE-CONSTRUCTION
0018437,https://www.dot.ga.gov/applications/geopi/Pages/Dashboard.aspx?ProjectId=0018437,Appling,CS 585/E Tollison Street From SR 4 To E Of Fair Street - TIA,PRE-CONSTRUCTION
0018438,https://www.dot.ga.gov/applications/geopi/Pages/Dashboard.aspx?ProjectId=0018438,Appling,CS 576/Luckie Street From W Tollison Street To NS #729041X-TIA,PRE-CONSTRUCTION
0018439,https://www.dot.ga.gov/applications/geopi/Pages/Dashboard.aspx?ProjectId=0018439,Appling,CS 570/N Beach Street From SR 27 To Patterson Street - TIA,PRE-CONSTRUCTION
0018440,https://www.dot.ga.gov/applications/geopi/Pages/Dashboard.aspx?ProjectId=0018440,Appling,CS 689/N Main Street From SR 4 To Baxley City Limits - TIA,PRE-CONSTRUCTION
0018441,https://www.dot.ga.gov/applications/geopi/Pages/Dashboard.aspx?ProjectId=0018441,Appling,CS 591/Glendale Ave From SR 4 To Lackawanna Street - TIA,PRE-CONSTRUCTION
0018442,https://www.dot.ga.gov/applications/geopi/Pages/Dashboard.aspx?ProjectId=0018442,Appling,CS 591/Jones Street From Bay Street To W Tollison Street-TIA,PRE-CONSTRUCTION
0018443,https://www.dot.ga.gov/applications/geopi/Pages/Dashboard.aspx?ProjectId=0018443,Appling,CR 1/Nails Ferry Road From SR 4 To Baxley City Limits-TIA,PRE-CONSTRUCTION
0018444,https://www.dot.ga.gov/applications/geopi/Pages/Dashboard.aspx?ProjectId=0018444,Appling,CS 592/Peachtree Street From Kent Street To SR 15 - TIA,PRE-CONSTRUCTION
0018445,https://www.dot.ga.gov/applications/geopi/Pages/Dashboard.aspx?ProjectId=0018445,Appling,CS 583/Plier Street From SR 4 To Lackawanna Street - TIA,PRE-CONSTRUCTION
0018446,https://www.dot.ga.gov/applications/geopi/Pages/Dashboard.aspx?ProjectId=0018446,Appling,CS 611/Sursson Street From SR 4 To Old Ben Carter Road - TIA,PRE-CONSTRUCTION
0018447,https://www.dot.ga.gov/applications/geopi/Pages/Dashboard.aspx?ProjectId=0018447,Appling,Cadillac Drive From City Circle RD To Baxley City Limits-TIA,PRE-CONSTRUCTION
0018448,https://www.dot.ga.gov/applications/geopi/Pages/Dashboard.aspx?ProjectId=0018448,Appling,Cherry Street From Kent Street To Poor Robin Road Ext - TIA,PRE-CONSTRUCTION
0018449,https://www.dot.ga.gov/applications/geopi/Pages/Dashboard.aspx?ProjectId=0018449,Appling,CS 691/Jekyll RD From City Circle RD To Baxley City Limits-TIA,PRE-CONSTRUCTION
0018451,https://www.dot.ga.gov/applications/geopi/Pages/Dashboard.aspx?ProjectId=0018451,Appling,CS 641/Robin Street From Mauldin Street To Beach Street-TIA,PRE-CONSTRUCTION
0018452,https://www.dot.ga.gov/applications/geopi/Pages/Dashboard.aspx?ProjectId=0018452,Appling,CS 518/Main Street From Norwood Street To Burkett Street-TIA,PRE-CONSTRUCTION
0018453,https://www.dot.ga.gov/applications/geopi/Pages/Dashboard.aspx?ProjectId=0018453,Bleckley,CR 42/Brodhead Road From SR 87 To CR 212/Starling Road - TIA,PRE-CONSTRUCTION
0018454,https://www.dot.ga.gov/applications/geopi/Pages/Dashboard.aspx?ProjectId=0018454,Bleckley,CR 42/Brodhead RD From Starling RD To Longstreet RD - TIA,PRE-CONSTRUCTION
0018455,https://www.dot.ga.gov/applications/geopi/Pages/Dashboard.aspx?ProjectId=0018455,Bleckley,CR 42/Brodhead Road From CR 226/Longstreet Road To SR 112-TIA,PRE-CONSTRUCTION
0018456,https://www.dot.ga.gov/applications/geopi/Pages/Dashboard.aspx?ProjectId=0018456,Bleckley,Lewis St & Peacock St From 4Th St To 6Th St - TIA,PRE-CONSTRUCTION
0018457,https://www.dot.ga.gov/applications/geopi/Pages/Dashboard.aspx?ProjectId=0018457,Bleckley,CS 519/Ash Street From Leach Lane To N Sixth Street - TIA,PRE-CONSTRUCTION
0018458,https://www.dot.ga.gov/applications/geopi/Pages/Dashboard.aspx?ProjectId=0018458,Bleckley,W Railroad Ave From NW Railroad Ave To Animal Shelter - TIA,PRE-CONSTRUCTION
0018459,https://www.dot.ga.gov/applications/geopi/Pages/Dashboard.aspx?ProjectId=0018459,Bleckley,Mac Thompson Road From SR 26/SR 112 To CR 201/Faulk Road-TIA,UNDER-CONSTRUCTION
0018460,https://www.dot.ga.gov/applications/geopi/Pages/Dashboard.aspx?ProjectId=0018460,Bleckley,SR 87 From CR 54/E Ash Street To SR 26 - TIA,PRE-CONSTRUCTION
0018461,https://www.dot.ga.gov/applications/geopi/Pages/Dashboard.aspx?ProjectId=0018461,Candler,CS 668/E Hiawatha Street From SR 121 To SR 46 - TIA,UNDER-CONSTRUCTION
0018462,https://www.dot.ga.gov/applications/geopi/Pages/Dashboard.aspx?ProjectId=0018462,Candler,CR 177/Piney Grove RD From SR 57 To 0.24 MI E Of SR 57 - TIA,PRE-CONSTRUCTION
0018463,https://www.dot.ga.gov/applications/geopi/Pages/Dashboard.aspx?ProjectId=0018463,Candler,CR 30/Lake Church Road From SR 46 To Dutch Ford Road - TIA,PRE-CONSTRUCTION
0018464,https://www.dot.ga.gov/applications/geopi/Pages/Dashboard.aspx?ProjectId=0018464,Candler,CS 575/Preston St From W Hiawatha St To W Pine St - TIA,PRE-CONSTRUCTION
0018465,https://www.dot.ga.gov/applications/geopi/Pages/Dashboard.aspx?ProjectId=0018465,Candler,CS 625/Moffitt St From Ellis St To W Of Edwards St - TIA,PRE-CONSTRUCTION
0018466,https://www.dot.ga.gov/applications/geopi/Pages/Dashboard.aspx?ProjectId=0018466,Candler,CS 598/Hickory St From Daniel St To 0.8 MI N Of Bragdon St-TIA,PRE-CONSTRUCTION
0018467,https://www.dot.ga.gov/applications/geopi/Pages/Dashboard.aspx?ProjectId=0018467,Candler,Doctors Street From SR 23 To 0.06 MI E Of SR 23 - TIA,PRE-CONSTRUCTION
0018468,https://www.dot.ga.gov/applications/geopi/Pages/Dashboard.aspx?ProjectId=0018468,Candler,CS 597/Holly Drive From SR 23 To Hope Street - TIA,PRE-CONSTRUCTION
0018469,https://www.dot.ga.gov/applications/geopi/Pages/Dashboard.aspx?ProjectId=0018469,Candler,CS 597/Hope Street From Holly Drive To Holly Drive - TIA,PRE-CONSTRUCTION
0018470,https://www.dot.ga.gov/applications/geopi/Pages/Dashboard.aspx?ProjectId=0018470,Candler,CS 611/Bragdon Street From SR 23 To Hickory Street - TIA,PRE-CONSTRUCTION
0018471,https://www.dot.ga.gov/applications/geopi/Pages/Dashboard.aspx?ProjectId=0018471,Candler,CS 596/CS 672/Brannen Road From SR 23 To SR 121 - TIA,PRE-CONSTRUCTION
0018472,https://www.dot.ga.gov/applications/geopi/Pages/Dashboard.aspx?ProjectId=0018472,Candler,CS 577/N Kennedy Street From SR 46 To Eldridge Street - TIA,PRE-CONSTRUCTION
0018473,https://www.dot.ga.gov/applications/geopi/Pages/Dashboard.aspx?ProjectId=0018473,Candler,East Turner Street From SR 121 To Mclean Street - TIA,PRE-CONSTRUCTION
0018474,https://www.dot.ga.gov/applications/geopi/Pages/Dashboard.aspx?ProjectId=0018474,Candler,CS 604/Lanier Street From SR 23 To SR 129 - TIA,PRE-CONSTRUCTION
0018475,https://www.dot.ga.gov/applications/geopi/Pages/Dashboard.aspx?ProjectId=0018475,Candler,N & S Register Street From W Pine Street To Central Ave-TIA,PRE-CONSTRUCTION
0018476,https://www.dot.ga.gov/applications/geopi/Pages/Dashboard.aspx?ProjectId=0018476,Candler,W Lee Street From 0.04 MI W Of High Street To SR 23 - TIA,PRE-CONSTRUCTION
0018477,https://www.dot.ga.gov/applications/geopi/Pages/Dashboard.aspx?ProjectId=0018477,Candler,CS 628/Cotton Ave From Mlk Jr Blvd To N Trapnell Street-TIA,PRE-CONSTRUCTION
0018478,https://www.dot.ga.gov/applications/geopi/Pages/Dashboard.aspx?ProjectId=0018478,Candler,CS 636/Wallace Street From SR 46 To E Lillian Street - TIA,PRE-CONSTRUCTION
0018479,https://www.dot.ga.gov/applications/geopi/Pages/Dashboard.aspx?ProjectId=0018479,Candler,CS 570/CS 571/Candler Street From SR 23 To SR 121 - TIA,PRE-CONSTRUCTION
0018480,https://www.dot.ga.gov/applications/geopi/Pages/Dashboard.aspx?ProjectId=0018480,Candler,CS 584/S Terrell Street From E Hiawatha Street To SR 46-TIA,PRE-CONSTRUCTION
0018481,https://www.dot.ga.gov/applications/geopi/Pages/Dashboard.aspx?ProjectId=0018481,Candler,CS 603/Ruby Street From SR 23 To SR 129 - TIA,PRE-CONSTRUCTION
0018482,https://www.dot.ga.gov/applications/geopi/Pages/Dashboard.aspx?ProjectId=0018482,Candler,CS 590/Salem Road From Washington Street To Mlk Jr Blvd-TIA,PRE-CONSTRUCTION
0018483,https://www.dot.ga.gov/applications/geopi/Pages/Dashboard.aspx?ProjectId=0018483,Candler,Mclean Street From S Of Turner Street To Franklin Drive-TIA,PRE-CONSTRUCTION
0018484,https://www.dot.ga.gov/applications/geopi/Pages/Dashboard.aspx?ProjectId=0018484,Candler,Franklin Drive From SR 121 To 0.17 MI E Of Mclean Street-TIA,PRE-CONSTRUCTION
0018485,https://www.dot.ga.gov/applications/geopi/Pages/Dashboard.aspx?ProjectId=0018485,Candler,Addlestone Dr From Lillian Street To N Of Lillian Street-TIA,PRE-CONSTRUCTION
0018486,https://www.dot.ga.gov/applications/geopi/Pages/Dashboard.aspx?ProjectId=0018486,Candler,CS 591/Aline Ave From SR 46 To S Register Street - TIA,PRE-CONSTRUCTION
0018487,https://www.dot.ga.gov/applications/geopi/Pages/Dashboard.aspx?ProjectId=0018487,Candler,CS 678/Airport Road From SR 121 To Carlton Brown Road - TIA,PRE-CONSTRUCTION
0018488,https://www.dot.ga.gov/applications/geopi/Pages/Dashboard.aspx?ProjectId=0018488,Candler,CS 551/Daughtry Street From Aline Ave To Central Ave - TIA,PRE-CONSTRUCTION
0018489,https://www.dot.ga.gov/applications/geopi/Pages/Dashboard.aspx?ProjectId=0018489,Candler,Rosemary Church RD From Brannen Street To Pulaski City-TIA,PRE-CONSTRUCTION
0018490,https://www.dot.ga.gov/applications/geopi/Pages/Dashboard.aspx?ProjectId=0018490,Dodge,CR 210/Glyen Hickman RD From SR 117 To CR 356/Airport RD-TIA,PRE-CONSTRUCTION
0018491,https://www.dot.ga.gov/applications/geopi/Pages/Dashboard.aspx?ProjectId=0018491,Dodge,CR 346/Wpa RD From Eastman City Limits To Pete Sapp RD - TIA,PRE-CONSTRUCTION
0018492,https://www.dot.ga.gov/applications/geopi/Pages/Dashboard.aspx?ProjectId=0018492,Dodge,CR 200/Reedy Branch Road From SR 46 To W Of Pete Sapp Road-TIA,PRE-CONSTRUCTION
0018493,https://www.dot.ga.gov/applications/geopi/Pages/Dashboard.aspx?ProjectId=0018493,Dodge,CR 200/Reedy Branch Road From SR 46 To Reedy Branch Road Tia,PRE-CONSTRUCTION
0018494,https://www.dot.ga.gov/applications/geopi/Pages/Dashboard.aspx?ProjectId=0018494,Dodge,Airport RD - Widening & Resurfacing,UNDER-CONSTRUCTION
0018495,https://www.dot.ga.gov/applications/geopi/Pages/Dashboard.aspx?ProjectId=0018495,Dodge,Old Bethel Road From SR 257 To E Of Lister Cemetary Road-TIA,PRE-CONSTRUCTION
0018496,https://www.dot.ga.gov/applications/geopi/Pages/Dashboard.aspx?ProjectId=0018496,Dodge,CR 49/Harry Hargrove Road From SR 27 To S Of Cofield Road-TIA,PRE-CONSTRUCTION
0018497,https://www.dot.ga.gov/applications/geopi/Pages/Dashboard.aspx?ProjectId=0018497,Dodge,CR 31/Ross Stapleton RD From SR 117 To N Of Massingill RD-TIA,PRE-CONSTRUCTION
0018498,https://www.dot.ga.gov/applications/geopi/Pages/Dashboard.aspx?ProjectId=0018498,Dodge,Pleasant Grove Church RD From SR 117 To Chauncey Milan RD-TIA,PRE-CONSTRUCTION
0018505,https://www.dot.ga.gov/applications/geopi/Pages/Dashboard.aspx?ProjectId=0018505,Dodge,CS 578/CS 655/Plaza Ave From SR 117 To SR 27 - TIA,PRE-CONSTRUCTION
0018506,https://www.dot.ga.gov/applications/geopi/Pages/Dashboard.aspx?ProjectId=0018506,Dodge,CS 519/14Th Ave From Pine Drive To Fitzgerald Street - TIA,PRE-CONSTRUCTION
0018507,https://www.dot.ga.gov/applications/geopi/Pages/Dashboard.aspx?ProjectId=0018507,Dodge,CS 668/Creekside Drive From SR 46 To N Of Creekview Drive-TIA,PRE-CONSTRUCTION
0018508,https://www.dot.ga.gov/applications/geopi/Pages/Dashboard.aspx?ProjectId=0018508,Dodge,CS 667/Creekview Drive From Creekside Drive To Holly Drive-TIA,PRE-CONSTRUCTION
0018509,https://www.dot.ga.gov/applications/geopi/Pages/Dashboard.aspx?ProjectId=0018509,Dodge,CS 666/Pearl Bates Ave @ Creighton Street - TIA,PRE-CONSTRUCTION
0018510,https://www.dot.ga.gov/applications/geopi/Pages/Dashboard.aspx?ProjectId=0018510,Dodge,CS 519/14Th Ave From Creighton Street To Bay Street - TIA,UNDER-CONSTRUCTION
0018511,https://www.dot.ga.gov/applications/geopi/Pages/Dashboard.aspx?ProjectId=0018511,Dodge,Creighton Street From Pearl Bates Ave To 14Th Ave - TIA,PRE-CONSTRUCTION
0018512,https://www.dot.ga.gov/applications/geopi/Pages/Dashboard.aspx?ProjectId=0018512,Dodge,Mary Alexander Drive From SR 27 To Laryn Lane - TIA,UNDER-CONSTRUCTION
0018513,https://www.dot.ga.gov/applications/geopi/Pages/Dashboard.aspx?ProjectId=0018513,Dodge,Lyndsie Circle From Mary Alexander Dr To Mary Alexander Dr-TIA,UNDER-CONSTRUCTION
0018514,https://www.dot.ga.gov/applications/geopi/Pages/Dashboard.aspx?ProjectId=0018514,Dodge,Laryn Lane From Mary Alexander Dr To Mary Alexander Dr - TIA,UNDER-CONSTRUCTION
0018515,https://www.dot.ga.gov/applications/geopi/Pages/Dashboard.aspx?ProjectId=0018515,Dodge,CS 562/3RD Ave From College Street To King Street - TIA,PRE-CONSTRUCTION
0018516,https://www.dot.ga.gov/applications/geopi/Pages/Dashboard.aspx?ProjectId=0018516,Dodge,CS 565/4Th Ave From College Street To King Street - TIA,PRE-CONSTRUCTION
0018517,https://www.dot.ga.gov/applications/geopi/Pages/Dashboard.aspx?ProjectId=0018517,Dodge,CS 647/Evergreen Circle From SR 27 To Evergreen Circle - TIA,UNDER-CONSTRUCTION
0018518,https://www.dot.ga.gov/applications/geopi/Pages/Dashboard.aspx?ProjectId=0018518,Dodge,SR 117 From SR 46 To CR 174/Page Street - TIA,PRE-CONSTRUCTION
0018519,https://www.dot.ga.gov/applications/geopi/Pages/Dashboard.aspx?ProjectId=0018519,Dodge,SR 87/SR 117 From SR 27Bu To CS 683/Legion Drive - TIA,PRE-CONSTRUCTION
0018520,https://www.dot.ga.gov/applications/geopi/Pages/Dashboard.aspx?ProjectId=0018520,Dodge,5Th Ave From Ogden Lane To Park Street - TIA,PRE-CONSTRUCTION
0018521,https://www.dot.ga.gov/applications/geopi/Pages/Dashboard.aspx?ProjectId=0018521,Dodge,CS 666/Pearl Bates Ave From SR 87 To SR 27 - TIA,UNDER-CONSTRUCTION
0018522,https://www.dot.ga.gov/applications/geopi/Pages/Dashboard.aspx?ProjectId=0018522,Dodge,CS 632/Industrial Blvd From SR 27 To CR 266/Ag Best Road-TIA,UNDER-CONSTRUCTION
0018523,https://www.dot.ga.gov/applications/geopi/Pages/Dashboard.aspx?ProjectId=0018523,Dodge,Ogden Street From 2Nd Ave To 8Th Ave - TIA,PRE-CONSTRUCTION
0018524,https://www.dot.ga.gov/applications/geopi/Pages/Dashboard.aspx?ProjectId=0018524,Dodge,SR 87/US 23 From CS 519/14Th Ave To CS 548/6Th Ave - TIA,PRE-CONSTRUCTION
0018525,https://www.dot.ga.gov/applications/geopi/Pages/Dashboard.aspx?ProjectId=0018525,Dodge,SR 27Bu From S Of CS 680/Dodge Ave To CS 572/Harrell Ave-TIA,PRE-CONSTRUCTION
0018526,https://www.dot.ga.gov/applications/geopi/Pages/Dashboard.aspx?ProjectId=0018526,Dodge,CR 357/9Th Ave From SR 87 To CS 517/W Main Street - TIA,PRE-CONSTRUCTION
0018527,https://www.dot.ga.gov/applications/geopi/Pages/Dashboard.aspx?ProjectId=0018527,Dodge,CS 571/2Nd Ave From Creighton Street To N Of Plum Street-TIA,PRE-CONSTRUCTION
0018528,https://www.dot.ga.gov/applications/geopi/Pages/Dashboard.aspx?ProjectId=0018528,Dodge,Kendall Street From Milan Chauncey Road To Charlton Street-TIA,PRE-CONSTRUCTION
0018529,https://www.dot.ga.gov/applications/geopi/Pages/Dashboard.aspx?ProjectId=0018529,Dodge,Charlton Street From Seaborn Street To Kendall Street - TIA,PRE-CONSTRUCTION
0018530,https://www.dot.ga.gov/applications/geopi/Pages/Dashboard.aspx?ProjectId=0018530,Telfair,CS 715/Birch Street From SR 30 To CS 713/Lee Street - TIA,PRE-CONSTRUCTION
0018531,https://www.dot.ga.gov/applications/geopi/Pages/Dashboard.aspx?ProjectId=0018531,Telfair,CS 711/Cherry Street From SR 30 To CS 713/Lee Street - TIA,PRE-CONSTRUCTION
0018532,https://www.dot.ga.gov/applications/geopi/Pages/Dashboard.aspx?ProjectId=0018532,Telfair,CS 702/Pickerton St From SE Railroad St To N Of Cobb St-TIA,PRE-CONSTRUCTION
0018533,https://www.dot.ga.gov/applications/geopi/Pages/Dashboard.aspx?ProjectId=0018533,Telfair,CS 703/Cobb Street From Pickerton Street To N Of 1St Ave-TIA,PRE-CONSTRUCTION
0018534,https://www.dot.ga.gov/applications/geopi/Pages/Dashboard.aspx?ProjectId=0018534,Dodge,Wendall Street From Milan Chauncey Road To Kendall Street-TIA,PRE-CONSTRUCTION
0018538,https://www.dot.ga.gov/applications/geopi/Pages/Dashboard.aspx?ProjectId=0018538,Emanuel,CR 442/Cow Ford Bridge Road From SR 171 To SR 57 - TIA,PRE-CONSTRUCTION
0018539,https://www.dot.ga.gov/applications/geopi/Pages/Dashboard.aspx?ProjectId=0018539,Emanuel,Empire Expressway From Meadowlake Pkwy To Old Nunez RD - TIA,PRE-CONSTRUCTION
0018540,https://www.dot.ga.gov/applications/geopi/Pages/Dashboard.aspx?ProjectId=0018540,"Candler , Emanuel",Griffin Ferry RD - Pltmx Resurf,UNDER-CONSTRUCTION
0018541,https://www.dot.ga.gov/applications/geopi/Pages/Dashboard.aspx?ProjectId=0018541,Emanuel,George L Smith State Park RD From SR 26 To S Of SR 26 - TIA,PRE-CONSTRUCTION
0018542,https://www.dot.ga.gov/applications/geopi/Pages/Dashboard.aspx?ProjectId=0018542,Emanuel,Modoc Road From Swainsboro City Limits To SR 56 - TIA,PRE-CONSTRUCTION
0018543,https://www.dot.ga.gov/applications/geopi/Pages/Dashboard.aspx?ProjectId=0018543,Emanuel,Canoochee Garfield RD From SR 192 To Garfield City Limits-TIA,PRE-CONSTRUCTION
0018544,https://www.dot.ga.gov/applications/geopi/Pages/Dashboard.aspx?ProjectId=0018544,Emanuel,CR 446/Herndon RD From Canoochee RD To Jenkins County Line-TIA,PRE-CONSTRUCTION
0018545,https://www.dot.ga.gov/applications/geopi/Pages/Dashboard.aspx?ProjectId=0018545,Emanuel,Fairground Road From SR 4Bu To SR 56 - TIA,PRE-CONSTRUCTION
0018546,https://www.dot.ga.gov/applications/geopi/Pages/Dashboard.aspx?ProjectId=0018546,Emanuel,CS 531/Green Street From Sybil Street To Hebron Road - TIA,PRE-CONSTRUCTION
0018547,https://www.dot.ga.gov/applications/geopi/Pages/Dashboard.aspx?ProjectId=0018547,Emanuel,CS 532/Nathan Ave From Monroe Street To N Railroad Street-TIA,PRE-CONSTRUCTION
0018548,https://www.dot.ga.gov/applications/geopi/Pages/Dashboard.aspx?ProjectId=0018548,Emanuel,CS 731/Alcott Drive From SR 297 To 0.3 MI E Of SR 297 - TIA,PRE-CONSTRUCTION
0018549,https://www.dot.ga.gov/applications/geopi/Pages/Dashboard.aspx?ProjectId=0018549,Emanuel,CS 728/NE Railroad Street From SR 4 To Cul-De-Sac - TIA,PRE-CONSTRUCTION
0018550,https://www.dot.ga.gov/applications/geopi/Pages/Dashboard.aspx?ProjectId=0018550,Emanuel,CS 701/Oak Park Ave From SR 4 To N Of Thompson Street - TIA,PRE-CONSTRUCTION
0018551,https://www.dot.ga.gov/applications/geopi/Pages/Dashboard.aspx?ProjectId=0018551,Emanuel,CS 702/Thompson Street From NE Railroad Ave To Strange Ave-TIA,PRE-CONSTRUCTION
0018552,https://www.dot.ga.gov/applications/geopi/Pages/Dashboard.aspx?ProjectId=0018552,Emanuel,Williamson Street From NE Railroad Ave To Strange Ave - TIA,PRE-CONSTRUCTION
0018553,https://www.dot.ga.gov/applications/geopi/Pages/Dashboard.aspx?ProjectId=0018553,Emanuel,Railroad Ave From 4Th Street To Stillmore Hwy - TIA,PRE-CONSTRUCTION
0018554,https://www.dot.ga.gov/applications/geopi/Pages/Dashboard.aspx?ProjectId=0018554,Emanuel,CS 605/W 5Th Ave From SR 57 To CS 606/Atlanta Street - TIA,PRE-CONSTRUCTION
0018555,https://www.dot.ga.gov/applications/geopi/Pages/Dashboard.aspx?ProjectId=0018555,Emanuel,CS 559/Main Street From SR 56 To CS 556/Galilee Road - TIA,PRE-CONSTRUCTION
0018556,https://www.dot.ga.gov/applications/geopi/Pages/Dashboard.aspx?ProjectId=0018556,Emanuel,N Green Street From W Mlk Jr Blvd To Carver Street - TIA,PRE-CONSTRUCTION
0018557,https://www.dot.ga.gov/applications/geopi/Pages/Dashboard.aspx?ProjectId=0018557,Emanuel,CS 995/Ponderosa Drive From SR 4Bu To Loblolly Drive - TIA,PRE-CONSTRUCTION
0018558,https://www.dot.ga.gov/applications/geopi/Pages/Dashboard.aspx?ProjectId=0018558,Emanuel,N Green Street From W Mlk Jr Blvd To Carver Street - TIA,PRE-CONSTRUCTION
0018559,https://www.dot.ga.gov/applications/geopi/Pages/Dashboard.aspx?ProjectId=0018559,Emanuel,CS 866/Willow Way From Oaklawn Drive To Golf Drive - TIA,PRE-CONSTRUCTION
0018560,https://www.dot.ga.gov/applications/geopi/Pages/Dashboard.aspx?ProjectId=0018560,Emanuel,Kathleen Road From E Of Breemers Pass To Charles Street-TIA,PRE-CONSTRUCTION
0018561,https://www.dot.ga.gov/applications/geopi/Pages/Dashboard.aspx?ProjectId=0018561,Emanuel,CS 1011/W Moring Street From Dawson Street To SR 57 - TIA,PRE-CONSTRUCTION
0018562,https://www.dot.ga.gov/applications/geopi/Pages/Dashboard.aspx?ProjectId=0018562,Emanuel,CS 832/CS 833/Richard Street From SR 57 To Youmans Ave - TIA,PRE-CONSTRUCTION
0018563,https://www.dot.ga.gov/applications/geopi/Pages/Dashboard.aspx?ProjectId=0018563,Emanuel,CS 832/Harmon Road From Lakewood Drive To Richard Street-TIA,PRE-CONSTRUCTION
0018564,https://www.dot.ga.gov/applications/geopi/Pages/Dashboard.aspx?ProjectId=0018564,Emanuel,CS 813/W Church Street From SR 57 To Lewis Street - TIA,PRE-CONSTRUCTION
0018565,https://www.dot.ga.gov/applications/geopi/Pages/Dashboard.aspx?ProjectId=0018565,Emanuel,CS 865/Pine Needle Road From SR 57 To Willow Way - TIA,PRE-CONSTRUCTION
0018566,https://www.dot.ga.gov/applications/geopi/Pages/Dashboard.aspx?ProjectId=0018566,Emanuel,CS 889/Lincoln Street From Gumlog Road To N Green Street-TIA,PRE-CONSTRUCTION
0018567,https://www.dot.ga.gov/applications/geopi/Pages/Dashboard.aspx?ProjectId=0018567,Emanuel,Electric Road From Meadowlake Pkwy To S Circle Drive - TIA,PRE-CONSTRUCTION
0018568,https://www.dot.ga.gov/applications/geopi/Pages/Dashboard.aspx?ProjectId=0018568,Emanuel,CS 893/Carver Street From Gumlog Road To N Green Street-TIA,PRE-CONSTRUCTION
0018569,https://www.dot.ga.gov/applications/geopi/Pages/Dashboard.aspx?ProjectId=0018569,Emanuel,CS 881/CS 943/Robin Road From SR 57 To Gumlog Road - TIA,PRE-CONSTRUCTION
0018570,https://www.dot.ga.gov/applications/geopi/Pages/Dashboard.aspx?ProjectId=0018570,Emanuel,Ralph Smith Place From E Gumlog RD To William Roundtree RD-TIA,PRE-CONSTRUCTION
0018571,https://www.dot.ga.gov/applications/geopi/Pages/Dashboard.aspx?ProjectId=0018571,Emanuel,Glenwood Road From SR 57 To W Of Fanning Circle - TIA,UNDER-CONSTRUCTION
0018572,https://www.dot.ga.gov/applications/geopi/Pages/Dashboard.aspx?ProjectId=0018572,Emanuel,CS 1030/Glenwood RD From Meadowlake Pkwy To Lindsey RD - TIA,UNDER-CONSTRUCTION
0018573,https://www.dot.ga.gov/applications/geopi/Pages/Dashboard.aspx?ProjectId=0018573,Emanuel,Enterprise Street From Happiness Drive To Advantage Lane-TIA,PRE-CONSTRUCTION
0018574,https://www.dot.ga.gov/applications/geopi/Pages/Dashboard.aspx?ProjectId=0018574,Emanuel,CS 821/S Anderson Drive From SR 26 To Thigpen Drive - TIA,PRE-CONSTRUCTION
0018575,https://www.dot.ga.gov/applications/geopi/Pages/Dashboard.aspx?ProjectId=0018575,Emanuel,CS 821/N Anderson Drive From SR 26 To E Pine Street - TIA,PRE-CONSTRUCTION
0018576,https://www.dot.ga.gov/applications/geopi/Pages/Dashboard.aspx?ProjectId=0018576,Emanuel,Calhoun Street From Dawson Street To NS #732670N - TIA,PRE-CONSTRUCTION
0018577,https://www.dot.ga.gov/applications/geopi/Pages/Dashboard.aspx?ProjectId=0018577,Emanuel,CS 838/Mabel Ave From SR 57 To Mary Ann Street - TIA,PRE-CONSTRUCTION
0018578,https://www.dot.ga.gov/applications/geopi/Pages/Dashboard.aspx?ProjectId=0018578,Emanuel,CS 1008/Old Nunez Road From SR 56 To N Of Leonard Drive-TIA,PRE-CONSTRUCTION
0018579,https://www.dot.ga.gov/applications/geopi/Pages/Dashboard.aspx?ProjectId=0018579,Emanuel,Barbara Ave From Oaklawn Drive To Golf Drive - TIA,PRE-CONSTRUCTION
0018580,https://www.dot.ga.gov/applications/geopi/Pages/Dashboard.aspx?ProjectId=0018580,Emanuel,CS 890/Washington Ave From Gumlog Road To N Green Street-TIA,PRE-CONSTRUCTION
0018581,https://www.dot.ga.gov/applications/geopi/Pages/Dashboard.aspx?ProjectId=0018581,Emanuel,North Street From Wadley Street To Northwest Street - TIA,PRE-CONSTRUCTION
0018582,https://www.dot.ga.gov/applications/geopi/Pages/Dashboard.aspx?ProjectId=0018582,Emanuel,CS 937/Mcleod Drive From Colegrove Drive To Stevens Drive-TIA,PRE-CONSTRUCTION
0018583,https://www.dot.ga.gov/applications/geopi/Pages/Dashboard.aspx?ProjectId=0018583,Emanuel,Golf Drive From Mcleod Bridge Road To Margaret Blvd - TIA,PRE-CONSTRUCTION
0018584,https://www.dot.ga.gov/applications/geopi/Pages/Dashboard.aspx?ProjectId=0018584,Emanuel,Gumlog Road From Mcleod Bridge Road To NW Of West Street-TIA,PRE-CONSTRUCTION
0018585,https://www.dot.ga.gov/applications/geopi/Pages/Dashboard.aspx?ProjectId=0018585,Emanuel,CS 976/Norwood Ave From E Pine Street To King Circle Drive-TIA,PRE-CONSTRUCTION
0018586,https://www.dot.ga.gov/applications/geopi/Pages/Dashboard.aspx?ProjectId=0018586,Emanuel,Emanuel County Airport Tarmac Resurfacing - TIA,PRE-CONSTRUCTION
0018587,https://www.dot.ga.gov/applications/geopi/Pages/Dashboard.aspx?ProjectId=0018587,Emanuel,Margaret Blvd From Oaklawn Drive To Golf Drive - TIA,PRE-CONSTRUCTION
0018588,https://www.dot.ga.gov/applications/geopi/Pages/Dashboard.aspx?ProjectId=0018588,Emanuel,Herrington Street From Dawson Street To Calhoun Street - TIA,PRE-CONSTRUCTION
0018589,https://www.dot.ga.gov/applications/geopi/Pages/Dashboard.aspx?ProjectId=0018589,Emanuel,CS 1039/Longview RD From Modoc RD To N Of Fairground RD-TIA,PRE-CONSTRUCTION
0018590,https://www.dot.ga.gov/applications/geopi/Pages/Dashboard.aspx?ProjectId=0018590,Emanuel,CS 939/Cowart Street From Colegrove Drive To Turner Drive-TIA,PRE-CONSTRUCTION
0018591,https://www.dot.ga.gov/applications/geopi/Pages/Dashboard.aspx?ProjectId=0018591,Emanuel,CS 917/Booker Street From Gumlog Road To N Green Street-TIA,PRE-CONSTRUCTION
0018592,https://www.dot.ga.gov/applications/geopi/Pages/Dashboard.aspx?ProjectId=0018592,Emanuel,CS 959/W Broad Street From SR 23 To SR 192 - TIA,PRE-CONSTRUCTION
0018593,https://www.dot.ga.gov/applications/geopi/Pages/Dashboard.aspx?ProjectId=0018593,Emanuel,CS 931/Old Swainsboro Road From W Broad Street To SR 192-TIA,PRE-CONSTRUCTION
0018594,https://www.dot.ga.gov/applications/geopi/Pages/Dashboard.aspx?ProjectId=0018594,Emanuel,CS 961/Parrish Pond Road From SR 26 To Twin City Limits-TIA,PRE-CONSTRUCTION
0018595,https://www.dot.ga.gov/applications/geopi/Pages/Dashboard.aspx?ProjectId=0018595,Emanuel,CS 908/1St Ave From SR 26 To SR 23 - TIA,PRE-CONSTRUCTION
0018596,https://www.dot.ga.gov/applications/geopi/Pages/Dashboard.aspx?ProjectId=0018596,Emanuel,CS 954/Wilson Road From W Broad Street To Sand Ridge Road-TIA,PRE-CONSTRUCTION
0018597,https://www.dot.ga.gov/applications/geopi/Pages/Dashboard.aspx?ProjectId=0018597,Emanuel,CS 955/Coursey RD From S Of Wilson RD To N Of Wilson RD-TIA,PRE-CONSTRUCTION
0018598,https://www.dot.ga.gov/applications/geopi/Pages/Dashboard.aspx?ProjectId=0018598,Evans,CR 200/Campground Road From SR 169 To Tattnall CO Line - TIA,UNDER-CONSTRUCTION
0018599,https://www.dot.ga.gov/applications/geopi/Pages/Dashboard.aspx?ProjectId=0018599,Evans,Jim O Rogers RD From Ad Eason RD To Kennedy Bridge RD - TIA,UNDER-CONSTRUCTION
0018600,https://www.dot.ga.gov/applications/geopi/Pages/Dashboard.aspx?ProjectId=0018600,Evans,Ad Eason RD From Rufus Sapp RD To S Of Eason Cemetery RD-TIA,UNDER-CONSTRUCTION
0018601,https://www.dot.ga.gov/applications/geopi/Pages/Dashboard.aspx?ProjectId=0018601,Evans,Perry Road From Bay Branch Church Road To Benjamin Road-TIA,UNDER-CONSTRUCTION
0018602,https://www.dot.ga.gov/applications/geopi/Pages/Dashboard.aspx?ProjectId=0018602,Evans,CR 58/Perkins Mill Road From SR 129 To W Of Mccorkle Lane-TIA,UNDER-CONSTRUCTION
0018603,https://www.dot.ga.gov/applications/geopi/Pages/Dashboard.aspx?ProjectId=0018603,Evans,Hendrix Bridge Road From N Of Littles Street To SR 169 - TIA,UNDER-CONSTRUCTION
0018604,https://www.dot.ga.gov/applications/geopi/Pages/Dashboard.aspx?ProjectId=0018604,Evans,CS 701/Hearn Street From SR 292 To Hugh Brewton Road - TIA,UNDER-CONSTRUCTION
0018608,https://www.dot.ga.gov/applications/geopi/Pages/Dashboard.aspx?ProjectId=0018608,Evans,E Smith Street From S Claxton Ave To E Of S Claxton Ave-TIA,PRE-CONSTRUCTION
0018610,https://www.dot.ga.gov/applications/geopi/Pages/Dashboard.aspx?ProjectId=0018610,Evans,CS 624/Gilmore Street From SR 30 To W James Street - TIA,PRE-CONSTRUCTION
0018614,https://www.dot.ga.gov/applications/geopi/Pages/Dashboard.aspx?ProjectId=0018614,Evans,CS 616/N Clark Street From W James Street To Jane Street-TIA,PRE-CONSTRUCTION
0018615,https://www.dot.ga.gov/applications/geopi/Pages/Dashboard.aspx?ProjectId=0018615,Evans,CS 615/Park Ave From S College Street To S Ralph Street-TIA,PRE-CONSTRUCTION
0018617,https://www.dot.ga.gov/applications/geopi/Pages/Dashboard.aspx?ProjectId=0018617,Evans,CS 687/N River Street From SR 30 To Claxton City Limits-TIA,PRE-CONSTRUCTION
0018618,https://www.dot.ga.gov/applications/geopi/Pages/Dashboard.aspx?ProjectId=0018618,Evans,Goodge Street From SR 129 To Stewart Street - TIA,PRE-CONSTRUCTION
0018619,https://www.dot.ga.gov/applications/geopi/Pages/Dashboard.aspx?ProjectId=0018619,Evans,W Smith Street From Mclean Street To S Newton Street - TIA,PRE-CONSTRUCTION
0018620,https://www.dot.ga.gov/applications/geopi/Pages/Dashboard.aspx?ProjectId=0018620,Evans,W Smith Street From Spring Street To Mclean Street - TIA,PRE-CONSTRUCTION
0018621,https://www.dot.ga.gov/applications/geopi/Pages/Dashboard.aspx?ProjectId=0018621,Evans,CS 627/Pine Street From SR 73 To Mclean Street - TIA,PRE-CONSTRUCTION
0018622,https://www.dot.ga.gov/applications/geopi/Pages/Dashboard.aspx?ProjectId=0018622,Evans,Ellerbee Ave From Melissa Street To Daisy City Limits - TIA,UNDER-CONSTRUCTION
0018623,https://www.dot.ga.gov/applications/geopi/Pages/Dashboard.aspx?ProjectId=0018623,Evans,E Railroad Street From E Of Ivey Ave To E Of Ivey Ave - TIA,UNDER-CONSTRUCTION
0018624,https://www.dot.ga.gov/applications/geopi/Pages/Dashboard.aspx?ProjectId=0018624,Evans,CS 812/Ivey Ave From Melissa Street To Sheppard Ave - TIA,UNDER-CONSTRUCTION
0018625,https://www.dot.ga.gov/applications/geopi/Pages/Dashboard.aspx?ProjectId=0018625,Jeff Davis,Bell Telephone RD From Ira Graham RD To Satilla Church RD-TIA,UNDER-CONSTRUCTION
0018626,https://www.dot.ga.gov/applications/geopi/Pages/Dashboard.aspx?ProjectId=0018626,Jeff Davis,Ira Graham RD From Bell Telephone RD To Appling CO Line-TIA,UNDER-CONSTRUCTION
0018627,https://www.dot.ga.gov/applications/geopi/Pages/Dashboard.aspx?ProjectId=0018627,Jeff Davis,CS 1/CR 90/Mccall Road From SR 135 To SR 268 - TIA,UNDER-CONSTRUCTION
0018628,https://www.dot.ga.gov/applications/geopi/Pages/Dashboard.aspx?ProjectId=0018628,Jeff Davis,CR 3/Claxton Road From Burketts Ferry Road To SR 27 - TIA,UNDER-CONSTRUCTION
0018629,https://www.dot.ga.gov/applications/geopi/Pages/Dashboard.aspx?ProjectId=0018629,Jeff Davis,Hinson Landing RD From Towns Bluff To N Of Towns Bluff - TIA,PRE-CONSTRUCTION
0018630,https://www.dot.ga.gov/applications/geopi/Pages/Dashboard.aspx?ProjectId=0018630,Jeff Davis,CR 185/Towns Bluff RD From SR 135 To Mceachin Landing RD-TIA,PRE-CONSTRUCTION
0018631,https://www.dot.ga.gov/applications/geopi/Pages/Dashboard.aspx?ProjectId=0018631,Jeff Davis,Amanda Thomas Road From SR 135 To Mceachin Landing Road-TIA,PRE-CONSTRUCTION
0018632,https://www.dot.ga.gov/applications/geopi/Pages/Dashboard.aspx?ProjectId=0018632,Jeff Davis,CR 65/Preston Long Road From Broxton Hwy To SR 135 - TIA,PRE-CONSTRUCTION
0018644,https://www.dot.ga.gov/applications/geopi/Pages/Dashboard.aspx?ProjectId=0018644,Jeff Davis,CS 657/N Gill Street From SR 27 To Charlton Road - TIA,PRE-CONSTRUCTION
0018645,https://www.dot.ga.gov/applications/geopi/Pages/Dashboard.aspx?ProjectId=0018645,Jeff Davis,CS 652/Currie Street From SR 19 To S Walnut Street - TIA,PRE-CONSTRUCTION
0018646,https://www.dot.ga.gov/applications/geopi/Pages/Dashboard.aspx?ProjectId=0018646,Jeff Davis,S Cromartie Street From SR 19 To Mcdaniel Street - TIA,PRE-CONSTRUCTION
0018647,https://www.dot.ga.gov/applications/geopi/Pages/Dashboard.aspx?ProjectId=0018647,Jeff Davis,CS 575/Bell Street From SR 135 To Pat Dixon Road - TIA,PRE-CONSTRUCTION
0018648,https://www.dot.ga.gov/applications/geopi/Pages/Dashboard.aspx?ProjectId=0018648,Jeff Davis,N Railroad Street From N Walnut Street To Wright Street-TIA,PRE-CONSTRUCTION
0018649,https://www.dot.ga.gov/applications/geopi/Pages/Dashboard.aspx?ProjectId=0018649,Jeff Davis,CS 522/S Railroad St From S Cromartie St To Mcdonald St-TIA,PRE-CONSTRUCTION
0018650,https://www.dot.ga.gov/applications/geopi/Pages/Dashboard.aspx?ProjectId=0018650,Jeff Davis,Red Bird Street From Southside Circle To S Of Bluebird Ln-TIA,PRE-CONSTRUCTION
0018651,https://www.dot.ga.gov/applications/geopi/Pages/Dashboard.aspx?ProjectId=0018651,Jeff Davis,Mlk Jr Drive From N Miller Street To SR 27 - TIA,PRE-CONSTRUCTION
0018652,https://www.dot.ga.gov/applications/geopi/Pages/Dashboard.aspx?ProjectId=0018652,Jeff Davis,CS 507/W Plum Street From SR 135 To N Miller Street - TIA,PRE-CONSTRUCTION
0018653,https://www.dot.ga.gov/applications/geopi/Pages/Dashboard.aspx?ProjectId=0018653,Jeff Davis,Pine Forest/Charles Rogers Blvd From SR 135 To Lakeside Dr-TIA,PRE-CONSTRUCTION
0018654,https://www.dot.ga.gov/applications/geopi/Pages/Dashboard.aspx?ProjectId=0018654,Jeff Davis,CS 577/Collins Street From Broxton Hwy To Pat Dixon Road-TIA,PRE-CONSTRUCTION
0018655,https://www.dot.ga.gov/applications/geopi/Pages/Dashboard.aspx?ProjectId=0018655,Johnson,Tuckers Grove Church RD From Rex Jackson RD To Idylwild Dr-TIA,PRE-CONSTRUCTION
0018656,https://www.dot.ga.gov/applications/geopi/Pages/Dashboard.aspx?ProjectId=0018656,Johnson,Donovan Harrison RD From Wrightsville To Washington County-TIA,UNDER-CONSTRUCTION
0018657,https://www.dot.ga.gov/applications/geopi/Pages/Dashboard.aspx?ProjectId=0018657,Johnson,CR 196/Gumlog Road From SR 78 To SR 171 - TIA,PRE-CONSTRUCTION
0018658,https://www.dot.ga.gov/applications/geopi/Pages/Dashboard.aspx?ProjectId=0018658,Johnson,CR 118/Price Williams RD From Minton Chapel RD To Tom RD-TIA,UNDER-CONSTRUCTION
0018659,https://www.dot.ga.gov/applications/geopi/Pages/Dashboard.aspx?ProjectId=0018659,"Emanuel , Johnson",Mill St From Kelly St/Johnson To Church St/Emanuel - TIA,PRE-CONSTRUCTION
0018660,https://www.dot.ga.gov/applications/geopi/Pages/Dashboard.aspx?ProjectId=0018660,"Emanuel , Johnson",James Street From Mill Street/Emanuel To North Ave/Johnson-TIA,PRE-CONSTRUCTION
0018661,https://www.dot.ga.gov/applications/geopi/Pages/Dashboard.aspx?ProjectId=0018661,"Emanuel , Johnson",Hall Street/W College Street From SR 26 To James Street-TIA,PRE-CONSTRUCTION
0018662,https://www.dot.ga.gov/applications/geopi/Pages/Dashboard.aspx?ProjectId=0018662,Johnson,CS 504/Nora Blvd From SR 26 To Green Street - TIA,PRE-CONSTRUCTION
0018663,https://www.dot.ga.gov/applications/geopi/Pages/Dashboard.aspx?ProjectId=0018663,Johnson,SR 57 From CS 552/Davis Street To CS 561/Averett Street-TIA,PRE-CONSTRUCTION
0018664,https://www.dot.ga.gov/applications/geopi/Pages/Dashboard.aspx?ProjectId=0018664,Johnson,Cemetery Road From Cemetery Street To Cemetery Street - TIA,PRE-CONSTRUCTION
0018665,https://www.dot.ga.gov/applications/geopi/Pages/Dashboard.aspx?ProjectId=0018665,Johnson,City Of Kite Walking Track - TIA,PRE-CONSTRUCTION
0018666,https://www.dot.ga.gov/applications/geopi/Pages/Dashboard.aspx?ProjectId=0018666,Johnson,CS 626/E Trilby Street From SR 15 To Cross Cedar Road - TIA,UNDER-CONSTRUCTION
0018667,https://www.dot.ga.gov/applications/geopi/Pages/Dashboard.aspx?ProjectId=0018667,Johnson,CS 617/Lakeside Drive From SR 15 To Shurling Drive - TIA,UNDER-CONSTRUCTION
0018668,https://www.dot.ga.gov/applications/geopi/Pages/Dashboard.aspx?ProjectId=0018668,Johnson,CS 652/Chadwick Dr From Lakeview Dr To Hershel Walker Blvd-TIA,UNDER-CONSTRUCTION
0018669,https://www.dot.ga.gov/applications/geopi/Pages/Dashboard.aspx?ProjectId=0018669,Johnson,Donovan Harrison RD From Cross Cedar RD To Wrightsville-TIA,UNDER-CONSTRUCTION
0018670,https://www.dot.ga.gov/applications/geopi/Pages/Dashboard.aspx?ProjectId=0018670,Johnson,CS 606/Hershel Walker Blvd From Lee Street To SR 31 - TIA,PRE-CONSTRUCTION
0018671,https://www.dot.ga.gov/applications/geopi/Pages/Dashboard.aspx?ProjectId=0018671,Johnson,Smith Street From SR 31 To SR 57 - TIA,PRE-CONSTRUCTION
0018672,https://www.dot.ga.gov/applications/geopi/Pages/Dashboard.aspx?ProjectId=0018672,Johnson,CS 600/Industrial Blvd From Idylwild Drive To SR 15 - TIA,PRE-CONSTRUCTION
0018673,https://www.dot.ga.gov/applications/geopi/Pages/Dashboard.aspx?ProjectId=0018673,Johnson,Valley St From S Of Warsaw St To N Of E Trilby St - TIA,PRE-CONSTRUCTION
0018674,https://www.dot.ga.gov/applications/geopi/Pages/Dashboard.aspx?ProjectId=0018674,Johnson,CS 602/Brookwood Street From Idylwild Drive To SR 15 - TIA,PRE-CONSTRUCTION
0018675,https://www.dot.ga.gov/applications/geopi/Pages/Dashboard.aspx?ProjectId=0018675,Johnson,CS 647/Moye Street From Delma Street To Cook Street - TIA,PRE-CONSTRUCTION
0018676,https://www.dot.ga.gov/applications/geopi/Pages/Dashboard.aspx?ProjectId=0018676,Johnson,Cook St; Delma St &Williams St From Moye St To Parker St-TIA,PRE-CONSTRUCTION
0018677,https://www.dot.ga.gov/applications/geopi/Pages/Dashboard.aspx?ProjectId=0018677,Johnson,Deer Street From S Bradford Street To S Valley Street - TIA,PRE-CONSTRUCTION
0018678,https://www.dot.ga.gov/applications/geopi/Pages/Dashboard.aspx?ProjectId=0018678,Johnson,CS 613/Crawford Road From Court Street To Shurling Drive-TIA,PRE-CONSTRUCTION
0018679,https://www.dot.ga.gov/applications/geopi/Pages/Dashboard.aspx?ProjectId=0018679,Johnson,CS 616/Shurling Drive From Mlk Drive To SR 15 - TIA,PRE-CONSTRUCTION
0018680,https://www.dot.ga.gov/applications/geopi/Pages/Dashboard.aspx?ProjectId=0018680,Johnson,CS 615/Mlk Drive From Crawford Road To N Myrtle Street - TIA,PRE-CONSTRUCTION
0018681,https://www.dot.ga.gov/applications/geopi/Pages/Dashboard.aspx?ProjectId=0018681,Laurens,Southern Pines Road Realignment From SR 117 To SR 192 - TIA,PRE-CONSTRUCTION
0018682,https://www.dot.ga.gov/applications/geopi/Pages/Dashboard.aspx?ProjectId=0018682,Laurens,CR 526/Old Macon Road From SR 19 To Wilkinson County Line-TIA,PRE-CONSTRUCTION
0018683,https://www.dot.ga.gov/applications/geopi/Pages/Dashboard.aspx?ProjectId=0018683,Laurens,CR 51/Snellbridge Road From SR 26 To Johnson County Line-TIA,PRE-CONSTRUCTION
0018685,https://www.dot.ga.gov/applications/geopi/Pages/Dashboard.aspx?ProjectId=0018685,"Johnson , Laurens , Washington",Buckeye RD From Morgan RD/Laurens To SR 57/Washington - TIA,UNDER-CONSTRUCTION
0018688,https://www.dot.ga.gov/applications/geopi/Pages/Dashboard.aspx?ProjectId=0018688,Laurens,CR 521/Scotland Road From SR 126 To SR 31 - TIA,PRE-CONSTRUCTION
0018689,https://www.dot.ga.gov/applications/geopi/Pages/Dashboard.aspx?ProjectId=0018689,Laurens,Lord Road From SR 338 To Bleckley County Line - TIA,PRE-CONSTRUCTION
0018690,https://www.dot.ga.gov/applications/geopi/Pages/Dashboard.aspx?ProjectId=0018690,Laurens,CR 346/Chicken Road From SR 338 To Bleckley County Line-TIA,PRE-CONSTRUCTION
0018691,https://www.dot.ga.gov/applications/geopi/Pages/Dashboard.aspx?ProjectId=0018691,Laurens,CS 957/Coleman Street From SR 117 To Short Street - TIA,PRE-CONSTRUCTION
0018692,https://www.dot.ga.gov/applications/geopi/Pages/Dashboard.aspx?ProjectId=0018692,Laurens,CS 952/Walnut Street From SR 126 To Mccook Street - TIA,PRE-CONSTRUCTION
0018693,https://www.dot.ga.gov/applications/geopi/Pages/Dashboard.aspx?ProjectId=0018693,Laurens,CS 962/Snowhill Street From Church Street To Walnut Ave-TIA,PRE-CONSTRUCTION
0018694,https://www.dot.ga.gov/applications/geopi/Pages/Dashboard.aspx?ProjectId=0018694,Laurens,CS 956/Old Eastman Road From SR 126 To SR 117 - TIA,PRE-CONSTRUCTION
0018695,https://www.dot.ga.gov/applications/geopi/Pages/Dashboard.aspx?ProjectId=0018695,Laurens,CS 593/Cemetery Road From SR 257 To Shy Street - TIA,PRE-CONSTRUCTION
0018696,https://www.dot.ga.gov/applications/geopi/Pages/Dashboard.aspx?ProjectId=0018696,Laurens,Pineway Drive From Railroad Street To Harvey Street - TIA,PRE-CONSTRUCTION
0018697,https://www.dot.ga.gov/applications/geopi/Pages/Dashboard.aspx?ProjectId=0018697,Laurens,CS 575/N Green Street From SR 257 To Smith Drive - TIA,PRE-CONSTRUCTION
0018698,https://www.dot.ga.gov/applications/geopi/Pages/Dashboard.aspx?ProjectId=0018698,Laurens,CS 1147/Park Lane Drive From SR 257 To Smith Drive - TIA,PRE-CONSTRUCTION
0018699,https://www.dot.ga.gov/applications/geopi/Pages/Dashboard.aspx?ProjectId=0018699,Laurens,CS 493/Industrial Blvd From SR 19 To SR 31 - TIA,PRE-CONSTRUCTION
0018700,https://www.dot.ga.gov/applications/geopi/Pages/Dashboard.aspx?ProjectId=0018700,Laurens,CS 530/Claxton Dairy Road @ CS 1030/Woodlawn Drive - TIA,PRE-CONSTRUCTION
0018701,https://www.dot.ga.gov/applications/geopi/Pages/Dashboard.aspx?ProjectId=0018701,Laurens,Brookhaven Dr; Brookwood Dr & Shamrock Dr In Dublin - TIA,PRE-CONSTRUCTION
0018702,https://www.dot.ga.gov/applications/geopi/Pages/Dashboard.aspx?ProjectId=0018702,Laurens,CS 550/First Street From Railroad Street To SR 19 - TIA,PRE-CONSTRUCTION
0018703,https://www.dot.ga.gov/applications/geopi/Pages/Dashboard.aspx?ProjectId=0018703,Laurens,CS 550/Third Street From Railroad Street To SR 19 - TIA,PRE-CONSTRUCTION
0018704,https://www.dot.ga.gov/applications/geopi/Pages/Dashboard.aspx?ProjectId=0018704,Laurens,Railroad Street/4Th Street From 3RD Street To Main Street-TIA,PRE-CONSTRUCTION
0018705,https://www.dot.ga.gov/applications/geopi/Pages/Dashboard.aspx?ProjectId=0018705,Laurens,Forest Ave From Northside Drive To W Of Northside Drive-TIA,PRE-CONSTRUCTION
0018706,https://www.dot.ga.gov/applications/geopi/Pages/Dashboard.aspx?ProjectId=0018706,Laurens,Corbett Street From Broad Street To N Of Broad Street - TIA,PRE-CONSTRUCTION
0018707,https://www.dot.ga.gov/applications/geopi/Pages/Dashboard.aspx?ProjectId=0018707,Laurens,CS 6/Morgan Road From SR 31 To Buckeye Road - TIA,PRE-CONSTRUCTION
0018708,https://www.dot.ga.gov/applications/geopi/Pages/Dashboard.aspx?ProjectId=0018708,Laurens,Laurel St From W Of Larsen St To E Of Larsen St - TIA,PRE-CONSTRUCTION
0018709,https://www.dot.ga.gov/applications/geopi/Pages/Dashboard.aspx?ProjectId=0018709,Laurens,Grier Street From Laurel Drive To S Of Laurel Street-TIA,PRE-CONSTRUCTION
0018710,https://www.dot.ga.gov/applications/geopi/Pages/Dashboard.aspx?ProjectId=0018710,Laurens,CS 911/Mary Drive From Rice Street To Poplar Street - TIA,PRE-CONSTRUCTION
0018711,https://www.dot.ga.gov/applications/geopi/Pages/Dashboard.aspx?ProjectId=0018711,Laurens,Oakwood Drive From Nathaniel Drive To Railroad Ave - TIA,PRE-CONSTRUCTION
0018712,https://www.dot.ga.gov/applications/geopi/Pages/Dashboard.aspx?ProjectId=0018712,Laurens,CS 931/Manning Street From SR 26 To Taylor Lane - TIA,PRE-CONSTRUCTION
0018713,https://www.dot.ga.gov/applications/geopi/Pages/Dashboard.aspx?ProjectId=0018713,Laurens,CS 938/Nobles Street From SR 26 To Shady Lane - TIA,PRE-CONSTRUCTION
0018714,https://www.dot.ga.gov/applications/geopi/Pages/Dashboard.aspx?ProjectId=0018714,Laurens,CS 938/Shady Lane From Nobles Street To W Of Nobles Street-TIA,PRE-CONSTRUCTION
0018715,https://www.dot.ga.gov/applications/geopi/Pages/Dashboard.aspx?ProjectId=0018715,Laurens,Daniel Street From Manning Street To Williams Street - TIA,PRE-CONSTRUCTION
0018716,https://www.dot.ga.gov/applications/geopi/Pages/Dashboard.aspx?ProjectId=0018716,Laurens,Lisa Street From Jordan Street To S Of Jordan Street - TIA,PRE-CONSTRUCTION
0018717,https://www.dot.ga.gov/applications/geopi/Pages/Dashboard.aspx?ProjectId=0018717,Laurens,CS 974/Hill Street From Buckeye Road To S Of Buckeye Road-TIA,PRE-CONSTRUCTION
0018718,https://www.dot.ga.gov/applications/geopi/Pages/Dashboard.aspx?ProjectId=0018718,Laurens,Hawkway Drive From Northside Drive To N Of Merlin Drive-TIA,PRE-CONSTRUCTION
0018719,https://www.dot.ga.gov/applications/geopi/Pages/Dashboard.aspx?ProjectId=0018719,Laurens,Merlin Drive From Hawkway Drive To E Of Hawkway Drive - TIA,PRE-CONSTRUCTION
0018720,https://www.dot.ga.gov/applications/geopi/Pages/Dashboard.aspx?ProjectId=0018720,Laurens,CS 934/Williams Street From Macon Street To Ferry Street-TIA,PRE-CONSTRUCTION
0018721,https://www.dot.ga.gov/applications/geopi/Pages/Dashboard.aspx?ProjectId=0018721,Laurens,CS 917/Carroll Drive From Railroad Ave To SR 26 - TIA,PRE-CONSTRUCTION
0018722,https://www.dot.ga.gov/applications/geopi/Pages/Dashboard.aspx?ProjectId=0018722,Laurens,CS 971/Allen Way From Gateway Drive To Northside Drive - TIA,PRE-CONSTRUCTION
0018723,https://www.dot.ga.gov/applications/geopi/Pages/Dashboard.aspx?ProjectId=0018723,Laurens,CS 910/Clover Street From Anita Ave To Broad Street - TIA,PRE-CONSTRUCTION
0018724,https://www.dot.ga.gov/applications/geopi/Pages/Dashboard.aspx?ProjectId=0018724,Laurens,CR 1166/Pamela Drive From SR 31 To S Of SR 31 - TIA,PRE-CONSTRUCTION
0018725,https://www.dot.ga.gov/applications/geopi/Pages/Dashboard.aspx?ProjectId=0018725,Laurens,CS 912/Sunny Lane From Oakwood Drive To Poplar Street - TIA,PRE-CONSTRUCTION
0018726,https://www.dot.ga.gov/applications/geopi/Pages/Dashboard.aspx?ProjectId=0018726,Laurens,CS 928/Cullens Street From Buckeye Road To Jordan Street-TIA,PRE-CONSTRUCTION
0018727,https://www.dot.ga.gov/applications/geopi/Pages/Dashboard.aspx?ProjectId=0018727,Laurens,CS 925/Northside Drive From SR 31 To Buckeye Road - TIA,PRE-CONSTRUCTION
0018728,https://www.dot.ga.gov/applications/geopi/Pages/Dashboard.aspx?ProjectId=0018728,Laurens,Boat Ramp Road From Buckeye Road To W Of Community Road-TIA,PRE-CONSTRUCTION
0018729,https://www.dot.ga.gov/applications/geopi/Pages/Dashboard.aspx?ProjectId=0018729,Laurens,Ruby Jefferson Drive From Buckeye RD To W Of Community RD-TIA,PRE-CONSTRUCTION
0018730,https://www.dot.ga.gov/applications/geopi/Pages/Dashboard.aspx?ProjectId=0018730,Laurens,Community Road From Ruby Jefferson Road To Boat Ramp Road-TIA,PRE-CONSTRUCTION
0018731,https://www.dot.ga.gov/applications/geopi/Pages/Dashboard.aspx?ProjectId=0018731,Laurens,CS 954/Galaxie Drive From Fairlane Drive To Gateway Drive-TIA,PRE-CONSTRUCTION
0018732,https://www.dot.ga.gov/applications/geopi/Pages/Dashboard.aspx?ProjectId=0018732,Laurens,Lakeside Drive From Northside Drive To Northside Drive - TIA,PRE-CONSTRUCTION
0018733,https://www.dot.ga.gov/applications/geopi/Pages/Dashboard.aspx?ProjectId=0018733,Laurens,CS 979/Wheeler Street From Rice Street To S Of Rice Street-TIA,PRE-CONSTRUCTION
0018736,https://www.dot.ga.gov/applications/geopi/Pages/Dashboard.aspx?ProjectId=0018736,Montgomery,Sawmill RD From Ailey City Limits To Higgston City Limits-TIA,UNDER-CONSTRUCTION
0018737,https://www.dot.ga.gov/applications/geopi/Pages/Dashboard.aspx?ProjectId=0018737,Montgomery,CR 109/Jones Road From SR 135 To Gibbs Bridge Road - TIA,PRE-CONSTRUCTION
0018738,https://www.dot.ga.gov/applications/geopi/Pages/Dashboard.aspx?ProjectId=0018738,Montgomery,Mlk Jr Dr From Mt Vernon City Limits To Ailey City Limits-TIA,UNDER-CONSTRUCTION
0018739,https://www.dot.ga.gov/applications/geopi/Pages/Dashboard.aspx?ProjectId=0018739,Montgomery,CS 254/Wilkes Circle From Currie Drive To Currie Drive - TIA,UNDER-CONSTRUCTION
0018740,https://www.dot.ga.gov/applications/geopi/Pages/Dashboard.aspx?ProjectId=0018740,Montgomery,CS 67/Sawmill Road From SR 15 To Higgston City Limits - TIA,UNDER-CONSTRUCTION
0018746,https://www.dot.ga.gov/applications/geopi/Pages/Dashboard.aspx?ProjectId=0018746,Montgomery,CS 477/E Days Street From SR 56 To Walker Street - TIA,PRE-CONSTRUCTION
0018747,https://www.dot.ga.gov/applications/geopi/Pages/Dashboard.aspx?ProjectId=0018747,Montgomery,E Edwards Street From Temple Street To Ailey Lothair Road-TIA,PRE-CONSTRUCTION
0018748,https://www.dot.ga.gov/applications/geopi/Pages/Dashboard.aspx?ProjectId=0018748,Montgomery,N Minnie Street From Mlk Jr Drive To Ailey Lothair Road-TIA,PRE-CONSTRUCTION
0018749,https://www.dot.ga.gov/applications/geopi/Pages/Dashboard.aspx?ProjectId=0018749,Montgomery,CS 501/E Pearl Street From Minnie Street To Lewis Street-TIA,PRE-CONSTRUCTION
0018750,https://www.dot.ga.gov/applications/geopi/Pages/Dashboard.aspx?ProjectId=0018750,Montgomery,Lewis Street From Mlk Jr Drive To Ailey Lothair Road - TIA,PRE-CONSTRUCTION
0018751,https://www.dot.ga.gov/applications/geopi/Pages/Dashboard.aspx?ProjectId=0018751,Montgomery,CS 459/E Folsum Street From SR 56 To SR 30 - TIA,PRE-CONSTRUCTION
0018752,https://www.dot.ga.gov/applications/geopi/Pages/Dashboard.aspx?ProjectId=0018752,Montgomery,CS 506/E Connell Street From SR 56 To N Robinson Street-TIA,PRE-CONSTRUCTION
0018753,https://www.dot.ga.gov/applications/geopi/Pages/Dashboard.aspx?ProjectId=0018753,Montgomery,CS 474/E Palmer Street From SR 56 To N Robinson Street - TIA,PRE-CONSTRUCTION
0018754,https://www.dot.ga.gov/applications/geopi/Pages/Dashboard.aspx?ProjectId=0018754,Montgomery,W Mcrae Drive From 5Th Ave To S Of 2Nd Ave - TIA,PRE-CONSTRUCTION
0018755,https://www.dot.ga.gov/applications/geopi/Pages/Dashboard.aspx?ProjectId=0018755,Montgomery,CS 458/E Mount Vernon Street From SR 56 To SR 30 - TIA,PRE-CONSTRUCTION
0018756,https://www.dot.ga.gov/applications/geopi/Pages/Dashboard.aspx?ProjectId=0018756,Montgomery,W Mount Vernon Street From SR 56 To N Washington Street-TIA,PRE-CONSTRUCTION
0018757,https://www.dot.ga.gov/applications/geopi/Pages/Dashboard.aspx?ProjectId=0018757,Montgomery,S Railroad Ave From S Of Mcbride Street To Church Street-TIA,PRE-CONSTRUCTION
0018758,https://www.dot.ga.gov/applications/geopi/Pages/Dashboard.aspx?ProjectId=0018758,Montgomery,CS 478/E Jefferson Street From SR 56 To Walker Street - TIA,PRE-CONSTRUCTION
0018759,https://www.dot.ga.gov/applications/geopi/Pages/Dashboard.aspx?ProjectId=0018759,Montgomery,N Walker Street From Mlk Jr Drive To Jefferson Street - TIA,PRE-CONSTRUCTION
0018760,https://www.dot.ga.gov/applications/geopi/Pages/Dashboard.aspx?ProjectId=0018760,Montgomery,4Th Street From Cooper Street To Tarrytown City Limits - TIA,UNDER-CONSTRUCTION
0018761,https://www.dot.ga.gov/applications/geopi/Pages/Dashboard.aspx?ProjectId=0018761,Montgomery,CS 294/E Oak Street From SR 135 To SR 135 - TIA,PRE-CONSTRUCTION
0018762,https://www.dot.ga.gov/applications/geopi/Pages/Dashboard.aspx?ProjectId=0018762,Tattnall,Rushing Boone Road From SR 178 To SR 121 - TIA,PRE-CONSTRUCTION
0018766,https://www.dot.ga.gov/applications/geopi/Pages/Dashboard.aspx?ProjectId=0018766,Tattnall,Reidsville NW Bypass From SR 30 To Lynntown Road - TIA,PRE-CONSTRUCTION
0018767,https://www.dot.ga.gov/applications/geopi/Pages/Dashboard.aspx?ProjectId=0018767,Tattnall,Beards Crk Conn From E Hencart RD To Beards Crk Church RD-TIA,PRE-CONSTRUCTION
0018768,https://www.dot.ga.gov/applications/geopi/Pages/Dashboard.aspx?ProjectId=0018768,Tattnall,Main Street From Collins Street To Ben Powell Jr Street-TIA,PRE-CONSTRUCTION
0018769,https://www.dot.ga.gov/applications/geopi/Pages/Dashboard.aspx?ProjectId=0018769,Tattnall,Main Street From Collins Street To W Of Conner Road - TIA,PRE-CONSTRUCTION
0018770,https://www.dot.ga.gov/applications/geopi/Pages/Dashboard.aspx?ProjectId=0018770,Tattnall,SR 292 From W Of Pine Street To Baker Street - TIA,PRE-CONSTRUCTION
0018771,https://www.dot.ga.gov/applications/geopi/Pages/Dashboard.aspx?ProjectId=0018771,Tattnall,Water Street From Kennedy Street To S Church Street - TIA,PRE-CONSTRUCTION
0018772,https://www.dot.ga.gov/applications/geopi/Pages/Dashboard.aspx?ProjectId=0018772,Tattnall,Church Drive From W Of Mlk Drive To E Of Mlk Drive - TIA,PRE-CONSTRUCTION
0018773,https://www.dot.ga.gov/applications/geopi/Pages/Dashboard.aspx?ProjectId=0018773,Tattnall,Henry Street From SR 144 To W Hencart Road - TIA,PRE-CONSTRUCTION
0018774,https://www.dot.ga.gov/applications/geopi/Pages/Dashboard.aspx?ProjectId=0018774,Tattnall,CS 666/Holly Street From SR 144 To E Howard Street - TIA,PRE-CONSTRUCTION
0018775,https://www.dot.ga.gov/applications/geopi/Pages/Dashboard.aspx?ProjectId=0018775,Tattnall,Liberty Street From Banks Street To S Of Banks Street - TIA,PRE-CONSTRUCTION
0018776,https://www.dot.ga.gov/applications/geopi/Pages/Dashboard.aspx?ProjectId=0018776,Tattnall,Bradley Street From Henry Street To E Of Buffy K Drive - TIA,PRE-CONSTRUCTION
0018777,https://www.dot.ga.gov/applications/geopi/Pages/Dashboard.aspx?ProjectId=0018777,Tattnall,Howard Street From SR 57 To SR 144 - TIA,PRE-CONSTRUCTION
0018778,https://www.dot.ga.gov/applications/geopi/Pages/Dashboard.aspx?ProjectId=0018778,Tattnall,Marietta St From N Tillman St To E Of Herrington St - TIA,PRE-CONSTRUCTION
0018779,https://www.dot.ga.gov/applications/geopi/Pages/Dashboard.aspx?ProjectId=0018779,Tattnall,Joe C Dasher Road From SR 144 To Glennville City Limits-TIA,PRE-CONSTRUCTION
0018792,https://www.dot.ga.gov/applications/geopi/Pages/Dashboard.aspx?ProjectId=0018792,Tattnall,Auburn Road From E Howard Street To Glennville City Limits-TIA,PRE-CONSTRUCTION
0018793,https://www.dot.ga.gov/applications/geopi/Pages/Dashboard.aspx?ProjectId=0018793,Tattnall,CS 647/Bull Street From S Herrington Street To Auburn Road-TIA,PRE-CONSTRUCTION
0018794,https://www.dot.ga.gov/applications/geopi/Pages/Dashboard.aspx?ProjectId=0018794,Tattnall,Christy Street From Gordon Street To S Of Gordon Street-TIA,PRE-CONSTRUCTION
0018795,https://www.dot.ga.gov/applications/geopi/Pages/Dashboard.aspx?ProjectId=0018795,Tattnall,Easterling Street From E China Street To E Simon Street-TIA,PRE-CONSTRUCTION
0018796,https://www.dot.ga.gov/applications/geopi/Pages/Dashboard.aspx?ProjectId=0018796,Tattnall,Playland Ave From Cloverdale Road To Loves Chapel Road - TIA,PRE-CONSTRUCTION
0018797,https://www.dot.ga.gov/applications/geopi/Pages/Dashboard.aspx?ProjectId=0018797,Tattnall,Cloverdale Road From SR 57 To SR 73 - TIA,PRE-CONSTRUCTION
0018798,https://www.dot.ga.gov/applications/geopi/Pages/Dashboard.aspx?ProjectId=0018798,Tattnall,Mallard Drive From Simon Street To E Hencart Road-TIA,PRE-CONSTRUCTION
0018799,https://www.dot.ga.gov/applications/geopi/Pages/Dashboard.aspx?ProjectId=0018799,Tattnall,Martin Luther King Dr From W Hencart RD To Cloverdale RD-TIA,PRE-CONSTRUCTION
0018800,https://www.dot.ga.gov/applications/geopi/Pages/Dashboard.aspx?ProjectId=0018800,Tattnall,CS 639/Jones Street From W Hencart Road To Brown Lane - TIA,PRE-CONSTRUCTION
0018801,https://www.dot.ga.gov/applications/geopi/Pages/Dashboard.aspx?ProjectId=0018801,Tattnall,CS 625/Kirkland Ave From N Tilman Street To Henry Street-TIA,PRE-CONSTRUCTION
0018802,https://www.dot.ga.gov/applications/geopi/Pages/Dashboard.aspx?ProjectId=0018802,Tattnall,Homer Waters RD From Cloverdale RD To Glennville City - TIA,PRE-CONSTRUCTION
0018803,https://www.dot.ga.gov/applications/geopi/Pages/Dashboard.aspx?ProjectId=0018803,Tattnall,Lincoln Street From Adamson Ave To Continental Street - TIA,PRE-CONSTRUCTION
0018804,https://www.dot.ga.gov/applications/geopi/Pages/Dashboard.aspx?ProjectId=0018804,Tattnall,Brown Lane From N Rushing Street To Laura Street-TIA,PRE-CONSTRUCTION
0018805,https://www.dot.ga.gov/applications/geopi/Pages/Dashboard.aspx?ProjectId=0018805,Tattnall,Merganser Circle From Mallard Street To Mallard Street - TIA,PRE-CONSTRUCTION
0018806,https://www.dot.ga.gov/applications/geopi/Pages/Dashboard.aspx?ProjectId=0018806,Tattnall,Oak Ridge Drive From E Hencart Road To S Of Teal Lane - TIA,PRE-CONSTRUCTION
0018808,https://www.dot.ga.gov/applications/geopi/Pages/Dashboard.aspx?ProjectId=0018808,Tattnall,CS 525/Alliance Street From SR 23/SR 57 To Chandler Ave-TIA,PRE-CONSTRUCTION
0018809,https://www.dot.ga.gov/applications/geopi/Pages/Dashboard.aspx?ProjectId=0018809,Tattnall,CS 577/Willis Lane From Blount Street To Ohoopee Street-TIA,PRE-CONSTRUCTION
0018810,https://www.dot.ga.gov/applications/geopi/Pages/Dashboard.aspx?ProjectId=0018810,Tattnall,Chandler Ave From E Of Eastside Dr To E Of Eastside Dr - TIA,PRE-CONSTRUCTION
0018811,https://www.dot.ga.gov/applications/geopi/Pages/Dashboard.aspx?ProjectId=0018811,Tattnall,CS 588/Roberta Street From SR 30 To Griffin Ave - TIA,PRE-CONSTRUCTION
0018812,https://www.dot.ga.gov/applications/geopi/Pages/Dashboard.aspx?ProjectId=0018812,Tattnall,Harden Hill RD From Woodlawn Terr To N Of Woodlaw Terr - TIA,PRE-CONSTRUCTION
0018813,https://www.dot.ga.gov/applications/geopi/Pages/Dashboard.aspx?ProjectId=0018813,Tattnall,Savannah Woods Road From Lynntown Road To Victory Drive-TIA,PRE-CONSTRUCTION
0018814,https://www.dot.ga.gov/applications/geopi/Pages/Dashboard.aspx?ProjectId=0018814,Telfair,Jackson Lane; Studstill Lane & Spring Ave In Telfair Co-TIA,PRE-CONSTRUCTION
0018815,https://www.dot.ga.gov/applications/geopi/Pages/Dashboard.aspx?ProjectId=0018815,Telfair,Cedar Park RD From Johnny Courson To N Of Powell School RD-TIA,PRE-CONSTRUCTION
0018816,https://www.dot.ga.gov/applications/geopi/Pages/Dashboard.aspx?ProjectId=0018816,Telfair,CR 82/Milan Cemetery Road From SR 165 To SR 132 - TIA,PRE-CONSTRUCTION
0018817,https://www.dot.ga.gov/applications/geopi/Pages/Dashboard.aspx?ProjectId=0018817,Telfair,Telfair County Transit Vehicle Replacement - TIA,PRE-CONSTRUCTION
0018818,https://www.dot.ga.gov/applications/geopi/Pages/Dashboard.aspx?ProjectId=0018818,Telfair,Telfair County Transit Service - TIA,PRE-CONSTRUCTION
0018819,https://www.dot.ga.gov/applications/geopi/Pages/Dashboard.aspx?ProjectId=0018819,Telfair,Long Bridge Road From Mcrae-Helena City To Wheeler CO Line-TIA,PRE-CONSTRUCTION
0018820,https://www.dot.ga.gov/applications/geopi/Pages/Dashboard.aspx?ProjectId=0018820,Telfair,Prison Camp Road From SR 31 To Macedonia Church Road - TIA,PRE-CONSTRUCTION
0018821,https://www.dot.ga.gov/applications/geopi/Pages/Dashboard.aspx?ProjectId=0018821,Telfair,Powell School RD From Little Horse Ck RD To Fishing Ck RD-TIA,PRE-CONSTRUCTION
0018822,https://www.dot.ga.gov/applications/geopi/Pages/Dashboard.aspx?ProjectId=0018822,Telfair,CS 568/E Boyd Street From SR 27 To Wismer Street - TIA,PRE-CONSTRUCTION
0018823,https://www.dot.ga.gov/applications/geopi/Pages/Dashboard.aspx?ProjectId=0018823,Telfair,CS 571/Reynolds Street From SR 27 To Wismer Street - TIA,PRE-CONSTRUCTION
0018824,https://www.dot.ga.gov/applications/geopi/Pages/Dashboard.aspx?ProjectId=0018824,Telfair,CS 574/Washington Street From Erie Street To Walnut Street-TIA,PRE-CONSTRUCTION
0018825,https://www.dot.ga.gov/applications/geopi/Pages/Dashboard.aspx?ProjectId=0018825,Telfair,CS 568/W Boyd Street From Jones Street To Virginia Ave - TIA,PRE-CONSTRUCTION
0018826,https://www.dot.ga.gov/applications/geopi/Pages/Dashboard.aspx?ProjectId=0018826,Telfair,N Johnson Street From Mcleod Street To Cheney Street - TIA,PRE-CONSTRUCTION
0018827,https://www.dot.ga.gov/applications/geopi/Pages/Dashboard.aspx?ProjectId=0018827,Telfair,Industrial Blvd From SR 27 To Ocmulgee Street - TIA,PRE-CONSTRUCTION
0018828,https://www.dot.ga.gov/applications/geopi/Pages/Dashboard.aspx?ProjectId=0018828,Telfair,CS 580/Victoria Street From SR 27 To Church Street - TIA,PRE-CONSTRUCTION
0018829,https://www.dot.ga.gov/applications/geopi/Pages/Dashboard.aspx?ProjectId=0018829,Telfair,CS 572/Oak Street From Reynolds Street To Burns Street - TIA,PRE-CONSTRUCTION
0018830,https://www.dot.ga.gov/applications/geopi/Pages/Dashboard.aspx?ProjectId=0018830,Telfair,Calhoun Street From Jones Street To S Of Jones Street - TIA,PRE-CONSTRUCTION
0018831,https://www.dot.ga.gov/applications/geopi/Pages/Dashboard.aspx?ProjectId=0018831,Telfair,CS 554/N Johnson Street From SR 117 To Mcleod Street - TIA,PRE-CONSTRUCTION
0018832,https://www.dot.ga.gov/applications/geopi/Pages/Dashboard.aspx?ProjectId=0018832,Telfair,Ocmulgee Street From Johnson Street To Pace Street - TIA,PRE-CONSTRUCTION
0018833,https://www.dot.ga.gov/applications/geopi/Pages/Dashboard.aspx?ProjectId=0018833,Telfair,Red Oak Street From Old Sand Pit RD To W Of Hilltop Drive-TIA,PRE-CONSTRUCTION
0018834,https://www.dot.ga.gov/applications/geopi/Pages/Dashboard.aspx?ProjectId=0018834,Telfair,Hilltop Drive From Red Oak Street To N Of Red Oak Street-TIA,PRE-CONSTRUCTION
0018835,https://www.dot.ga.gov/applications/geopi/Pages/Dashboard.aspx?ProjectId=0018835,Telfair,CS 570/Telfair Street From River Street To Murray Street-TIA,PRE-CONSTRUCTION
0018836,https://www.dot.ga.gov/applications/geopi/Pages/Dashboard.aspx?ProjectId=0018836,Telfair,Renwick Street From W Railroad Street To Jones Street - TIA,PRE-CONSTRUCTION
0018837,https://www.dot.ga.gov/applications/geopi/Pages/Dashboard.aspx?ProjectId=0018837,Telfair,CS 569/Burns Street From SR 27 To River Street - TIA,PRE-CONSTRUCTION
0018838,https://www.dot.ga.gov/applications/geopi/Pages/Dashboard.aspx?ProjectId=0018838,Telfair,Ware Street From Whiteblough Street To Jones Street - TIA,PRE-CONSTRUCTION
0018839,https://www.dot.ga.gov/applications/geopi/Pages/Dashboard.aspx?ProjectId=0018839,Telfair,CS 584/Stokes Street From Ware Street To Clements Street-TIA,PRE-CONSTRUCTION
0018840,https://www.dot.ga.gov/applications/geopi/Pages/Dashboard.aspx?ProjectId=0018840,Telfair,Murray Street From Wismer Street To Telfair Street - TIA,PRE-CONSTRUCTION
0018841,https://www.dot.ga.gov/applications/geopi/Pages/Dashboard.aspx?ProjectId=0018841,Telfair,CS 735/CS 770/1St Ave @ Pine Street - TIA,PRE-CONSTRUCTION
0018842,https://www.dot.ga.gov/applications/geopi/Pages/Dashboard.aspx?ProjectId=0018842,Telfair,CS 635/Center Ave From 4Th Street To 5Th Street - TIA,PRE-CONSTRUCTION
0018843,https://www.dot.ga.gov/applications/geopi/Pages/Dashboard.aspx?ProjectId=0018843,Telfair,Lenox Ave From 6Th Street To Mcrae-Helena City Limits - TIA,PRE-CONSTRUCTION
0018844,https://www.dot.ga.gov/applications/geopi/Pages/Dashboard.aspx?ProjectId=0018844,Telfair,6Th Street From Lenox Ave To Mcrae-Helena City Limits - TIA,PRE-CONSTRUCTION
0018845,https://www.dot.ga.gov/applications/geopi/Pages/Dashboard.aspx?ProjectId=0018845,Telfair,N Railroad Street From Irwington Ave To Walnut Street - TIA,PRE-CONSTRUCTION
0018846,https://www.dot.ga.gov/applications/geopi/Pages/Dashboard.aspx?ProjectId=0018846,Telfair,Willow Creek Lane From Strozie Street To Walnut Street - TIA,PRE-CONSTRUCTION
0018847,https://www.dot.ga.gov/applications/geopi/Pages/Dashboard.aspx?ProjectId=0018847,Telfair,Poplar Street From 5Th Ave To Willow Creek Lane - TIA,UNDER-CONSTRUCTION
0018848,https://www.dot.ga.gov/applications/geopi/Pages/Dashboard.aspx?ProjectId=0018848,Telfair,CS 643/CS 671/6Th Street From Albany Ave To Lenox Ave - TIA,UNDER-CONSTRUCTION
0018849,https://www.dot.ga.gov/applications/geopi/Pages/Dashboard.aspx?ProjectId=0018849,Telfair,CS 664/CS 842/5Th Street From Graham Street To Forsyth Ave-TIA,UNDER-CONSTRUCTION
0018850,https://www.dot.ga.gov/applications/geopi/Pages/Dashboard.aspx?ProjectId=0018850,Telfair,CS 658/CS 669/4Th Street From Albany Ave To Forsyth Ave-TIA,UNDER-CONSTRUCTION
0018851,https://www.dot.ga.gov/applications/geopi/Pages/Dashboard.aspx?ProjectId=0018851,Telfair,SR 27 From Telfair Ave To Hunter Ave - TIA,UNDER-CONSTRUCTION
0018852,https://www.dot.ga.gov/applications/geopi/Pages/Dashboard.aspx?ProjectId=0018852,Telfair,SR 30 & Graham Street In Mcrae Helena - TIA,UNDER-CONSTRUCTION
0018853,https://www.dot.ga.gov/applications/geopi/Pages/Dashboard.aspx?ProjectId=0018853,Telfair,CS 766/Telfair Ave From SR 27 To Smith Street - TIA,UNDER-CONSTRUCTION
0018854,https://www.dot.ga.gov/applications/geopi/Pages/Dashboard.aspx?ProjectId=0018854,Telfair,CS 765/Pine Street From SR 30 To Telfair Ave - TIA,UNDER-CONSTRUCTION
0018855,https://www.dot.ga.gov/applications/geopi/Pages/Dashboard.aspx?ProjectId=0018855,Telfair,CS 762/Parsonage Street From Hunter Ave To 2Nd Ave - TIA,UNDER-CONSTRUCTION
0018856,https://www.dot.ga.gov/applications/geopi/Pages/Dashboard.aspx?ProjectId=0018856,Telfair,Huckabee Street From Albany Ave To S 1St Ave - TIA,PRE-CONSTRUCTION
0018857,https://www.dot.ga.gov/applications/geopi/Pages/Dashboard.aspx?ProjectId=0018857,Wheeler,CS 650/Oak Ridge Road From SR 149 To W Of SR 149 - TIA,PRE-CONSTRUCTION
0018858,https://www.dot.ga.gov/applications/geopi/Pages/Dashboard.aspx?ProjectId=0018858,Telfair,Scotland Town RD From Community House RD To Scotland City-TIA,PRE-CONSTRUCTION
0018859,https://www.dot.ga.gov/applications/geopi/Pages/Dashboard.aspx?ProjectId=0018859,Toombs,Aimwell Road & Extension From SR 4 To Oren Sharpe Road - TIA,PRE-CONSTRUCTION
0018860,https://www.dot.ga.gov/applications/geopi/Pages/Dashboard.aspx?ProjectId=0018860,Toombs,CR 364 From Cedar Crossing Vidalia RD To Montgomery County-TIA,UNDER-CONSTRUCTION
0018861,https://www.dot.ga.gov/applications/geopi/Pages/Dashboard.aspx?ProjectId=0018861,Toombs,SR 292 From Oxley Drive To Estelle Drive - TIA,PRE-CONSTRUCTION
0018862,https://www.dot.ga.gov/applications/geopi/Pages/Dashboard.aspx?ProjectId=0018862,Toombs,Old Normantown RD From Victory Circle To New Normantown RD-TIA,UNDER-CONSTRUCTION
0018863,https://www.dot.ga.gov/applications/geopi/Pages/Dashboard.aspx?ProjectId=0018863,Toombs,Dasher Street From SR 4 To SR 178 - TIA,PRE-CONSTRUCTION
0018864,https://www.dot.ga.gov/applications/geopi/Pages/Dashboard.aspx?ProjectId=0018864,Toombs,CS 635/Bulldog Road @ CS 570/Parker Street - TIA,PRE-CONSTRUCTION
0018873,https://www.dot.ga.gov/applications/geopi/Pages/Dashboard.aspx?ProjectId=0018873,Toombs,CS 601/NE Main Street From SR 130 To E Of Morris Street-TIA,PRE-CONSTRUCTION
0018874,https://www.dot.ga.gov/applications/geopi/Pages/Dashboard.aspx?ProjectId=0018874,Toombs,CS 804/Lastahouse Drive From SR 15 To W Of SR 15 - TIA,PRE-CONSTRUCTION
0018875,https://www.dot.ga.gov/applications/geopi/Pages/Dashboard.aspx?ProjectId=0018875,Toombs,CS 739/S Maple Drive From N Maple Drive To N Maple Drive-TIA,PRE-CONSTRUCTION
0018876,https://www.dot.ga.gov/applications/geopi/Pages/Dashboard.aspx?ProjectId=0018876,Toombs,Country Club Drive From Mcdonald Drive To Pearl Street - TIA,PRE-CONSTRUCTION
0018877,https://www.dot.ga.gov/applications/geopi/Pages/Dashboard.aspx?ProjectId=0018877,Toombs,CS 734/Sharon Drive From Mcswain Drive To Linda Lane - TIA,PRE-CONSTRUCTION
0018878,https://www.dot.ga.gov/applications/geopi/Pages/Dashboard.aspx?ProjectId=0018878,Toombs,CS 949/Arlington Drive From SR 30 To Teston Lane - TIA,PRE-CONSTRUCTION
0018879,https://www.dot.ga.gov/applications/geopi/Pages/Dashboard.aspx?ProjectId=0018879,Toombs,CS 620/2Nd Ave From Broadfoot Blvd To Lively Street - TIA,PRE-CONSTRUCTION
0018880,https://www.dot.ga.gov/applications/geopi/Pages/Dashboard.aspx?ProjectId=0018880,Toombs,City Of Vidalia Striping - TIA,PRE-CONSTRUCTION
0018881,https://www.dot.ga.gov/applications/geopi/Pages/Dashboard.aspx?ProjectId=0018881,Toombs,CS 725/Winding Circle From SR 130 To SR 130 - TIA,PRE-CONSTRUCTION
0018882,https://www.dot.ga.gov/applications/geopi/Pages/Dashboard.aspx?ProjectId=0018882,Toombs,CS 605/Washington Street From NE Main Street To SR 292 - TIA,PRE-CONSTRUCTION
0018883,https://www.dot.ga.gov/applications/geopi/Pages/Dashboard.aspx?ProjectId=0018883,Toombs,CS 669/W 7Th Street From Arnau Street To W Of David Drive-TIA,PRE-CONSTRUCTION
0018884,https://www.dot.ga.gov/applications/geopi/Pages/Dashboard.aspx?ProjectId=0018884,Toombs,CS 662/W 2Nd Street From SR 130 To Daughtery Street - TIA,PRE-CONSTRUCTION
0018885,https://www.dot.ga.gov/applications/geopi/Pages/Dashboard.aspx?ProjectId=0018885,Toombs,CS 676/Virginia Way From Rigsbee Drive To Waters Drive - TIA,PRE-CONSTRUCTION
0018886,https://www.dot.ga.gov/applications/geopi/Pages/Dashboard.aspx?ProjectId=0018886,Toombs,CS 632/Toombs Street From SR 297 To W Of Georgia Street-TIA,PRE-CONSTRUCTION
0018887,https://www.dot.ga.gov/applications/geopi/Pages/Dashboard.aspx?ProjectId=0018887,Toombs,CS 935/Swift Creek Road From SR 130 To N Of Brantley Road-TIA,PRE-CONSTRUCTION
0018888,https://www.dot.ga.gov/applications/geopi/Pages/Dashboard.aspx?ProjectId=0018888,Toombs,Stella Ave From Ross Way To SR 15 - TIA,PRE-CONSTRUCTION
0018889,https://www.dot.ga.gov/applications/geopi/Pages/Dashboard.aspx?ProjectId=0018889,Toombs,Stockyard Road Ext From Stockyard Road To Meadows Pkwy - TIA,PRE-CONSTRUCTION
0018898,https://www.dot.ga.gov/applications/geopi/Pages/Dashboard.aspx?ProjectId=0018898,Toombs,Smith Street From SR 30 To S Of Winona Street - TIA,PRE-CONSTRUCTION
0018899,https://www.dot.ga.gov/applications/geopi/Pages/Dashboard.aspx?ProjectId=0018899,"Montgomery , Toombs",Shenandoah Drive From Tap Drive To W Grossman Drive - TIA,PRE-CONSTRUCTION
0018900,https://www.dot.ga.gov/applications/geopi/Pages/Dashboard.aspx?ProjectId=0018900,Toombs,CS 620/2Nd Ave From Morris Street To Lively Street - TIA,PRE-CONSTRUCTION
0018901,https://www.dot.ga.gov/applications/geopi/Pages/Dashboard.aspx?ProjectId=0018901,Toombs,Ross Way From Manor Drive To Prosperity Lane - TIA,PRE-CONSTRUCTION
0018902,https://www.dot.ga.gov/applications/geopi/Pages/Dashboard.aspx?ProjectId=0018902,Toombs,CS 616/Roosevelt Street From SR 292 To N Of 13Th Ave - TIA,PRE-CONSTRUCTION
0018903,https://www.dot.ga.gov/applications/geopi/Pages/Dashboard.aspx?ProjectId=0018903,Toombs,Rimando Circle From Rimando Drive To Remando Drive - TIA,PRE-CONSTRUCTION
0018904,https://www.dot.ga.gov/applications/geopi/Pages/Dashboard.aspx?ProjectId=0018904,Toombs,CS 932/Rigsbee Drive From SR 30 To Waters Drive - TIA,PRE-CONSTRUCTION
0018905,https://www.dot.ga.gov/applications/geopi/Pages/Dashboard.aspx?ProjectId=0018905,Toombs,CS 689/Church Street From W 5Th Street To W 3RD Street - TIA,PRE-CONSTRUCTION
0018906,https://www.dot.ga.gov/applications/geopi/Pages/Dashboard.aspx?ProjectId=0018906,Toombs,CS 658/Charles Drive From SR 30 To Page Street - TIA,PRE-CONSTRUCTION
0018907,https://www.dot.ga.gov/applications/geopi/Pages/Dashboard.aspx?ProjectId=0018907,Toombs,CS 736/Teston Lane From Mcnatt Street To Maple Drive - TIA,PRE-CONSTRUCTION
0018908,https://www.dot.ga.gov/applications/geopi/Pages/Dashboard.aspx?ProjectId=0018908,Toombs,Reg Holland Road From Mcnatt Street To W Of Mcnatt Street-TIA,PRE-CONSTRUCTION
0018909,https://www.dot.ga.gov/applications/geopi/Pages/Dashboard.aspx?ProjectId=0018909,Toombs,CS 814/Pleasure Court From Aimwell Road To Ross Way - TIA,PRE-CONSTRUCTION
0018910,https://www.dot.ga.gov/applications/geopi/Pages/Dashboard.aspx?ProjectId=0018910,Toombs,CS 603/Pine Street From 2Nd Ave To Meadowbrook Street - TIA,PRE-CONSTRUCTION
0018911,https://www.dot.ga.gov/applications/geopi/Pages/Dashboard.aspx?ProjectId=0018911,Toombs,CS 812/Opportunity Court From Ross Way To W Of Ross Way-TIA,PRE-CONSTRUCTION
0018912,https://www.dot.ga.gov/applications/geopi/Pages/Dashboard.aspx?ProjectId=0018912,Toombs,N Smalley Drive From Cason Drive To W Smalley Drive - TIA,PRE-CONSTRUCTION
0018913,https://www.dot.ga.gov/applications/geopi/Pages/Dashboard.aspx?ProjectId=0018913,Toombs,N Grossman Drive From Stevens Street To Stevens Street - TIA,PRE-CONSTRUCTION
0018914,https://www.dot.ga.gov/applications/geopi/Pages/Dashboard.aspx?ProjectId=0018914,Toombs,CS 829/Louisiana Drive From SR 297 To Ardella Court - TIA,PRE-CONSTRUCTION
0018915,https://www.dot.ga.gov/applications/geopi/Pages/Dashboard.aspx?ProjectId=0018915,Toombs,Knollwood Road From Amberwood Drive To Dogwood Drive - TIA,PRE-CONSTRUCTION
0018916,https://www.dot.ga.gov/applications/geopi/Pages/Dashboard.aspx?ProjectId=0018916,Toombs,Lakeside Place From Kissing Bower Road To Willow Drive - TIA,PRE-CONSTRUCTION
0018917,https://www.dot.ga.gov/applications/geopi/Pages/Dashboard.aspx?ProjectId=0018917,Toombs,CS 830/Forest Pine Blvd From SR 297 To Lightfoot Court - TIA,PRE-CONSTRUCTION
0018918,https://www.dot.ga.gov/applications/geopi/Pages/Dashboard.aspx?ProjectId=0018918,Toombs,CS 796/E Oxley Blvd From SR 292 To W Grossman Drive - TIA,PRE-CONSTRUCTION
0018919,https://www.dot.ga.gov/applications/geopi/Pages/Dashboard.aspx?ProjectId=0018919,Toombs,English Oak Drive From W Oxley Blvd To E Of W Oxley Blvd-TIA,PRE-CONSTRUCTION
0018920,https://www.dot.ga.gov/applications/geopi/Pages/Dashboard.aspx?ProjectId=0018920,Toombs,CS 681/West Ave From SR 30 To Manning Street - TIA,PRE-CONSTRUCTION
0018921,https://www.dot.ga.gov/applications/geopi/Pages/Dashboard.aspx?ProjectId=0018921,Toombs,CS 622/Mlk Jr Ave From Morris Street To Epstein Street - TIA,PRE-CONSTRUCTION
0018922,https://www.dot.ga.gov/applications/geopi/Pages/Dashboard.aspx?ProjectId=0018922,Montgomery,Commerce Drive From SR 292 To E Of Commerce Loop - TIA,PRE-CONSTRUCTION
0018923,https://www.dot.ga.gov/applications/geopi/Pages/Dashboard.aspx?ProjectId=0018923,Toombs,CS 788/Cason Drive From S Smalley Drive To N Smalley Drive-TIA,PRE-CONSTRUCTION
0018924,https://www.dot.ga.gov/applications/geopi/Pages/Dashboard.aspx?ProjectId=0018924,Toombs,CS 755/Barron Street From Lewis Drive To Violet Street - TIA,PRE-CONSTRUCTION
0018925,https://www.dot.ga.gov/applications/geopi/Pages/Dashboard.aspx?ProjectId=0018925,Toombs,CS 673/S Broadfoot Blvd From SR 30 To S Of Waters Drive-TIA,PRE-CONSTRUCTION
0018926,https://www.dot.ga.gov/applications/geopi/Pages/Dashboard.aspx?ProjectId=0018926,Toombs,CS 661/E 3RD Street From Church Street To Bay Street - TIA,PRE-CONSTRUCTION
0018927,https://www.dot.ga.gov/applications/geopi/Pages/Dashboard.aspx?ProjectId=0018927,Toombs,CS 711/Dixon Street From Donovan Street To SR 292 - TIA,PRE-CONSTRUCTION
0018928,https://www.dot.ga.gov/applications/geopi/Pages/Dashboard.aspx?ProjectId=0018928,Toombs,CS 693/Bay Street From Pinecrest Drive To E 7Th Street - TIA,PRE-CONSTRUCTION
0018929,https://www.dot.ga.gov/applications/geopi/Pages/Dashboard.aspx?ProjectId=0018929,Treutlen,Cedar Grove RD From Montgomery CO Line To Ball Park RD - TIA,PRE-CONSTRUCTION
0018930,https://www.dot.ga.gov/applications/geopi/Pages/Dashboard.aspx?ProjectId=0018930,Treutlen,CR 29/Holtons Chapel Road From SR 197 To Harley Lane - TIA,PRE-CONSTRUCTION
0018931,https://www.dot.ga.gov/applications/geopi/Pages/Dashboard.aspx?ProjectId=0018931,Treutlen,CR 151/Orianna Road From SR 15 To Laurens County Line - TIA,UNDER-CONSTRUCTION
0018932,https://www.dot.ga.gov/applications/geopi/Pages/Dashboard.aspx?ProjectId=0018932,"Emanuel , Treutlen",CR 166/Norristown Road From Crooked Run Road To SR 171 - TIA,UNDER-CONSTRUCTION
0018933,https://www.dot.ga.gov/applications/geopi/Pages/Dashboard.aspx?ProjectId=0018933,Treutlen,CS 536/Sarabelle Ave From SR 15 To Abrams Street - TIA,PRE-CONSTRUCTION
0018934,https://www.dot.ga.gov/applications/geopi/Pages/Dashboard.aspx?ProjectId=0018934,Treutlen,CS 537/Glenn Street From SR 15 To Sarabelle Ave - TIA,PRE-CONSTRUCTION
0018935,https://www.dot.ga.gov/applications/geopi/Pages/Dashboard.aspx?ProjectId=0018935,Treutlen,Manning Street From Georgia Ave To W Mississippi Ave - TIA,PRE-CONSTRUCTION
0018936,https://www.dot.ga.gov/applications/geopi/Pages/Dashboard.aspx?ProjectId=0018936,Treutlen,CS 534/Evans Street From SR 15 To Womack Ave - TIA,UNDER-CONSTRUCTION
0018937,https://www.dot.ga.gov/applications/geopi/Pages/Dashboard.aspx?ProjectId=0018937,Treutlen,Windcrest Drive From Windy Hill Road To Cascade Circle - TIA,PRE-CONSTRUCTION
0018938,https://www.dot.ga.gov/applications/geopi/Pages/Dashboard.aspx?ProjectId=0018938,Treutlen,CS 554/Abrams Street From Evans Street To Sarabelle Ave-TIA,PRE-CONSTRUCTION
0018939,https://www.dot.ga.gov/applications/geopi/Pages/Dashboard.aspx?ProjectId=0018939,Wayne,SR 23/US 301 @ Sunset Blvd - TIA,PRE-CONSTRUCTION
0018940,https://www.dot.ga.gov/applications/geopi/Pages/Dashboard.aspx?ProjectId=0018940,Wayne,CS 1041/Sunset Blvd From SR 38 To SR 23 - TIA,UNDER-CONSTRUCTION
0018941,https://www.dot.ga.gov/applications/geopi/Pages/Dashboard.aspx?ProjectId=0018941,Wayne,New Industrial Park Road From SR 38 To Cul-De-Sac - TIA,UNDER-CONSTRUCTION
0018942,https://www.dot.ga.gov/applications/geopi/Pages/Dashboard.aspx?ProjectId=0018942,Wayne,CS 1039/Hinson Mosley Road From Sunset Blvd To SR 38 - TIA,PRE-CONSTRUCTION
0018943,https://www.dot.ga.gov/applications/geopi/Pages/Dashboard.aspx?ProjectId=0018943,Wayne,CS 621/Joey Williamson Road From SR 38 To SR 27 - TIA,PRE-CONSTRUCTION
0018944,https://www.dot.ga.gov/applications/geopi/Pages/Dashboard.aspx?ProjectId=0018944,Wayne,CR 31/Oglethorpe Road From SR 169 To SR 169 - TIA,UNDER-CONSTRUCTION
0018945,https://www.dot.ga.gov/applications/geopi/Pages/Dashboard.aspx?ProjectId=0018945,Wayne,CR 73/Tank Road From SR 27 To Beards Bluff Road - TIA,UNDER-CONSTRUCTION
0018946,https://www.dot.ga.gov/applications/geopi/Pages/Dashboard.aspx?ProjectId=0018946,Wayne,Odum Road South From SR 27 To Kville Road - TIA,PRE-CONSTRUCTION
0018947,https://www.dot.ga.gov/applications/geopi/Pages/Dashboard.aspx?ProjectId=0018947,Wayne,Odum Screven Road From Odum Road South To SR 38 - TIA,PRE-CONSTRUCTION
0018948,https://www.dot.ga.gov/applications/geopi/Pages/Dashboard.aspx?ProjectId=0018948,Wayne,CR 394/Broadhurst Road East From SR 23 To Gardi Road - TIA,PRE-CONSTRUCTION
0018949,https://www.dot.ga.gov/applications/geopi/Pages/Dashboard.aspx?ProjectId=0018949,Wayne,S Macon Street & Extension From Sunset Blvd To Spine RD-TIA,UNDER-CONSTRUCTION
0018950,https://www.dot.ga.gov/applications/geopi/Pages/Dashboard.aspx?ProjectId=0018950,Wayne,Sunset Blvd From SR 38 To SR 169 - TIA,PRE-CONSTRUCTION
0018951,https://www.dot.ga.gov/applications/geopi/Pages/Dashboard.aspx?ProjectId=0018951,Wayne,Great Southern Way From S Macon Street To Sunset Blvd - TIA,UNDER-CONSTRUCTION
0018952,https://www.dot.ga.gov/applications/geopi/Pages/Dashboard.aspx?ProjectId=0018952,Wayne,S Sixth Street From W Orange Street To Drennon Drive - TIA,PRE-CONSTRUCTION
0018953,https://www.dot.ga.gov/applications/geopi/Pages/Dashboard.aspx?ProjectId=0018953,Wayne,CS 1026/N Fourth Street From Poplar Street To NS #729082C-TIA,PRE-CONSTRUCTION
0018954,https://www.dot.ga.gov/applications/geopi/Pages/Dashboard.aspx?ProjectId=0018954,Wayne,CS 796/East Cherry Street From Brunswick Street To SR 27 - TIA,UNDER-CONSTRUCTION
0018955,https://www.dot.ga.gov/applications/geopi/Pages/Dashboard.aspx?ProjectId=0018955,Wayne,W Cherry Street From SR 38 To SR 27 - TIA,UNDER-CONSTRUCTION
0018956,https://www.dot.ga.gov/applications/geopi/Pages/Dashboard.aspx?ProjectId=0018956,Wayne,Cowboy Road From N Of NS #729082C To Spring Grove Road - TIA,PRE-CONSTRUCTION
0018961,https://www.dot.ga.gov/applications/geopi/Pages/Dashboard.aspx?ProjectId=0018961,Wayne,Florie Street From Broadhurst Road To Douglas Street - TIA,UNDER-CONSTRUCTION
0018962,https://www.dot.ga.gov/applications/geopi/Pages/Dashboard.aspx?ProjectId=0018962,Wayne,Martha Street From Tarber Street To Tarber Street - TIA,UNDER-CONSTRUCTION
0018963,https://www.dot.ga.gov/applications/geopi/Pages/Dashboard.aspx?ProjectId=0018963,Wayne,Sikes Road From Joyner Street To S Of Joyner Street - TIA,PRE-CONSTRUCTION
0018964,https://www.dot.ga.gov/applications/geopi/Pages/Dashboard.aspx?ProjectId=0018964,Wayne,Brown Street From Broadhurst Road To Thomas Street - TIA,UNDER-CONSTRUCTION
0018965,https://www.dot.ga.gov/applications/geopi/Pages/Dashboard.aspx?ProjectId=0018965,Wheeler,Springhill RD/Sandpit RD From SR 30 To Telfair CO Line - TIA,UNDER-CONSTRUCTION
0018967,https://www.dot.ga.gov/applications/geopi/Pages/Dashboard.aspx?ProjectId=0018967,Wheeler,CS 604/Pearl Street From SR 126 To N Broad Street - TIA,PRE-CONSTRUCTION
0018970,https://www.dot.ga.gov/applications/geopi/Pages/Dashboard.aspx?ProjectId=0018970,Wheeler,Towns Ave From N Broad Street To W Of N Broad Street - TIA,PRE-CONSTRUCTION
0018971,https://www.dot.ga.gov/applications/geopi/Pages/Dashboard.aspx?ProjectId=0018971,Wheeler,CS 602/E Railroad Street From SR 126 To Pine Street - TIA,UNDER-CONSTRUCTION
0018974,https://www.dot.ga.gov/applications/geopi/Pages/Dashboard.aspx?ProjectId=0018974,Wheeler,CS 619/S Jefferson Street From SR 30 To 3RD Ave - TIA,PRE-CONSTRUCTION
0018975,https://www.dot.ga.gov/applications/geopi/Pages/Dashboard.aspx?ProjectId=0018975,Wheeler,CS 622/Magnolia Lane From 1St Ave To Maple Drive - TIA,PRE-CONSTRUCTION
0018976,https://www.dot.ga.gov/applications/geopi/Pages/Dashboard.aspx?ProjectId=0018976,Wheeler,CS 517/N 5Th Street From SR 30 To N Of 7Th Ave - TIA,PRE-CONSTRUCTION
0018977,https://www.dot.ga.gov/applications/geopi/Pages/Dashboard.aspx?ProjectId=0018977,Wilcox,CR 254/Cemetery Road From SR 30 To Crisp County Line - TIA,PRE-CONSTRUCTION
0018978,https://www.dot.ga.gov/applications/geopi/Pages/Dashboard.aspx?ProjectId=0018978,Wilcox,CR 257/Seville Pleasantview RD From SR 30 To Cardinal RD-TIA,PRE-CONSTRUCTION
0018979,https://www.dot.ga.gov/applications/geopi/Pages/Dashboard.aspx?ProjectId=0018979,Wilcox,Bowen Street From Mccambell Street To Abbeville City Limit-TIA,PRE-CONSTRUCTION
0018980,https://www.dot.ga.gov/applications/geopi/Pages/Dashboard.aspx?ProjectId=0018980,Wilcox,Irwinville Road From Bowen Street To Abbeville City Limits-TIA,PRE-CONSTRUCTION
0018981,https://www.dot.ga.gov/applications/geopi/Pages/Dashboard.aspx?ProjectId=0018981,Wilcox,Halfmoon Road From SR 30 To N Of Easy Street - TIA,PRE-CONSTRUCTION
0018982,https://www.dot.ga.gov/applications/geopi/Pages/Dashboard.aspx?ProjectId=0018982,Wilcox,CS 630/Industrial Drive From SR 30 To Cannonville Road-TIA,PRE-CONSTRUCTION
0018983,https://www.dot.ga.gov/applications/geopi/Pages/Dashboard.aspx?ProjectId=0018983,Wilcox,Poor Robin Road From SR 11 To Abbeville City Limits - TIA,PRE-CONSTRUCTION
0018984,https://www.dot.ga.gov/applications/geopi/Pages/Dashboard.aspx?ProjectId=0018984,Wilcox,CS 602/Airport Road From SR 11 To Bowen Street - TIA,PRE-CONSTRUCTION
0018985,https://www.dot.ga.gov/applications/geopi/Pages/Dashboard.aspx?ProjectId=0018985,Wilcox,CS 603/Wells Ave From SR 11 To Bowen Street - TIA,PRE-CONSTRUCTION
0018986,https://www.dot.ga.gov/applications/geopi/Pages/Dashboard.aspx?ProjectId=0018986,Wilcox,CS 611/W Pine Street From Bell Street To Bowen Street - TIA,PRE-CONSTRUCTION
0018987,https://www.dot.ga.gov/applications/geopi/Pages/Dashboard.aspx?ProjectId=0018987,Wilcox,CS 600/S Church Street From SR 30 To W Pine Street - TIA,PRE-CONSTRUCTION
0018988,https://www.dot.ga.gov/applications/geopi/Pages/Dashboard.aspx?ProjectId=0018988,Wilcox,CS 613/E Monroe Street SR 11 To Reid Street - TIA,PRE-CONSTRUCTION
0018989,https://www.dot.ga.gov/applications/geopi/Pages/Dashboard.aspx?ProjectId=0018989,Wilcox,CS 612/E Pine Street From SR 11 To Reid Street - TIA,PRE-CONSTRUCTION
0018990,https://www.dot.ga.gov/applications/geopi/Pages/Dashboard.aspx?ProjectId=0018990,Wilcox,CS 612/E College Street From SR 11 To Reid Street - TIA,PRE-CONSTRUCTION
0018991,https://www.dot.ga.gov/applications/geopi/Pages/Dashboard.aspx?ProjectId=0018991,Wilcox,CS 613/W Monroe Street From SR 11 To S Depot Street - TIA,PRE-CONSTRUCTION
0018992,https://www.dot.ga.gov/applications/geopi/Pages/Dashboard.aspx?ProjectId=0018992,Wilcox,CS 660/S Landline Road From SR 112 To W Commerce Street-TIA,PRE-CONSTRUCTION
0018993,https://www.dot.ga.gov/applications/geopi/Pages/Dashboard.aspx?ProjectId=0018993,Wilcox,Mt Pleasant Church RD From W Commerce Street To Pulaski Co-TIA,PRE-CONSTRUCTION
0018994,https://www.dot.ga.gov/applications/geopi/Pages/Dashboard.aspx?ProjectId=0018994,Wilcox,CS 504/7Th Street From 6Th Ave To 9Th Ave - TIA,PRE-CONSTRUCTION
0018995,https://www.dot.ga.gov/applications/geopi/Pages/Dashboard.aspx?ProjectId=0018995,Wilcox,CS 500/10Th Street From SR 30 To 6Th Ave - TIA,PRE-CONSTRUCTION
0018996,https://www.dot.ga.gov/applications/geopi/Pages/Dashboard.aspx?ProjectId=0018996,Wilcox,CS 505/Pine City Church Road From SR 30 To Cleveland Ave-TIA,PRE-CONSTRUCTION
0018997,https://www.dot.ga.gov/applications/geopi/Pages/Dashboard.aspx?ProjectId=0018997,Wilcox,7Th Ave From Lee Street To Wilcox County High School - TIA,PRE-CONSTRUCTION
0018998,https://www.dot.ga.gov/applications/geopi/Pages/Dashboard.aspx?ProjectId=0018998,Wilcox,Ashley St; Gordon St; 1St Ave & 5Th Ave In Rochelle - TIA,PRE-CONSTRUCTION
0019004,https://www.dot.ga.gov/applications/geopi/Pages/Dashboard.aspx?ProjectId=0019004,Wilcox,Grady Street From SR 30 To N Of Railroad Ave - TIA,PRE-CONSTRUCTION
0019007,https://www.dot.ga.gov/applications/geopi/Pages/Dashboard.aspx?ProjectId=0019007,Wilcox,CS 721/Lee Street From Railroad Ave To Stephens Street - TIA,PRE-CONSTRUCTION
0019008,https://www.dot.ga.gov/applications/geopi/Pages/Dashboard.aspx?ProjectId=0019008,Wilcox,4Th Ave From Pine Street To 5Th Ave - TIA,PRE-CONSTRUCTION
0019009,https://www.dot.ga.gov/applications/geopi/Pages/Dashboard.aspx?ProjectId=0019009,Wilcox,CS 729/Herbert Street From SR 30 To 2Nd Ave - TIA,PRE-CONSTRUCTION
0019015,https://www.dot.ga.gov/applications/geopi/Pages/Dashboard.aspx?ProjectId=0019015,Chatham,Green Island Road From S Of Lufburrow Way To Diamond Causeway,PRE-CONSTRUCTION
0019017,https://www.dot.ga.gov/applications/geopi/Pages/Dashboard.aspx?ProjectId=0019017,Ben Hill,CR 80/Tulip Road @ Young Creek,PRE-CONSTRUCTION
0019018,https://www.dot.ga.gov/applications/geopi/Pages/Dashboard.aspx?ProjectId=0019018,Colquitt,CR 478/Moultrie Lenox Road @ Gum Creek,PRE-CONSTRUCTION
0019019,https://www.dot.ga.gov/applications/geopi/Pages/Dashboard.aspx?ProjectId=0019019,Grady,CR 203/Lake Douglas Road @ Swamp Creek,PRE-CONSTRUCTION
0019020,https://www.dot.ga.gov/applications/geopi/Pages/Dashboard.aspx?ProjectId=0019020,Miller,CR 1/Bellview Road @ Big Drain Creek,PRE-CONSTRUCTION
0019022,https://www.dot.ga.gov/applications/geopi/Pages/Dashboard.aspx?ProjectId=0019022,Rabun,US 441/US 23/SR 15 - Widen & Construction Of A Bridge,UNDER-CONSTRUCTION
0019023,https://www.dot.ga.gov/applications/geopi/Pages/Dashboard.aspx?ProjectId=0019023,Rabun,SR 15 - Widen & Recon,UNDER-CONSTRUCTION
0019025,https://www.dot.ga.gov/applications/geopi/Pages/Dashboard.aspx?ProjectId=0019025,"Bleckley , Dodge , Washington , Wilkinson",SR 15; SR 26; SR 27Bu & SR 57 @ 8 Locs In District 2,PRE-CONSTRUCTION
0019026,https://www.dot.ga.gov/applications/geopi/Pages/Dashboard.aspx?ProjectId=0019026,"Lincoln , Newton , Oglethorpe",SR 10; SR 43 & SR 81 @ 6 Locs In District 2,PRE-CONSTRUCTION
0019028,https://www.dot.ga.gov/applications/geopi/Pages/Dashboard.aspx?ProjectId=0019028,Fulton,SR 13 (Buford Spring Conn) - Signs & Pvmt Markings,COMPLETED-CONSTRUCTION
0019030,https://www.dot.ga.gov/applications/geopi/Pages/Dashboard.aspx?ProjectId=0019030,All Counties,Various Locs - Rumble Strips,COMPLETED-CONSTRUCTION
0019031,https://www.dot.ga.gov/applications/geopi/Pages/Dashboard.aspx?ProjectId=0019031,All Counties,Various Locs - Guardrail Upgrades,COMPLETED-CONSTRUCTION
0019032,https://www.dot.ga.gov/applications/geopi/Pages/Dashboard.aspx?ProjectId=0019032,"Decatur , Dougherty , Thomas",Various Locs - Inter Improv,UNDER-CONSTRUCTION
0019039,https://www.dot.ga.gov/applications/geopi/Pages/Dashboard.aspx?ProjectId=0019039,Towns,SR 2 From E Of Jack Dalton Cir To W Of Friendship RD @ 2 Loc,PRE-CONSTRUCTION
0019040,https://www.dot.ga.gov/applications/geopi/Pages/Dashboard.aspx?ProjectId=0019040,Union,SR 11 @ Shoe Factory Road,PRE-CONSTRUCTION
0019041,https://www.dot.ga.gov/applications/geopi/Pages/Dashboard.aspx?ProjectId=0019041,Houston,I-75 @ SR 26,PRE-CONSTRUCTION
0019042,https://www.dot.ga.gov/applications/geopi/Pages/Dashboard.aspx?ProjectId=0019042,Spalding,SR 155 @ CR 498/N Mcdonough Road,PRE-CONSTRUCTION
0019043,https://www.dot.ga.gov/applications/geopi/Pages/Dashboard.aspx?ProjectId=0019043,Morgan,US 441/SR 24 (Madison Bypass) - Inter Improv,UNDER-CONSTRUCTION
0019045,https://www.dot.ga.gov/applications/geopi/Pages/Dashboard.aspx?ProjectId=0019045,Spalding,SR 16 @ CR 94/Wild Plum Road,PRE-CONSTRUCTION
0019048,https://www.dot.ga.gov/applications/geopi/Pages/Dashboard.aspx?ProjectId=0019048,Haralson,SR 120 @ CS 618/Rebel Way,PRE-CONSTRUCTION
0019049,https://www.dot.ga.gov/applications/geopi/Pages/Dashboard.aspx?ProjectId=0019049,"Bryan , Bulloch , Laurens",I-16/SR 404 - Install Dynamic Messaging Signs (Dms),UNDER-CONSTRUCTION
0019052,https://www.dot.ga.gov/applications/geopi/Pages/Dashboard.aspx?ProjectId=0019052,Gwinnett,SR 140 @ I-85,PRE-CONSTRUCTION
0019054,https://www.dot.ga.gov/applications/geopi/Pages/Dashboard.aspx?ProjectId=0019054,DeKalb,Tucker-Northlake Trail From Downtown Tucker To Northlake Mall,PRE-CONSTRUCTION
0019056,https://www.dot.ga.gov/applications/geopi/Pages/Dashboard.aspx?ProjectId=0019056,Bartow,SR 61 @ CR 169/Cass-White Road,PRE-CONSTRUCTION
0019057,https://www.dot.ga.gov/applications/geopi/Pages/Dashboard.aspx?ProjectId=0019057,Bartow,SR 3/US 41 @ SR 3 Conn/Red Top Mountain Road,PRE-CONSTRUCTION
0019059,https://www.dot.ga.gov/applications/geopi/Pages/Dashboard.aspx?ProjectId=0019059,Fannin,SR 2/SR 515/US 76 @ CR 89/Mckinney Road,PRE-CONSTRUCTION
0019060,https://www.dot.ga.gov/applications/geopi/Pages/Dashboard.aspx?ProjectId=0019060,Gilmer,SR 52 @ Ridgemont Drive,PRE-CONSTRUCTION
0019061,https://www.dot.ga.gov/applications/geopi/Pages/Dashboard.aspx?ProjectId=0019061,Gilmer,SR 52 From Canoe Launch Road To W Of Stegall Drive,PRE-CONSTRUCTION
0019062,https://www.dot.ga.gov/applications/geopi/Pages/Dashboard.aspx?ProjectId=0019062,Murray,SR 282/US 76 @ SR 61,PRE-CONSTRUCTION
0019066,https://www.dot.ga.gov/applications/geopi/Pages/Dashboard.aspx?ProjectId=0019066,Haralson,SR 1/US 27 @ Ns# 904889S,PRE-CONSTRUCTION
0019067,https://www.dot.ga.gov/applications/geopi/Pages/Dashboard.aspx?ProjectId=0019067,Gordon,SR 136 @ CSX #340521D In Resaca,PRE-CONSTRUCTION
0019068,https://www.dot.ga.gov/applications/geopi/Pages/Dashboard.aspx?ProjectId=0019068,Fulton,SR 14 Alt/US 29 @ Derrick Road,PRE-CONSTRUCTION
0019069,https://www.dot.ga.gov/applications/geopi/Pages/Dashboard.aspx?ProjectId=0019069,Fulton,SR 8 @ SR 70,PRE-CONSTRUCTION
0019073,https://www.dot.ga.gov/applications/geopi/Pages/Dashboard.aspx?ProjectId=0019073,Bryan,SR 25/US 17 @ I-95,PRE-CONSTRUCTION
0019074,https://www.dot.ga.gov/applications/geopi/Pages/Dashboard.aspx?ProjectId=0019074,Berrien,Allenville Road @ Cat Creek,PRE-CONSTRUCTION
0019075,https://www.dot.ga.gov/applications/geopi/Pages/Dashboard.aspx?ProjectId=0019075,"Atkinson , Berrien",Saint Luke Church RD/Coochee Creek RD @ Willacoochee River,PRE-CONSTRUCTION
0019076,https://www.dot.ga.gov/applications/geopi/Pages/Dashboard.aspx?ProjectId=0019076,Berrien,CR 362/Mcmillan Road @ Cypress Creek,PRE-CONSTRUCTION
0019078,https://www.dot.ga.gov/applications/geopi/Pages/Dashboard.aspx?ProjectId=0019078,Habersham,CS 787/Seventh Street @ Ns# 929693U In Mount Airy,PRE-CONSTRUCTION
0019079,https://www.dot.ga.gov/applications/geopi/Pages/Dashboard.aspx?ProjectId=0019079,Hall,SR 284 @ Eubank Creek,PRE-CONSTRUCTION
0019082,https://www.dot.ga.gov/applications/geopi/Pages/Dashboard.aspx?ProjectId=0019082,Dawson,SR 53 @ Shoal Creek 1.6 MI W Of Dawsonville,PRE-CONSTRUCTION
0019083,https://www.dot.ga.gov/applications/geopi/Pages/Dashboard.aspx?ProjectId=0019083,Franklin,I-85 Sb & Nb @ North Fork Broad River 5 MI SW Of Lavonia,PRE-CONSTRUCTION
0019084,https://www.dot.ga.gov/applications/geopi/Pages/Dashboard.aspx?ProjectId=0019084,Hart,SR 51 @ Lightwood Log Creek 1.4 MI NW Of Hartwell,PRE-CONSTRUCTION
0019085,https://www.dot.ga.gov/applications/geopi/Pages/Dashboard.aspx?ProjectId=0019085,Lumpkin,SR 9/SR 52 @ Cane Creek W Of Dahlonega ,PRE-CONSTRUCTION
0019086,https://www.dot.ga.gov/applications/geopi/Pages/Dashboard.aspx?ProjectId=0019086,Greene,I-20 @ SR 77 In Siloam,PRE-CONSTRUCTION
0019087,https://www.dot.ga.gov/applications/geopi/Pages/Dashboard.aspx?ProjectId=0019087,"Hancock , Warren",SR 16 @ Ogeechee River 11.3 MI E Of Sparta,PRE-CONSTRUCTION
0019089,https://www.dot.ga.gov/applications/geopi/Pages/Dashboard.aspx?ProjectId=0019089,Morgan,SR 12 @ CSX #279602P 2 MI NE Of Madison,PRE-CONSTRUCTION
0019090,https://www.dot.ga.gov/applications/geopi/Pages/Dashboard.aspx?ProjectId=0019090,Morgan,I-20 Eb @ North Sugar Creek 1.9 MI SW Of Buckhead,PRE-CONSTRUCTION
0019091,https://www.dot.ga.gov/applications/geopi/Pages/Dashboard.aspx?ProjectId=0019091,Warren,I-20 @ SR 80 3.4 MI NE Of Camak,PRE-CONSTRUCTION
0019092,https://www.dot.ga.gov/applications/geopi/Pages/Dashboard.aspx?ProjectId=0019092,"Jones , Putnam",SR 44 @ Cedar Creek 13.4 MI NE Of Gray,PRE-CONSTRUCTION
0019093,https://www.dot.ga.gov/applications/geopi/Pages/Dashboard.aspx?ProjectId=0019093,"Grady , Thomas",SR 38/US 84 Eb @ Barnetts Creek & Overflow,PRE-CONSTRUCTION
0019094,https://www.dot.ga.gov/applications/geopi/Pages/Dashboard.aspx?ProjectId=0019094,Tift,SR 520/US 82 @ Little River 4 MI W Of Tifton,PRE-CONSTRUCTION
0019095,https://www.dot.ga.gov/applications/geopi/Pages/Dashboard.aspx?ProjectId=0019095,McIntosh,SR 57 @ Youngs Swamp,PRE-CONSTRUCTION
0019096,https://www.dot.ga.gov/applications/geopi/Pages/Dashboard.aspx?ProjectId=0019096,Chattooga,SR 1/US 27 @ Chattooga River 1 MI SE Of Summerville,PRE-CONSTRUCTION
0019097,https://www.dot.ga.gov/applications/geopi/Pages/Dashboard.aspx?ProjectId=0019097,Pickens,SR 53 @ Long Swamp Creek 1 MI E Of Tate,PRE-CONSTRUCTION
0019098,https://www.dot.ga.gov/applications/geopi/Pages/Dashboard.aspx?ProjectId=0019098,Pickens,SR 53 @ Long Swamp Creek 1.5 MI E Of Tate,PRE-CONSTRUCTION
0019099,https://www.dot.ga.gov/applications/geopi/Pages/Dashboard.aspx?ProjectId=0019099,Terrell,SR 55 @ Clarks Millpond Dam,PRE-CONSTRUCTION
0019100,https://www.dot.ga.gov/applications/geopi/Pages/Dashboard.aspx?ProjectId=0019100,Fannin,SR 60 @ Toccoa River,PRE-CONSTRUCTION
0019102,https://www.dot.ga.gov/applications/geopi/Pages/Dashboard.aspx?ProjectId=0019102,Lumpkin,Garwood Lake Dam Decommission & Removal,PRE-CONSTRUCTION
0019103,https://www.dot.ga.gov/applications/geopi/Pages/Dashboard.aspx?ProjectId=0019103,Pickens,SR 136 @ CR 594/Big Oak Drive,PRE-CONSTRUCTION
0019104,https://www.dot.ga.gov/applications/geopi/Pages/Dashboard.aspx?ProjectId=0019104,Pickens,SR 136 @ 0.40 MI NW Of CR 198/Swan Bridge Road,PRE-CONSTRUCTION
0019105,https://www.dot.ga.gov/applications/geopi/Pages/Dashboard.aspx?ProjectId=0019105,Berrien,SR 76 @ CS 831/S Dogwood Drive,PRE-CONSTRUCTION
0019109,https://www.dot.ga.gov/applications/geopi/Pages/Dashboard.aspx?ProjectId=0019109,Banks,CR 231/Yonah Homer RD @ Hudson River Trib 6.8 MI NW Of Homer,PRE-CONSTRUCTION
0019110,https://www.dot.ga.gov/applications/geopi/Pages/Dashboard.aspx?ProjectId=0019110,Banks,CR 231/Yonah Homer RD @ Hudson River 6.4 MI NW Of Homer,PRE-CONSTRUCTION
0019111,https://www.dot.ga.gov/applications/geopi/Pages/Dashboard.aspx?ProjectId=0019111,Banks,CR 62/Sims Bridge Road @ Grove Creek 8.1 MI SE Of Homer,PRE-CONSTRUCTION
0019112,https://www.dot.ga.gov/applications/geopi/Pages/Dashboard.aspx?ProjectId=0019112,Banks,CR 63/Duncan Road @ Hudson River Trib 9.9 MI SE Of Homer,PRE-CONSTRUCTION
0019113,https://www.dot.ga.gov/applications/geopi/Pages/Dashboard.aspx?ProjectId=0019113,Elbert,CR 37/Eliam Road @ Wahachee Creek 5 MI S Of Middleton,PRE-CONSTRUCTION
0019114,https://www.dot.ga.gov/applications/geopi/Pages/Dashboard.aspx?ProjectId=0019114,Elbert,CR 179/Brown Brothers Road @ Little Beaverdam Creek,PRE-CONSTRUCTION
0019115,https://www.dot.ga.gov/applications/geopi/Pages/Dashboard.aspx?ProjectId=0019115,White,CR 4/Webster Lake Road @ White Creek 7.7 MI SE Of Cleveland,PRE-CONSTRUCTION
0019116,https://www.dot.ga.gov/applications/geopi/Pages/Dashboard.aspx?ProjectId=0019116,White,CR 74/Roy Powers RD @ Brasstown Creek 7.2 MI E Of Cleveland,PRE-CONSTRUCTION
0019117,https://www.dot.ga.gov/applications/geopi/Pages/Dashboard.aspx?ProjectId=0019117,Burke,CR 457/Thompson Bridge RD @ Briar Creek 8 MI E Of Waynesboro,PRE-CONSTRUCTION
0019118,https://www.dot.ga.gov/applications/geopi/Pages/Dashboard.aspx?ProjectId=0019118,Putnam,CR 294/Godfrey Road @ Glady Creek 3.5 MI NW Of Eatonton,PRE-CONSTRUCTION
0019119,https://www.dot.ga.gov/applications/geopi/Pages/Dashboard.aspx?ProjectId=0019119,Putnam,CR 216/Oconee Springs RD @ Crooked Crk 6.5 MI E Of Eatonton,PRE-CONSTRUCTION
0019120,https://www.dot.ga.gov/applications/geopi/Pages/Dashboard.aspx?ProjectId=0019120,Lamar,CR 217/Van Buren Road @ Little Towaliga River,PRE-CONSTRUCTION
0019121,https://www.dot.ga.gov/applications/geopi/Pages/Dashboard.aspx?ProjectId=0019121,Lamar,CR 51/Cannafax Farm Road @ Little Potato Creek,PRE-CONSTRUCTION
0019122,https://www.dot.ga.gov/applications/geopi/Pages/Dashboard.aspx?ProjectId=0019122,Lamar,CR 77/Etheridge Mill Road @ Potato Creek 2 MI W Of Milner,PRE-CONSTRUCTION
0019123,https://www.dot.ga.gov/applications/geopi/Pages/Dashboard.aspx?ProjectId=0019123,Pike,CR 25/Williams Mill Road @ Little Potato Creek Trib,PRE-CONSTRUCTION
0019124,https://www.dot.ga.gov/applications/geopi/Pages/Dashboard.aspx?ProjectId=0019124,Baker,CR 47/Hoggard Mill Road @ Big Cypress Creek,PRE-CONSTRUCTION
0019125,https://www.dot.ga.gov/applications/geopi/Pages/Dashboard.aspx?ProjectId=0019125,Brooks,CS 650/Park Street @ Jones Creek Trib,PRE-CONSTRUCTION
0019126,https://www.dot.ga.gov/applications/geopi/Pages/Dashboard.aspx?ProjectId=0019126,Colquitt,CR 480/Lower Meigs Road @ Bridge Crk & @ Bridge Crk Overflow,PRE-CONSTRUCTION
0019127,https://www.dot.ga.gov/applications/geopi/Pages/Dashboard.aspx?ProjectId=0019127,"Colquitt , Cook",Roundtree Bridge Road @ Little River 4.1 MI NE Of Ellenton,PRE-CONSTRUCTION
0019128,https://www.dot.ga.gov/applications/geopi/Pages/Dashboard.aspx?ProjectId=0019128,Crisp,CS 718/Frontage Road @ Cedar Creek Trib 3 MI SE Of Cordele,PRE-CONSTRUCTION
0019129,https://www.dot.ga.gov/applications/geopi/Pages/Dashboard.aspx?ProjectId=0019129,Seminole,CR 225/Burl Lane Road @ Dry Creek Trib,PRE-CONSTRUCTION
0019130,https://www.dot.ga.gov/applications/geopi/Pages/Dashboard.aspx?ProjectId=0019130,Gwinnett,US 29/SR 316 - Its Expan,UNDER-CONSTRUCTION
0019131,https://www.dot.ga.gov/applications/geopi/Pages/Dashboard.aspx?ProjectId=0019131,Fulton,SR 92 @ CS 1441/Crabapple Road,PRE-CONSTRUCTION
0019132,https://www.dot.ga.gov/applications/geopi/Pages/Dashboard.aspx?ProjectId=0019132,Cobb,SR 3/US 41 @ SR 120,PRE-CONSTRUCTION
0019133,https://www.dot.ga.gov/applications/geopi/Pages/Dashboard.aspx?ProjectId=0019133,Fulton,SR 13 @ CS 434/Lenox Road & @ CS 3465/Sidney Marcus Blvd,PRE-CONSTRUCTION
0019134,https://www.dot.ga.gov/applications/geopi/Pages/Dashboard.aspx?ProjectId=0019134,Fulton,SR 3 @ CS 4/West Paces Ferry Road,PRE-CONSTRUCTION
0019135,https://www.dot.ga.gov/applications/geopi/Pages/Dashboard.aspx?ProjectId=0019135,Muscogee,SR 1/US 27 @ SR 22/SR 540/US 80,PRE-CONSTRUCTION
0019136,https://www.dot.ga.gov/applications/geopi/Pages/Dashboard.aspx?ProjectId=0019136,"Forsyth , Fulton",SR 141 From Johns Creek Pkwy/Forsyth To Hospital Pkwy/Fulton,PRE-CONSTRUCTION
0019137,https://www.dot.ga.gov/applications/geopi/Pages/Dashboard.aspx?ProjectId=0019137,Jackson,SR 11/US 129 @ I-85 Sb & Nb Ramps,PRE-CONSTRUCTION
0019138,https://www.dot.ga.gov/applications/geopi/Pages/Dashboard.aspx?ProjectId=0019138,Chatham,SR 17 @ I-95 Eb & Wb Ramps,PRE-CONSTRUCTION
0019139,https://www.dot.ga.gov/applications/geopi/Pages/Dashboard.aspx?ProjectId=0019139,Richmond,SR 121/US 25 @ I-520 Sb & Nb Ramps,PRE-CONSTRUCTION
0019140,https://www.dot.ga.gov/applications/geopi/Pages/Dashboard.aspx?ProjectId=0019140,Chatham,SR 204 @ I-95 Eb & Wb Ramps,PRE-CONSTRUCTION
0019177,https://www.dot.ga.gov/applications/geopi/Pages/Dashboard.aspx?ProjectId=0019177,All Counties,Various Locs - (Awsc) Signing Upgrades,UNDER-CONSTRUCTION
0019178,https://www.dot.ga.gov/applications/geopi/Pages/Dashboard.aspx?ProjectId=0019178,All Counties,Various Locs - (Awsc) Signing Upgrades,COMPLETED-CONSTRUCTION
0019181,https://www.dot.ga.gov/applications/geopi/Pages/Dashboard.aspx?ProjectId=0019181,Jenkins,SR 21 @ NS #620272Y,PRE-CONSTRUCTION
0019184,https://www.dot.ga.gov/applications/geopi/Pages/Dashboard.aspx?ProjectId=0019184,Candler,CS 681/Fortner Road @ Mill Branch 1.5 MI S Of Metter,PRE-CONSTRUCTION
0019185,https://www.dot.ga.gov/applications/geopi/Pages/Dashboard.aspx?ProjectId=0019185,Candler,CR 221/Ollifftown RD @ Fifteen Mile Creek 9.6 MI N Of Metter,PRE-CONSTRUCTION
0019186,https://www.dot.ga.gov/applications/geopi/Pages/Dashboard.aspx?ProjectId=0019186,Effingham,CR 307/Long Bridge RD @ Ebenezer Creek 4 MI E Of Springfield,PRE-CONSTRUCTION
0019187,https://www.dot.ga.gov/applications/geopi/Pages/Dashboard.aspx?ProjectId=0019187,Murray,CR 309/Old US 411 @ Willbanks Branch 10 MI SE Of Chatsworth,PRE-CONSTRUCTION
0019188,https://www.dot.ga.gov/applications/geopi/Pages/Dashboard.aspx?ProjectId=0019188,Murray,CR 299/Ccc Camp Road @ Emery Creek 6.5 MI SE Of Crandall,PRE-CONSTRUCTION
0019190,https://www.dot.ga.gov/applications/geopi/Pages/Dashboard.aspx?ProjectId=0019190,Murray,CR 256/Hasslers Mill RD @ Mill Creek 5.1 MI NE Of Chatsworth,PRE-CONSTRUCTION
0019191,https://www.dot.ga.gov/applications/geopi/Pages/Dashboard.aspx?ProjectId=0019191,Walker,CR 26/Manning Mill Road @ Greenbush Branch SE Of Lafayette,PRE-CONSTRUCTION
0019192,https://www.dot.ga.gov/applications/geopi/Pages/Dashboard.aspx?ProjectId=0019192,Walker,CR 26/Manning Mill Road @ West Armuchee Creek Trib,PRE-CONSTRUCTION
0019193,https://www.dot.ga.gov/applications/geopi/Pages/Dashboard.aspx?ProjectId=0019193,Walker,CR 48/Lee School Road @ Cane Creek 5.7 MI S Of Lafayette,PRE-CONSTRUCTION
0019194,https://www.dot.ga.gov/applications/geopi/Pages/Dashboard.aspx?ProjectId=0019194,Walker,CR 107/Andrews Lane @ West Chickamauga Creek W Of Lafayette,PRE-CONSTRUCTION
0019195,https://www.dot.ga.gov/applications/geopi/Pages/Dashboard.aspx?ProjectId=0019195,Walker,CR 112/West Cove RD @ Trickum Branch 8.2 MI W Of Lafayette,PRE-CONSTRUCTION
0019196,https://www.dot.ga.gov/applications/geopi/Pages/Dashboard.aspx?ProjectId=0019196,Walker,CR 716/Hog Jowl Road @ Pocket Branch 6.4 MI W Of Lafayette,PRE-CONSTRUCTION
0019197,https://www.dot.ga.gov/applications/geopi/Pages/Dashboard.aspx?ProjectId=0019197,Toombs,SR 4 - Widening & Recon,UNDER-CONSTRUCTION
0019198,https://www.dot.ga.gov/applications/geopi/Pages/Dashboard.aspx?ProjectId=0019198,Monroe,Various Locations - Signing & Pvmt Mkg Upgrades,UNDER-CONSTRUCTION
0019202,https://www.dot.ga.gov/applications/geopi/Pages/Dashboard.aspx?ProjectId=0019202,Fulton,CS 3695/Peachtree St From Ellis St To Baker St - LCI,PRE-CONSTRUCTION
0019204,https://www.dot.ga.gov/applications/geopi/Pages/Dashboard.aspx?ProjectId=0019204,Barrow,Winder Bicycle & Pedestrian Improvements @ 5 Locs - LCI,PRE-CONSTRUCTION
0019205,https://www.dot.ga.gov/applications/geopi/Pages/Dashboard.aspx?ProjectId=0019205,Cherokee,CR 8998/Bells Ferry RD From Victory Drive To Summer Drive-LCI,PRE-CONSTRUCTION
0019206,https://www.dot.ga.gov/applications/geopi/Pages/Dashboard.aspx?ProjectId=0019206,Cherokee,Holly St From Old Holly Springs RD To Holly Springs Pkwy-LCI,PRE-CONSTRUCTION
0019207,https://www.dot.ga.gov/applications/geopi/Pages/Dashboard.aspx?ProjectId=0019207,Cobb,Powder Springs Silver Comet Trail Connector - LCI,PRE-CONSTRUCTION
0019208,https://www.dot.ga.gov/applications/geopi/Pages/Dashboard.aspx?ProjectId=0019208,DeKalb,New Peachtree RD From Stewart RD To Oakcliff RD - Phase II - LCI,PRE-CONSTRUCTION
0019209,https://www.dot.ga.gov/applications/geopi/Pages/Dashboard.aspx?ProjectId=0019209,DeKalb,N Shallowford RD From Chamblee Dunwoody RD To Cotillion Dr-LCI,PRE-CONSTRUCTION
0019210,https://www.dot.ga.gov/applications/geopi/Pages/Dashboard.aspx?ProjectId=0019210,Douglas,Fairburn Road From CS 578/Hospital Drive To SR 5/SR 8 - LCI,PRE-CONSTRUCTION
0019212,https://www.dot.ga.gov/applications/geopi/Pages/Dashboard.aspx?ProjectId=0019212,Gwinnett,Buford Trail Ext From S Lee Street To SR 13 - Phase II - LCI,PRE-CONSTRUCTION
0019213,https://www.dot.ga.gov/applications/geopi/Pages/Dashboard.aspx?ProjectId=0019213,Gwinnett,Innovation District Trail From Engineering To Woodhill - LCI,PRE-CONSTRUCTION
0019214,https://www.dot.ga.gov/applications/geopi/Pages/Dashboard.aspx?ProjectId=0019214,Gwinnett,Sugar Hill Greenway From SR 20 To Stanley Street - LCI,PRE-CONSTRUCTION
0019215,https://www.dot.ga.gov/applications/geopi/Pages/Dashboard.aspx?ProjectId=0019215,Gwinnett,Infinite Loop Trail From Sugarloaf Pkwy To St Ives Court - LCI,PRE-CONSTRUCTION
0019216,https://www.dot.ga.gov/applications/geopi/Pages/Dashboard.aspx?ProjectId=0019216,Gwinnett,Suwanee Loop Trail - LCI,PRE-CONSTRUCTION
0019217,https://www.dot.ga.gov/applications/geopi/Pages/Dashboard.aspx?ProjectId=0019217,Newton,SR 12/US 278 From SR 81 To Hospital Drive - Phase II - LCI,PRE-CONSTRUCTION
0019218,https://www.dot.ga.gov/applications/geopi/Pages/Dashboard.aspx?ProjectId=0019218,Toombs,Vidalia Rail Trail - Construction Of Bike Path,UNDER-CONSTRUCTION
0019223,https://www.dot.ga.gov/applications/geopi/Pages/Dashboard.aspx?ProjectId=0019223,Jackson,Various Locs - Off Sys Improv,UNDER-CONSTRUCTION
0019224,https://www.dot.ga.gov/applications/geopi/Pages/Dashboard.aspx?ProjectId=0019224,Morgan,"Seven Island RD (CR 251) - Resf, Signing, Pvmk Upgrades",UNDER-CONSTRUCTION
0019225,https://www.dot.ga.gov/applications/geopi/Pages/Dashboard.aspx?ProjectId=0019225,Lumpkin,Var County RDs - Rumble Strips Upgs,COMPLETED-CONSTRUCTION
0019226,https://www.dot.ga.gov/applications/geopi/Pages/Dashboard.aspx?ProjectId=0019226,Muscogee,Various County RDs - Oss,UNDER-CONSTRUCTION
0019227,https://www.dot.ga.gov/applications/geopi/Pages/Dashboard.aspx?ProjectId=0019227,Pike,Various Locs - Off-System Safety Improv,UNDER-CONSTRUCTION
0019228,https://www.dot.ga.gov/applications/geopi/Pages/Dashboard.aspx?ProjectId=0019228,Colquitt,"Various Locations - Plmx Resf, Milling,",UNDER-CONSTRUCTION
0019230,https://www.dot.ga.gov/applications/geopi/Pages/Dashboard.aspx?ProjectId=0019230,Early,Radney RD (CR 36) - Rumble Strips & Shoulder Rehab,COMPLETED-CONSTRUCTION
0019232,https://www.dot.ga.gov/applications/geopi/Pages/Dashboard.aspx?ProjectId=0019232,Mitchell,Various Locations - Pvmt Mkg Upgrades,UNDER-CONSTRUCTION
0019233,https://www.dot.ga.gov/applications/geopi/Pages/Dashboard.aspx?ProjectId=0019233,Randolph,Various Locs - Oss,COMPLETED-CONSTRUCTION
0019235,https://www.dot.ga.gov/applications/geopi/Pages/Dashboard.aspx?ProjectId=0019235,Wheeler,"Bells Ferry RD (CR 95) -Rumble Strips,Pvmnt Mkg, Shoulder Rehab",UNDER-CONSTRUCTION
0019236,https://www.dot.ga.gov/applications/geopi/Pages/Dashboard.aspx?ProjectId=0019236,Brantley,Central Ave (CR 4 & CR 5) - Oss,UNDER-CONSTRUCTION
0019237,https://www.dot.ga.gov/applications/geopi/Pages/Dashboard.aspx?ProjectId=0019237,Haralson,Broad Street (CR 146) - Off-System Safety Improv,UNDER-CONSTRUCTION
0019238,https://www.dot.ga.gov/applications/geopi/Pages/Dashboard.aspx?ProjectId=0019238,Paulding,Various County RDs - Striping - Pvmt Mkg,COMPLETED-CONSTRUCTION
0019239,https://www.dot.ga.gov/applications/geopi/Pages/Dashboard.aspx?ProjectId=0019239,Douglas,Various Locs - Off System Improv,UNDER-CONSTRUCTION
0019240,https://www.dot.ga.gov/applications/geopi/Pages/Dashboard.aspx?ProjectId=0019240,Rockdale,Various Locs - Off-System Safety Improv,UNDER-CONSTRUCTION
0019241,https://www.dot.ga.gov/applications/geopi/Pages/Dashboard.aspx?ProjectId=0019241,Whitfield,Various Locations - Pvmt Mkg Upgrades,UNDER-CONSTRUCTION
0019242,https://www.dot.ga.gov/applications/geopi/Pages/Dashboard.aspx?ProjectId=0019242,Fulton,Various Locs - Oss,UNDER-CONSTRUCTION
0019243,https://www.dot.ga.gov/applications/geopi/Pages/Dashboard.aspx?ProjectId=0019243,Fulton,Various County RDs - Oss,UNDER-CONSTRUCTION
0019244,https://www.dot.ga.gov/applications/geopi/Pages/Dashboard.aspx?ProjectId=0019244,Cherokee,Various Locs - Oss,UNDER-CONSTRUCTION
0019252,https://www.dot.ga.gov/applications/geopi/Pages/Dashboard.aspx?ProjectId=0019252,"Coweta , Houston , Spalding",SR 14; SR 16 & SR 247 @ 6 Locs - Traffic Signal Upgrades,PRE-CONSTRUCTION
0019253,https://www.dot.ga.gov/applications/geopi/Pages/Dashboard.aspx?ProjectId=0019253,Walton,SR 12 From E Hightower Trail To W Dixie Hwy @ 2 New CSX Locs,PRE-CONSTRUCTION
0019256,https://www.dot.ga.gov/applications/geopi/Pages/Dashboard.aspx?ProjectId=0019256,Elbert,CR 448/Calhoun Road @ Little Beaverdam Creek,PRE-CONSTRUCTION
0019257,https://www.dot.ga.gov/applications/geopi/Pages/Dashboard.aspx?ProjectId=0019257,Franklin,CR 156/Hubbard Road @ Stephens Creek,PRE-CONSTRUCTION
0019258,https://www.dot.ga.gov/applications/geopi/Pages/Dashboard.aspx?ProjectId=0019258,Elbert,CR 60/Indian Hill Road @ Falling Creek,PRE-CONSTRUCTION
0019259,https://www.dot.ga.gov/applications/geopi/Pages/Dashboard.aspx?ProjectId=0019259,Atkinson,CR 246/Fiddler Green RD @ Red Bluff Creek 0.9 MI S Of Axson,PRE-CONSTRUCTION
0019260,https://www.dot.ga.gov/applications/geopi/Pages/Dashboard.aspx?ProjectId=0019260,Atkinson,CR 246/Fiddler Green Road @ Red Bluff Creek 3 MI N Of Axson,PRE-CONSTRUCTION
0019261,https://www.dot.ga.gov/applications/geopi/Pages/Dashboard.aspx?ProjectId=0019261,Wilcox,CR 253/Cannonville Road @ Brushy Creek,PRE-CONSTRUCTION
0019262,https://www.dot.ga.gov/applications/geopi/Pages/Dashboard.aspx?ProjectId=0019262,Ware,CR 467/Bickley Hwy @ Hog Creek,PRE-CONSTRUCTION
0019263,https://www.dot.ga.gov/applications/geopi/Pages/Dashboard.aspx?ProjectId=0019263,Ware,CR 473/Swamp Road @ Gum Swamp,PRE-CONSTRUCTION
0019265,https://www.dot.ga.gov/applications/geopi/Pages/Dashboard.aspx?ProjectId=0019265,Clarke,SR 10 Loop Sb & Nb @ North Oconee River 1.4 MI S Of Athens,PRE-CONSTRUCTION
0019269,https://www.dot.ga.gov/applications/geopi/Pages/Dashboard.aspx?ProjectId=0019269,Clarke,SR 10 Loop Eb & Wb @ Middle Oconee River 3.5 MI S Of Athens,PRE-CONSTRUCTION
0019270,https://www.dot.ga.gov/applications/geopi/Pages/Dashboard.aspx?ProjectId=0019270,Newton,I-20 @ SR 81 In Covington,PRE-CONSTRUCTION
0019271,https://www.dot.ga.gov/applications/geopi/Pages/Dashboard.aspx?ProjectId=0019271,Newton,I-20 @ Yellow River 2 MI W Of Covington,PRE-CONSTRUCTION
0019272,https://www.dot.ga.gov/applications/geopi/Pages/Dashboard.aspx?ProjectId=0019272,Richmond,SR 4/US 1 @ Rocky Creek 9.4 MI NE Of Hephzibah,PRE-CONSTRUCTION
0019274,https://www.dot.ga.gov/applications/geopi/Pages/Dashboard.aspx?ProjectId=0019274,Richmond,SR 10/US 1 @ NS #732964Y 10.8 MI NE Of Hephzibah,PRE-CONSTRUCTION
0019275,https://www.dot.ga.gov/applications/geopi/Pages/Dashboard.aspx?ProjectId=0019275,Richmond,SR 56 @ Butler Creek 7.1 MI NE Of Hephzibah,PRE-CONSTRUCTION
0019277,https://www.dot.ga.gov/applications/geopi/Pages/Dashboard.aspx?ProjectId=0019277,Warren,Ogeechee River RD (CR 56) - Construction Of A Bridge,UNDER-CONSTRUCTION
0019278,https://www.dot.ga.gov/applications/geopi/Pages/Dashboard.aspx?ProjectId=0019278,All Counties,Various Locs - Rumble Strips,COMPLETED-CONSTRUCTION
0019280,https://www.dot.ga.gov/applications/geopi/Pages/Dashboard.aspx?ProjectId=0019280,"Bibb , Monroe",Various Locs - Cable Barrier Upgrades,COMPLETED-CONSTRUCTION
0019281,https://www.dot.ga.gov/applications/geopi/Pages/Dashboard.aspx?ProjectId=0019281,All Counties,Various Locs - Sign And Striping Upgrades,COMPLETED-CONSTRUCTION
0019282,https://www.dot.ga.gov/applications/geopi/Pages/Dashboard.aspx?ProjectId=0019282,"Bartow , Cherokee , Gordon , Pickens",Various Locs - Rumble Strips,COMPLETED-CONSTRUCTION
0019283,https://www.dot.ga.gov/applications/geopi/Pages/Dashboard.aspx?ProjectId=0019283,All Counties,Various Locs - Rumble Strips,COMPLETED-CONSTRUCTION
0019284,https://www.dot.ga.gov/applications/geopi/Pages/Dashboard.aspx?ProjectId=0019284,All Counties,Various Locations - Rumble Strip Upgrades,UNDER-CONSTRUCTION
0019285,https://www.dot.ga.gov/applications/geopi/Pages/Dashboard.aspx?ProjectId=0019285,Floyd,SR 1 - Guardrail Improv,COMPLETED-CONSTRUCTION
0019286,https://www.dot.ga.gov/applications/geopi/Pages/Dashboard.aspx?ProjectId=0019286,Chattooga,SR 1/US 27 From CS 588/Washington Street To SR 48,PRE-CONSTRUCTION
0019290,https://www.dot.ga.gov/applications/geopi/Pages/Dashboard.aspx?ProjectId=0019290,"Dawson , Forsyth",US 19/SR 400 -Cable Barriers Upgrades,COMPLETED-CONSTRUCTION
0019291,https://www.dot.ga.gov/applications/geopi/Pages/Dashboard.aspx?ProjectId=0019291,Walton,US 78/SR 10 - Cable Barriers,COMPLETED-CONSTRUCTION
0019292,https://www.dot.ga.gov/applications/geopi/Pages/Dashboard.aspx?ProjectId=0019292,"Banks , Habersham , Jackson , Rabun",US 441/SR 15 - Cable Barriers,COMPLETED-CONSTRUCTION
0019293,https://www.dot.ga.gov/applications/geopi/Pages/Dashboard.aspx?ProjectId=0019293,"Habersham , Stephens",SR 17/SR 365 - Cable Barriers,COMPLETED-CONSTRUCTION
0019294,https://www.dot.ga.gov/applications/geopi/Pages/Dashboard.aspx?ProjectId=0019294,Lumpkin,SR 60/US 19 @ Austin Way,PRE-CONSTRUCTION
0019333,https://www.dot.ga.gov/applications/geopi/Pages/Dashboard.aspx?ProjectId=0019333,"Dawson , Forsyth , Gwinnett , Hall",Various Locs - Signing,COMPLETED-CONSTRUCTION
0019334,https://www.dot.ga.gov/applications/geopi/Pages/Dashboard.aspx?ProjectId=0019334,All Counties,Var Locations - Sign Upgrades,COMPLETED-CONSTRUCTION
0019335,https://www.dot.ga.gov/applications/geopi/Pages/Dashboard.aspx?ProjectId=0019335,All Counties,Various Locs - Sharp Curve Install,COMPLETED-CONSTRUCTION
0019336,https://www.dot.ga.gov/applications/geopi/Pages/Dashboard.aspx?ProjectId=0019336,All Counties,Various Locs - Signing Upgrades,UNDER-CONSTRUCTION
0019347,https://www.dot.ga.gov/applications/geopi/Pages/Dashboard.aspx?ProjectId=0019347,Hancock,East Sparta Bypass From Shoal Road To SR 22 - Phase II,PRE-CONSTRUCTION
0019348,https://www.dot.ga.gov/applications/geopi/Pages/Dashboard.aspx?ProjectId=0019348,"Clayton , Fulton",SR 3 & SR 42 @ 6 Locs In Clayton & Fulton - Vru,PRE-CONSTRUCTION
0019349,https://www.dot.ga.gov/applications/geopi/Pages/Dashboard.aspx?ProjectId=0019349,"Cobb , Henry",I-75 @ 5 Locs-Wrong Way Driving Deployment On Managed Lanes,PRE-CONSTRUCTION
0019355,https://www.dot.ga.gov/applications/geopi/Pages/Dashboard.aspx?ProjectId=0019355,Lumpkin,SR 60 From N Of Bear Paw Ridge To S Of Yahoola Creek,PRE-CONSTRUCTION
0019357,https://www.dot.ga.gov/applications/geopi/Pages/Dashboard.aspx?ProjectId=0019357,Bulloch,SR 67; SR 73 & Zetterower Ave @ Little Lotts Creek,PRE-CONSTRUCTION
0019358,https://www.dot.ga.gov/applications/geopi/Pages/Dashboard.aspx?ProjectId=0019358,Murray,SR 2/SR 61 From SR 52/Gi Maddox Pkwy To CS 603/Olive Street,PRE-CONSTRUCTION
0019359,https://www.dot.ga.gov/applications/geopi/Pages/Dashboard.aspx?ProjectId=0019359,Bryan,SR 144 Spur @ Ogeechee River,PRE-CONSTRUCTION
0019360,https://www.dot.ga.gov/applications/geopi/Pages/Dashboard.aspx?ProjectId=0019360,Dade,SR 136 @ Magby Gap,PRE-CONSTRUCTION
0019452,https://www.dot.ga.gov/applications/geopi/Pages/Dashboard.aspx?ProjectId=0019452,Bryan,Db - I-16 Frontage RD From US 280/SR 30,UNDER-CONSTRUCTION
0019453,https://www.dot.ga.gov/applications/geopi/Pages/Dashboard.aspx?ProjectId=0019453,"Catoosa , Walker",CS 550/Thomas Road & CS 647/Fant Drive In Fort Oglethorpe,PRE-CONSTRUCTION
0019465,https://www.dot.ga.gov/applications/geopi/Pages/Dashboard.aspx?ProjectId=0019465,Laurens,SR 31 From S Of SR 46 To N Of S Poplar Springs Church RD-Ph I,PRE-CONSTRUCTION
0019466,https://www.dot.ga.gov/applications/geopi/Pages/Dashboard.aspx?ProjectId=0019466,Jackson,SR 15 Alt @ CR 428/Apple Valley Road,PRE-CONSTRUCTION
0019467,https://www.dot.ga.gov/applications/geopi/Pages/Dashboard.aspx?ProjectId=0019467,Walton,SR 81 @ CR 11/June Ivey Road,PRE-CONSTRUCTION
0019468,https://www.dot.ga.gov/applications/geopi/Pages/Dashboard.aspx?ProjectId=0019468,Carroll,SR 16 @ CR 829/Clem Lowell Road,PRE-CONSTRUCTION
0019469,https://www.dot.ga.gov/applications/geopi/Pages/Dashboard.aspx?ProjectId=0019469,Fulton,SR 70 From Lakeview Court To Mendel Drive,PRE-CONSTRUCTION
0019470,https://www.dot.ga.gov/applications/geopi/Pages/Dashboard.aspx?ProjectId=0019470,DeKalb,SR 10 From CR 5148/Rockbridge Road To CR 814/Rays Road - Vru,PRE-CONSTRUCTION
0019471,https://www.dot.ga.gov/applications/geopi/Pages/Dashboard.aspx?ProjectId=0019471,Colquitt,SR 35/US 319 @ CS 1084/31St Ave,PRE-CONSTRUCTION
0019472,https://www.dot.ga.gov/applications/geopi/Pages/Dashboard.aspx?ProjectId=0019472,Thomas,SR 3/SR 300 @ 4 Locs In Thomas County - Vru,PRE-CONSTRUCTION
0019502,https://www.dot.ga.gov/applications/geopi/Pages/Dashboard.aspx?ProjectId=0019502,"Chattahoochee , Marion",SR 26 From E Of Liberty Hill RD To W Of Mcallister RD - TIA,PRE-CONSTRUCTION
0019503,https://www.dot.ga.gov/applications/geopi/Pages/Dashboard.aspx?ProjectId=0019503,"Clay , Randolph",Cotton Hill RD - Widening & Resurf,UNDER-CONSTRUCTION
0019504,https://www.dot.ga.gov/applications/geopi/Pages/Dashboard.aspx?ProjectId=0019504,Crisp,CR 359/N Coney Road From SR 30 To Fenn Road/Gilbert Road-TIA,PRE-CONSTRUCTION
0019505,https://www.dot.ga.gov/applications/geopi/Pages/Dashboard.aspx?ProjectId=0019505,Crisp,CR 358/S Coney Road From SR 300 To SR 30 - TIA,PRE-CONSTRUCTION
0019506,https://www.dot.ga.gov/applications/geopi/Pages/Dashboard.aspx?ProjectId=0019506,Dooly,Coney RD From Fenn RD/Gilbert RD To Williams Street - TIA,PRE-CONSTRUCTION
0019507,https://www.dot.ga.gov/applications/geopi/Pages/Dashboard.aspx?ProjectId=0019507,Dooly,Coney Road From Williams Street To Cotton Street - TIA,PRE-CONSTRUCTION
0019508,https://www.dot.ga.gov/applications/geopi/Pages/Dashboard.aspx?ProjectId=0019508,Harris,Man O War Trail Extension - TIA,PRE-CONSTRUCTION
0019509,https://www.dot.ga.gov/applications/geopi/Pages/Dashboard.aspx?ProjectId=0019509,Harris,SR 315 From Hart Drive To Hamilton Mulberry Grove Road - TIA,PRE-CONSTRUCTION
0019510,https://www.dot.ga.gov/applications/geopi/Pages/Dashboard.aspx?ProjectId=0019510,Harris,SR 315 @ SR 219 & CR 391/Goat Rock Road - TIA,PRE-CONSTRUCTION
0019512,https://www.dot.ga.gov/applications/geopi/Pages/Dashboard.aspx?ProjectId=0019512,Macon,Airport RD @ Dr Cp Savage Airport-Hanger Improvements-TIA,PRE-CONSTRUCTION
0019513,https://www.dot.ga.gov/applications/geopi/Pages/Dashboard.aspx?ProjectId=0019513,Marion,Downtown Buena Vista Improvements - TIA,PRE-CONSTRUCTION
0019514,https://www.dot.ga.gov/applications/geopi/Pages/Dashboard.aspx?ProjectId=0019514,Quitman,"Lower Lumpkin RD - Mill, Plmx Rsrf, Shoulder Rehab",UNDER-CONSTRUCTION
0019515,https://www.dot.ga.gov/applications/geopi/Pages/Dashboard.aspx?ProjectId=0019515,Muscogee,Metra Capital & Operations - TIA,PRE-CONSTRUCTION
0019516,https://www.dot.ga.gov/applications/geopi/Pages/Dashboard.aspx?ProjectId=0019516,Muscogee,Columbus Airport - Passenger Terminal Expansion - TIA,UNDER-CONSTRUCTION
0019517,https://www.dot.ga.gov/applications/geopi/Pages/Dashboard.aspx?ProjectId=0019517,Muscogee,SR 85/US 27 Alt @ CR 40/CR 106/County Line Road - TIA,PRE-CONSTRUCTION
0019518,https://www.dot.ga.gov/applications/geopi/Pages/Dashboard.aspx?ProjectId=0019518,Harris,SR 85 @ CR 187/Central Church Road - TIA,PRE-CONSTRUCTION
0019519,https://www.dot.ga.gov/applications/geopi/Pages/Dashboard.aspx?ProjectId=0019519,Muscogee,Steam Mill Road From Fair Oaks Drive To Dogwood Drive - TIA,PRE-CONSTRUCTION
0019520,https://www.dot.ga.gov/applications/geopi/Pages/Dashboard.aspx?ProjectId=0019520,Muscogee,CR 2249/Williams Road From Franciscan Woods Drive To SR 1-TIA,PRE-CONSTRUCTION
0019521,https://www.dot.ga.gov/applications/geopi/Pages/Dashboard.aspx?ProjectId=0019521,Muscogee,2Nd Ave From 13Th Street To SR 85 - TIA,PRE-CONSTRUCTION
0019522,https://www.dot.ga.gov/applications/geopi/Pages/Dashboard.aspx?ProjectId=0019522,Muscogee,Cusseta Road From 10Th Ave To Fort Benning Road - TIA,PRE-CONSTRUCTION
0019523,https://www.dot.ga.gov/applications/geopi/Pages/Dashboard.aspx?ProjectId=0019523,Muscogee,CR 2109/Forrest Road From SR 22 Spur To Floyd Road - TIA,PRE-CONSTRUCTION
0019524,https://www.dot.ga.gov/applications/geopi/Pages/Dashboard.aspx?ProjectId=0019524,Muscogee,CR 94/Whitesville RD From Bradley Park Dr To Williams RD - TIA,PRE-CONSTRUCTION
0019525,https://www.dot.ga.gov/applications/geopi/Pages/Dashboard.aspx?ProjectId=0019525,Muscogee,Riverwalk Trail - Resurface & Maintenance - TIA,PRE-CONSTRUCTION
0019526,https://www.dot.ga.gov/applications/geopi/Pages/Dashboard.aspx?ProjectId=0019526,Muscogee,Morris Road From Buena Vista Road To Forrest Road - TIA,PRE-CONSTRUCTION
0019527,https://www.dot.ga.gov/applications/geopi/Pages/Dashboard.aspx?ProjectId=0019527,Muscogee,CR 2226/Buena Vista Road From SR 22 Spur To Andrews Road-TIA,PRE-CONSTRUCTION
0019528,https://www.dot.ga.gov/applications/geopi/Pages/Dashboard.aspx?ProjectId=0019528,Muscogee,CR 2224/S Lumpkin Road From SR 1 To Walker Street - TIA,PRE-CONSTRUCTION
0019529,https://www.dot.ga.gov/applications/geopi/Pages/Dashboard.aspx?ProjectId=0019529,Muscogee,CR 455/Andrews Road From Cusseta Road To Buena Vista Road-TIA,PRE-CONSTRUCTION
0019530,https://www.dot.ga.gov/applications/geopi/Pages/Dashboard.aspx?ProjectId=0019530,Muscogee,CR 1126/13Th Ave @ 17Th Street & @ Linwood Blvd - TIA,PRE-CONSTRUCTION
0019531,https://www.dot.ga.gov/applications/geopi/Pages/Dashboard.aspx?ProjectId=0019531,Muscogee,CR 2104/Double Churches Road From SR 219 To SR 1 - TIA,PRE-CONSTRUCTION
0019532,https://www.dot.ga.gov/applications/geopi/Pages/Dashboard.aspx?ProjectId=0019532,Muscogee,CR 2228/Brennan Road From Cusseta Road To St Marys Road-TIA,PRE-CONSTRUCTION
0019533,https://www.dot.ga.gov/applications/geopi/Pages/Dashboard.aspx?ProjectId=0019533,Muscogee,Bull Creek Dragonfly Trail Connector - TIA,PRE-CONSTRUCTION
0019534,https://www.dot.ga.gov/applications/geopi/Pages/Dashboard.aspx?ProjectId=0019534,Muscogee,CR 959/University Ave From Warm Springs RD To Macon RD - TIA,PRE-CONSTRUCTION
0019535,https://www.dot.ga.gov/applications/geopi/Pages/Dashboard.aspx?ProjectId=0019535,Muscogee,SR 22/US 80 @ Schomburg Road & @ Blackmon Road - TIA,PRE-CONSTRUCTION
0019536,https://www.dot.ga.gov/applications/geopi/Pages/Dashboard.aspx?ProjectId=0019536,Muscogee,CR 1172/8Th Ave From 8Th Street To 9Th Street - TIA,PRE-CONSTRUCTION
0019537,https://www.dot.ga.gov/applications/geopi/Pages/Dashboard.aspx?ProjectId=0019537,Muscogee,CR 1176/5Th Ave From 10Th Street To 14Th Street - TIA,PRE-CONSTRUCTION
0019538,https://www.dot.ga.gov/applications/geopi/Pages/Dashboard.aspx?ProjectId=0019538,"Quitman , Randolph",SR 50/US 82 From E Of SR 39/Quitman To SR 266/Randolph - TIA,PRE-CONSTRUCTION
0019539,https://www.dot.ga.gov/applications/geopi/Pages/Dashboard.aspx?ProjectId=0019539,Schley,SR 153 @ Muckalee Creek - TIA,PRE-CONSTRUCTION
0019540,https://www.dot.ga.gov/applications/geopi/Pages/Dashboard.aspx?ProjectId=0019540,Stewart,CR 73/CS 562/Hospital Road From SR 27 To Sundown Road - TIA,UNDER-CONSTRUCTION
0019541,https://www.dot.ga.gov/applications/geopi/Pages/Dashboard.aspx?ProjectId=0019541,Talbot,Chalybeate Spring RD - Widening & Resurf,COMPLETED-CONSTRUCTION
0019542,https://www.dot.ga.gov/applications/geopi/Pages/Dashboard.aspx?ProjectId=0019542,Taylor,Ed Davis Road & Rustin Lake Road In Taylor County - TIA,UNDER-CONSTRUCTION
0019543,https://www.dot.ga.gov/applications/geopi/Pages/Dashboard.aspx?ProjectId=0019543,Webster,CR 123/Churchill Road @ Kinchafoonee Creek - TIA,PRE-CONSTRUCTION
0019545,https://www.dot.ga.gov/applications/geopi/Pages/Dashboard.aspx?ProjectId=0019545,Towns,US 76/SR 515/SR 2 - Trout Stream Restoration,UNDER-CONSTRUCTION
0019546,https://www.dot.ga.gov/applications/geopi/Pages/Dashboard.aspx?ProjectId=0019546,"Towns , Union",US 76/SR 515/SR 2 - Widening Phase II,UNDER-CONSTRUCTION
0019549,https://www.dot.ga.gov/applications/geopi/Pages/Dashboard.aspx?ProjectId=0019549,Clarke,CR 3/Fowler Mill Road @ Little Bear Creek,PRE-CONSTRUCTION
0019554,https://www.dot.ga.gov/applications/geopi/Pages/Dashboard.aspx?ProjectId=0019554,Telfair,CR 59/Friendship Church Road @ Alligator Creek,UNDER-CONSTRUCTION
0019555,https://www.dot.ga.gov/applications/geopi/Pages/Dashboard.aspx?ProjectId=0019555,Wayne,CS 1034/Grantham Road @ Little Mcmillan Creek,PRE-CONSTRUCTION
0019558,https://www.dot.ga.gov/applications/geopi/Pages/Dashboard.aspx?ProjectId=0019558,"DeKalb , Fulton",SR 154 @ 7 Locs In Dekalb & 1 Loc In Fulton - Vru,PRE-CONSTRUCTION
0019559,https://www.dot.ga.gov/applications/geopi/Pages/Dashboard.aspx?ProjectId=0019559,All Counties,Sharp Curve Warning Signs @ 16 Locs In District 7,PRE-CONSTRUCTION
0019578,https://www.dot.ga.gov/applications/geopi/Pages/Dashboard.aspx?ProjectId=0019578,Chatham,I-516 @ CS 1435/Liberty Pkwy In Chatham County,PRE-CONSTRUCTION
0019580,https://www.dot.ga.gov/applications/geopi/Pages/Dashboard.aspx?ProjectId=0019580,Morgan,Bell Cir; Commerce St; Prior Cir & Carmichael RD In Madison,PRE-CONSTRUCTION
0019581,https://www.dot.ga.gov/applications/geopi/Pages/Dashboard.aspx?ProjectId=0019581,Morgan,College Ave; Moreland Ave & East Ave In Morgan County,PRE-CONSTRUCTION
0019582,https://www.dot.ga.gov/applications/geopi/Pages/Dashboard.aspx?ProjectId=0019582,Morgan,Wheat St; Garnett St & Eliza Morris St In Morgan County,PRE-CONSTRUCTION
0019583,https://www.dot.ga.gov/applications/geopi/Pages/Dashboard.aspx?ProjectId=0019583,Morgan,E Washington St; Vine St; Foster St & Maxey Lane In Madison,PRE-CONSTRUCTION
0019588,https://www.dot.ga.gov/applications/geopi/Pages/Dashboard.aspx?ProjectId=0019588,Washington,SR 15; Adams & 4Th From Gilwood St To S Of E South Central Ave,PRE-CONSTRUCTION
0019590,https://www.dot.ga.gov/applications/geopi/Pages/Dashboard.aspx?ProjectId=0019590,Screven,Ennis Street; Maple Street & Wt Sharpe Drive In Sylvania,PRE-CONSTRUCTION
0019591,https://www.dot.ga.gov/applications/geopi/Pages/Dashboard.aspx?ProjectId=0019591,Bulloch,Cromley Road From W Lane Street To Spence Drive In Brooklet,PRE-CONSTRUCTION
0019592,https://www.dot.ga.gov/applications/geopi/Pages/Dashboard.aspx?ProjectId=0019592,Taylor,SR 128 & Golf Course Dr From Montague St To Reynolds Course,PRE-CONSTRUCTION
0019601,https://www.dot.ga.gov/applications/geopi/Pages/Dashboard.aspx?ProjectId=0019601,Coffee,SR 206 @ SR 268,PRE-CONSTRUCTION
0019611,https://www.dot.ga.gov/applications/geopi/Pages/Dashboard.aspx?ProjectId=0019611,"Cobb , DeKalb , Fulton",Sharp Curve High Friction Surface Treatment @ 5 Locs,PRE-CONSTRUCTION
0019612,https://www.dot.ga.gov/applications/geopi/Pages/Dashboard.aspx?ProjectId=0019612,Effingham,SR 17 @ Marlow Road/Sand Hill Road,PRE-CONSTRUCTION
0019613,https://www.dot.ga.gov/applications/geopi/Pages/Dashboard.aspx?ProjectId=0019613,Jeff Davis,SR 19 From CS 541/L Street To CS 654/N Williams Street - Vru,PRE-CONSTRUCTION
0019616,https://www.dot.ga.gov/applications/geopi/Pages/Dashboard.aspx?ProjectId=0019616,Cobb,Big Shanty RD From Chastain Meadows Pkwy To Bells Ferry RD,PRE-CONSTRUCTION
0019617,https://www.dot.ga.gov/applications/geopi/Pages/Dashboard.aspx?ProjectId=0019617,Cobb,Chattahoochee River Trail From SR 139 To Nickajack Creek-Phase II,PRE-CONSTRUCTION
0019618,https://www.dot.ga.gov/applications/geopi/Pages/Dashboard.aspx?ProjectId=0019618,Cobb,Cumberland Multi-Modal Path - Segment E,PRE-CONSTRUCTION
0019620,https://www.dot.ga.gov/applications/geopi/Pages/Dashboard.aspx?ProjectId=0019620,Newton,Dried Indian Creek Trail From I-20 To E Soule Street,PRE-CONSTRUCTION
0019621,https://www.dot.ga.gov/applications/geopi/Pages/Dashboard.aspx?ProjectId=0019621,Newton,CR 37/Fairview Road From Rockdale County Line To I-20,PRE-CONSTRUCTION
0019622,https://www.dot.ga.gov/applications/geopi/Pages/Dashboard.aspx?ProjectId=0019622,DeKalb,SR 155 From Columbia Drive To Wesley Chapel Road,PRE-CONSTRUCTION
0019623,https://www.dot.ga.gov/applications/geopi/Pages/Dashboard.aspx?ProjectId=0019623,DeKalb,CR 5182/Pleasantdale Road From I-85 To Tucker Norcross Road,PRE-CONSTRUCTION
0019624,https://www.dot.ga.gov/applications/geopi/Pages/Dashboard.aspx?ProjectId=0019624,All Counties,Various Locs - Rrx Signing And Marking,COMPLETED-CONSTRUCTION
0019630,https://www.dot.ga.gov/applications/geopi/Pages/Dashboard.aspx?ProjectId=0019630,Walker,SR 1Bu From SR 193 To SR 1 In Lafayette,PRE-CONSTRUCTION
0019631,https://www.dot.ga.gov/applications/geopi/Pages/Dashboard.aspx?ProjectId=0019631,Cherokee,I-575 @ CR 416/Towne Lake Pkwy,PRE-CONSTRUCTION
0019632,https://www.dot.ga.gov/applications/geopi/Pages/Dashboard.aspx?ProjectId=0019632,Cherokee,I-575 @ CS 698/Ridgewalk Pkwy,PRE-CONSTRUCTION
0019634,https://www.dot.ga.gov/applications/geopi/Pages/Dashboard.aspx?ProjectId=0019634,Coweta,Lower Fayetteville Road From Greison Trail To Lora Smith Road,PRE-CONSTRUCTION
0019635,https://www.dot.ga.gov/applications/geopi/Pages/Dashboard.aspx?ProjectId=0019635,Coweta,Poplar Road From W Of Newnan Crossing Blvd To E Of Yeager Road,PRE-CONSTRUCTION
0019636,https://www.dot.ga.gov/applications/geopi/Pages/Dashboard.aspx?ProjectId=0019636,Douglas,Chapel Hill From Hospital Dr To Arbor Place Blvd; Inc I-20 Ddi,PRE-CONSTRUCTION
0019637,https://www.dot.ga.gov/applications/geopi/Pages/Dashboard.aspx?ProjectId=0019637,Gwinnett,I-985 @ CR 120/Thompson Mill Road - New Interchange,PRE-CONSTRUCTION
0019638,https://www.dot.ga.gov/applications/geopi/Pages/Dashboard.aspx?ProjectId=0019638,Henry,SR 81 From CR 651/Keys Ferry Road To CR 371/Bethany Road,PRE-CONSTRUCTION
0019639,https://www.dot.ga.gov/applications/geopi/Pages/Dashboard.aspx?ProjectId=0019639,Fulton,Joseph E Lowery @ 2 Locs & Lee Street @ 1 Loc,PRE-CONSTRUCTION
0019640,https://www.dot.ga.gov/applications/geopi/Pages/Dashboard.aspx?ProjectId=0019640,Fulton,Chattahoochee Greenway From Rogers Bridge RD To Mcginnis Ferry,PRE-CONSTRUCTION
0019641,https://www.dot.ga.gov/applications/geopi/Pages/Dashboard.aspx?ProjectId=0019641,Paulding,SR 61 @ Cochran Road/Harmony Grove Church Road,PRE-CONSTRUCTION
0019642,https://www.dot.ga.gov/applications/geopi/Pages/Dashboard.aspx?ProjectId=0019642,Walton,SR 138 From S Of SR 10Bu To SR 10 Ramp,PRE-CONSTRUCTION
0019643,https://www.dot.ga.gov/applications/geopi/Pages/Dashboard.aspx?ProjectId=0019643,Whitfield,SR 2 @ SR 201,PRE-CONSTRUCTION
0019645,https://www.dot.ga.gov/applications/geopi/Pages/Dashboard.aspx?ProjectId=0019645,Troup,SR 14 From CS 1248/Vernon Road To SR 14 Conn,PRE-CONSTRUCTION
0019646,https://www.dot.ga.gov/applications/geopi/Pages/Dashboard.aspx?ProjectId=0019646,Monroe,SR 18 @ SR 19,PRE-CONSTRUCTION
0019647,https://www.dot.ga.gov/applications/geopi/Pages/Dashboard.aspx?ProjectId=0019647,Fulton,SR 70 @ CR 2036/Westpark Place,PRE-CONSTRUCTION
0019648,https://www.dot.ga.gov/applications/geopi/Pages/Dashboard.aspx?ProjectId=0019648,Fulton,SR 70 @ CR 1283/Bucknell Drive,PRE-CONSTRUCTION
0019649,https://www.dot.ga.gov/applications/geopi/Pages/Dashboard.aspx?ProjectId=0019649,Fulton,SR 70 @ CR 1277/Great Southwest Pkwy,PRE-CONSTRUCTION
0019650,https://www.dot.ga.gov/applications/geopi/Pages/Dashboard.aspx?ProjectId=0019650,Bartow,SR 61/US 411 From Old Canton Road To Peeples Valley Road,PRE-CONSTRUCTION
0019652,https://www.dot.ga.gov/applications/geopi/Pages/Dashboard.aspx?ProjectId=0019652,Pierce,SR 15/SR 121 @ SR 38/US 84,PRE-CONSTRUCTION
0019653,https://www.dot.ga.gov/applications/geopi/Pages/Dashboard.aspx?ProjectId=0019653,White,SR 17 @ SR 75,PRE-CONSTRUCTION
0019654,https://www.dot.ga.gov/applications/geopi/Pages/Dashboard.aspx?ProjectId=0019654,Chattooga,SR 1/US 27 @ CR 329/Gore Subligna Road,PRE-CONSTRUCTION
0019655,https://www.dot.ga.gov/applications/geopi/Pages/Dashboard.aspx?ProjectId=0019655,Lumpkin,SR 60 @ SR 400,PRE-CONSTRUCTION
0019657,https://www.dot.ga.gov/applications/geopi/Pages/Dashboard.aspx?ProjectId=0019657,White,SR 75 @ SR 384,PRE-CONSTRUCTION
0019658,https://www.dot.ga.gov/applications/geopi/Pages/Dashboard.aspx?ProjectId=0019658,Effingham,SR 26/US 80 @ CR 311/Sandhill Road,PRE-CONSTRUCTION
0019659,https://www.dot.ga.gov/applications/geopi/Pages/Dashboard.aspx?ProjectId=0019659,Laurens,SR 117/US 441 Bypass @ CR 338/Walke Dairy Road,PRE-CONSTRUCTION
0019660,https://www.dot.ga.gov/applications/geopi/Pages/Dashboard.aspx?ProjectId=0019660,Laurens,SR 117/US 441 Bypass @ CR 530/Claxton Dairy Road,PRE-CONSTRUCTION
0019662,https://www.dot.ga.gov/applications/geopi/Pages/Dashboard.aspx?ProjectId=0019662,Harris,I-185 @ SR 315,PRE-CONSTRUCTION
0019664,https://www.dot.ga.gov/applications/geopi/Pages/Dashboard.aspx?ProjectId=0019664,Emanuel,SR 4/US 1 Bypass @ SR 57 & CR 650/Kite Road,PRE-CONSTRUCTION
0019666,https://www.dot.ga.gov/applications/geopi/Pages/Dashboard.aspx?ProjectId=0019666,Chatham,I-95 Sb Ramp @ SR 26,PRE-CONSTRUCTION
0019667,https://www.dot.ga.gov/applications/geopi/Pages/Dashboard.aspx?ProjectId=0019667,Bartow,I-75/SR 401 - Sign Install,UNDER-CONSTRUCTION
0019668,https://www.dot.ga.gov/applications/geopi/Pages/Dashboard.aspx?ProjectId=0019668,Fulton,SR 14 Alt @ CS 1386/Stonewall Tell Road,PRE-CONSTRUCTION
0019669,https://www.dot.ga.gov/applications/geopi/Pages/Dashboard.aspx?ProjectId=0019669,Paulding,SR 101 @ CR 947/Gold Mine Road,PRE-CONSTRUCTION
0019670,https://www.dot.ga.gov/applications/geopi/Pages/Dashboard.aspx?ProjectId=0019670,Floyd,SR 1 Loop @ CS 1184/Riverside Pkwy,PRE-CONSTRUCTION
0019674,https://www.dot.ga.gov/applications/geopi/Pages/Dashboard.aspx?ProjectId=0019674,Houston,SR 247 @ CS 1218/Elberta Road,PRE-CONSTRUCTION
0019675,https://www.dot.ga.gov/applications/geopi/Pages/Dashboard.aspx?ProjectId=0019675,Liberty,SR 25 @ CR 166/Barrington Ferry Road,PRE-CONSTRUCTION
0019676,https://www.dot.ga.gov/applications/geopi/Pages/Dashboard.aspx?ProjectId=0019676,DeKalb,SR 42 @ I-285 Wb Ramp,PRE-CONSTRUCTION
0019678,https://www.dot.ga.gov/applications/geopi/Pages/Dashboard.aspx?ProjectId=0019678,Fulton,SR 166 @ I-75 Nb Ramp,PRE-CONSTRUCTION
0019679,https://www.dot.ga.gov/applications/geopi/Pages/Dashboard.aspx?ProjectId=0019679,Clayton,SR 3 @ SR 331,PRE-CONSTRUCTION
0019683,https://www.dot.ga.gov/applications/geopi/Pages/Dashboard.aspx?ProjectId=0019683,Chattooga,SR 1/US 27 @ CR 7/Silver Hill Road,PRE-CONSTRUCTION
0019684,https://www.dot.ga.gov/applications/geopi/Pages/Dashboard.aspx?ProjectId=0019684,Carroll,SR 113 @ CR 261/Pleasant Ridge Road,PRE-CONSTRUCTION
0019686,https://www.dot.ga.gov/applications/geopi/Pages/Dashboard.aspx?ProjectId=0019686,Franklin,SR 327 @ CR 27/Airport Road,PRE-CONSTRUCTION
0019687,https://www.dot.ga.gov/applications/geopi/Pages/Dashboard.aspx?ProjectId=0019687,Cobb,Cobb County Transportation Management Center (Tmc) Upgrade,PRE-CONSTRUCTION
0019691,https://www.dot.ga.gov/applications/geopi/Pages/Dashboard.aspx?ProjectId=0019691,Clayton,SR 3 @ 4 Locs & SR 3 Conn @ 1 Loc - Vru,PRE-CONSTRUCTION
0019693,https://www.dot.ga.gov/applications/geopi/Pages/Dashboard.aspx?ProjectId=0019693,Newton,SR 12/US 278 From SR 81 To CS 899/Hospital Drive,PRE-CONSTRUCTION
0019696,https://www.dot.ga.gov/applications/geopi/Pages/Dashboard.aspx?ProjectId=0019696,Greene,SR 44 From S Of King Drive To East Greensboro Bypass-Phase I,PRE-CONSTRUCTION
0019697,https://www.dot.ga.gov/applications/geopi/Pages/Dashboard.aspx?ProjectId=0019697,Greene,SR 44 From Carey Station Road To S Of King Drive - Phase II,PRE-CONSTRUCTION
0019701,https://www.dot.ga.gov/applications/geopi/Pages/Dashboard.aspx?ProjectId=0019701,Cobb,SR 360 @ CR 3728/Windy Hill Road,PRE-CONSTRUCTION
0019702,https://www.dot.ga.gov/applications/geopi/Pages/Dashboard.aspx?ProjectId=0019702,Cherokee,SR 92 @ CR 769/Wade Green Road,PRE-CONSTRUCTION
0019703,https://www.dot.ga.gov/applications/geopi/Pages/Dashboard.aspx?ProjectId=0019703,Fulton,SR 6 @ SR 154,PRE-CONSTRUCTION
0019704,https://www.dot.ga.gov/applications/geopi/Pages/Dashboard.aspx?ProjectId=0019704,Gwinnett,SR 20 @ SR 324,PRE-CONSTRUCTION
0019705,https://www.dot.ga.gov/applications/geopi/Pages/Dashboard.aspx?ProjectId=0019705,DeKalb,SR 13/US 23 @ I-285,PRE-CONSTRUCTION
0019706,https://www.dot.ga.gov/applications/geopi/Pages/Dashboard.aspx?ProjectId=0019706,Newton,SR 12 @ SR 142,PRE-CONSTRUCTION
0019707,https://www.dot.ga.gov/applications/geopi/Pages/Dashboard.aspx?ProjectId=0019707,Lee,SR 133 @ CR 109/Cedric Street,PRE-CONSTRUCTION
0019709,https://www.dot.ga.gov/applications/geopi/Pages/Dashboard.aspx?ProjectId=0019709,Crawford,CR 168/Dent Road @ Little Echeconnee Creek,PRE-CONSTRUCTION
0019710,https://www.dot.ga.gov/applications/geopi/Pages/Dashboard.aspx?ProjectId=0019710,Meriwether,CR 335/Beaver Lake Road @ Shoals Creek,PRE-CONSTRUCTION
0019711,https://www.dot.ga.gov/applications/geopi/Pages/Dashboard.aspx?ProjectId=0019711,Stewart,CR 4/Herndon Road @ Brier Creek,PRE-CONSTRUCTION
0019714,https://www.dot.ga.gov/applications/geopi/Pages/Dashboard.aspx?ProjectId=0019714,Glynn,SR 303 @ Turtle River,PRE-CONSTRUCTION
0019715,https://www.dot.ga.gov/applications/geopi/Pages/Dashboard.aspx?ProjectId=0019715,All Counties,Various Locs - Rrx Signing And Marking,COMPLETED-CONSTRUCTION
0019716,https://www.dot.ga.gov/applications/geopi/Pages/Dashboard.aspx?ProjectId=0019716,Chatham,Ocean Terminal @ CS 2356/Louisville RD & @ SR 25/US 17 Ramp,UNDER-CONSTRUCTION
0019758,https://www.dot.ga.gov/applications/geopi/Pages/Dashboard.aspx?ProjectId=0019758,Greene,Court Street; N East Street & Alley @ 3 Locs In Greensboro,PRE-CONSTRUCTION
0019759,https://www.dot.ga.gov/applications/geopi/Pages/Dashboard.aspx?ProjectId=0019759,Banks,SR 98 From Downtown Maysville To Maysville City Park,PRE-CONSTRUCTION
0019763,https://www.dot.ga.gov/applications/geopi/Pages/Dashboard.aspx?ProjectId=0019763,Clarke,North Oconee River Greenway Trail From North Ave To 1St Street,PRE-CONSTRUCTION
0019771,https://www.dot.ga.gov/applications/geopi/Pages/Dashboard.aspx?ProjectId=0019771,Bleckley,SR 87 From Ash St To SR 126 & Ash St From Lucas RD To SR 87,PRE-CONSTRUCTION
0019775,https://www.dot.ga.gov/applications/geopi/Pages/Dashboard.aspx?ProjectId=0019775,Fulton,SR 70 From Sandy Creek To SR 8,PRE-CONSTRUCTION
0019776,https://www.dot.ga.gov/applications/geopi/Pages/Dashboard.aspx?ProjectId=0019776,Fulton,Marietta Road From Thomas Street To W Marietta Street,PRE-CONSTRUCTION
0019777,https://www.dot.ga.gov/applications/geopi/Pages/Dashboard.aspx?ProjectId=0019777,Carroll,SR 61; N Carroll Road & Temple Street In Villa Rica - LCI,PRE-CONSTRUCTION
0019778,https://www.dot.ga.gov/applications/geopi/Pages/Dashboard.aspx?ProjectId=0019778,Clayton,SR 3 & SR 3 Conn From Henry County Line To Upper Riverdale RD,PRE-CONSTRUCTION
0019779,https://www.dot.ga.gov/applications/geopi/Pages/Dashboard.aspx?ProjectId=0019779,Clayton,Ca - Clayton County Resurfacing @ 4 Locs,UNDER-CONSTRUCTION
0019780,https://www.dot.ga.gov/applications/geopi/Pages/Dashboard.aspx?ProjectId=0019780,Cobb,Cumberland Multi-Modal Path - Segment D,PRE-CONSTRUCTION
0019783,https://www.dot.ga.gov/applications/geopi/Pages/Dashboard.aspx?ProjectId=0019783,Coweta,Sprayberry RD @ Jefferson St & Jefferson St @ Greison Trail,PRE-CONSTRUCTION
0019784,https://www.dot.ga.gov/applications/geopi/Pages/Dashboard.aspx?ProjectId=0019784,Coweta,SR 16 @ CR 103/Poplar Road,PRE-CONSTRUCTION
0019785,https://www.dot.ga.gov/applications/geopi/Pages/Dashboard.aspx?ProjectId=0019785,DeKalb,Chamblee Dunwoody Road From Womack Road To Roberts Drive-LCI,PRE-CONSTRUCTION
0019786,https://www.dot.ga.gov/applications/geopi/Pages/Dashboard.aspx?ProjectId=0019786,DeKalb,Traffic Signal Operations & Tech Improvements In Dekalb Co,PRE-CONSTRUCTION
0019787,https://www.dot.ga.gov/applications/geopi/Pages/Dashboard.aspx?ProjectId=0019787,DeKalb,Mountain Ind Blvd From Lewis Road To N Royal Atl Drive @ 6 Loc,PRE-CONSTRUCTION
0019789,https://www.dot.ga.gov/applications/geopi/Pages/Dashboard.aspx?ProjectId=0019789,DeKalb,SR 141 @ Parsons Drive/Peachtree Road/N Shallowford Road,PRE-CONSTRUCTION
0019790,https://www.dot.ga.gov/applications/geopi/Pages/Dashboard.aspx?ProjectId=0019790,DeKalb,Shallowford RD From New Peachtree To Chamblee Dunwoody - LCI,PRE-CONSTRUCTION
0019791,https://www.dot.ga.gov/applications/geopi/Pages/Dashboard.aspx?ProjectId=0019791,"DeKalb , Gwinnett",Winters Chapel RD From Charmant Place To Peeler RD-Phase II,PRE-CONSTRUCTION
0019793,https://www.dot.ga.gov/applications/geopi/Pages/Dashboard.aspx?ProjectId=0019793,Fulton,SR 9 From CS 1436/Dunwoody Place To Chattahoochee River,PRE-CONSTRUCTION
0019796,https://www.dot.ga.gov/applications/geopi/Pages/Dashboard.aspx?ProjectId=0019796,Fulton,Ca - City Of East Point Resurfacing @ 3 Locs,UNDER-CONSTRUCTION
0019797,https://www.dot.ga.gov/applications/geopi/Pages/Dashboard.aspx?ProjectId=0019797,Forsyth,SR 9 @ CR 199/Punch Hammond Road,PRE-CONSTRUCTION
0019799,https://www.dot.ga.gov/applications/geopi/Pages/Dashboard.aspx?ProjectId=0019799,Gwinnett,Crooked Crk Trail From Spalding Dr To Peachtree Corners Circle,PRE-CONSTRUCTION
0019833,https://www.dot.ga.gov/applications/geopi/Pages/Dashboard.aspx?ProjectId=0019833,Clarke,North Ave From Willow St To Collins Ind Blvd/Freeman Dr,PRE-CONSTRUCTION
0019834,https://www.dot.ga.gov/applications/geopi/Pages/Dashboard.aspx?ProjectId=0019834,Fulton,SR 280 @ CS 2645/Northwest Drive,PRE-CONSTRUCTION
0019835,https://www.dot.ga.gov/applications/geopi/Pages/Dashboard.aspx?ProjectId=0019835,Carroll,SR 113 From SR 1 To Zachary Drive,PRE-CONSTRUCTION
0019836,https://www.dot.ga.gov/applications/geopi/Pages/Dashboard.aspx?ProjectId=0019836,Whitfield,SR 3/US 41 @ CR 666/Five Springs Road,PRE-CONSTRUCTION
0019838,https://www.dot.ga.gov/applications/geopi/Pages/Dashboard.aspx?ProjectId=0019838,Houston,SR 11/SR 49 @ CR 1717/Houston Lake Road,PRE-CONSTRUCTION
0019839,https://www.dot.ga.gov/applications/geopi/Pages/Dashboard.aspx?ProjectId=0019839,Ware,SR 4Bu/US 1 @ CR 465/Jamestown Road,PRE-CONSTRUCTION
0019840,https://www.dot.ga.gov/applications/geopi/Pages/Dashboard.aspx?ProjectId=0019840,"Houston , Peach",SR 11/SR 49 @ SR 11 & @ Pr 4/Houston Road,PRE-CONSTRUCTION
0019841,https://www.dot.ga.gov/applications/geopi/Pages/Dashboard.aspx?ProjectId=0019841,Fulton,SR 138 @ CR 581/Bethsaida Road,PRE-CONSTRUCTION
0019856,https://www.dot.ga.gov/applications/geopi/Pages/Dashboard.aspx?ProjectId=0019856,Walton,Davis Street; S Madison Ave & Mears Street In Monroe,PRE-CONSTRUCTION
0019857,https://www.dot.ga.gov/applications/geopi/Pages/Dashboard.aspx?ProjectId=0019857,Walton,Mcdaniel Street From Monroe City Limits To Childers Park,PRE-CONSTRUCTION
0019858,https://www.dot.ga.gov/applications/geopi/Pages/Dashboard.aspx?ProjectId=0019858,Bulloch,Little Lotts Creek Path From SR 73 To S Zetterower Ave,PRE-CONSTRUCTION
0019859,https://www.dot.ga.gov/applications/geopi/Pages/Dashboard.aspx?ProjectId=0019859,Habersham,Rails To Trails - Tallulah Falls ,PRE-CONSTRUCTION
0019860,https://www.dot.ga.gov/applications/geopi/Pages/Dashboard.aspx?ProjectId=0019860,Fannin,E 1St St; W Main St & Summit St @ 2 Locs In Blue Ridge,PRE-CONSTRUCTION
0019864,https://www.dot.ga.gov/applications/geopi/Pages/Dashboard.aspx?ProjectId=0019864,Pickens,City Of Jasper Sidewalks @ Several Locs,PRE-CONSTRUCTION
0019865,https://www.dot.ga.gov/applications/geopi/Pages/Dashboard.aspx?ProjectId=0019865,Toombs,Vidalia Rail Trail Pedestrian Bridges @ 4 Locs - Phase II,PRE-CONSTRUCTION
0019867,https://www.dot.ga.gov/applications/geopi/Pages/Dashboard.aspx?ProjectId=0019867,Burke,CR 451/Quaker Road @ Beaver Dam Creek,PRE-CONSTRUCTION
0019868,https://www.dot.ga.gov/applications/geopi/Pages/Dashboard.aspx?ProjectId=0019868,Dodge,CR 356/Airport Road @ Alligator Creek,PRE-CONSTRUCTION
0019869,https://www.dot.ga.gov/applications/geopi/Pages/Dashboard.aspx?ProjectId=0019869,Glascock,CR 62/Barford Road @ Joes Creek,PRE-CONSTRUCTION
0019870,https://www.dot.ga.gov/applications/geopi/Pages/Dashboard.aspx?ProjectId=0019870,Jenkins,CR 192/W Old Savannah Road @ Deep Creek,PRE-CONSTRUCTION
0019871,https://www.dot.ga.gov/applications/geopi/Pages/Dashboard.aspx?ProjectId=0019871,Oglethorpe,CR 310/Crawford-Smithonia Road @ Big Clouds Creek,PRE-CONSTRUCTION
0019876,https://www.dot.ga.gov/applications/geopi/Pages/Dashboard.aspx?ProjectId=0019876,Effingham,SR 17; SR 119; Gracen RD; Magnolia St & Macedonia St @ 5 Loc,PRE-CONSTRUCTION
0019878,https://www.dot.ga.gov/applications/geopi/Pages/Dashboard.aspx?ProjectId=0019878,Monroe,SR 83; Country Club Dr & W Johnson Street @ 3 Loc In Forsyth,PRE-CONSTRUCTION
0019881,https://www.dot.ga.gov/applications/geopi/Pages/Dashboard.aspx?ProjectId=0019881,Liberty,SR 25;CS 550&CS 558 From Youth Ctr To Riceboro Crk;Inc New Loc,PRE-CONSTRUCTION
0019884,https://www.dot.ga.gov/applications/geopi/Pages/Dashboard.aspx?ProjectId=0019884,DeKalb,SR 13 @ I-285; @ Oakcliff RD; @ Mcelroy RD & @ Longmire Way,PRE-CONSTRUCTION
0019885,https://www.dot.ga.gov/applications/geopi/Pages/Dashboard.aspx?ProjectId=0019885,Cobb,SR 3/US 41 @ Cumberland Blvd/Windy Ridge Pkwy,PRE-CONSTRUCTION
0019887,https://www.dot.ga.gov/applications/geopi/Pages/Dashboard.aspx?ProjectId=0019887,Cobb,SR 3/US 41 @ Third Army Road,PRE-CONSTRUCTION
0019888,https://www.dot.ga.gov/applications/geopi/Pages/Dashboard.aspx?ProjectId=0019888,DeKalb,Michelle Obama Trail Ext From South River Trail To Conley Crk,PRE-CONSTRUCTION
0019889,https://www.dot.ga.gov/applications/geopi/Pages/Dashboard.aspx?ProjectId=0019889,Douglas,Lee Road Ext From SR 92 To CR 141/Bomar Road - Phase I,PRE-CONSTRUCTION
0019890,https://www.dot.ga.gov/applications/geopi/Pages/Dashboard.aspx?ProjectId=0019890,Cobb,SR 280 From SR 3 To CR 3281/Atlanta Street,PRE-CONSTRUCTION
0019893,https://www.dot.ga.gov/applications/geopi/Pages/Dashboard.aspx?ProjectId=0019893,Wilkes,SR 17 From N Washington Bypass To Tignall City Limits - Ph I,PRE-CONSTRUCTION
0019894,https://www.dot.ga.gov/applications/geopi/Pages/Dashboard.aspx?ProjectId=0019894,Wilkes,SR 17 From Tignall City Limit To Vinson RD/Norman RD-Phase II,PRE-CONSTRUCTION
0019896,https://www.dot.ga.gov/applications/geopi/Pages/Dashboard.aspx?ProjectId=0019896,Paulding,SR 6Bu @ Macland Road,PRE-CONSTRUCTION
0019897,https://www.dot.ga.gov/applications/geopi/Pages/Dashboard.aspx?ProjectId=0019897,DeKalb,CR 5169/Cedar Grove Road @ NS #718387U,PRE-CONSTRUCTION
0019928,https://www.dot.ga.gov/applications/geopi/Pages/Dashboard.aspx?ProjectId=0019928,Laurens,Off-System Safety Improvements @ 1 Loc In Laurens CO - Hrrr,UNDER-CONSTRUCTION
0019929,https://www.dot.ga.gov/applications/geopi/Pages/Dashboard.aspx?ProjectId=0019929,Oglethorpe,Off-System Safety Improvements @ 5 Loc In Oglethorpe Co-Hrrr,UNDER-CONSTRUCTION
0019930,https://www.dot.ga.gov/applications/geopi/Pages/Dashboard.aspx?ProjectId=0019930,Meriwether,Various Locs - Off-System Safety Improv,UNDER-CONSTRUCTION
0019931,https://www.dot.ga.gov/applications/geopi/Pages/Dashboard.aspx?ProjectId=0019931,Dade,I-24 Eb & Wb @ CSX #340588K 6.2 MI NE Of New England,PRE-CONSTRUCTION
0019932,https://www.dot.ga.gov/applications/geopi/Pages/Dashboard.aspx?ProjectId=0019932,Walker,Old Bethel Road @ W Chickamauga Creek 3 MI SW Of Chickamauga,PRE-CONSTRUCTION
0019933,https://www.dot.ga.gov/applications/geopi/Pages/Dashboard.aspx?ProjectId=0019933,Bibb,I-75 @ Rocky Creek,PRE-CONSTRUCTION
0019934,https://www.dot.ga.gov/applications/geopi/Pages/Dashboard.aspx?ProjectId=0019934,Bibb,I-475 Sb & Nb @ Tobesofkee Creek 3 MI S Of Macon,PRE-CONSTRUCTION
0019935,https://www.dot.ga.gov/applications/geopi/Pages/Dashboard.aspx?ProjectId=0019935,Bibb,I-16 Eb & Wb @ Gcr #636057K & Boggy Branch 1.5 MI E Of Macon,PRE-CONSTRUCTION
0019936,https://www.dot.ga.gov/applications/geopi/Pages/Dashboard.aspx?ProjectId=0019936,Bibb,I-16 Eb & Wb @ Ocmulgee River Overflow 2 MI E Of Macon,PRE-CONSTRUCTION
0019937,https://www.dot.ga.gov/applications/geopi/Pages/Dashboard.aspx?ProjectId=0019937,Lowndes,Jumping Gulley Road @ Bevel Creek 6 MI SW Of Lake Park,PRE-CONSTRUCTION
0019938,https://www.dot.ga.gov/applications/geopi/Pages/Dashboard.aspx?ProjectId=0019938,Spalding,SR 16 @ NS #718713V In Griffin,PRE-CONSTRUCTION
0019939,https://www.dot.ga.gov/applications/geopi/Pages/Dashboard.aspx?ProjectId=0019939,Spalding,SR 3/US 19 Sb & Nb @ SR 362 In Griffin,PRE-CONSTRUCTION
0019940,https://www.dot.ga.gov/applications/geopi/Pages/Dashboard.aspx?ProjectId=0019940,Spalding,Moon Road @ Wildcat Creek 7 MI W Of Griffin,PRE-CONSTRUCTION
0019941,https://www.dot.ga.gov/applications/geopi/Pages/Dashboard.aspx?ProjectId=0019941,Bartow,Crow Springs Road @ Crow Springs Branch N Of Cartersville,PRE-CONSTRUCTION
0019942,https://www.dot.ga.gov/applications/geopi/Pages/Dashboard.aspx?ProjectId=0019942,Bartow,Old Mill Road @ Cedar Creek 6.8 MI E Of Adairsville,PRE-CONSTRUCTION
0019944,https://www.dot.ga.gov/applications/geopi/Pages/Dashboard.aspx?ProjectId=0019944,Whitfield,Mcgaughey Chapel Road @ Coahulla Creek 3 MI NE Of Varnell,PRE-CONSTRUCTION
0019945,https://www.dot.ga.gov/applications/geopi/Pages/Dashboard.aspx?ProjectId=0019945,Bibb,SR 19/SR 87 Sb & Nb @ Walnut Creek,PRE-CONSTRUCTION
0019946,https://www.dot.ga.gov/applications/geopi/Pages/Dashboard.aspx?ProjectId=0019946,Tift,Various Locs - Oss,UNDER-CONSTRUCTION
0019948,https://www.dot.ga.gov/applications/geopi/Pages/Dashboard.aspx?ProjectId=0019948,Echols,Various County RDs - Oss,UNDER-CONSTRUCTION
0019949,https://www.dot.ga.gov/applications/geopi/Pages/Dashboard.aspx?ProjectId=0019949,"Dougherty , Worth",Off-System Safety Improvements @ 1 Loc In District 4 - Hrrr,UNDER-CONSTRUCTION
0019950,https://www.dot.ga.gov/applications/geopi/Pages/Dashboard.aspx?ProjectId=0019950,Colquitt,Off-System Safety Improvements @ 1 Loc In Colquitt Co-Hrrr,PRE-CONSTRUCTION
0019951,https://www.dot.ga.gov/applications/geopi/Pages/Dashboard.aspx?ProjectId=0019951,Schley,Various Locs - Off-Sys Safety Improv,UNDER-CONSTRUCTION
0019952,https://www.dot.ga.gov/applications/geopi/Pages/Dashboard.aspx?ProjectId=0019952,Sumter,Various County RDs - Off System Safety Improv,UNDER-CONSTRUCTION
0019953,https://www.dot.ga.gov/applications/geopi/Pages/Dashboard.aspx?ProjectId=0019953,Bulloch,"Lakeview RD - Signing, Pvmnt Mrkg, Shoulder Rehab",UNDER-CONSTRUCTION
0019954,https://www.dot.ga.gov/applications/geopi/Pages/Dashboard.aspx?ProjectId=0019954,Wayne,Off-System Safety Improvements @ 1 Loc In Wayne County-Hrrr,PRE-CONSTRUCTION
0019955,https://www.dot.ga.gov/applications/geopi/Pages/Dashboard.aspx?ProjectId=0019955,Fulton,Off-System Safety Improvements @ 5 Locs In Milton - Hrrr,PRE-CONSTRUCTION
0019956,https://www.dot.ga.gov/applications/geopi/Pages/Dashboard.aspx?ProjectId=0019956,Cobb,Various County RDs - Pvmnt Mrkg,UNDER-CONSTRUCTION
0019957,https://www.dot.ga.gov/applications/geopi/Pages/Dashboard.aspx?ProjectId=0019957,Douglas,Various Locs - Oss,UNDER-CONSTRUCTION
0019960,https://www.dot.ga.gov/applications/geopi/Pages/Dashboard.aspx?ProjectId=0019960,Walton,Bold Springs RD (CR 241) - Off-System Safety Improv,UNDER-CONSTRUCTION
0019961,https://www.dot.ga.gov/applications/geopi/Pages/Dashboard.aspx?ProjectId=0019961,Hall,Off-System Safety Improvements @ 1 Loc In Hall County,PRE-CONSTRUCTION
0019962,https://www.dot.ga.gov/applications/geopi/Pages/Dashboard.aspx?ProjectId=0019962,Whitfield,Off-System Safety Improvements @ 39 Locs In Whitfield County,PRE-CONSTRUCTION
0019964,https://www.dot.ga.gov/applications/geopi/Pages/Dashboard.aspx?ProjectId=0019964,Charlton,River Road @ Baileys Branch Trib 8 MI NE Of Folkston,PRE-CONSTRUCTION
0019965,https://www.dot.ga.gov/applications/geopi/Pages/Dashboard.aspx?ProjectId=0019965,DeKalb,I-285 From N Shallowford RD To Henderson RD-Top End Express Ln,PRE-CONSTRUCTION
0019966,https://www.dot.ga.gov/applications/geopi/Pages/Dashboard.aspx?ProjectId=0019966,DeKalb,I-285 From Henderson RD To SR 410/US 78-Eastside Express Lns ,PRE-CONSTRUCTION
0019967,https://www.dot.ga.gov/applications/geopi/Pages/Dashboard.aspx?ProjectId=0019967,DeKalb,I-285 From SR 410/US 78 To I-20 - Eastside Express Lanes ,PRE-CONSTRUCTION
0019997,https://www.dot.ga.gov/applications/geopi/Pages/Dashboard.aspx?ProjectId=0019997,Bartow,SR 293 From S Of SR 293 Conn To SR 3 Ramp,PRE-CONSTRUCTION
0020000,https://www.dot.ga.gov/applications/geopi/Pages/Dashboard.aspx?ProjectId=0020000,Cobb,I-75 Nb @ Windy Hill Road - Tunnel Lighting,PRE-CONSTRUCTION
0020001,https://www.dot.ga.gov/applications/geopi/Pages/Dashboard.aspx?ProjectId=0020001,Cobb,Johnson Ferry Road @ Shallowford Road,PRE-CONSTRUCTION
0020014,https://www.dot.ga.gov/applications/geopi/Pages/Dashboard.aspx?ProjectId=0020014,"Calhoun , Dougherty , Early",Various Railroad Crossings - Pvmnt Mrkg,UNDER-CONSTRUCTION
0020015,https://www.dot.ga.gov/applications/geopi/Pages/Dashboard.aspx?ProjectId=0020015,"Elbert , Franklin , Hart",Various Locs - Sign And Striping,UNDER-CONSTRUCTION
0020027,https://www.dot.ga.gov/applications/geopi/Pages/Dashboard.aspx?ProjectId=0020027,Chattooga,Buck Gardner Road @ Alpine Creek,PRE-CONSTRUCTION
0020028,https://www.dot.ga.gov/applications/geopi/Pages/Dashboard.aspx?ProjectId=0020028,Polk,Davis Town Road @ Hills Creek Tributary,PRE-CONSTRUCTION
0020029,https://www.dot.ga.gov/applications/geopi/Pages/Dashboard.aspx?ProjectId=0020029,Banks,Marshburn Road @ Webb Creek,PRE-CONSTRUCTION
0020036,https://www.dot.ga.gov/applications/geopi/Pages/Dashboard.aspx?ProjectId=0020036,Catoosa,SR 146 From Oklawaha Ave To Lakeview Road - Phase I,PRE-CONSTRUCTION
0020040,https://www.dot.ga.gov/applications/geopi/Pages/Dashboard.aspx?ProjectId=0020040,DeKalb,SR 8/US 23 From South Ponce De Leon Ave To Ridgecrest Road,PRE-CONSTRUCTION
0020042,https://www.dot.ga.gov/applications/geopi/Pages/Dashboard.aspx?ProjectId=0020042,DeKalb,SR 12 @ Hillvale Road - Vru,PRE-CONSTRUCTION
0020043,https://www.dot.ga.gov/applications/geopi/Pages/Dashboard.aspx?ProjectId=0020043,DeKalb,Laredo Drive @ 1 Loc & N Clarendon Ave @ 1 Loc - Vru,PRE-CONSTRUCTION
0020046,https://www.dot.ga.gov/applications/geopi/Pages/Dashboard.aspx?ProjectId=0020046,Fulton,Beltline Southside Trail From Glenwood Ave To Woodward Ave,PRE-CONSTRUCTION
0020047,https://www.dot.ga.gov/applications/geopi/Pages/Dashboard.aspx?ProjectId=0020047,Habersham,US 23/US 123/US 441 - Recon,UNDER-CONSTRUCTION
0020049,https://www.dot.ga.gov/applications/geopi/Pages/Dashboard.aspx?ProjectId=0020049,Bartow,SR 20 Conn From Grassdale Road To Old Grassdale Road-Phase I,PRE-CONSTRUCTION
0020050,https://www.dot.ga.gov/applications/geopi/Pages/Dashboard.aspx?ProjectId=0020050,Paulding,SR 92 From S Of Maxwell RD To East Paulding Middle School-Ph I,PRE-CONSTRUCTION
0020051,https://www.dot.ga.gov/applications/geopi/Pages/Dashboard.aspx?ProjectId=0020051,Paulding,SR 92 From Hiram Park Drive To S Of Maxwell Road - Phase II,PRE-CONSTRUCTION
0020052,https://www.dot.ga.gov/applications/geopi/Pages/Dashboard.aspx?ProjectId=0020052,"Cobb , Paulding",SR 92 From E Paulding Middle School To Due West RD-Phase III,PRE-CONSTRUCTION
0020053,https://www.dot.ga.gov/applications/geopi/Pages/Dashboard.aspx?ProjectId=0020053,Bartow,Ca - Gatewood Park Access Improvements,UNDER-CONSTRUCTION
0020056,https://www.dot.ga.gov/applications/geopi/Pages/Dashboard.aspx?ProjectId=0020056,Bibb,Bondsview Road From W Of Stone Creek To SR 87,PRE-CONSTRUCTION
0020067,https://www.dot.ga.gov/applications/geopi/Pages/Dashboard.aspx?ProjectId=0020067,Cobb,Bells Ferry Road @ Noonday Creek,PRE-CONSTRUCTION
0020082,https://www.dot.ga.gov/applications/geopi/Pages/Dashboard.aspx?ProjectId=0020082,Thomas,SR 3/US 19 @ SR 35 Conn,PRE-CONSTRUCTION
0020083,https://www.dot.ga.gov/applications/geopi/Pages/Dashboard.aspx?ProjectId=0020083,Jackson,SR 53 From I-85 To SR 124,PRE-CONSTRUCTION
0020084,https://www.dot.ga.gov/applications/geopi/Pages/Dashboard.aspx?ProjectId=0020084,Chatham,Pooler Pkwy @ I-16; Inc Eb & Wb Ramps,PRE-CONSTRUCTION
0020085,https://www.dot.ga.gov/applications/geopi/Pages/Dashboard.aspx?ProjectId=0020085,Cobb,SR 92 @ Sandy Plains Road,PRE-CONSTRUCTION
0020086,https://www.dot.ga.gov/applications/geopi/Pages/Dashboard.aspx?ProjectId=0020086,Columbia,SR 104 From SR 383 To Riverwatch Pkwy,PRE-CONSTRUCTION
0020087,https://www.dot.ga.gov/applications/geopi/Pages/Dashboard.aspx?ProjectId=0020087,Carroll,SR 1/US 27 @ SR 166,PRE-CONSTRUCTION
0020088,https://www.dot.ga.gov/applications/geopi/Pages/Dashboard.aspx?ProjectId=0020088,Forsyth,SR 20 @ SR 400 Sb Ramp,PRE-CONSTRUCTION
0020089,https://www.dot.ga.gov/applications/geopi/Pages/Dashboard.aspx?ProjectId=0020089,Chatham,SR 25 @ SR 204 Wb Ramp,PRE-CONSTRUCTION
0020095,https://www.dot.ga.gov/applications/geopi/Pages/Dashboard.aspx?ProjectId=0020095,Effingham,SR 30 @ Kolic Helmey Road,PRE-CONSTRUCTION
0020097,https://www.dot.ga.gov/applications/geopi/Pages/Dashboard.aspx?ProjectId=0020097,Muscogee,SR 22/SR 540/US 80 @ Technology Pkwy/Lynch Road,PRE-CONSTRUCTION
0020098,https://www.dot.ga.gov/applications/geopi/Pages/Dashboard.aspx?ProjectId=0020098,Bacon,Snapper Road @ Little Hurricane Creek,PRE-CONSTRUCTION
0020107,https://www.dot.ga.gov/applications/geopi/Pages/Dashboard.aspx?ProjectId=0020107,Bibb,I-75 @ SR 74 - Lighting,PRE-CONSTRUCTION
0020108,https://www.dot.ga.gov/applications/geopi/Pages/Dashboard.aspx?ProjectId=0020108,Cobb,SR 360 From Cheatham Hill Road To County Services Pkwy,PRE-CONSTRUCTION
0020110,https://www.dot.ga.gov/applications/geopi/Pages/Dashboard.aspx?ProjectId=0020110,Spalding,Manley Road @ Heads Creek Trib 3 MI N Of Griffin,PRE-CONSTRUCTION
0020111,https://www.dot.ga.gov/applications/geopi/Pages/Dashboard.aspx?ProjectId=0020111,DeKalb,SR 12 @ Panola Road,PRE-CONSTRUCTION
0020112,https://www.dot.ga.gov/applications/geopi/Pages/Dashboard.aspx?ProjectId=0020112,"DeKalb , Fulton",SR 8/US 23 @ SR 42,PRE-CONSTRUCTION
0020113,https://www.dot.ga.gov/applications/geopi/Pages/Dashboard.aspx?ProjectId=0020113,Carroll,SR 166 @ Bankhead Hwy,PRE-CONSTRUCTION
0020114,https://www.dot.ga.gov/applications/geopi/Pages/Dashboard.aspx?ProjectId=0020114,Coweta,SR 34 @ SR 54,PRE-CONSTRUCTION
0020115,https://www.dot.ga.gov/applications/geopi/Pages/Dashboard.aspx?ProjectId=0020115,Gwinnett,SR 13 @ S Lee Street,PRE-CONSTRUCTION
0020116,https://www.dot.ga.gov/applications/geopi/Pages/Dashboard.aspx?ProjectId=0020116,Glynn,SR 27/US 25 @ Newcastle Street,PRE-CONSTRUCTION
0020117,https://www.dot.ga.gov/applications/geopi/Pages/Dashboard.aspx?ProjectId=0020117,Fulton,Mlk Jr Drive @ West Lake Ave - Vru,PRE-CONSTRUCTION
0020118,https://www.dot.ga.gov/applications/geopi/Pages/Dashboard.aspx?ProjectId=0020118,Cobb,I-75 @ Hope Creek,PRE-CONSTRUCTION
0020125,https://www.dot.ga.gov/applications/geopi/Pages/Dashboard.aspx?ProjectId=0020125,Coweta,SR 16 @ Elders Mill Road,PRE-CONSTRUCTION
0020126,https://www.dot.ga.gov/applications/geopi/Pages/Dashboard.aspx?ProjectId=0020126,Polk,SR 1/US 27 @ SR 6,PRE-CONSTRUCTION
0020127,https://www.dot.ga.gov/applications/geopi/Pages/Dashboard.aspx?ProjectId=0020127,Decatur,SR 1/US 27 @ Woodhull Road,PRE-CONSTRUCTION
0020128,https://www.dot.ga.gov/applications/geopi/Pages/Dashboard.aspx?ProjectId=0020128,Effingham,SR 17 @ Jabez Jones Road,PRE-CONSTRUCTION
0020129,https://www.dot.ga.gov/applications/geopi/Pages/Dashboard.aspx?ProjectId=0020129,Screven,SR 17 @ SR 73,PRE-CONSTRUCTION
0020130,https://www.dot.ga.gov/applications/geopi/Pages/Dashboard.aspx?ProjectId=0020130,Oglethorpe,SR 22 @ Collier Church Road,PRE-CONSTRUCTION
0020131,https://www.dot.ga.gov/applications/geopi/Pages/Dashboard.aspx?ProjectId=0020131,Columbia,SR 223 @ Baker Place Road,PRE-CONSTRUCTION
0020132,https://www.dot.ga.gov/applications/geopi/Pages/Dashboard.aspx?ProjectId=0020132,Laurens,SR 29 @ Bethlehem Church Road,PRE-CONSTRUCTION
0020133,https://www.dot.ga.gov/applications/geopi/Pages/Dashboard.aspx?ProjectId=0020133,Whitfield,SR 3/US 41 @ SR 52,PRE-CONSTRUCTION
0020135,https://www.dot.ga.gov/applications/geopi/Pages/Dashboard.aspx?ProjectId=0020135,Spalding,SR 3/US 19 From Minter Road To Crestview Baptist Church,PRE-CONSTRUCTION
0020136,https://www.dot.ga.gov/applications/geopi/Pages/Dashboard.aspx?ProjectId=0020136,Bleckley,Magnolia Road @ Shellstone Creek 7.3 MI NW Of Cochran,PRE-CONSTRUCTION
0020137,https://www.dot.ga.gov/applications/geopi/Pages/Dashboard.aspx?ProjectId=0020137,Carroll,Lovvorn Mill Road @ Big Indian Creek,PRE-CONSTRUCTION
0020138,https://www.dot.ga.gov/applications/geopi/Pages/Dashboard.aspx?ProjectId=0020138,"Chattooga , Walker",Center Post Road @ Chattooga River 3.5 MI NW Of Trion,PRE-CONSTRUCTION
0020139,https://www.dot.ga.gov/applications/geopi/Pages/Dashboard.aspx?ProjectId=0020139,Chattooga,Peach Orchard Road @ Alpine Creek 1 MI SE Of Menlo,PRE-CONSTRUCTION
0020140,https://www.dot.ga.gov/applications/geopi/Pages/Dashboard.aspx?ProjectId=0020140,Dooly,Bowen Road @ Sandy Mount Creek 3 MI NE Of Vienna,PRE-CONSTRUCTION
0020141,https://www.dot.ga.gov/applications/geopi/Pages/Dashboard.aspx?ProjectId=0020141,Fannin,Forge Mill Road @ Hemptown Creek 1.2 MI N Of Morganton,PRE-CONSTRUCTION
0020142,https://www.dot.ga.gov/applications/geopi/Pages/Dashboard.aspx?ProjectId=0020142,Gilmer,Old Bucktown Road @ Tickanetley Creek 11 MI SE Of Ellijay,PRE-CONSTRUCTION
0020143,https://www.dot.ga.gov/applications/geopi/Pages/Dashboard.aspx?ProjectId=0020143,Jackson,Wayne Poultry RD @ Pond Fork Creek 1.6 MI NE Of Pendergrass,PRE-CONSTRUCTION
0020144,https://www.dot.ga.gov/applications/geopi/Pages/Dashboard.aspx?ProjectId=0020144,Lowndes,Lamar Street @ Sugar Creek In Valdosta,PRE-CONSTRUCTION
0020145,https://www.dot.ga.gov/applications/geopi/Pages/Dashboard.aspx?ProjectId=0020145,Marion,James Rogers Road @ Hardage Ford Creek 4 MI N Of Buena Vista,PRE-CONSTRUCTION
0020146,https://www.dot.ga.gov/applications/geopi/Pages/Dashboard.aspx?ProjectId=0020146,Newton,Henderson Mill Road @ Bear Creek,PRE-CONSTRUCTION
0020147,https://www.dot.ga.gov/applications/geopi/Pages/Dashboard.aspx?ProjectId=0020147,Oglethorpe,Wolfskin Road @ Big Creek 5.1 MI SW Of Arnoldsville,PRE-CONSTRUCTION
0020148,https://www.dot.ga.gov/applications/geopi/Pages/Dashboard.aspx?ProjectId=0020148,Talbot,Bonnie Hawkins Road @ Lazer Creek 2 MI SW Of Woodland,PRE-CONSTRUCTION
0020149,https://www.dot.ga.gov/applications/geopi/Pages/Dashboard.aspx?ProjectId=0020149,Walker,Glass Mill RD @ W Chickamauga Creek 1.6 MI SE Of Chickamauga,PRE-CONSTRUCTION
0020150,https://www.dot.ga.gov/applications/geopi/Pages/Dashboard.aspx?ProjectId=0020150,Walton,Dewey Hogan Road @ Beaverdam Creek 3.5 MI SE Of Bold Springs,PRE-CONSTRUCTION
0020151,https://www.dot.ga.gov/applications/geopi/Pages/Dashboard.aspx?ProjectId=0020151,Whitfield,Houston Valley Road @ E Chickamauga Creek 6.2 MI W Of Dalton,PRE-CONSTRUCTION
0020152,https://www.dot.ga.gov/applications/geopi/Pages/Dashboard.aspx?ProjectId=0020152,Wilkinson,Owens Shepard Road @ Little Commissioner Creek In Gordon,PRE-CONSTRUCTION
0020153,https://www.dot.ga.gov/applications/geopi/Pages/Dashboard.aspx?ProjectId=0020153,Banks,I-85 Sb & Nb @ SR 164,PRE-CONSTRUCTION
0020154,https://www.dot.ga.gov/applications/geopi/Pages/Dashboard.aspx?ProjectId=0020154,Carroll,SR 8 @ Little Tallapoosa River,PRE-CONSTRUCTION
0020155,https://www.dot.ga.gov/applications/geopi/Pages/Dashboard.aspx?ProjectId=0020155,Coweta,SR 16 @ CSX #639459C In Senoia,PRE-CONSTRUCTION
0020156,https://www.dot.ga.gov/applications/geopi/Pages/Dashboard.aspx?ProjectId=0020156,Coweta,SR 54 @ White Oak Creek,PRE-CONSTRUCTION
0020157,https://www.dot.ga.gov/applications/geopi/Pages/Dashboard.aspx?ProjectId=0020157,Douglas,SR 166 @ Bear Creek,PRE-CONSTRUCTION
0020158,https://www.dot.ga.gov/applications/geopi/Pages/Dashboard.aspx?ProjectId=0020158,Fulton,SR 237 @ CSX #639816C In Atlanta,PRE-CONSTRUCTION
0020159,https://www.dot.ga.gov/applications/geopi/Pages/Dashboard.aspx?ProjectId=0020159,Fulton,SR 237 @ Peachtree Creek In Atlanta,PRE-CONSTRUCTION
0020160,https://www.dot.ga.gov/applications/geopi/Pages/Dashboard.aspx?ProjectId=0020160,Gordon,I-75 @ Oostanaula River,PRE-CONSTRUCTION
0020161,https://www.dot.ga.gov/applications/geopi/Pages/Dashboard.aspx?ProjectId=0020161,Gordon,SR 3/US 41 @ CSX #340516G,PRE-CONSTRUCTION
0020162,https://www.dot.ga.gov/applications/geopi/Pages/Dashboard.aspx?ProjectId=0020162,Meriwether,SR 362 @ CSX #639441S,PRE-CONSTRUCTION
0020163,https://www.dot.ga.gov/applications/geopi/Pages/Dashboard.aspx?ProjectId=0020163,Troup,SR 100 @ Yellow Jacket Creek,PRE-CONSTRUCTION
0020164,https://www.dot.ga.gov/applications/geopi/Pages/Dashboard.aspx?ProjectId=0020164,"Elbert , Wilkes",SR 17 @ Broad River & @ Broad River Overflow,PRE-CONSTRUCTION
0020165,https://www.dot.ga.gov/applications/geopi/Pages/Dashboard.aspx?ProjectId=0020165,Haralson,Old Hwy 100 @ Walker Creek,PRE-CONSTRUCTION
0020166,https://www.dot.ga.gov/applications/geopi/Pages/Dashboard.aspx?ProjectId=0020166,Emanuel,Mcgarrh Mill Pond @ Daniels Mill Creek,PRE-CONSTRUCTION
0020167,https://www.dot.ga.gov/applications/geopi/Pages/Dashboard.aspx?ProjectId=0020167,Brantley,Caney Bay Road @ Tiger Bay Creek,PRE-CONSTRUCTION
0020169,https://www.dot.ga.gov/applications/geopi/Pages/Dashboard.aspx?ProjectId=0020169,"Bryan , Chatham",I-95 From SR 25/US 17 To SR 21 @ Var Loc In Bryan & Chatham Co,PRE-CONSTRUCTION
0020172,https://www.dot.ga.gov/applications/geopi/Pages/Dashboard.aspx?ProjectId=0020172,"Chatham , Effingham",SR 21 From SR 30/Chatham To 9Th St/Effingham,PRE-CONSTRUCTION
0020173,https://www.dot.ga.gov/applications/geopi/Pages/Dashboard.aspx?ProjectId=0020173,Chatham,Connector From SR 17 To SR 30,PRE-CONSTRUCTION
0020192,https://www.dot.ga.gov/applications/geopi/Pages/Dashboard.aspx?ProjectId=0020192,Decatur,SR 1/US 27 @ Bethel Road,PRE-CONSTRUCTION
0020193,https://www.dot.ga.gov/applications/geopi/Pages/Dashboard.aspx?ProjectId=0020193,Thomas,SR 3/US 19 @ SR 38 & SR 3 Alt/US 319 @ Cassidy Road,PRE-CONSTRUCTION
0020194,https://www.dot.ga.gov/applications/geopi/Pages/Dashboard.aspx?ProjectId=0020194,All Counties,All Way Stop Control (Awsc) @ 13 Locs In District 4,PRE-CONSTRUCTION
0020195,https://www.dot.ga.gov/applications/geopi/Pages/Dashboard.aspx?ProjectId=0020195,All Counties,Sharp Curve Warning Signs @ 304 Locs In District 1,PRE-CONSTRUCTION
0020196,https://www.dot.ga.gov/applications/geopi/Pages/Dashboard.aspx?ProjectId=0020196,All Counties,All Way Stop Control (Awsc) @ 27 Locs In District 1,PRE-CONSTRUCTION
0020197,https://www.dot.ga.gov/applications/geopi/Pages/Dashboard.aspx?ProjectId=0020197,"Gwinnett , Hall",SR 8; SR 20; SR 60 & Gwinnett Drive @ 4 Locs - Vru,PRE-CONSTRUCTION
0020198,https://www.dot.ga.gov/applications/geopi/Pages/Dashboard.aspx?ProjectId=0020198,"Lumpkin , Rabun , Union",SR 2 @ 1 Loc & SR 11 @ 1 Loc,PRE-CONSTRUCTION
0020199,https://www.dot.ga.gov/applications/geopi/Pages/Dashboard.aspx?ProjectId=0020199,All Counties,Signal Improvements @ 10 Locs In District 1 - Vru,PRE-CONSTRUCTION
0020200,https://www.dot.ga.gov/applications/geopi/Pages/Dashboard.aspx?ProjectId=0020200,Fulton,SR 8 From Proctor Creek Greenway To Atlanta Beltline - Vru,PRE-CONSTRUCTION
0020201,https://www.dot.ga.gov/applications/geopi/Pages/Dashboard.aspx?ProjectId=0020201,Fulton,Langhorn Street From S Of SR 139 To Westview Drive - Vru,PRE-CONSTRUCTION
0020202,https://www.dot.ga.gov/applications/geopi/Pages/Dashboard.aspx?ProjectId=0020202,Clayton,SR 139 From Shoreham Drive To Lake Regency Drive - Vru,PRE-CONSTRUCTION
0020203,https://www.dot.ga.gov/applications/geopi/Pages/Dashboard.aspx?ProjectId=0020203,Clayton,SR 139 @ Garden Walk Blvd - Vru,PRE-CONSTRUCTION
0020204,https://www.dot.ga.gov/applications/geopi/Pages/Dashboard.aspx?ProjectId=0020204,Clayton,SR 139 @ E Fayetteville Road & SR 139 @ Walker Road - Vru,PRE-CONSTRUCTION
0020205,https://www.dot.ga.gov/applications/geopi/Pages/Dashboard.aspx?ProjectId=0020205,Fulton,SR 9 & 14Th St From Howell Mill RD To W Peachtree St - Vru,PRE-CONSTRUCTION
0020206,https://www.dot.ga.gov/applications/geopi/Pages/Dashboard.aspx?ProjectId=0020206,"Chattooga , Dade",Sharp Curve Treatments @ 52 Locs In Chattooga & Dade County,PRE-CONSTRUCTION
0020207,https://www.dot.ga.gov/applications/geopi/Pages/Dashboard.aspx?ProjectId=0020207,"Chattooga , Dade",Sharp Curve Warning Signs @ 52 Loc In Chattooga &Dade County,PRE-CONSTRUCTION
0020208,https://www.dot.ga.gov/applications/geopi/Pages/Dashboard.aspx?ProjectId=0020208,"Floyd , Walker",Sharp Curve Treatments @ 90 Locs In Floyd & Walker County,PRE-CONSTRUCTION
0020209,https://www.dot.ga.gov/applications/geopi/Pages/Dashboard.aspx?ProjectId=0020209,"Floyd , Walker",Sharp Curve Warning Signs @ 90 Locs In Floyd & Walker County,PRE-CONSTRUCTION
0020210,https://www.dot.ga.gov/applications/geopi/Pages/Dashboard.aspx?ProjectId=0020210,Barrow,SR 82 @ SR 330,PRE-CONSTRUCTION
0020211,https://www.dot.ga.gov/applications/geopi/Pages/Dashboard.aspx?ProjectId=0020211,Walton,SR 11 @ Social Circle Fairplay Road,PRE-CONSTRUCTION
0020212,https://www.dot.ga.gov/applications/geopi/Pages/Dashboard.aspx?ProjectId=0020212,Walker,Vulcan Road @ Rock Creek,PRE-CONSTRUCTION
0020213,https://www.dot.ga.gov/applications/geopi/Pages/Dashboard.aspx?ProjectId=0020213,Bibb,SR 247/US 129 Sb & Nb @ NS #729382R,PRE-CONSTRUCTION
0020259,https://www.dot.ga.gov/applications/geopi/Pages/Dashboard.aspx?ProjectId=0020259,Terrell,Melton Mill Road @ Wolf Creek,PRE-CONSTRUCTION
0020260,https://www.dot.ga.gov/applications/geopi/Pages/Dashboard.aspx?ProjectId=0020260,Crisp,Booth Road @ North Branch Swift Creek,PRE-CONSTRUCTION
0020261,https://www.dot.ga.gov/applications/geopi/Pages/Dashboard.aspx?ProjectId=0020261,Mitchell,Hinsonton Road @ Lost Creek,PRE-CONSTRUCTION
0020262,https://www.dot.ga.gov/applications/geopi/Pages/Dashboard.aspx?ProjectId=0020262,DeKalb,Executive Park South @ I-85; Inc Shared Use Path,PRE-CONSTRUCTION
0020263,https://www.dot.ga.gov/applications/geopi/Pages/Dashboard.aspx?ProjectId=0020263,Richmond,Broad Street From 15Th Street To East Boundary Street,PRE-CONSTRUCTION
0020264,https://www.dot.ga.gov/applications/geopi/Pages/Dashboard.aspx?ProjectId=0020264,Richmond,Greene Street From 13Th Street To East Boundary Street,PRE-CONSTRUCTION
0020265,https://www.dot.ga.gov/applications/geopi/Pages/Dashboard.aspx?ProjectId=0020265,Columbia,Electric Vehicle Charging Stations @ 8 Columbia County Parks,PRE-CONSTRUCTION
0020266,https://www.dot.ga.gov/applications/geopi/Pages/Dashboard.aspx?ProjectId=0020266,Morgan,Rest Area #52 @ I-20 In Morgan County,PRE-CONSTRUCTION
0020267,https://www.dot.ga.gov/applications/geopi/Pages/Dashboard.aspx?ProjectId=0020267,Richmond,Welcome Center @ I-20 In Richmond County,PRE-CONSTRUCTION
0020268,https://www.dot.ga.gov/applications/geopi/Pages/Dashboard.aspx?ProjectId=0020268,Haralson,Welcome Center @ I-20 In Haralson County,PRE-CONSTRUCTION
0020269,https://www.dot.ga.gov/applications/geopi/Pages/Dashboard.aspx?ProjectId=0020269,Monroe,Weigh Station @ I-75 Nb In Monroe County,PRE-CONSTRUCTION
0020270,https://www.dot.ga.gov/applications/geopi/Pages/Dashboard.aspx?ProjectId=0020270,Laurens,Rest Area #88 @ I-16 In Laurens County,PRE-CONSTRUCTION
0020271,https://www.dot.ga.gov/applications/geopi/Pages/Dashboard.aspx?ProjectId=0020271,Bryan,Weigh Station @ I-16 Wb In Bryan County,PRE-CONSTRUCTION
0020272,https://www.dot.ga.gov/applications/geopi/Pages/Dashboard.aspx?ProjectId=0020272,Bibb,Rest Area #19 @ I-475 Nb In Bibb County,PRE-CONSTRUCTION
0020273,https://www.dot.ga.gov/applications/geopi/Pages/Dashboard.aspx?ProjectId=0020273,Franklin,Welcome Center @ I-85 Sb In Franklin County,PRE-CONSTRUCTION
0020274,https://www.dot.ga.gov/applications/geopi/Pages/Dashboard.aspx?ProjectId=0020274,McIntosh,Weigh Station @ I-95 Nb In Mcintosh County,PRE-CONSTRUCTION
0020275,https://www.dot.ga.gov/applications/geopi/Pages/Dashboard.aspx?ProjectId=0020275,Franklin,Weigh Station @ I-85 Sb In Franklin County,PRE-CONSTRUCTION
0020278,https://www.dot.ga.gov/applications/geopi/Pages/Dashboard.aspx?ProjectId=0020278,Richmond,Kissingbower Road @ CSX #279462P In Augusta,PRE-CONSTRUCTION
0020279,https://www.dot.ga.gov/applications/geopi/Pages/Dashboard.aspx?ProjectId=0020279,Coweta,Corinth Road @ New River,PRE-CONSTRUCTION
0020280,https://www.dot.ga.gov/applications/geopi/Pages/Dashboard.aspx?ProjectId=0020280,Meriwether,Keith Road @ Beech Creek,PRE-CONSTRUCTION
0020284,https://www.dot.ga.gov/applications/geopi/Pages/Dashboard.aspx?ProjectId=0020284,Barrow,SR 211 From SR 124 To West Winder Bypass,PRE-CONSTRUCTION
0020285,https://www.dot.ga.gov/applications/geopi/Pages/Dashboard.aspx?ProjectId=0020285,Clayton,SR 3; SR 3 Conn; SR 85 & SR 139 @ 4 Locs,PRE-CONSTRUCTION
0020286,https://www.dot.ga.gov/applications/geopi/Pages/Dashboard.aspx?ProjectId=0020286,Cobb,Cumberland Core Loop From E Of Galleria Dr To Cumberland Blvd,PRE-CONSTRUCTION
0020291,https://www.dot.ga.gov/applications/geopi/Pages/Dashboard.aspx?ProjectId=0020291,Harris,SR 1/US 27 @ SR 18,PRE-CONSTRUCTION
0020292,https://www.dot.ga.gov/applications/geopi/Pages/Dashboard.aspx?ProjectId=0020292,Houston,SR 247/US 129 @ Piney Grove Road,PRE-CONSTRUCTION
0020293,https://www.dot.ga.gov/applications/geopi/Pages/Dashboard.aspx?ProjectId=0020293,Troup,I-85 Sb & Nb Ramps @ SR 109,PRE-CONSTRUCTION
0020294,https://www.dot.ga.gov/applications/geopi/Pages/Dashboard.aspx?ProjectId=0020294,Decatur,SR 38/US 84 @ Whigham Dairy Road,PRE-CONSTRUCTION
0020295,https://www.dot.ga.gov/applications/geopi/Pages/Dashboard.aspx?ProjectId=0020295,Bryan,SR 25/US 17 @ Harris Trail Road,PRE-CONSTRUCTION
0020296,https://www.dot.ga.gov/applications/geopi/Pages/Dashboard.aspx?ProjectId=0020296,Bulloch,SR 119 @ Old SR 46,PRE-CONSTRUCTION
0020297,https://www.dot.ga.gov/applications/geopi/Pages/Dashboard.aspx?ProjectId=0020297,Bulloch,SR 26 @ SR 119,PRE-CONSTRUCTION
0020300,https://www.dot.ga.gov/applications/geopi/Pages/Dashboard.aspx?ProjectId=0020300,Burke,Cates Mead Road From SR 56 To Seven Oaks Road - TIA,PRE-CONSTRUCTION
0020323,https://www.dot.ga.gov/applications/geopi/Pages/Dashboard.aspx?ProjectId=0020323,Mitchell,Bay Pole Road @ Bay Pole Creek,PRE-CONSTRUCTION
0020324,https://www.dot.ga.gov/applications/geopi/Pages/Dashboard.aspx?ProjectId=0020324,Emanuel,Friendship Church Road @ Fifteen Mile Creek,PRE-CONSTRUCTION
0020358,https://www.dot.ga.gov/applications/geopi/Pages/Dashboard.aspx?ProjectId=0020358,Lowndes,Weigh Station @ I-75 Sb In Lowndes County,PRE-CONSTRUCTION
0020359,https://www.dot.ga.gov/applications/geopi/Pages/Dashboard.aspx?ProjectId=0020359,Lowndes,Weigh Station @ I-75 Nb In Lowndes County,PRE-CONSTRUCTION
0020360,https://www.dot.ga.gov/applications/geopi/Pages/Dashboard.aspx?ProjectId=0020360,Monroe,Weigh Station @ I-75 Sb In Monroe County,PRE-CONSTRUCTION
0020361,https://www.dot.ga.gov/applications/geopi/Pages/Dashboard.aspx?ProjectId=0020361,Monroe,Rest Area #22 @ I-75 Sb In Monroe County,PRE-CONSTRUCTION
0020362,https://www.dot.ga.gov/applications/geopi/Pages/Dashboard.aspx?ProjectId=0020362,Turner,Rest Area #9 @ I-75 Sb In Turner County,PRE-CONSTRUCTION
0020363,https://www.dot.ga.gov/applications/geopi/Pages/Dashboard.aspx?ProjectId=0020363,Turner,Rest Area #10 @ I-75 Nb In Turner County,PRE-CONSTRUCTION
0020364,https://www.dot.ga.gov/applications/geopi/Pages/Dashboard.aspx?ProjectId=0020364,Catoosa,Welcome Center @ I-75 Sb In Catoosa County,PRE-CONSTRUCTION
0020365,https://www.dot.ga.gov/applications/geopi/Pages/Dashboard.aspx?ProjectId=0020365,Catoosa,Weigh Station @ I-75 Sb In Catoosa County,PRE-CONSTRUCTION
0020366,https://www.dot.ga.gov/applications/geopi/Pages/Dashboard.aspx?ProjectId=0020366,Cook,Rest Area #5 @ I-75 Nb In Cook County,PRE-CONSTRUCTION
0020367,https://www.dot.ga.gov/applications/geopi/Pages/Dashboard.aspx?ProjectId=0020367,Dooly,Rest Area #13 @ I-75 Nb In Dooly County,PRE-CONSTRUCTION
0020368,https://www.dot.ga.gov/applications/geopi/Pages/Dashboard.aspx?ProjectId=0020368,Dooly,Rest Area #14 @ I-75 Sb In Dooly County,PRE-CONSTRUCTION
0020369,https://www.dot.ga.gov/applications/geopi/Pages/Dashboard.aspx?ProjectId=0020369,Gordon,Rest Area #34 @ I-75 Nb In Gordon County,PRE-CONSTRUCTION
0020373,https://www.dot.ga.gov/applications/geopi/Pages/Dashboard.aspx?ProjectId=0020373,Whitfield,I-75 @ Carbondale Road,PRE-CONSTRUCTION
0020374,https://www.dot.ga.gov/applications/geopi/Pages/Dashboard.aspx?ProjectId=0020374,Fulton,SR 6 @ Bakers Ferry Road,PRE-CONSTRUCTION
0020375,https://www.dot.ga.gov/applications/geopi/Pages/Dashboard.aspx?ProjectId=0020375,Douglas,SR 6 @ Oak Ridge Road/Skyview Road,PRE-CONSTRUCTION
0020379,https://www.dot.ga.gov/applications/geopi/Pages/Dashboard.aspx?ProjectId=0020379,Hall,SR 60 @ Fullenwider Road,PRE-CONSTRUCTION
0020382,https://www.dot.ga.gov/applications/geopi/Pages/Dashboard.aspx?ProjectId=0020382,All Counties,Sharp Curve Treatments @ 58 Locs In District 6,PRE-CONSTRUCTION
0020383,https://www.dot.ga.gov/applications/geopi/Pages/Dashboard.aspx?ProjectId=0020383,All Counties,Sharp Curve Warning Signs @ 116 Locs In Dist 6 - Area 3 & 4,PRE-CONSTRUCTION
0020384,https://www.dot.ga.gov/applications/geopi/Pages/Dashboard.aspx?ProjectId=0020384,Dooly,Heath Road @ South Prong Creek,PRE-CONSTRUCTION
0020385,https://www.dot.ga.gov/applications/geopi/Pages/Dashboard.aspx?ProjectId=0020385,Warren,W Quarter Road/Goldens Creek Circle @ Goldens Creek,PRE-CONSTRUCTION
0020394,https://www.dot.ga.gov/applications/geopi/Pages/Dashboard.aspx?ProjectId=0020394,"Echols , Lowndes",Railroad Crossings @ 10 NS Locs In Echols & Lowndes County,PRE-CONSTRUCTION
0020395,https://www.dot.ga.gov/applications/geopi/Pages/Dashboard.aspx?ProjectId=0020395,Hart,Old Hendrys Church Road @ Little Beaverdam Creek Trib,PRE-CONSTRUCTION
0020396,https://www.dot.ga.gov/applications/geopi/Pages/Dashboard.aspx?ProjectId=0020396,Hart,Union Hill Church Road @ Shoal Creek Trib,PRE-CONSTRUCTION
0020397,https://www.dot.ga.gov/applications/geopi/Pages/Dashboard.aspx?ProjectId=0020397,Madison,Jot Em Down Road @ Lamar Creek,PRE-CONSTRUCTION
0020398,https://www.dot.ga.gov/applications/geopi/Pages/Dashboard.aspx?ProjectId=0020398,Fulton,Old Alabama Road @ Johns Creek & @ Johns Creek Trib,PRE-CONSTRUCTION
0020400,https://www.dot.ga.gov/applications/geopi/Pages/Dashboard.aspx?ProjectId=0020400,Atkinson,Axson Road From SR 31/US 441 To Minchew Road - TIA,PRE-CONSTRUCTION
0020401,https://www.dot.ga.gov/applications/geopi/Pages/Dashboard.aspx?ProjectId=0020401,Atkinson,Old Douglas Hwy From Pearson City Limits To Bent Pine RD - TIA,PRE-CONSTRUCTION
0020402,https://www.dot.ga.gov/applications/geopi/Pages/Dashboard.aspx?ProjectId=0020402,Atkinson,Court Street From E Legion Ave To E Lott Ave - TIA,PRE-CONSTRUCTION
0020403,https://www.dot.ga.gov/applications/geopi/Pages/Dashboard.aspx?ProjectId=0020403,Atkinson,Benjamin Ave From Kira Loop To S Court Street - TIA,PRE-CONSTRUCTION
0020405,https://www.dot.ga.gov/applications/geopi/Pages/Dashboard.aspx?ProjectId=0020405,Atkinson,City Of Pearson Resurfacing @ 4 Locs - TIA,PRE-CONSTRUCTION
0020409,https://www.dot.ga.gov/applications/geopi/Pages/Dashboard.aspx?ProjectId=0020409,Bacon,Pine Level Church RD From SR 4 To Jeff Davis County Line-TIA,PRE-CONSTRUCTION
0020410,https://www.dot.ga.gov/applications/geopi/Pages/Dashboard.aspx?ProjectId=0020410,Bacon,Radio Station RD From Alama City Limits To Pierce CO Line-TIA,PRE-CONSTRUCTION
0020412,https://www.dot.ga.gov/applications/geopi/Pages/Dashboard.aspx?ProjectId=0020412,Bacon,Oleander RD From Pierce County Line To Corinth Church RD-TIA,PRE-CONSTRUCTION
0020414,https://www.dot.ga.gov/applications/geopi/Pages/Dashboard.aspx?ProjectId=0020414,Bacon,City Of Alma Resurfacing @ 5 Locs - TIA,PRE-CONSTRUCTION
0020418,https://www.dot.ga.gov/applications/geopi/Pages/Dashboard.aspx?ProjectId=0020418,Ben Hill,Monitor Dr; Roanoke Dr & Sultana Dr In Fitzgerald - TIA,PRE-CONSTRUCTION
0020419,https://www.dot.ga.gov/applications/geopi/Pages/Dashboard.aspx?ProjectId=0020419,Berrien,Teeterville Road From SR 168 To Lanier County Line - TIA,PRE-CONSTRUCTION
0020420,https://www.dot.ga.gov/applications/geopi/Pages/Dashboard.aspx?ProjectId=0020420,Berrien,N Coffee RD From Nashville City Limits To Ten Mile Bay RD-TIA,PRE-CONSTRUCTION
0020422,https://www.dot.ga.gov/applications/geopi/Pages/Dashboard.aspx?ProjectId=0020422,Berrien,Marie Prince Street From Nashville Enigma Road To SR 11-TIA,PRE-CONSTRUCTION
0020423,https://www.dot.ga.gov/applications/geopi/Pages/Dashboard.aspx?ProjectId=0020423,Berrien,Musselwhite Store Road From SR 125 To Baker Sawmill Road-TIA,PRE-CONSTRUCTION
0020424,https://www.dot.ga.gov/applications/geopi/Pages/Dashboard.aspx?ProjectId=0020424,Berrien,Old Milltown RD From Country RD To S Of Tom Shaw Cir - TIA,PRE-CONSTRUCTION
0020425,https://www.dot.ga.gov/applications/geopi/Pages/Dashboard.aspx?ProjectId=0020425,Berrien,City Of Alapaha Resurfacing @ 6 Locs- Tia,PRE-CONSTRUCTION
0020427,https://www.dot.ga.gov/applications/geopi/Pages/Dashboard.aspx?ProjectId=0020427,Berrien,City Of Nashville Resurfacing @ 8 Locs - TIA,PRE-CONSTRUCTION
0020428,https://www.dot.ga.gov/applications/geopi/Pages/Dashboard.aspx?ProjectId=0020428,Berrien,City Of Nashville Resurfacing @ 7 Locs - TIA,PRE-CONSTRUCTION
0020429,https://www.dot.ga.gov/applications/geopi/Pages/Dashboard.aspx?ProjectId=0020429,Berrien,Smith Ave From SR 11/US 129 To Edgewood Street - TIA,UNDER-CONSTRUCTION
0020431,https://www.dot.ga.gov/applications/geopi/Pages/Dashboard.aspx?ProjectId=0020431,Berrien,Ray City Resurfacing @ 4 Locs - TIA,PRE-CONSTRUCTION
0020432,https://www.dot.ga.gov/applications/geopi/Pages/Dashboard.aspx?ProjectId=0020432,Berrien,Pauline Ave @ Beaverdam Creek - TIA,PRE-CONSTRUCTION
0020433,https://www.dot.ga.gov/applications/geopi/Pages/Dashboard.aspx?ProjectId=0020433,Brantley,Old Wanesville Road From SR 259 To SR 110 - TIA,PRE-CONSTRUCTION
0020434,https://www.dot.ga.gov/applications/geopi/Pages/Dashboard.aspx?ProjectId=0020434,Brantley,Riverside Road From SR 230 To Charlton County Line - TIA,PRE-CONSTRUCTION
0020435,https://www.dot.ga.gov/applications/geopi/Pages/Dashboard.aspx?ProjectId=0020435,Brantley,Brantley County Airport - T-Hangers - TIA,PRE-CONSTRUCTION
0020436,https://www.dot.ga.gov/applications/geopi/Pages/Dashboard.aspx?ProjectId=0020436,Brantley,Britt Still Road From SR 23 To Caney Bay Road - TIA,PRE-CONSTRUCTION
0020438,https://www.dot.ga.gov/applications/geopi/Pages/Dashboard.aspx?ProjectId=0020438,Brantley,Florida Ave From Brooker Street To John Wilson Street - TIA,PRE-CONSTRUCTION
0020439,https://www.dot.ga.gov/applications/geopi/Pages/Dashboard.aspx?ProjectId=0020439,Brantley,Dude Circle From SR 520 To Burton Street - TIA,PRE-CONSTRUCTION
0020440,https://www.dot.ga.gov/applications/geopi/Pages/Dashboard.aspx?ProjectId=0020440,Brantley,Jason Street From E Paloma Drive To Rozier Street - TIA,PRE-CONSTRUCTION
0020441,https://www.dot.ga.gov/applications/geopi/Pages/Dashboard.aspx?ProjectId=0020441,Brooks,Hodges Road From Dry Lake Road To Coleman Road - TIA,PRE-CONSTRUCTION
0020442,https://www.dot.ga.gov/applications/geopi/Pages/Dashboard.aspx?ProjectId=0020442,Brooks,Lebanon Road From SR 122 To Lebanon Cemetery Road - TIA,PRE-CONSTRUCTION
0020443,https://www.dot.ga.gov/applications/geopi/Pages/Dashboard.aspx?ProjectId=0020443,Brooks,Cooey Road From Clyattville Road To Ochlawilla Road - TIA,PRE-CONSTRUCTION
0020444,https://www.dot.ga.gov/applications/geopi/Pages/Dashboard.aspx?ProjectId=0020444,Brooks,Ochlawilla Road From Cooey Road To Bass Road - TIA,PRE-CONSTRUCTION
0020446,https://www.dot.ga.gov/applications/geopi/Pages/Dashboard.aspx?ProjectId=0020446,Brooks,Ferris Road From Dixie Road To Grooverville Road - TIA,PRE-CONSTRUCTION
0020447,https://www.dot.ga.gov/applications/geopi/Pages/Dashboard.aspx?ProjectId=0020447,Brooks,SR 333 @ Brooks County Middle School/Quitman Elementary-TIA,PRE-CONSTRUCTION
0020448,https://www.dot.ga.gov/applications/geopi/Pages/Dashboard.aspx?ProjectId=0020448,Brooks,City Of Barwick Resurfacing @ 6 Locs - TIA,PRE-CONSTRUCTION
0020449,https://www.dot.ga.gov/applications/geopi/Pages/Dashboard.aspx?ProjectId=0020449,Brooks,Hitch Street From Lawson Mill Pond Road To SR 133 - TIA,PRE-CONSTRUCTION
0020450,https://www.dot.ga.gov/applications/geopi/Pages/Dashboard.aspx?ProjectId=0020450,"Brooks , Thomas",City Of Pavo Resurfacing @ 6 Locs - TIA,PRE-CONSTRUCTION
0020451,https://www.dot.ga.gov/applications/geopi/Pages/Dashboard.aspx?ProjectId=0020451,Charlton,Spanish Creek Road From Sardis Road To Old Dixie Hwy - TIA,PRE-CONSTRUCTION
0020452,https://www.dot.ga.gov/applications/geopi/Pages/Dashboard.aspx?ProjectId=0020452,Charlton,Sardis Road From Gibson Post Road To SR 121 - TIA,PRE-CONSTRUCTION
0020453,https://www.dot.ga.gov/applications/geopi/Pages/Dashboard.aspx?ProjectId=0020453,Charlton,Paxton RD From Spanish Creek RD To Homeland City Limits - TIA,PRE-CONSTRUCTION
0020456,https://www.dot.ga.gov/applications/geopi/Pages/Dashboard.aspx?ProjectId=0020456,Charlton,3RD Street From Love Street To Folkston City Limits - TIA,PRE-CONSTRUCTION
0020501,https://www.dot.ga.gov/applications/geopi/Pages/Dashboard.aspx?ProjectId=0020501,Cook,Cox Still Road From SR 37 To NE Of SR 37 - TIA,PRE-CONSTRUCTION
0020502,https://www.dot.ga.gov/applications/geopi/Pages/Dashboard.aspx?ProjectId=0020502,Cook,Mitchell Street From SR 7 To Parrish Ave - TIA,PRE-CONSTRUCTION
0020503,https://www.dot.ga.gov/applications/geopi/Pages/Dashboard.aspx?ProjectId=0020503,Cook,SR 37 @ SR 76 - TIA,PRE-CONSTRUCTION
0020504,https://www.dot.ga.gov/applications/geopi/Pages/Dashboard.aspx?ProjectId=0020504,Cook,SR 7/US 41 @ Old Quitman Road - TIA,PRE-CONSTRUCTION
0020512,https://www.dot.ga.gov/applications/geopi/Pages/Dashboard.aspx?ProjectId=0020512,Echols,SR 94 @ SR 135 - TIA,PRE-CONSTRUCTION
0020529,https://www.dot.ga.gov/applications/geopi/Pages/Dashboard.aspx?ProjectId=0020529,Lowndes,Val Del Road From SR 7 To Mcmillan Road - TIA,PRE-CONSTRUCTION
0020530,https://www.dot.ga.gov/applications/geopi/Pages/Dashboard.aspx?ProjectId=0020530,Lowndes,Copeland Road From Madison Hwy To Inner Perimeter Road - TIA,PRE-CONSTRUCTION
0020542,https://www.dot.ga.gov/applications/geopi/Pages/Dashboard.aspx?ProjectId=0020542,Lowndes,Oak Street Extension From S Of Murry RD To Cherry Creek RD-TIA,PRE-CONSTRUCTION
0020543,https://www.dot.ga.gov/applications/geopi/Pages/Dashboard.aspx?ProjectId=0020543,Lowndes,Country Club Road From SR 7 To Noble Way - TIA,PRE-CONSTRUCTION
0020567,https://www.dot.ga.gov/applications/geopi/Pages/Dashboard.aspx?ProjectId=0020567,Pierce,Altman Street From CSX #636801C To SR 38 - TIA,PRE-CONSTRUCTION
0020587,https://www.dot.ga.gov/applications/geopi/Pages/Dashboard.aspx?ProjectId=0020587,Ware,Pinehurst Drive Ext From Tebeau Street To Sunnyside Drive-TIA,PRE-CONSTRUCTION
0020588,https://www.dot.ga.gov/applications/geopi/Pages/Dashboard.aspx?ProjectId=0020588,Ware,Gilchrist Park Paving & Drainage - TIA,PRE-CONSTRUCTION
0020592,https://www.dot.ga.gov/applications/geopi/Pages/Dashboard.aspx?ProjectId=0020592,Ware,Thigpen Road @ 1 Loc & Palmetto Place @ 4 Locs - TIA,PRE-CONSTRUCTION
0020634,https://www.dot.ga.gov/applications/geopi/Pages/Dashboard.aspx?ProjectId=0020634,Gwinnett,Stanley Road @ SR 8,PRE-CONSTRUCTION
0020635,https://www.dot.ga.gov/applications/geopi/Pages/Dashboard.aspx?ProjectId=0020635,All Counties,Various NS Railroad Locations - Signing & Marking,UNDER-CONSTRUCTION
0020661,https://www.dot.ga.gov/applications/geopi/Pages/Dashboard.aspx?ProjectId=0020661,Douglas,SR 166 @ Chapel Hill Road,PRE-CONSTRUCTION
0020663,https://www.dot.ga.gov/applications/geopi/Pages/Dashboard.aspx?ProjectId=0020663,Cobb,Cobb International Blvd From SR 3 To Cobb Center Drive,PRE-CONSTRUCTION
0020664,https://www.dot.ga.gov/applications/geopi/Pages/Dashboard.aspx?ProjectId=0020664,Cobb,Austell Powder Springs Trail From Silver Comet To Joe Jerkins,PRE-CONSTRUCTION
0020666,https://www.dot.ga.gov/applications/geopi/Pages/Dashboard.aspx?ProjectId=0020666,Cobb,George Busbee Pkwy From SR 5 Conn To Chastain Road,PRE-CONSTRUCTION
0020667,https://www.dot.ga.gov/applications/geopi/Pages/Dashboard.aspx?ProjectId=0020667,DeKalb,Georgetown Trail From Old Georgetown Trl To Georgetown Square,PRE-CONSTRUCTION
0020669,https://www.dot.ga.gov/applications/geopi/Pages/Dashboard.aspx?ProjectId=0020669,Cobb,Oakdale Road @ Buckner Road & @ NS #719840A,PRE-CONSTRUCTION
0020670,https://www.dot.ga.gov/applications/geopi/Pages/Dashboard.aspx?ProjectId=0020670,Gwinnett,Pleasant Hill Road @ Gwinnett Place Drive,PRE-CONSTRUCTION
0020671,https://www.dot.ga.gov/applications/geopi/Pages/Dashboard.aspx?ProjectId=0020671,DeKalb,Chestnut Drive @ SR 13,PRE-CONSTRUCTION
0020676,https://www.dot.ga.gov/applications/geopi/Pages/Dashboard.aspx?ProjectId=0020676,All Counties,Railroad Crossings @ 7 NS Locs In District 2,PRE-CONSTRUCTION
0020677,https://www.dot.ga.gov/applications/geopi/Pages/Dashboard.aspx?ProjectId=0020677,"Gwinnett , Jackson",Railroad Crossings @ 5 NS Locs In District 1,PRE-CONSTRUCTION
0020678,https://www.dot.ga.gov/applications/geopi/Pages/Dashboard.aspx?ProjectId=0020678,Taylor,Collins Street @ NS #734040B In Reynolds,PRE-CONSTRUCTION
0020679,https://www.dot.ga.gov/applications/geopi/Pages/Dashboard.aspx?ProjectId=0020679,Haralson,SR 8/SR 100 @ NS #726708U In Tallapoosa,PRE-CONSTRUCTION
0020680,https://www.dot.ga.gov/applications/geopi/Pages/Dashboard.aspx?ProjectId=0020680,DeKalb,Henrico Road @ NS #718386M,PRE-CONSTRUCTION
0020681,https://www.dot.ga.gov/applications/geopi/Pages/Dashboard.aspx?ProjectId=0020681,Fulton,Jonesboro Road @ CSX #639514A In Union City,PRE-CONSTRUCTION
0020726,https://www.dot.ga.gov/applications/geopi/Pages/Dashboard.aspx?ProjectId=0020726,"Bleckley , Dodge , Laurens",Signing & Marking @ 51 Rr Locs In Bleckley; Dodge & Laurens,PRE-CONSTRUCTION
0020727,https://www.dot.ga.gov/applications/geopi/Pages/Dashboard.aspx?ProjectId=0020727,All Counties,Signing & Marking @ 121 Cgr Locs In District 2,PRE-CONSTRUCTION
0020728,https://www.dot.ga.gov/applications/geopi/Pages/Dashboard.aspx?ProjectId=0020728,All Counties,Signing & Marking @ 126 Cgr Locs In District 2,PRE-CONSTRUCTION
0020729,https://www.dot.ga.gov/applications/geopi/Pages/Dashboard.aspx?ProjectId=0020729,Madison,Off-System Safety Improvements @ 4 Locs In Madison County,PRE-CONSTRUCTION
0020731,https://www.dot.ga.gov/applications/geopi/Pages/Dashboard.aspx?ProjectId=0020731,Hall,SR 365/SR 419 From I-985 To Belton Bridge Road,PRE-CONSTRUCTION
0020735,https://www.dot.ga.gov/applications/geopi/Pages/Dashboard.aspx?ProjectId=0020735,Jackson,SR 53 From SR 124 To New Cut Road,PRE-CONSTRUCTION
0020737,https://www.dot.ga.gov/applications/geopi/Pages/Dashboard.aspx?ProjectId=0020737,Dodge,Off-System Safety Improvements @ 1 Loc In Dodge County-Hrrr,PRE-CONSTRUCTION
0020738,https://www.dot.ga.gov/applications/geopi/Pages/Dashboard.aspx?ProjectId=0020738,Long,Off-System Safety Improvements @ 1 Loc In Long County - Hrrr,PRE-CONSTRUCTION
0020740,https://www.dot.ga.gov/applications/geopi/Pages/Dashboard.aspx?ProjectId=0020740,Muscogee,Fall Line Trace Ext From Fall Line Trace To Harris County Line,PRE-CONSTRUCTION
0020745,https://www.dot.ga.gov/applications/geopi/Pages/Dashboard.aspx?ProjectId=0020745,McIntosh,Harris Neck RD @ 1 Loc - Off-System Safety Improvements-Hrrr,PRE-CONSTRUCTION
0020748,https://www.dot.ga.gov/applications/geopi/Pages/Dashboard.aspx?ProjectId=0020748,Pulaski,Off-System Safety Improvements @ 6 Locs In Pulaski CO - Hrrr,PRE-CONSTRUCTION
0020749,https://www.dot.ga.gov/applications/geopi/Pages/Dashboard.aspx?ProjectId=0020749,Decatur,Off-System Safety Improvements @ 18 Locs In Decatur County,PRE-CONSTRUCTION
0020758,https://www.dot.ga.gov/applications/geopi/Pages/Dashboard.aspx?ProjectId=0020758,Twiggs,Off-System Safety Improvements @ 9 Loc In Twiggs County-Hrrr,PRE-CONSTRUCTION
0020759,https://www.dot.ga.gov/applications/geopi/Pages/Dashboard.aspx?ProjectId=0020759,"Murray , Whitfield",Sharp Curve Treatments @ 40 Loc In Murray & Whitfield County,PRE-CONSTRUCTION
0020760,https://www.dot.ga.gov/applications/geopi/Pages/Dashboard.aspx?ProjectId=0020760,All Counties,Sharp Curve Warning Signs @ 258 Loc In Disrict 6,PRE-CONSTRUCTION
0020761,https://www.dot.ga.gov/applications/geopi/Pages/Dashboard.aspx?ProjectId=0020761,Crisp,Off-System Safety Improvements @ 11 Locs In Crisp County,PRE-CONSTRUCTION
0020763,https://www.dot.ga.gov/applications/geopi/Pages/Dashboard.aspx?ProjectId=0020763,Bibb,SR 11/SR 49 @ SR 247,PRE-CONSTRUCTION
0020764,https://www.dot.ga.gov/applications/geopi/Pages/Dashboard.aspx?ProjectId=0020764,Cobb,I-75 @ I-285 Eb - Tunnel Lighting,PRE-CONSTRUCTION
0020765,https://www.dot.ga.gov/applications/geopi/Pages/Dashboard.aspx?ProjectId=0020765,Treutlen,I-16 Eb & Wb @ Pendleton Creek,PRE-CONSTRUCTION
0020766,https://www.dot.ga.gov/applications/geopi/Pages/Dashboard.aspx?ProjectId=0020766,"Clayton , Fulton",I-75 From Frontage Road To I-85 - Lighting,PRE-CONSTRUCTION
0020767,https://www.dot.ga.gov/applications/geopi/Pages/Dashboard.aspx?ProjectId=0020767,Fulton,I-75 From Musket Ridge Drive To I-85 - Lighting,PRE-CONSTRUCTION
0020768,https://www.dot.ga.gov/applications/geopi/Pages/Dashboard.aspx?ProjectId=0020768,Seminole,SR 91 @ Chattahoochee River,PRE-CONSTRUCTION
0020769,https://www.dot.ga.gov/applications/geopi/Pages/Dashboard.aspx?ProjectId=0020769,Fulton,I-75/I-85 Capping - The Stitch - Phase I,PRE-CONSTRUCTION
0020770,https://www.dot.ga.gov/applications/geopi/Pages/Dashboard.aspx?ProjectId=0020770,Chatham,SR 307 @ SR 21 & @ CSX 632473Y,PRE-CONSTRUCTION
0020774,https://www.dot.ga.gov/applications/geopi/Pages/Dashboard.aspx?ProjectId=0020774,Gilmer,Clear Creek Road @ 1 Loc - Off-System Safety Improvements,PRE-CONSTRUCTION
0020775,https://www.dot.ga.gov/applications/geopi/Pages/Dashboard.aspx?ProjectId=0020775,Bartow,Off-System Safety Improvements @ 3 Locs In Bartow County,PRE-CONSTRUCTION
0020776,https://www.dot.ga.gov/applications/geopi/Pages/Dashboard.aspx?ProjectId=0020776,Columbia,SR 47 @ SR 223,PRE-CONSTRUCTION
0020777,https://www.dot.ga.gov/applications/geopi/Pages/Dashboard.aspx?ProjectId=0020777,Fayette,SR 279 @ SR 314,PRE-CONSTRUCTION
0020778,https://www.dot.ga.gov/applications/geopi/Pages/Dashboard.aspx?ProjectId=0020778,Forsyth,SR 141 From SR 400 To Bennett Pkwy,PRE-CONSTRUCTION
0020779,https://www.dot.ga.gov/applications/geopi/Pages/Dashboard.aspx?ProjectId=0020779,Glynn,SR 520/US 17 @ I-95 Nb Ramp,PRE-CONSTRUCTION
0020781,https://www.dot.ga.gov/applications/geopi/Pages/Dashboard.aspx?ProjectId=0020781,Effingham,SR 30 @ Midland Road,PRE-CONSTRUCTION
0020782,https://www.dot.ga.gov/applications/geopi/Pages/Dashboard.aspx?ProjectId=0020782,Catoosa,Battlefield Pkwy Trail Extension & Foot Bridge,PRE-CONSTRUCTION
0020789,https://www.dot.ga.gov/applications/geopi/Pages/Dashboard.aspx?ProjectId=0020789,Decatur,SR 38/US 84 @ SR 1/US 27 - Ddi,PRE-CONSTRUCTION
0020790,https://www.dot.ga.gov/applications/geopi/Pages/Dashboard.aspx?ProjectId=0020790,Pulaski,City Of Hawkinsville Pedestrian Improvements @ 8 Locs,PRE-CONSTRUCTION
0020791,https://www.dot.ga.gov/applications/geopi/Pages/Dashboard.aspx?ProjectId=0020791,Pickens,N Main Street From Chambers Street To Burton Street,PRE-CONSTRUCTION
0020792,https://www.dot.ga.gov/applications/geopi/Pages/Dashboard.aspx?ProjectId=0020792,Morgan,Horse Branch Trail From Bethany Road To East Ave,PRE-CONSTRUCTION
0020793,https://www.dot.ga.gov/applications/geopi/Pages/Dashboard.aspx?ProjectId=0020793,All Counties,Signing & Marking @ 95 Gnrr Locs In District 6,PRE-CONSTRUCTION
0020794,https://www.dot.ga.gov/applications/geopi/Pages/Dashboard.aspx?ProjectId=0020794,All Counties,Signing & Marking @ 100 Ccky & Tag Locs In District 6,PRE-CONSTRUCTION
0020795,https://www.dot.ga.gov/applications/geopi/Pages/Dashboard.aspx?ProjectId=0020795,Cook,Off-System Safety Improvements @ 11 Locs In Cook County,PRE-CONSTRUCTION
0020797,https://www.dot.ga.gov/applications/geopi/Pages/Dashboard.aspx?ProjectId=0020797,DeKalb,SR 42/US 23 @ Bailey Street,PRE-CONSTRUCTION
0020927,https://www.dot.ga.gov/applications/geopi/Pages/Dashboard.aspx?ProjectId=0020927,Fulton,SR 141 From Old Alabama Road To State Bridge Road,PRE-CONSTRUCTION
0020928,https://www.dot.ga.gov/applications/geopi/Pages/Dashboard.aspx?ProjectId=0020928,Pierce,Little Hurricane Creek Road @ Little Hurricane Creek Trib,PRE-CONSTRUCTION
0020929,https://www.dot.ga.gov/applications/geopi/Pages/Dashboard.aspx?ProjectId=0020929,Grady,Lower Hawthorne Trail @ Bryants Mill Creek,PRE-CONSTRUCTION
0020930,https://www.dot.ga.gov/applications/geopi/Pages/Dashboard.aspx?ProjectId=0020930,Bulloch,SR 67 From Georgia Ave To SR 67 Byp/SR 73 Byp,PRE-CONSTRUCTION
0020931,https://www.dot.ga.gov/applications/geopi/Pages/Dashboard.aspx?ProjectId=0020931,Bulloch,SR 67 @ SR 67 Byp/SR 73 Byp,PRE-CONSTRUCTION
0020932,https://www.dot.ga.gov/applications/geopi/Pages/Dashboard.aspx?ProjectId=0020932,Haralson,SR 113 @ Morgan Road,PRE-CONSTRUCTION
0020933,https://www.dot.ga.gov/applications/geopi/Pages/Dashboard.aspx?ProjectId=0020933,Clarke,SR 10/US 78 From Epps Bridge Road To Hodgson Drive - Vru,PRE-CONSTRUCTION
0020937,https://www.dot.ga.gov/applications/geopi/Pages/Dashboard.aspx?ProjectId=0020937,Jackson,I-85 Nb @ SR 53,PRE-CONSTRUCTION
0020938,https://www.dot.ga.gov/applications/geopi/Pages/Dashboard.aspx?ProjectId=0020938,Cherokee,SR 108 @ SR 140,PRE-CONSTRUCTION
0020939,https://www.dot.ga.gov/applications/geopi/Pages/Dashboard.aspx?ProjectId=0020939,Cobb,SR 5 Conn @ Mall Blvd,PRE-CONSTRUCTION
0020940,https://www.dot.ga.gov/applications/geopi/Pages/Dashboard.aspx?ProjectId=0020940,Dade,SR 58 @ SR 299,PRE-CONSTRUCTION
0020948,https://www.dot.ga.gov/applications/geopi/Pages/Dashboard.aspx?ProjectId=0020948,Wilkinson,SR 18 @ SR 540,PRE-CONSTRUCTION
0020949,https://www.dot.ga.gov/applications/geopi/Pages/Dashboard.aspx?ProjectId=0020949,Bryan,SR 67 @ SR 119,PRE-CONSTRUCTION
0020950,https://www.dot.ga.gov/applications/geopi/Pages/Dashboard.aspx?ProjectId=0020950,Tattnall,SR 23/SR 57 @ SR 144,PRE-CONSTRUCTION
0020951,https://www.dot.ga.gov/applications/geopi/Pages/Dashboard.aspx?ProjectId=0020951,"Clayton , Fulton",I-85 From Riverdale Road To I-75,PRE-CONSTRUCTION
0020952,https://www.dot.ga.gov/applications/geopi/Pages/Dashboard.aspx?ProjectId=0020952,Fulton,I-75 @ SR 154 - Tunnel Lighting,PRE-CONSTRUCTION
0020953,https://www.dot.ga.gov/applications/geopi/Pages/Dashboard.aspx?ProjectId=0020953,Fulton,I-75 @ Ralph Mcgill Blvd & @ Baker Street - Tunnel Lighting,PRE-CONSTRUCTION
0020954,https://www.dot.ga.gov/applications/geopi/Pages/Dashboard.aspx?ProjectId=0020954,Fulton,I-75 From I-20 To I-85,PRE-CONSTRUCTION
0020955,https://www.dot.ga.gov/applications/geopi/Pages/Dashboard.aspx?ProjectId=0020955,Fulton,I-75 From I-85 To Memorial Drive,PRE-CONSTRUCTION
0020989,https://www.dot.ga.gov/applications/geopi/Pages/Dashboard.aspx?ProjectId=0020989,Brooks,Beasley Road @ Carroll Creek Tributary,PRE-CONSTRUCTION
0021092,https://www.dot.ga.gov/applications/geopi/Pages/Dashboard.aspx?ProjectId=0021092,"Cherokee , Cobb , Fulton",I-75 & I-85 @ 5 Locs - Ramp Meter Improvements,PRE-CONSTRUCTION
0021093,https://www.dot.ga.gov/applications/geopi/Pages/Dashboard.aspx?ProjectId=0021093,"Clayton , DeKalb , Fulton",I-285 From Columbia Dr To Boulder Park Dr - Aid Upgrades,PRE-CONSTRUCTION
0021094,https://www.dot.ga.gov/applications/geopi/Pages/Dashboard.aspx?ProjectId=0021094,All Counties,CCTV Expansion @ 15 Ramp Meter Locs In District 1; 3; 6 & 7,PRE-CONSTRUCTION
0021153,https://www.dot.ga.gov/applications/geopi/Pages/Dashboard.aspx?ProjectId=0021153,Bartow,SR 293 @ Burnt Hickory Road & @ Mac Johnson Road,PRE-CONSTRUCTION
0021155,https://www.dot.ga.gov/applications/geopi/Pages/Dashboard.aspx?ProjectId=0021155,Dawson,SR 400 From Lee Castleberry Road To Lumpkin Campground Road,PRE-CONSTRUCTION
0021157,https://www.dot.ga.gov/applications/geopi/Pages/Dashboard.aspx?ProjectId=0021157,Newton,SR 162 @ SR 162 Conn,PRE-CONSTRUCTION
0021158,https://www.dot.ga.gov/applications/geopi/Pages/Dashboard.aspx?ProjectId=0021158,Spalding,Zebulon Road From Pineywood Road To Crescent Road,PRE-CONSTRUCTION
0021162,https://www.dot.ga.gov/applications/geopi/Pages/Dashboard.aspx?ProjectId=0021162,Floyd,Electric Vehicle Charging Stations @ Various Locs In Rome,PRE-CONSTRUCTION
0021181,https://www.dot.ga.gov/applications/geopi/Pages/Dashboard.aspx?ProjectId=0021181,Fulton,SR 6 @ Commerce Drive,PRE-CONSTRUCTION
0021182,https://www.dot.ga.gov/applications/geopi/Pages/Dashboard.aspx?ProjectId=0021182,Cobb,SR 5 Spur @ Sandy Plains Road,PRE-CONSTRUCTION
0021183,https://www.dot.ga.gov/applications/geopi/Pages/Dashboard.aspx?ProjectId=0021183,Douglas,SR 166 @ Post Road,PRE-CONSTRUCTION
0021192,https://www.dot.ga.gov/applications/geopi/Pages/Dashboard.aspx?ProjectId=0021192,Fulton,SR 13 @ I-85 - Tunnel Lighting,PRE-CONSTRUCTION
0021195,https://www.dot.ga.gov/applications/geopi/Pages/Dashboard.aspx?ProjectId=0021195,Fulton,Lakewood Trail From Atlanta Beltline To Pryor Road - Phase I,PRE-CONSTRUCTION
0021196,https://www.dot.ga.gov/applications/geopi/Pages/Dashboard.aspx?ProjectId=0021196,Cherokee,Noonday Creek Trail From Main Street To Market Street,PRE-CONSTRUCTION
0021197,https://www.dot.ga.gov/applications/geopi/Pages/Dashboard.aspx?ProjectId=0021197,Clayton,Clayton County Resurfacing @ 5 Locs,PRE-CONSTRUCTION
0021198,https://www.dot.ga.gov/applications/geopi/Pages/Dashboard.aspx?ProjectId=0021198,Clayton,Clayton County Traffic Signal & Its Cyber Security Upgrades,PRE-CONSTRUCTION
0021199,https://www.dot.ga.gov/applications/geopi/Pages/Dashboard.aspx?ProjectId=0021199,Cobb,Noonday Creek Trl Ext From Bells Ferry Trl To Shallowford RD,PRE-CONSTRUCTION
0021201,https://www.dot.ga.gov/applications/geopi/Pages/Dashboard.aspx?ProjectId=0021201,Cobb,Barrett Parkway From Villa Rica Road To Ridenour Blvd,PRE-CONSTRUCTION
0021203,https://www.dot.ga.gov/applications/geopi/Pages/Dashboard.aspx?ProjectId=0021203,DeKalb,SR 155/US 23 @ Azalea Cir & @ North Druid Hills Road,PRE-CONSTRUCTION
0021204,https://www.dot.ga.gov/applications/geopi/Pages/Dashboard.aspx?ProjectId=0021204,DeKalb,SR 236 @ North Druid Hills Road,PRE-CONSTRUCTION
0021205,https://www.dot.ga.gov/applications/geopi/Pages/Dashboard.aspx?ProjectId=0021205,Douglas,Old Lower River RD & Riverside Pkwy @ 4 Locs - Srts ,PRE-CONSTRUCTION
0021206,https://www.dot.ga.gov/applications/geopi/Pages/Dashboard.aspx?ProjectId=0021206,Fayette,Sandy Creek Road @ Eastin Road/Sams Drive/Trustin Lake Drive,PRE-CONSTRUCTION
0021207,https://www.dot.ga.gov/applications/geopi/Pages/Dashboard.aspx?ProjectId=0021207,Fulton,SR 372 @ Batesville Road,PRE-CONSTRUCTION
0021208,https://www.dot.ga.gov/applications/geopi/Pages/Dashboard.aspx?ProjectId=0021208,Fulton,SR 372 @ New Bullpen Road,PRE-CONSTRUCTION
0021211,https://www.dot.ga.gov/applications/geopi/Pages/Dashboard.aspx?ProjectId=0021211,"Fulton , Gwinnett",Jones Bridge Park Connector @ Chattahoochee River-Ped Bridge,PRE-CONSTRUCTION
0021212,https://www.dot.ga.gov/applications/geopi/Pages/Dashboard.aspx?ProjectId=0021212,Henry,West King Road Connector - Pedestrian Bridge,PRE-CONSTRUCTION
0021213,https://www.dot.ga.gov/applications/geopi/Pages/Dashboard.aspx?ProjectId=0021213,Henry,SR 92 From I-75 To Rosebud Lane,PRE-CONSTRUCTION
0021218,https://www.dot.ga.gov/applications/geopi/Pages/Dashboard.aspx?ProjectId=0021218,Newton,Brown Bridge Road From Jack Neely Road To Crowell Road,PRE-CONSTRUCTION
0021219,https://www.dot.ga.gov/applications/geopi/Pages/Dashboard.aspx?ProjectId=0021219,Paulding,Dallas Battlefield Trl From SR 61 To Silver Comet Trl-Phase III,PRE-CONSTRUCTION
0021220,https://www.dot.ga.gov/applications/geopi/Pages/Dashboard.aspx?ProjectId=0021220,Rockdale,Sigman Road From Irwin Bridge Road To SR 20 - Phase IIIa,PRE-CONSTRUCTION
0021221,https://www.dot.ga.gov/applications/geopi/Pages/Dashboard.aspx?ProjectId=0021221,Rockdale,Green Street From Conyers City Limit To West Ave,PRE-CONSTRUCTION
0021222,https://www.dot.ga.gov/applications/geopi/Pages/Dashboard.aspx?ProjectId=0021222,Douglas,Greenway Trail From Boundary Waters Park To SR 166 - Phase I,PRE-CONSTRUCTION
0021223,https://www.dot.ga.gov/applications/geopi/Pages/Dashboard.aspx?ProjectId=0021223,Fulton,Path 400 Trail Ext From Windsor Pkwy To N Of Baroque Cir-Phase II,PRE-CONSTRUCTION
0021224,https://www.dot.ga.gov/applications/geopi/Pages/Dashboard.aspx?ProjectId=0021224,Greene,Rail Fence Road @ Griffin Creek,PRE-CONSTRUCTION
0021225,https://www.dot.ga.gov/applications/geopi/Pages/Dashboard.aspx?ProjectId=0021225,"Brantley , Camden",New Post Road @ County Line Branch,PRE-CONSTRUCTION
0021226,https://www.dot.ga.gov/applications/geopi/Pages/Dashboard.aspx?ProjectId=0021226,Pike,Line Road @ Turnpike Creek,PRE-CONSTRUCTION
0021227,https://www.dot.ga.gov/applications/geopi/Pages/Dashboard.aspx?ProjectId=0021227,Johnson,New Home Church Road @ Little Ohoopee River,PRE-CONSTRUCTION
0021228,https://www.dot.ga.gov/applications/geopi/Pages/Dashboard.aspx?ProjectId=0021228,Lincoln,Lewis Cook Road @ Florence Creek,PRE-CONSTRUCTION
0021229,https://www.dot.ga.gov/applications/geopi/Pages/Dashboard.aspx?ProjectId=0021229,Treutlen,Knox Mill Road @ Rocky Creek,PRE-CONSTRUCTION
0021233,https://www.dot.ga.gov/applications/geopi/Pages/Dashboard.aspx?ProjectId=0021233,Dawson,SR 9 @ Perimeter Road,PRE-CONSTRUCTION
0021234,https://www.dot.ga.gov/applications/geopi/Pages/Dashboard.aspx?ProjectId=0021234,Dawson,SR 53 @ Allen Street,PRE-CONSTRUCTION
0021235,https://www.dot.ga.gov/applications/geopi/Pages/Dashboard.aspx?ProjectId=0021235,Habersham,Georgia Street; Johnny Mize Drive & Massachusetts Blvd,PRE-CONSTRUCTION
0021236,https://www.dot.ga.gov/applications/geopi/Pages/Dashboard.aspx?ProjectId=0021236,Habersham,Hazel Street @ Holly Street,PRE-CONSTRUCTION
0021237,https://www.dot.ga.gov/applications/geopi/Pages/Dashboard.aspx?ProjectId=0021237,Long,Mcqueen Street @ Main Street,PRE-CONSTRUCTION
0021238,https://www.dot.ga.gov/applications/geopi/Pages/Dashboard.aspx?ProjectId=0021238,Washington,Main St From W Of Smith To Church& Smith St From Main To Fargo,PRE-CONSTRUCTION
0021239,https://www.dot.ga.gov/applications/geopi/Pages/Dashboard.aspx?ProjectId=0021239,"Fulton , Gwinnett",SR 120 From Boles Road To River Mill Drive,PRE-CONSTRUCTION
0021242,https://www.dot.ga.gov/applications/geopi/Pages/Dashboard.aspx?ProjectId=0021242,Oglethorpe,Firefly Trail From Maxeys City Limits To Greene County Line,PRE-CONSTRUCTION
0021243,https://www.dot.ga.gov/applications/geopi/Pages/Dashboard.aspx?ProjectId=0021243,Calhoun,SR 62; Cedar St; Dogwood Ave&Pioneer RD @ 4 Loc In Arlington,PRE-CONSTRUCTION
0021244,https://www.dot.ga.gov/applications/geopi/Pages/Dashboard.aspx?ProjectId=0021244,Clay,SR 39 From Habersham Street To Hobbs Lane In Fort Gaines,PRE-CONSTRUCTION
0021248,https://www.dot.ga.gov/applications/geopi/Pages/Dashboard.aspx?ProjectId=0021248,Dooly,Coney Road @ Pennahatchee Creek,PRE-CONSTRUCTION
0021249,https://www.dot.ga.gov/applications/geopi/Pages/Dashboard.aspx?ProjectId=0021249,Baker,Milford Road @ Ichawaynochaway Trib Overflow,PRE-CONSTRUCTION
0021254,https://www.dot.ga.gov/applications/geopi/Pages/Dashboard.aspx?ProjectId=0021254,Douglas,Off-System Safety Improvements @ 19 Locs In Douglas County,PRE-CONSTRUCTION
0021255,https://www.dot.ga.gov/applications/geopi/Pages/Dashboard.aspx?ProjectId=0021255,Houston,St Patricks Drive Extension From SR 7 To SR 11 Conn,PRE-CONSTRUCTION
0021256,https://www.dot.ga.gov/applications/geopi/Pages/Dashboard.aspx?ProjectId=0021256,Jefferson,City Of Bartow Sidewalks @ 15 Locs,PRE-CONSTRUCTION
0021257,https://www.dot.ga.gov/applications/geopi/Pages/Dashboard.aspx?ProjectId=0021257,Jefferson,Butts Street From SR 4Bu To N Mlk Blvd In Wadley,PRE-CONSTRUCTION
0021258,https://www.dot.ga.gov/applications/geopi/Pages/Dashboard.aspx?ProjectId=0021258,Oconee,SR 24/US 441 From Bishop City Limits To SR 186,PRE-CONSTRUCTION
0021259,https://www.dot.ga.gov/applications/geopi/Pages/Dashboard.aspx?ProjectId=0021259,Towns,City Of Hiawassee Sidewalks @ 6 Locs,PRE-CONSTRUCTION
0021261,https://www.dot.ga.gov/applications/geopi/Pages/Dashboard.aspx?ProjectId=0021261,Meriwether,City Of Luthersville Sidewalks @ 4 Locs,PRE-CONSTRUCTION
0021262,https://www.dot.ga.gov/applications/geopi/Pages/Dashboard.aspx?ProjectId=0021262,Chatham,SR 21; SR 25 & SR 204 @ 5 Locs - Signal Upgrades,PRE-CONSTRUCTION
110462-,https://www.dot.ga.gov/applications/geopi/Pages/Dashboard.aspx?ProjectId=110462-,Franklin,I-85 @ Rest Area # 81 Mp 161 - Recst/Expand,PRE-CONSTRUCTION
11Y740-,https://www.dot.ga.gov/applications/geopi/Pages/Dashboard.aspx?ProjectId=11Y740-,All Counties,Deck Overlay In District 1 /110740,UNDER-CONSTRUCTION
11Y760-,https://www.dot.ga.gov/applications/geopi/Pages/Dashboard.aspx?ProjectId=11Y760-,All Counties,Minor Joint Replacement In District 1 /110760,UNDER-CONSTRUCTION
121340-,https://www.dot.ga.gov/applications/geopi/Pages/Dashboard.aspx?ProjectId=121340-,Jackson,SR 11 - Widng & Recon,COMPLETED-CONSTRUCTION
121674-,https://www.dot.ga.gov/applications/geopi/Pages/Dashboard.aspx?ProjectId=121674-,Gwinnett,P'Tree Ind Blvd From Rogers Bridge RD To SO Of Suwanee Ck *Gf,UNDER-CONSTRUCTION
121690-,https://www.dot.ga.gov/applications/geopi/Pages/Dashboard.aspx?ProjectId=121690-,Forsyth,SR 9 - Widen & Recon,UNDER-CONSTRUCTION
122060-,https://www.dot.ga.gov/applications/geopi/Pages/Dashboard.aspx?ProjectId=122060-,Hall,SR 11/US 129 From Lakeview Street To S Of Nopone RD-Phase I,PRE-CONSTRUCTION
122066-,https://www.dot.ga.gov/applications/geopi/Pages/Dashboard.aspx?ProjectId=122066-,Hall,US 129/SR 11 - Bridge Replacement,COMPLETED-CONSTRUCTION
122150-,https://www.dot.ga.gov/applications/geopi/Pages/Dashboard.aspx?ProjectId=122150-,"Hall , Jackson",SR 11 - Widng & Recon,COMPLETED-CONSTRUCTION
122200-,https://www.dot.ga.gov/applications/geopi/Pages/Dashboard.aspx?ProjectId=122200-,Union,SR 11 From SR 515 To CR 236/Gumlog Road,PRE-CONSTRUCTION
122600-,https://www.dot.ga.gov/applications/geopi/Pages/Dashboard.aspx?ProjectId=122600-,Clarke,US 78/SR 10 Loop - Widening,UNDER-CONSTRUCTION
122730-,https://www.dot.ga.gov/applications/geopi/Pages/Dashboard.aspx?ProjectId=122730-,Rabun,SR 15/US 441 From 700' South To The North Carolina State Line,UNDER-CONSTRUCTION
122750-,https://www.dot.ga.gov/applications/geopi/Pages/Dashboard.aspx?ProjectId=122750-,Gwinnett,SR 316 From Riverside Parkway To East Of Walther Blvd,PRE-CONSTRUCTION
122760-,https://www.dot.ga.gov/applications/geopi/Pages/Dashboard.aspx?ProjectId=122760-,Gwinnett,SR 316 From E Of SR 20 To W Of CR 183/Progress Center Ave,PRE-CONSTRUCTION
122770-,https://www.dot.ga.gov/applications/geopi/Pages/Dashboard.aspx?ProjectId=122770-,Gwinnett,SR 316 From W Of CR 183/Progress Center Ave To E Of Cedars RD,PRE-CONSTRUCTION
122890-,https://www.dot.ga.gov/applications/geopi/Pages/Dashboard.aspx?ProjectId=122890-,Clarke,US 78/SR 10 (Atlanta Hwy) - Intrchg Improv,UNDER-CONSTRUCTION
122900-,https://www.dot.ga.gov/applications/geopi/Pages/Dashboard.aspx?ProjectId=122900-,Union,US 76/SR 2/SR 515 - Stream Restoration & Widening,UNDER-CONSTRUCTION
12Y674-,https://www.dot.ga.gov/applications/geopi/Pages/Dashboard.aspx?ProjectId=12Y674-,Gwinnett,P'Tree Ind Blvd From Rogers Bridge RD To SO Of Suwanee Ck *Gf,UNDER-CONSTRUCTION
132280-,https://www.dot.ga.gov/applications/geopi/Pages/Dashboard.aspx?ProjectId=132280-,Hall,Cornelia Hwy From CR 1582/Old Cornelia Hwy To Joe Chandler RD,PRE-CONSTRUCTION
132530-,https://www.dot.ga.gov/applications/geopi/Pages/Dashboard.aspx?ProjectId=132530-,Hall,SR 11 Bu From S Enota To Limestone Road,PRE-CONSTRUCTION
13Y065-,https://www.dot.ga.gov/applications/geopi/Pages/Dashboard.aspx?ProjectId=13Y065-,All Counties,Joint Rehabilitation Project On 9-Bridges In Dist 1/133065,UNDER-CONSTRUCTION
142190-,https://www.dot.ga.gov/applications/geopi/Pages/Dashboard.aspx?ProjectId=142190-,Hall,SR 60 From CR 711/Lee Land Road To I-985,PRE-CONSTRUCTION
170893-,https://www.dot.ga.gov/applications/geopi/Pages/Dashboard.aspx?ProjectId=170893-,Habersham,CS 773/CS 787/Seventh St @ Southern Railroad In Mount Airy,PRE-CONSTRUCTION
210295-,https://www.dot.ga.gov/applications/geopi/Pages/Dashboard.aspx?ProjectId=210295-,Richmond,I-20 @ Murray RD Ext/Transport Of Borrow & Grading/Ext Agmt,UNDER-CONSTRUCTION
210327-,https://www.dot.ga.gov/applications/geopi/Pages/Dashboard.aspx?ProjectId=210327-,Richmond,I-20/SR 402 - Db Bridge Replacements,COMPLETED-CONSTRUCTION
220680-,https://www.dot.ga.gov/applications/geopi/Pages/Dashboard.aspx?ProjectId=220680-,Richmond,SR 4/15Th  - Widening & Reconstr,COMPLETED-CONSTRUCTION
222120-,https://www.dot.ga.gov/applications/geopi/Pages/Dashboard.aspx?ProjectId=222120-,Jefferson,US 1/SR 4 - Widening And Reconstruction,UNDER-CONSTRUCTION
222150-,https://www.dot.ga.gov/applications/geopi/Pages/Dashboard.aspx?ProjectId=222150-,Jefferson,US 221/US 1/SR 4 - Widneing & Reconstruction,UNDER-CONSTRUCTION
222160-,https://www.dot.ga.gov/applications/geopi/Pages/Dashboard.aspx?ProjectId=222160-,Jefferson,US 1/SR 4 - Widening And Reconstruction,UNDER-CONSTRUCTION
222170-,https://www.dot.ga.gov/applications/geopi/Pages/Dashboard.aspx?ProjectId=222170-,Jefferson,US 1/SR 4 - Widening And Reconstruction,UNDER-CONSTRUCTION
222260-,https://www.dot.ga.gov/applications/geopi/Pages/Dashboard.aspx?ProjectId=222260-,Wilkes,SR 17 From Tignall City Limits To Tignall City Limits-Phase III,PRE-CONSTRUCTION
222295-,https://www.dot.ga.gov/applications/geopi/Pages/Dashboard.aspx?ProjectId=222295-,Jefferson,SR 88/SR 540 From SR 171 @ Grange To SR 296 SW Of Wrens,UNDER-CONSTRUCTION
222410-,https://www.dot.ga.gov/applications/geopi/Pages/Dashboard.aspx?ProjectId=222410-,"Bleckley , Dodge",SR 87 - Widening & Recon,UNDER-CONSTRUCTION
227815-,https://www.dot.ga.gov/applications/geopi/Pages/Dashboard.aspx?ProjectId=227815-,McDuffie,"US 78/SR 17 - Widening, Reconstruction & Bridge Rehab",COMPLETED-CONSTRUCTION
227816-,https://www.dot.ga.gov/applications/geopi/Pages/Dashboard.aspx?ProjectId=227816-,McDuffie,"US 78/SR 17 - Widening, Reconstruction & Bridge Rehab",COMPLETED-CONSTRUCTION
231210-,https://www.dot.ga.gov/applications/geopi/Pages/Dashboard.aspx?ProjectId=231210-,Newton,SR 162 - Widen & Recon,PRE-CONSTRUCTION
232040-,https://www.dot.ga.gov/applications/geopi/Pages/Dashboard.aspx?ProjectId=232040-,Putnam,SR 16/Sumter St In Eatonton @ Norfolk Southern Rr #733043T,UNDER-CONSTRUCTION
232330-,https://www.dot.ga.gov/applications/geopi/Pages/Dashboard.aspx?ProjectId=232330-,Newton,SR 36 - Intersection Improvements,COMPLETED-CONSTRUCTION
232350-,https://www.dot.ga.gov/applications/geopi/Pages/Dashboard.aspx?ProjectId=232350-,"Baldwin , Jones",SR 22 From Gray Byp/Jones CO To SR 29 Near Milledgeville/Baldw,PRE-CONSTRUCTION
245090-,https://www.dot.ga.gov/applications/geopi/Pages/Dashboard.aspx?ProjectId=245090-,Washington,SR 15 Byp (CR 67) - Major Widening & Rcns,COMPLETED-CONSTRUCTION
250600-,https://www.dot.ga.gov/applications/geopi/Pages/Dashboard.aspx?ProjectId=250600-,Columbia,Flowing Wells RD From I-20 To SR 104/Washington RD - TIA,UNDER-CONSTRUCTION
262027-,https://www.dot.ga.gov/applications/geopi/Pages/Dashboard.aspx?ProjectId=262027-,Laurens,US 319/US 441/SR 31 - RDwy Reconst,UNDER-CONSTRUCTION
262160-,https://www.dot.ga.gov/applications/geopi/Pages/Dashboard.aspx?ProjectId=262160-,Jenkins,Millen Byp From SR 21 Near CR 197 E Of Millen NW To SR 121,UNDER-CONSTRUCTION
262170-,https://www.dot.ga.gov/applications/geopi/Pages/Dashboard.aspx?ProjectId=262170-,Screven,Sylvania Byp From SR 73/US 301 S/Sylvania E To SR 21,UNDER-CONSTRUCTION
262500-,https://www.dot.ga.gov/applications/geopi/Pages/Dashboard.aspx?ProjectId=262500-,Laurens,CR 493/Industrial Blvd From SR 31/US 441 To SR 26/US 80,PRE-CONSTRUCTION
270720-,https://www.dot.ga.gov/applications/geopi/Pages/Dashboard.aspx?ProjectId=270720-,Laurens,CR 266/George Parrot Road @ Bay Creek S Of Cadwell,PRE-CONSTRUCTION
270721-,https://www.dot.ga.gov/applications/geopi/Pages/Dashboard.aspx?ProjectId=270721-,Laurens,CR 317/Taylor Rowland RD @ Stitchihatchie Creek E Of Dexter,PRE-CONSTRUCTION
270722-,https://www.dot.ga.gov/applications/geopi/Pages/Dashboard.aspx?ProjectId=270722-,Laurens,CR 216/Sudie Pearl Jones Road @ Whitewater Creek W Of SR 126,PRE-CONSTRUCTION
270723-,https://www.dot.ga.gov/applications/geopi/Pages/Dashboard.aspx?ProjectId=270723-,Laurens,CR 761/Baughnaugh Claughbaugh RD @ Whitwater Crk E Of SR 19,PRE-CONSTRUCTION
270726-,https://www.dot.ga.gov/applications/geopi/Pages/Dashboard.aspx?ProjectId=270726-,Laurens,CR 194/Little New York Road @ Ochwalkee Creek SE Of Cadwell,PRE-CONSTRUCTION
270727-,https://www.dot.ga.gov/applications/geopi/Pages/Dashboard.aspx?ProjectId=270727-,Laurens,CR 358/CR 882/Gardner Dominey Road @ Ford Branch Creek,PRE-CONSTRUCTION
270728-,https://www.dot.ga.gov/applications/geopi/Pages/Dashboard.aspx?ProjectId=270728-,Laurens,CR 214/Chic Inn Road @ Lime Sink Creek S Of SR 46 ,PRE-CONSTRUCTION
270729-,https://www.dot.ga.gov/applications/geopi/Pages/Dashboard.aspx?ProjectId=270729-,Laurens,CR 304/Thomas Springs Road @ Blue Water Creek East Of Dexter,PRE-CONSTRUCTION
270730-,https://www.dot.ga.gov/applications/geopi/Pages/Dashboard.aspx?ProjectId=270730-,Laurens,CR 395/Ellington Road East Of Allentown @ Turkey Crk,PRE-CONSTRUCTION
270731-,https://www.dot.ga.gov/applications/geopi/Pages/Dashboard.aspx?ProjectId=270731-,Laurens,CR 292/Springhaven Road @ Blue Water Creek NE Of Dexter,PRE-CONSTRUCTION
270733-,https://www.dot.ga.gov/applications/geopi/Pages/Dashboard.aspx?ProjectId=270733-,Laurens,CR 235/Long Gay Road @ Long Branch SE Of Cadwell,PRE-CONSTRUCTION
270734-,https://www.dot.ga.gov/applications/geopi/Pages/Dashboard.aspx?ProjectId=270734-,Laurens,CR 338/Walke Dairy Road N Of I-16 @ Turkey Creek Overflow,PRE-CONSTRUCTION
270735-,https://www.dot.ga.gov/applications/geopi/Pages/Dashboard.aspx?ProjectId=270735-,Laurens,CR 239/Butler Road SE Of Cadwell @ Lime Sink Creek,PRE-CONSTRUCTION
270736-,https://www.dot.ga.gov/applications/geopi/Pages/Dashboard.aspx?ProjectId=270736-,Laurens,CR 395/Ellington Road @ Turkey Creek Overflow NW Of Montrose,PRE-CONSTRUCTION
270737-,https://www.dot.ga.gov/applications/geopi/Pages/Dashboard.aspx?ProjectId=270737-,Laurens,CR 73/Vernon Woodard Road @ Indian Branch E Of East Dublin,PRE-CONSTRUCTION
270738-,https://www.dot.ga.gov/applications/geopi/Pages/Dashboard.aspx?ProjectId=270738-,Laurens,CR 338/Walke Dairy Road @ Turkey Creek W Of Dublin,PRE-CONSTRUCTION
270739-,https://www.dot.ga.gov/applications/geopi/Pages/Dashboard.aspx?ProjectId=270739-,Laurens,CR 482/Whipples Crossing Road @ Rock Creek SE Of Dudley ,PRE-CONSTRUCTION
270740-,https://www.dot.ga.gov/applications/geopi/Pages/Dashboard.aspx?ProjectId=270740-,Laurens,CR 145/Rock Springs Road @ Flat Creek SE Of Dublin,PRE-CONSTRUCTION
270741-,https://www.dot.ga.gov/applications/geopi/Pages/Dashboard.aspx?ProjectId=270741-,Laurens,CR 338/Walke Dairy Road @ Turkey Creek Overflow N Of Dublin ,PRE-CONSTRUCTION
270743-,https://www.dot.ga.gov/applications/geopi/Pages/Dashboard.aspx?ProjectId=270743-,Laurens,CR 343/Lord Dexter Road @ Buckhorn Branch S Of Dudley,PRE-CONSTRUCTION
270744-,https://www.dot.ga.gov/applications/geopi/Pages/Dashboard.aspx?ProjectId=270744-,Laurens,CR 146/Greg Couey Road @ Reedy Creek S Of Dublin,PRE-CONSTRUCTION
270747-,https://www.dot.ga.gov/applications/geopi/Pages/Dashboard.aspx?ProjectId=270747-,Laurens,CR 52 @ Brewton Creek N Of Brewton,PRE-CONSTRUCTION
270750-,https://www.dot.ga.gov/applications/geopi/Pages/Dashboard.aspx?ProjectId=270750-,Newton,CR 19/Oak Hill Road @ Snapping Shoals Creek SW Of Porterdale,PRE-CONSTRUCTION
270770-,https://www.dot.ga.gov/applications/geopi/Pages/Dashboard.aspx?ProjectId=270770-,Washington,CR 9/Chambers Brooks Spring RD @ Keg Creek W Of Sandersville,PRE-CONSTRUCTION
270780-,https://www.dot.ga.gov/applications/geopi/Pages/Dashboard.aspx?ProjectId=270780-,Wilkinson,CR 194/E H Snow Road @ Commissioner Crk Trib NW Of Mcintyre,PRE-CONSTRUCTION
270782-,https://www.dot.ga.gov/applications/geopi/Pages/Dashboard.aspx?ProjectId=270782-,Wilkinson,CR 194/E H Snow Road @ Commissioner Crk NW Of Mcintyre,PRE-CONSTRUCTION
270783-,https://www.dot.ga.gov/applications/geopi/Pages/Dashboard.aspx?ProjectId=270783-,Wilkinson,CR 153/Wriley @ Commissioner Crk Trib East Of Mcintyre ,PRE-CONSTRUCTION
27Y275-,https://www.dot.ga.gov/applications/geopi/Pages/Dashboard.aspx?ProjectId=27Y275-,Jefferson,CS 647/Donavan St In Wadley @ Norfolk Southn Rr #732764P,UNDER-CONSTRUCTION
311000-,https://www.dot.ga.gov/applications/geopi/Pages/Dashboard.aspx?ProjectId=311000-,Bibb,I-16/SR 404 - Interchange Improvements,COMPLETED-CONSTRUCTION
311005-,https://www.dot.ga.gov/applications/geopi/Pages/Dashboard.aspx?ProjectId=311005-,Bibb,I-16/SR 404 - Interchg Improv,UNDER-CONSTRUCTION
311400-,https://www.dot.ga.gov/applications/geopi/Pages/Dashboard.aspx?ProjectId=311400-,Bibb,I-75 From I-16 To CR 478/Pierce Ave - Phase VI,PRE-CONSTRUCTION
311410-,https://www.dot.ga.gov/applications/geopi/Pages/Dashboard.aspx?ProjectId=311410-,Bibb,I-16/SR 404 & I-75/SR 401 - Interchange Improvements,UNDER-CONSTRUCTION
312042-,https://www.dot.ga.gov/applications/geopi/Pages/Dashboard.aspx?ProjectId=312042-,"Harris , Monroe",I-185 Bridge Jack @ Old W Point RD & I-75 @ Pea Ridge/Monroe,UNDER-CONSTRUCTION
31Y100-,https://www.dot.ga.gov/applications/geopi/Pages/Dashboard.aspx?ProjectId=31Y100-,All Counties,Deck Overlay In District 3 /See 312100,UNDER-CONSTRUCTION
321690-,https://www.dot.ga.gov/applications/geopi/Pages/Dashboard.aspx?ProjectId=321690-,Macon,SR 26 Betwn Montezuma And I-75 @ 4 Locations,UNDER-CONSTRUCTION
321713-,https://www.dot.ga.gov/applications/geopi/Pages/Dashboard.aspx?ProjectId=321713-,Troup,SR 14 From Ferrell Road To Morgan Street,PRE-CONSTRUCTION
321880-,https://www.dot.ga.gov/applications/geopi/Pages/Dashboard.aspx?ProjectId=321880-,Meriwether,US 27 Alt/SR 41 - Bridge Repl,UNDER-CONSTRUCTION
322050-,https://www.dot.ga.gov/applications/geopi/Pages/Dashboard.aspx?ProjectId=322050-,"Clayton , Henry",SR 42 - Widen & Recon,UNDER-CONSTRUCTION
322250-,https://www.dot.ga.gov/applications/geopi/Pages/Dashboard.aspx?ProjectId=322250-,Troup,US 27/SR 1 (Hamilton RD) - Widen & Recon,UNDER-CONSTRUCTION
322460-,https://www.dot.ga.gov/applications/geopi/Pages/Dashboard.aspx?ProjectId=322460-,"Houston , Twiggs",SR 96 From E Of CR 540/Old Hawkinsville Road To W Of SR 87,PRE-CONSTRUCTION
322470-,https://www.dot.ga.gov/applications/geopi/Pages/Dashboard.aspx?ProjectId=322470-,Twiggs,SR 96 - Widen & Recon,UNDER-CONSTRUCTION
331680-,https://www.dot.ga.gov/applications/geopi/Pages/Dashboard.aspx?ProjectId=331680-,Spalding,CR 103/Buck Creek Road @ Buck Creek NE Orchard Hill,PRE-CONSTRUCTION
331690-,https://www.dot.ga.gov/applications/geopi/Pages/Dashboard.aspx?ProjectId=331690-,Spalding,CR 496/Hollonville Road @ Line Creek Tributary S Of SR 16,PRE-CONSTRUCTION
331700-,https://www.dot.ga.gov/applications/geopi/Pages/Dashboard.aspx?ProjectId=331700-,Marion,CR 164/Barwick RD @ Oochee Creek NW Of Schley CO Line ,PRE-CONSTRUCTION
331710-,https://www.dot.ga.gov/applications/geopi/Pages/Dashboard.aspx?ProjectId=331710-,Spalding,CR 35/Vaughn Road@ Heads Creek N Of SR 16 ,PRE-CONSTRUCTION
331720-,https://www.dot.ga.gov/applications/geopi/Pages/Dashboard.aspx?ProjectId=331720-,Spalding,CR 889/Jordan Hill Road @ Troublesome Creek N Of SR 16,PRE-CONSTRUCTION
331900-,https://www.dot.ga.gov/applications/geopi/Pages/Dashboard.aspx?ProjectId=331900-,"Lamar , Spalding",County Line Road (CR 222/CR 954) - Bridge Replac,UNDER-CONSTRUCTION
332180-,https://www.dot.ga.gov/applications/geopi/Pages/Dashboard.aspx?ProjectId=332180-,Coweta,SR 16 - Construction Roundabout,UNDER-CONSTRUCTION
332450-,https://www.dot.ga.gov/applications/geopi/Pages/Dashboard.aspx?ProjectId=332450-,Jones,SR 49 From Griswoldville Road To SR 18,PRE-CONSTRUCTION
342080-,https://www.dot.ga.gov/applications/geopi/Pages/Dashboard.aspx?ProjectId=342080-,Bibb,Ca - Jefferson'Le From Walnut Ck-Recreation & Miller'Ld To Bri,COMPLETED-CONSTRUCTION
342860-,https://www.dot.ga.gov/applications/geopi/Pages/Dashboard.aspx?ProjectId=342860-,Spalding,CR 509/Birdie Road @ Griffin Reservoir Trib NW Of Griffin,PRE-CONSTRUCTION
342880-,https://www.dot.ga.gov/applications/geopi/Pages/Dashboard.aspx?ProjectId=342880-,Upson,CR 22/Hannah Mill Road @ Potato Creek NW Edge Of Thomaston,PRE-CONSTRUCTION
342897-,https://www.dot.ga.gov/applications/geopi/Pages/Dashboard.aspx?ProjectId=342897-,"Henry , Spalding",SR 155- Shoulder Paving From CR 498 To SR 42/Spalding-34289X,UNDER-CONSTRUCTION
351090-,https://www.dot.ga.gov/applications/geopi/Pages/Dashboard.aspx?ProjectId=351090-,Bibb,Ca - Jefferson'Le From Walnut Ck-Recreation & Miller'Ld To Bri,COMPLETED-CONSTRUCTION
351095-,https://www.dot.ga.gov/applications/geopi/Pages/Dashboard.aspx?ProjectId=351095-,Bibb,Ca - Jefferson'Le From Walnut Ck-Recreation & Miller'Ld To Bri,COMPLETED-CONSTRUCTION
362713-,https://www.dot.ga.gov/applications/geopi/Pages/Dashboard.aspx?ProjectId=362713-,Houston,From Elko RD/Perry SE On Limerock RD & New Loc To S/Hayneville,UNDER-CONSTRUCTION
363315-,https://www.dot.ga.gov/applications/geopi/Pages/Dashboard.aspx?ProjectId=363315-,Houston,SR 824 From Courtney Hodges Blvd To Elko RD,UNDER-CONSTRUCTION
363660-,https://www.dot.ga.gov/applications/geopi/Pages/Dashboard.aspx?ProjectId=363660-,Macon,SR 90 @ CR 107,UNDER-CONSTRUCTION
370821-,https://www.dot.ga.gov/applications/geopi/Pages/Dashboard.aspx?ProjectId=370821-,Coweta,CR 129 @ Little White Oak Creek E Of Moreland ,PRE-CONSTRUCTION
370830-,https://www.dot.ga.gov/applications/geopi/Pages/Dashboard.aspx?ProjectId=370830-,Coweta,CR 214 @ Messiers Creek N Of Grantville,PRE-CONSTRUCTION
370833-,https://www.dot.ga.gov/applications/geopi/Pages/Dashboard.aspx?ProjectId=370833-,"Coweta , Meriwether",CR 169 @ Little White Oak Creek/Meriwether & Coweta CO Line,PRE-CONSTRUCTION
370835-,https://www.dot.ga.gov/applications/geopi/Pages/Dashboard.aspx?ProjectId=370835-,Coweta,CR 91 @ Central Of Ga Rr W Of Sharpsburg ,PRE-CONSTRUCTION
370836-,https://www.dot.ga.gov/applications/geopi/Pages/Dashboard.aspx?ProjectId=370836-,Coweta,CR 174 @ Gray Branch 4 MI SE Of Senoia,PRE-CONSTRUCTION
370842-,https://www.dot.ga.gov/applications/geopi/Pages/Dashboard.aspx?ProjectId=370842-,Dooly,CR 101 W/Vienna @ Pennahtachee Crk,PRE-CONSTRUCTION
370851-,https://www.dot.ga.gov/applications/geopi/Pages/Dashboard.aspx?ProjectId=370851-,Harris,CR 255 @ Grant Creek S Of Roosevelt State Park,PRE-CONSTRUCTION
370852-,https://www.dot.ga.gov/applications/geopi/Pages/Dashboard.aspx?ProjectId=370852-,Harris,CR 254 South Of Roosevelt State Park @ Bethlehem Crk,PRE-CONSTRUCTION
370860-,https://www.dot.ga.gov/applications/geopi/Pages/Dashboard.aspx?ProjectId=370860-,Jones,Howard Roberts RD - Construction Of A Bridge,COMPLETED-CONSTRUCTION
370880-,https://www.dot.ga.gov/applications/geopi/Pages/Dashboard.aspx?ProjectId=370880-,"Clayton , Spalding",CR 517 @ Bear Creek @ Clayton/Spalding CO Ln,PRE-CONSTRUCTION
370881-,https://www.dot.ga.gov/applications/geopi/Pages/Dashboard.aspx?ProjectId=370881-,Spalding,CR 170 @ Unnamed Creek E Of Fayette County Line,PRE-CONSTRUCTION
370882-,https://www.dot.ga.gov/applications/geopi/Pages/Dashboard.aspx?ProjectId=370882-,Spalding,CR 36 @ Wildcat Creek E Of Fayette County Line,PRE-CONSTRUCTION
370883-,https://www.dot.ga.gov/applications/geopi/Pages/Dashboard.aspx?ProjectId=370883-,Spalding,CR 115 @ Cabin Creek 1-1/2 Miles S Of SR 16,PRE-CONSTRUCTION
370885-,https://www.dot.ga.gov/applications/geopi/Pages/Dashboard.aspx?ProjectId=370885-,Spalding,CR 197/Moon Road @ Wildcat Creek W Of Griffin,PRE-CONSTRUCTION
370886-,https://www.dot.ga.gov/applications/geopi/Pages/Dashboard.aspx?ProjectId=370886-,Spalding,CR 185/Westmoreland Road @ Heads Creek Trib NW Of Griffin,PRE-CONSTRUCTION
370890-,https://www.dot.ga.gov/applications/geopi/Pages/Dashboard.aspx?ProjectId=370890-,Taylor,CR 113 @ Timms Creek N Of Butler,PRE-CONSTRUCTION
370891-,https://www.dot.ga.gov/applications/geopi/Pages/Dashboard.aspx?ProjectId=370891-,Taylor,CR 124 @ Patsiliga Crk NE Of Butler,PRE-CONSTRUCTION
370893-,https://www.dot.ga.gov/applications/geopi/Pages/Dashboard.aspx?ProjectId=370893-,Taylor,CR 128 @ Patsiliga Creek NW Of Reynold,PRE-CONSTRUCTION
370894-,https://www.dot.ga.gov/applications/geopi/Pages/Dashboard.aspx?ProjectId=370894-,Taylor,CR 195 @ Cedar Crk 3.5 MI S Of Rupert,PRE-CONSTRUCTION
370900-,https://www.dot.ga.gov/applications/geopi/Pages/Dashboard.aspx?ProjectId=370900-,Troup,CR 162 @ Mud Creek SE Of Lagrange,PRE-CONSTRUCTION
370904-,https://www.dot.ga.gov/applications/geopi/Pages/Dashboard.aspx?ProjectId=370904-,Troup,CR 226 @ Long Cane Creek E Of Lagrange,PRE-CONSTRUCTION
370905-,https://www.dot.ga.gov/applications/geopi/Pages/Dashboard.aspx?ProjectId=370905-,Troup,CR 78 @ Mud Creek S Of Lagrange,PRE-CONSTRUCTION
371050-,https://www.dot.ga.gov/applications/geopi/Pages/Dashboard.aspx?ProjectId=371050-,Upson,CR 129/Gordon School Road @ Town Branch 4 MI S Of Thomaston,PRE-CONSTRUCTION
371070-,https://www.dot.ga.gov/applications/geopi/Pages/Dashboard.aspx?ProjectId=371070-,Troup,Adams Road @ Big Branch 8 MI SW Of Lagrange,PRE-CONSTRUCTION
371071-,https://www.dot.ga.gov/applications/geopi/Pages/Dashboard.aspx?ProjectId=371071-,Troup,CR 99/Cannonville Road @ Long Cane Creek 3 MI SW Of Lagrange,PRE-CONSTRUCTION
371075-,https://www.dot.ga.gov/applications/geopi/Pages/Dashboard.aspx?ProjectId=371075-,Troup,CR 416/Smith Road @ Turkey Creek Trib 11 MI SE Of Lagrange,PRE-CONSTRUCTION
371077-,https://www.dot.ga.gov/applications/geopi/Pages/Dashboard.aspx?ProjectId=371077-,Troup,Mountville-Hogansville Road @ Beech Creek N Of Mountville,PRE-CONSTRUCTION
371079-,https://www.dot.ga.gov/applications/geopi/Pages/Dashboard.aspx?ProjectId=371079-,Troup,CR 417/Mnt'Lle-Hogansville @ Flat Creek S Of Hogansville,PRE-CONSTRUCTION
371090-,https://www.dot.ga.gov/applications/geopi/Pages/Dashboard.aspx?ProjectId=371090-,Spalding,CR 1/Manley Road @ Heads Creek Trib. 3 MI NW Of Griffin,PRE-CONSTRUCTION
371091-,https://www.dot.ga.gov/applications/geopi/Pages/Dashboard.aspx?ProjectId=371091-,Spalding,CR 36/Ellis Road @ Heads Creek 7 MI W Of Griffin,PRE-CONSTRUCTION
371092-,https://www.dot.ga.gov/applications/geopi/Pages/Dashboard.aspx?ProjectId=371092-,Spalding,CR 98/Buck Creek Road @ Buck Creek 3 MI NE Of Orchard Hill,PRE-CONSTRUCTION
371093-,https://www.dot.ga.gov/applications/geopi/Pages/Dashboard.aspx?ProjectId=371093-,Spalding,CR 112/Pullan Road @ Towaliga River 8 MI NE Of Griffin,PRE-CONSTRUCTION
371095-,https://www.dot.ga.gov/applications/geopi/Pages/Dashboard.aspx?ProjectId=371095-,Spalding,CR 143/North Pomona Road @ Towaliga River Trib.,PRE-CONSTRUCTION
371096-,https://www.dot.ga.gov/applications/geopi/Pages/Dashboard.aspx?ProjectId=371096-,Spalding,CR 178/Martin Road @ Flint River Trib. 6 MI NW Of Griffin,PRE-CONSTRUCTION
371121-,https://www.dot.ga.gov/applications/geopi/Pages/Dashboard.aspx?ProjectId=371121-,Marion,Slaughter RD (CR 96) - Construction Of A Bridge,UNDER-CONSTRUCTION
371171-,https://www.dot.ga.gov/applications/geopi/Pages/Dashboard.aspx?ProjectId=371171-,Lamar,CR 96/Camp Road @ Potato Creek N Of Milner,PRE-CONSTRUCTION
371180-,https://www.dot.ga.gov/applications/geopi/Pages/Dashboard.aspx?ProjectId=371180-,Jones,CR 133/County Line RD @ Commissioner Creek W Of Baldwin Cl,PRE-CONSTRUCTION
371181-,https://www.dot.ga.gov/applications/geopi/Pages/Dashboard.aspx?ProjectId=371181-,Jones,CR 133/County Line Road @ Commissioner Creek W Of Baldwin Cl,PRE-CONSTRUCTION
37Y722-,https://www.dot.ga.gov/applications/geopi/Pages/Dashboard.aspx?ProjectId=37Y722-,All Counties,Bridge Painting In Dooly| Harris| Heard| See 371722,UNDER-CONSTRUCTION
37Y725-,https://www.dot.ga.gov/applications/geopi/Pages/Dashboard.aspx?ProjectId=37Y725-,All Counties,Bridge Painting In Coweta| Fayette|Harris|Jones|See 371725,UNDER-CONSTRUCTION
390615-,https://www.dot.ga.gov/applications/geopi/Pages/Dashboard.aspx?ProjectId=390615-,Lamar,CR 217/Johnstonville-Liberty Hill RD @Little Towiliga River,UNDER-CONSTRUCTION
390625-,https://www.dot.ga.gov/applications/geopi/Pages/Dashboard.aspx?ProjectId=390625-,Marion,CR 163/Pineville Road @ Kinchafoonee Creek,UNDER-CONSTRUCTION
410245-,https://www.dot.ga.gov/applications/geopi/Pages/Dashboard.aspx?ProjectId=410245-,Turner,I-75 From Tift County Line To SR 32 - Phase I,UNDER-CONSTRUCTION
41Y725-,https://www.dot.ga.gov/applications/geopi/Pages/Dashboard.aspx?ProjectId=41Y725-,All Counties,Joint Rehabilitation Project On 11 Bridges In Dist 4/410725,UNDER-CONSTRUCTION
422380-,https://www.dot.ga.gov/applications/geopi/Pages/Dashboard.aspx?ProjectId=422380-,Atkinson,"US 441/SR 89/SR 31 - Widening, Construction Of Bridges",UNDER-CONSTRUCTION
422390-,https://www.dot.ga.gov/applications/geopi/Pages/Dashboard.aspx?ProjectId=422390-,Clinch,SR 89/US 441 From Orange Street To N Of SR 122 - TIA,PRE-CONSTRUCTION
422470-,https://www.dot.ga.gov/applications/geopi/Pages/Dashboard.aspx?ProjectId=422470-,Crisp,US 280/SR 30 - Widen & Bridge Rehab,COMPLETED-CONSTRUCTION
430770-,https://www.dot.ga.gov/applications/geopi/Pages/Dashboard.aspx?ProjectId=430770-,Lowndes,SR 376/ From I-75 Easterly To SR 7- US 41 Near Lake Park,UNDER-CONSTRUCTION
431112-,https://www.dot.ga.gov/applications/geopi/Pages/Dashboard.aspx?ProjectId=431112-,Lowndes,CR 783 @ Bevel Creek N Of I-75 ,PRE-CONSTRUCTION
470697-,https://www.dot.ga.gov/applications/geopi/Pages/Dashboard.aspx?ProjectId=470697-,Thomas,CR 136/George Griffin Road @ Ochlocknee River Trib,PRE-CONSTRUCTION
470840-,https://www.dot.ga.gov/applications/geopi/Pages/Dashboard.aspx?ProjectId=470840-,Crisp,CR 71 @ Lime Creek E Of Arabi ,PRE-CONSTRUCTION
470843-,https://www.dot.ga.gov/applications/geopi/Pages/Dashboard.aspx?ProjectId=470843-,Crisp,CR 36/Booth Road @ North Branch Swift Creek 4 MI W Of Arabi,PRE-CONSTRUCTION
470850-,https://www.dot.ga.gov/applications/geopi/Pages/Dashboard.aspx?ProjectId=470850-,Irwin,CR 200 @ Hat Creek W Of Ocilla,PRE-CONSTRUCTION
470920-,https://www.dot.ga.gov/applications/geopi/Pages/Dashboard.aspx?ProjectId=470920-,Irwin,CR 17/Pleasant Grove Church RD @ Satilla Creek NE Of Ocilla,PRE-CONSTRUCTION
470960-,https://www.dot.ga.gov/applications/geopi/Pages/Dashboard.aspx?ProjectId=470960-,Turner,CR 56 @ Wolf Creek 5.6 MI SW Of Rebecca,PRE-CONSTRUCTION
471120-,https://www.dot.ga.gov/applications/geopi/Pages/Dashboard.aspx?ProjectId=471120-,Coffee,Wheeler Aveune In Douglas @ Norfolk Sou. Rr,UNDER-CONSTRUCTION
490415-,https://www.dot.ga.gov/applications/geopi/Pages/Dashboard.aspx?ProjectId=490415-,Randolph,CR 158|156|161 @Pachitla|CR 160 @Cemoche'Bee| CR 164 @Hog Ck,UNDER-CONSTRUCTION
511025-,https://www.dot.ga.gov/applications/geopi/Pages/Dashboard.aspx?ProjectId=511025-,Bryan,I-95 From 0.8 MI S Of US 17 To Ogeechee Rvr/Incl Br - 8 Lanes,PRE-CONSTRUCTION
511072-,https://www.dot.ga.gov/applications/geopi/Pages/Dashboard.aspx?ProjectId=511072-,Camden,I-95 From Florida State Line To Harrietts Bluff Road - 8 Lanes,PRE-CONSTRUCTION
511081-,https://www.dot.ga.gov/applications/geopi/Pages/Dashboard.aspx?ProjectId=511081-,Camden,I-95 From Harrietts Bluff Road To SR 25 Spur - 8 Lanes,PRE-CONSTRUCTION
511083-,https://www.dot.ga.gov/applications/geopi/Pages/Dashboard.aspx?ProjectId=511083-,Camden,I-95 From SR 25 Spur To CR 138/Incl Bridges - 8 Lanes,PRE-CONSTRUCTION
511085-,https://www.dot.ga.gov/applications/geopi/Pages/Dashboard.aspx?ProjectId=511085-,Camden,I-95 From CR 138 To US 17/Glynn & Br @ L Satilla Rvr - 8 Lanes,PRE-CONSTRUCTION
511095-,https://www.dot.ga.gov/applications/geopi/Pages/Dashboard.aspx?ProjectId=511095-,Glynn,I-95 From SR 520/US 17 S/Brunswick To CR 586/Rr - 8 Lanes,PRE-CONSTRUCTION
511105-,https://www.dot.ga.gov/applications/geopi/Pages/Dashboard.aspx?ProjectId=511105-,Glynn,I-95 From N Of CSX Rr To N Of S Altamaha River - 8 Lanes,PRE-CONSTRUCTION
511115-,https://www.dot.ga.gov/applications/geopi/Pages/Dashboard.aspx?ProjectId=511115-,McIntosh,I-95 From Altamaha Rvr/Glynn CO To 1 MI N Of SR 251 - 8 Lanes,PRE-CONSTRUCTION
511125-,https://www.dot.ga.gov/applications/geopi/Pages/Dashboard.aspx?ProjectId=511125-,McIntosh,I-95 From 1 MI N Of SR 251 To SR 57 - 8 Lanes,PRE-CONSTRUCTION
511135-,https://www.dot.ga.gov/applications/geopi/Pages/Dashboard.aspx?ProjectId=511135-,McIntosh,I-95 From SR 57/SR 99 To Beg S Newport River Bridge - 8 Lanes,PRE-CONSTRUCTION
511145-,https://www.dot.ga.gov/applications/geopi/Pages/Dashboard.aspx?ProjectId=511145-,Liberty,I-95 From Mcintosh CO Line To South Of Jerico River - 8 Lanes,PRE-CONSTRUCTION
511155-,https://www.dot.ga.gov/applications/geopi/Pages/Dashboard.aspx?ProjectId=511155-,"Bryan , Liberty",I-95 From Jerico River To 0.8 MI S Of US 17/Bryan - 8 Lanes,PRE-CONSTRUCTION
511165-,https://www.dot.ga.gov/applications/geopi/Pages/Dashboard.aspx?ProjectId=511165-,Chatham,I-95 From N/I-16 In Chatham Thru Effingham To Sc Sl - 8 Lanes,PRE-CONSTRUCTION
521855-,https://www.dot.ga.gov/applications/geopi/Pages/Dashboard.aspx?ProjectId=521855-,Chatham,US 80/SR 26 - Widening & Cnst,COMPLETED-CONSTRUCTION
522105-,https://www.dot.ga.gov/applications/geopi/Pages/Dashboard.aspx?ProjectId=522105-,Evans,SR 30/Claxton From West Cty Lmts To East Cty Lmts,UNDER-CONSTRUCTION
522180-,https://www.dot.ga.gov/applications/geopi/Pages/Dashboard.aspx?ProjectId=522180-,Toombs,Sr4/Us1 - Widening And Reconstruction,COMPLETED-CONSTRUCTION
522190-,https://www.dot.ga.gov/applications/geopi/Pages/Dashboard.aspx?ProjectId=522190-,Toombs,US 1/SR 4 - Widening And Reconstruction,UNDER-CONSTRUCTION
522200-,https://www.dot.ga.gov/applications/geopi/Pages/Dashboard.aspx?ProjectId=522200-,Toombs,US 1/SR 4 - Widen & Recon,UNDER-CONSTRUCTION
522570-,https://www.dot.ga.gov/applications/geopi/Pages/Dashboard.aspx?ProjectId=522570-,Liberty,US 84/SR 38 Byp - New RD Cnst,UNDER-CONSTRUCTION
522770-,https://www.dot.ga.gov/applications/geopi/Pages/Dashboard.aspx?ProjectId=522770-,Ware,US 84/SR 38 - Widening & Reconstruction,COMPLETED-CONSTRUCTION
522790-,https://www.dot.ga.gov/applications/geopi/Pages/Dashboard.aspx?ProjectId=522790-,Chatham,US 80/SR 17 - Roadway Construction,UNDER-CONSTRUCTION
522855-,https://www.dot.ga.gov/applications/geopi/Pages/Dashboard.aspx?ProjectId=522855-,Chatham,I-516/Lynes Pkwy Sbl & Nbl @ SR 25/US 17 In Savannah,PRE-CONSTRUCTION
530842-,https://www.dot.ga.gov/applications/geopi/Pages/Dashboard.aspx?ProjectId=530842-,Chatham,Island RD @ Bryanwood RD And Wilmington Island RD Conn,UNDER-CONSTRUCTION
532290-,https://www.dot.ga.gov/applications/geopi/Pages/Dashboard.aspx?ProjectId=532290-,Appling,CR 536/Zoar Road @ Big Satilia Creek Tributary,PRE-CONSTRUCTION
532340-,https://www.dot.ga.gov/applications/geopi/Pages/Dashboard.aspx?ProjectId=532340-,"Telfair , Wheeler",CR 268 @ Little Ocmulgee River @ Telfair/Wheeler County Line,PRE-CONSTRUCTION
532650-,https://www.dot.ga.gov/applications/geopi/Pages/Dashboard.aspx?ProjectId=532650-,Glynn,US 17/SR 25 - Widen & Recon,UNDER-CONSTRUCTION
541985-,https://www.dot.ga.gov/applications/geopi/Pages/Dashboard.aspx?ProjectId=541985-,Wayne,CR 99/Walter Griffis Road @ Goose Creek 1 MI N Of Odum,PRE-CONSTRUCTION
542010-,https://www.dot.ga.gov/applications/geopi/Pages/Dashboard.aspx?ProjectId=542010-,Wayne,CR 819/Beards Bluff Road @ Goose Creek 4 MI N Of Odum,PRE-CONSTRUCTION
550593-,https://www.dot.ga.gov/applications/geopi/Pages/Dashboard.aspx?ProjectId=550593-,Chatham,Pooler Parkway Extension From Pine Barren RD To South Of US 80,UNDER-CONSTRUCTION
570740-,https://www.dot.ga.gov/applications/geopi/Pages/Dashboard.aspx?ProjectId=570740-,Charlton,CR 135 @ Spanish Creek W Of Folkston,PRE-CONSTRUCTION
570770-,https://www.dot.ga.gov/applications/geopi/Pages/Dashboard.aspx?ProjectId=570770-,Tattnall,CR 274 @ Battle Creek SE Of Reidsville,PRE-CONSTRUCTION
570780-,https://www.dot.ga.gov/applications/geopi/Pages/Dashboard.aspx?ProjectId=570780-,Wayne,CR 132 @ Unnamed Stream NW Of Screven ,PRE-CONSTRUCTION
570781-,https://www.dot.ga.gov/applications/geopi/Pages/Dashboard.aspx?ProjectId=570781-,Wayne,CR 145/Tillman Anderson RD @ Little Satilla Creek S Of Odum,PRE-CONSTRUCTION
570783-,https://www.dot.ga.gov/applications/geopi/Pages/Dashboard.aspx?ProjectId=570783-,Wayne,CR 105 @ Goose Creek NE Of Odum ,PRE-CONSTRUCTION
570920-,https://www.dot.ga.gov/applications/geopi/Pages/Dashboard.aspx?ProjectId=570920-,Brantley,CR 88  @ Little Buffalo Creek 2.2 MI S Of Hickox,PRE-CONSTRUCTION
570941-,https://www.dot.ga.gov/applications/geopi/Pages/Dashboard.aspx?ProjectId=570941-,Charlton,CR 56 @ Spanish Creek Trib. 2.5 MI W Of Folkston,PRE-CONSTRUCTION
571340-,https://www.dot.ga.gov/applications/geopi/Pages/Dashboard.aspx?ProjectId=571340-,Camden,CS 525/Shadow Lawn Dr In St Mary'S @ Sm Rr #903758K|571340&Y,UNDER-CONSTRUCTION
57Y340-,https://www.dot.ga.gov/applications/geopi/Pages/Dashboard.aspx?ProjectId=57Y340-,Camden,CS 525/Shadow Lawn Dr In St Mary'S @ Sm Rr #903758K|571340&Y,UNDER-CONSTRUCTION
57Y395-,https://www.dot.ga.gov/applications/geopi/Pages/Dashboard.aspx?ProjectId=57Y395-,Glynn,CR 292/Old Jesup RD @ Brunswick @ Norfolk Rr #729235D/571395,UNDER-CONSTRUCTION
5H0015-,https://www.dot.ga.gov/applications/geopi/Pages/Dashboard.aspx?ProjectId=5H0015-,Chatham,Chatham County Harbor Maintenance,UNDER-CONSTRUCTION
5H0025-,https://www.dot.ga.gov/applications/geopi/Pages/Dashboard.aspx?ProjectId=5H0025-,Chatham,Area 13A Dike Construction,UNDER-CONSTRUCTION
5H0040-,https://www.dot.ga.gov/applications/geopi/Pages/Dashboard.aspx?ProjectId=5H0040-,Chatham,Dike Slope Erosion Protection,UNDER-CONSTRUCTION
5H0045-,https://www.dot.ga.gov/applications/geopi/Pages/Dashboard.aspx?ProjectId=5H0045-,Chatham,Chatham County Harbor Maintenance,UNDER-CONSTRUCTION
611010-,https://www.dot.ga.gov/applications/geopi/Pages/Dashboard.aspx?ProjectId=611010-,Catoosa,I-75 From SR 151 To Just South Of SR 2,PRE-CONSTRUCTION
61Y240-,https://www.dot.ga.gov/applications/geopi/Pages/Dashboard.aspx?ProjectId=61Y240-,All Counties,Minor Joint Replacement In District 6,UNDER-CONSTRUCTION
621410-,https://www.dot.ga.gov/applications/geopi/Pages/Dashboard.aspx?ProjectId=621410-,Bartow,Old Alabama RD - Widening & Reconstr,UNDER-CONSTRUCTION
621490-,https://www.dot.ga.gov/applications/geopi/Pages/Dashboard.aspx?ProjectId=621490-,Pickens,SR 53Bu From SR 515 To E Spring Street/Burnt Mountain Road,PRE-CONSTRUCTION
621600-,https://www.dot.ga.gov/applications/geopi/Pages/Dashboard.aspx?ProjectId=621600-,Floyd,S Rome Byp/US 27 From SR 1 Along Booze Mountain RD To SR 101 @CR 96,PRE-CONSTRUCTION
621720-,https://www.dot.ga.gov/applications/geopi/Pages/Dashboard.aspx?ProjectId=621720-,Paulding,SR 92 From Nebo Road To Hiram Park Drive - Phase IV,PRE-CONSTRUCTION
621730-,https://www.dot.ga.gov/applications/geopi/Pages/Dashboard.aspx?ProjectId=621730-,Murray,SR 2/SR 61 From 0.2 MI S Of CR 166 To SR 2 In Cisco,PRE-CONSTRUCTION
621740-,https://www.dot.ga.gov/applications/geopi/Pages/Dashboard.aspx?ProjectId=621740-,Floyd,Cave Spring West Bypass From SR 100 To SR 53 NE Of Cave Spring,PRE-CONSTRUCTION
631260-,https://www.dot.ga.gov/applications/geopi/Pages/Dashboard.aspx?ProjectId=631260-,Gilmer,SR 382 - RDwy Recns,COMPLETED-CONSTRUCTION
631270-,https://www.dot.ga.gov/applications/geopi/Pages/Dashboard.aspx?ProjectId=631270-,Murray,SR 2 From SR 225 To SR 61/US 411,PRE-CONSTRUCTION
631490-,https://www.dot.ga.gov/applications/geopi/Pages/Dashboard.aspx?ProjectId=631490-,Carroll,SR 101/SR 61 - Bypass Extention,UNDER-CONSTRUCTION
632670-,https://www.dot.ga.gov/applications/geopi/Pages/Dashboard.aspx?ProjectId=632670-,"Gordon , Whitfield",SR 3 From SR 136/Gordon To SR 3 Conn/Whitfield,PRE-CONSTRUCTION
632710-,https://www.dot.ga.gov/applications/geopi/Pages/Dashboard.aspx?ProjectId=632710-,Pickens,SR 53 Curb & Gates @ Ga NE Railroad Crossing In Tate,PRE-CONSTRUCTION
632810-,https://www.dot.ga.gov/applications/geopi/Pages/Dashboard.aspx?ProjectId=632810-,"Gordon , Walker",SR 136 From SR 1/Lafayette To I-75 Near Resaca/Gordon & Reloc,PRE-CONSTRUCTION
641900-,https://www.dot.ga.gov/applications/geopi/Pages/Dashboard.aspx?ProjectId=641900-,Cherokee,SR 140 From CR 766-Mp 10.75 To CR 52-Mp 7.86,PRE-CONSTRUCTION
642040-,https://www.dot.ga.gov/applications/geopi/Pages/Dashboard.aspx?ProjectId=642040-,Cherokee,SR 140 Eb Mp 0.75 To 2.0- Wb Mp 4.8 To 6.0,PRE-CONSTRUCTION
642260-,https://www.dot.ga.gov/applications/geopi/Pages/Dashboard.aspx?ProjectId=642260-,Cherokee,CR 770/Bells Ferry Road From N Of Little Rv To N Of Sixes RD,PRE-CONSTRUCTION
650540-,https://www.dot.ga.gov/applications/geopi/Pages/Dashboard.aspx?ProjectId=650540-,Floyd,SR 101 (N 2Nd Ave) - Widening & Reconst,UNDER-CONSTRUCTION
661950-,https://www.dot.ga.gov/applications/geopi/Pages/Dashboard.aspx?ProjectId=661950-,Bartow,US 411 Reloc From SR 3/US 41 To I-75; Incl I-75 Interchange,PRE-CONSTRUCTION
662340-,https://www.dot.ga.gov/applications/geopi/Pages/Dashboard.aspx?ProjectId=662340-,Floyd,CR 373/Riverside Pkwy/Rome From Broad St To Turner-Mcall Blvd,UNDER-CONSTRUCTION
662420-,https://www.dot.ga.gov/applications/geopi/Pages/Dashboard.aspx?ProjectId=662420-,Floyd,SE Rome Byp From SR 101 NE On New Loc To US 411; Inc Intch,PRE-CONSTRUCTION
662510-,https://www.dot.ga.gov/applications/geopi/Pages/Dashboard.aspx?ProjectId=662510-,Gordon,US 41/SR 3/SR 53 (South Calhoun Bypass) - RDwy Cnst,COMPLETED-CONSTRUCTION
712510-,https://www.dot.ga.gov/applications/geopi/Pages/Dashboard.aspx?ProjectId=712510-,DeKalb,I-285 From I-20 N To Stone Mountain Fwy,PRE-CONSTRUCTION
712520-,https://www.dot.ga.gov/applications/geopi/Pages/Dashboard.aspx?ProjectId=712520-,DeKalb,I-285 From Stone Mountain Fwy To I-85,PRE-CONSTRUCTION
712804-,https://www.dot.ga.gov/applications/geopi/Pages/Dashboard.aspx?ProjectId=712804-,Cobb,Kennedy Interchange I-75 Imprv & Akers Mill Reloc (Ct 2)& Nh,UNDER-CONSTRUCTION
713300-,https://www.dot.ga.gov/applications/geopi/Pages/Dashboard.aspx?ProjectId=713300-,DeKalb,I-285 (Bouldercrest RD) - Interchange Improv,UNDER-CONSTRUCTION
713610-,https://www.dot.ga.gov/applications/geopi/Pages/Dashboard.aspx?ProjectId=713610-,DeKalb,I-20 From Columbia Drive East To Evans Mill Road,PRE-CONSTRUCTION
71Y272-,https://www.dot.ga.gov/applications/geopi/Pages/Dashboard.aspx?ProjectId=71Y272-,Fulton,Im Funds..Conduit & Pull Boxes For Future Signalization,UNDER-CONSTRUCTION
71Y804-,https://www.dot.ga.gov/applications/geopi/Pages/Dashboard.aspx?ProjectId=71Y804-,Cobb,Kennedy Interchange @ I-75 {Show Nh $} /712804,UNDER-CONSTRUCTION
71Y910-,https://www.dot.ga.gov/applications/geopi/Pages/Dashboard.aspx?ProjectId=71Y910-,All Counties,Steel Beam Repair In District 7/713910,UNDER-CONSTRUCTION
720670-,https://www.dot.ga.gov/applications/geopi/Pages/Dashboard.aspx?ProjectId=720670-,Fulton,Holcomb Br RD From Big Crk To Old Alabama RD(Except. Ct 1),UNDER-CONSTRUCTION
720792-,https://www.dot.ga.gov/applications/geopi/Pages/Dashboard.aspx?ProjectId=720792-,Fulton,SR 400/N Atlanta Pkwy| Toll Bldg- Plaza & Equipment,UNDER-CONSTRUCTION
720970-,https://www.dot.ga.gov/applications/geopi/Pages/Dashboard.aspx?ProjectId=720970-,Douglas,"SR 92 - Construction & Widening (Phases I, Ii, Iii)",COMPLETED-CONSTRUCTION
721000-,https://www.dot.ga.gov/applications/geopi/Pages/Dashboard.aspx?ProjectId=721000-,Fulton,SR 120 From Jones Creek Commons To S Of Boles Road,PRE-CONSTRUCTION
721010-,https://www.dot.ga.gov/applications/geopi/Pages/Dashboard.aspx?ProjectId=721010-,Fulton,SR 9 From SR 120 To Chattahoochee River In Roswell,PRE-CONSTRUCTION
721290-,https://www.dot.ga.gov/applications/geopi/Pages/Dashboard.aspx?ProjectId=721290-,"Clayton , Fayette",SR 85 - Major Widening,UNDER-CONSTRUCTION
721440-,https://www.dot.ga.gov/applications/geopi/Pages/Dashboard.aspx?ProjectId=721440-,"Clayton , Fayette",SR 54 - RDway Widening & Reconstruction,COMPLETED-CONSTRUCTION
721540-,https://www.dot.ga.gov/applications/geopi/Pages/Dashboard.aspx?ProjectId=721540-,DeKalb,SR 12/Covington Hwy From Memorial Dr NW To Mountain Dr,UNDER-CONSTRUCTION
721770-,https://www.dot.ga.gov/applications/geopi/Pages/Dashboard.aspx?ProjectId=721770-,"Douglas , Fulton",SR 166 From Old Lower River Road/Douglas To SR 70/Fulton,PRE-CONSTRUCTION
721780-,https://www.dot.ga.gov/applications/geopi/Pages/Dashboard.aspx?ProjectId=721780-,Fulton,US 19/SR 9 - Widening And Reconstruction,UNDER-CONSTRUCTION
721790-,https://www.dot.ga.gov/applications/geopi/Pages/Dashboard.aspx?ProjectId=721790-,Fulton,US 19/SR 9 - Widening And Reconstruction,UNDER-CONSTRUCTION
722030-,https://www.dot.ga.gov/applications/geopi/Pages/Dashboard.aspx?ProjectId=722030-,Clayton,US 19/41/SR 3 - Widening & Reconstr,COMPLETED-CONSTRUCTION
731048-,https://www.dot.ga.gov/applications/geopi/Pages/Dashboard.aspx?ProjectId=731048-,Rockdale,US 278/I-20/SR 402 - Widen & Recon,UNDER-CONSTRUCTION
731830-,https://www.dot.ga.gov/applications/geopi/Pages/Dashboard.aspx?ProjectId=731830-,Fulton,SR 166 - Construction Of A Roundabout,COMPLETED-CONSTRUCTION
731865-,https://www.dot.ga.gov/applications/geopi/Pages/Dashboard.aspx?ProjectId=731865-,Cobb,SR 92 - Widening & Recons,COMPLETED-CONSTRUCTION
742870-,https://www.dot.ga.gov/applications/geopi/Pages/Dashboard.aspx?ProjectId=742870-,"Clayton , Fayette",Mcdonough Road From SR 54/Fayette To SR 3/US 19/Clayton,PRE-CONSTRUCTION
751230-,https://www.dot.ga.gov/applications/geopi/Pages/Dashboard.aspx?ProjectId=751230-,DeKalb,Redan RD From E/I-285 E To Hairston| From N Redan Cir To Panola,PRE-CONSTRUCTION
751420-,https://www.dot.ga.gov/applications/geopi/Pages/Dashboard.aspx?ProjectId=751420-,Fulton,Johnson Ferry From Ferry Dr To Hunting Crk RD;Inc Roundabouts,PRE-CONSTRUCTION
751770-,https://www.dot.ga.gov/applications/geopi/Pages/Dashboard.aspx?ProjectId=751770-,Clayton,Ca - Battlecreek/Mt Zion Blvd From Southlake Pkwy To Somerton,UNDER-CONSTRUCTION
751775-,https://www.dot.ga.gov/applications/geopi/Pages/Dashboard.aspx?ProjectId=751775-,Clayton,Ca - Battle Creek RD - Widening & Recon,UNDER-CONSTRUCTION
751850-,https://www.dot.ga.gov/applications/geopi/Pages/Dashboard.aspx?ProjectId=751850-,"Clayton , Fayette",SR 314 From SR 279/Fayette To CR 1346/Creel Dr/Clayton,PRE-CONSTRUCTION
751910-,https://www.dot.ga.gov/applications/geopi/Pages/Dashboard.aspx?ProjectId=751910-,Fulton,CS 6340/Powers Ferry Road @ Nancy Creek N Of SR 9,PRE-CONSTRUCTION
752180-,https://www.dot.ga.gov/applications/geopi/Pages/Dashboard.aspx?ProjectId=752180-,Clayton,CR 171/Conley Road From I-285 To SR 54/Jonesboro Road,PRE-CONSTRUCTION
752210-,https://www.dot.ga.gov/applications/geopi/Pages/Dashboard.aspx?ProjectId=752210-,Rockdale,Sigman Road From Dogwood Road Ext To SR 20/138,PRE-CONSTRUCTION
76Y595-,https://www.dot.ga.gov/applications/geopi/Pages/Dashboard.aspx?ProjectId=76Y595-,Clayton,Bridge Painting On 12-Bridges In Clayton-Cobb-Fulton/76Y595,UNDER-CONSTRUCTION
770266-,https://www.dot.ga.gov/applications/geopi/Pages/Dashboard.aspx?ProjectId=770266-,Cobb,CS 2446/Hopkins RD @ Wild Horse Creek In Powder Springs,PRE-CONSTRUCTION
770271-,https://www.dot.ga.gov/applications/geopi/Pages/Dashboard.aspx?ProjectId=770271-,Fulton,CR 485/Demooney Road @ Deep Creek NW Of Fairburn,PRE-CONSTRUCTION
770944-,https://www.dot.ga.gov/applications/geopi/Pages/Dashboard.aspx?ProjectId=770944-,DeKalb,Atms/ Sys Optimiz Peachtree Ind Blvd From P'Tree To New P'Tree,UNDER-CONSTRUCTION
770975-,https://www.dot.ga.gov/applications/geopi/Pages/Dashboard.aspx?ProjectId=770975-,Douglas,Douglasville Bike/Ped Fac For Signage; Racks & Striping ,UNDER-CONSTRUCTION
780580-,https://www.dot.ga.gov/applications/geopi/Pages/Dashboard.aspx?ProjectId=780580-,Fulton,SR 3 From Whitehall St To Marietta St,UNDER-CONSTRUCTION
M000348,https://www.dot.ga.gov/applications/geopi/Pages/Dashboard.aspx?ProjectId=M000348,Fulton,SR 70 From SR 154 To SR 166,UNDER-CONSTRUCTION
M002484,https://www.dot.ga.gov/applications/geopi/Pages/Dashboard.aspx?ProjectId=M002484,Lumpkin,SR 9 Lumpkin CO Radius Improve Concrete Island @ SR 60Bu,UNDER-CONSTRUCTION
M002485,https://www.dot.ga.gov/applications/geopi/Pages/Dashboard.aspx?ProjectId=M002485,Marion,Bridge Repair And Rehab Marion County,UNDER-CONSTRUCTION
M002491,https://www.dot.ga.gov/applications/geopi/Pages/Dashboard.aspx?ProjectId=M002491,Wayne,Wayne County Bridge Repair O/S Woods Br RD/Goose Creek Mau,UNDER-CONSTRUCTION
M002492,https://www.dot.ga.gov/applications/geopi/Pages/Dashboard.aspx?ProjectId=M002492,Franklin,Franklin County Franklin Springs Asph Agreement,UNDER-CONSTRUCTION
M002497,https://www.dot.ga.gov/applications/geopi/Pages/Dashboard.aspx?ProjectId=M002497,Jefferson,Jefferson County Asphalt Agreement May 03,UNDER-CONSTRUCTION
M002681,https://www.dot.ga.gov/applications/geopi/Pages/Dashboard.aspx?ProjectId=M002681,"Burke , Richmond",Richmond/Burke CO SR 88 Safety Edge Design Fhwa Pilot,UNDER-CONSTRUCTION
M002793,https://www.dot.ga.gov/applications/geopi/Pages/Dashboard.aspx?ProjectId=M002793,Chatham,Welcome Center Chatham CO Waste Removal,UNDER-CONSTRUCTION
M003521,https://www.dot.ga.gov/applications/geopi/Pages/Dashboard.aspx?ProjectId=M003521,Lowndes,Lowndes CO I-75/Bellville RD Deep Patch & Rotomill Approachs,UNDER-CONSTRUCTION
M003681,https://www.dot.ga.gov/applications/geopi/Pages/Dashboard.aspx?ProjectId=M003681,Wayne,Wayne SR 23 Parking Lot,UNDER-CONSTRUCTION
M003686,https://www.dot.ga.gov/applications/geopi/Pages/Dashboard.aspx?ProjectId=M003686,Tift,Tift Agirama Clear Trees And Remove Dirt,UNDER-CONSTRUCTION
M003688,https://www.dot.ga.gov/applications/geopi/Pages/Dashboard.aspx?ProjectId=M003688,Carroll,I-20 From Pleasant Ridge RD To Levans RD - New Weigh Station,PRE-CONSTRUCTION
M004059,https://www.dot.ga.gov/applications/geopi/Pages/Dashboard.aspx?ProjectId=M004059,Fulton,I-285 @ CR 288/Heards Road - Emergency Repair,PRE-CONSTRUCTION
M004417,https://www.dot.ga.gov/applications/geopi/Pages/Dashboard.aspx?ProjectId=M004417,DeKalb,"SR 407 - Milling, Plmx Rsrf",UNDER-CONSTRUCTION
M004473,https://www.dot.ga.gov/applications/geopi/Pages/Dashboard.aspx?ProjectId=M004473,Wayne,US 301/SR 23 @ Express Lane,UNDER-CONSTRUCTION
M004474,https://www.dot.ga.gov/applications/geopi/Pages/Dashboard.aspx?ProjectId=M004474,Gilmer,SR 515 @ CR 402/Talona Road Spur West,UNDER-CONSTRUCTION
M004475,https://www.dot.ga.gov/applications/geopi/Pages/Dashboard.aspx?ProjectId=M004475,Ware,US 82/SR 520 @ CR 477/Pineview Church Road,UNDER-CONSTRUCTION
M004512,https://www.dot.ga.gov/applications/geopi/Pages/Dashboard.aspx?ProjectId=M004512,"Cherokee , Cobb",I-575 @ 13 Locs - Sign Upgrades,PRE-CONSTRUCTION
M004513,https://www.dot.ga.gov/applications/geopi/Pages/Dashboard.aspx?ProjectId=M004513,Dade,I-59 @ 4 Locs - Sign Upgrades,PRE-CONSTRUCTION
M004514,https://www.dot.ga.gov/applications/geopi/Pages/Dashboard.aspx?ProjectId=M004514,Dade,I-24 @ I-59 & @ SR 299 - Sign Upgrades,PRE-CONSTRUCTION
M004515,https://www.dot.ga.gov/applications/geopi/Pages/Dashboard.aspx?ProjectId=M004515,Richmond,I-520 @ 9 Locs - Sign Upgrades,PRE-CONSTRUCTION
M004516,https://www.dot.ga.gov/applications/geopi/Pages/Dashboard.aspx?ProjectId=M004516,"DeKalb , Gwinnett",SR 10/SR 410/US 78 @ 9 Locs - Sign Upgrades,PRE-CONSTRUCTION
M004517,https://www.dot.ga.gov/applications/geopi/Pages/Dashboard.aspx?ProjectId=M004517,"Harris , Muscogee , Troup",I-185 @ 16 Locs - Sign Upgrades,PRE-CONSTRUCTION
M004518,https://www.dot.ga.gov/applications/geopi/Pages/Dashboard.aspx?ProjectId=M004518,Chatham,I-516 @ 8 Locs - Sign Upgrades,PRE-CONSTRUCTION
M004519,https://www.dot.ga.gov/applications/geopi/Pages/Dashboard.aspx?ProjectId=M004519,"Bibb , Monroe",I-475 @ 5 Locs - Sign Upgrades,PRE-CONSTRUCTION
M004520,https://www.dot.ga.gov/applications/geopi/Pages/Dashboard.aspx?ProjectId=M004520,Fulton,SR 154/SR 166 @ 6 Locs - Sign Upgrades,PRE-CONSTRUCTION
M004521,https://www.dot.ga.gov/applications/geopi/Pages/Dashboard.aspx?ProjectId=M004521,"Coweta , Troup",I-85 @ 12 Locs - Sign Upgrades,PRE-CONSTRUCTION
M004522,https://www.dot.ga.gov/applications/geopi/Pages/Dashboard.aspx?ProjectId=M004522,Fulton,"SR 141 @ Old Alabama RD, Medlock Crossing, And States Bridge",PRE-CONSTRUCTION
M004538,https://www.dot.ga.gov/applications/geopi/Pages/Dashboard.aspx?ProjectId=M004538,Fulton,SR 3 Conn From SR 14 To SR 3,PRE-CONSTRUCTION
M004629,https://www.dot.ga.gov/applications/geopi/Pages/Dashboard.aspx?ProjectId=M004629,Charlton,SR 4 @ 1 Loc & SR 4 SO @ 1 Loc,PRE-CONSTRUCTION
M004812,https://www.dot.ga.gov/applications/geopi/Pages/Dashboard.aspx?ProjectId=M004812,Barrow,SR 8 From CR 269/Russell Cemetery Road To SR 316,PRE-CONSTRUCTION
M004817,https://www.dot.ga.gov/applications/geopi/Pages/Dashboard.aspx?ProjectId=M004817,Baldwin,SR 49 From Jones County Line To SR 22,PRE-CONSTRUCTION
M004819,https://www.dot.ga.gov/applications/geopi/Pages/Dashboard.aspx?ProjectId=M004819,Baldwin,"SR 22 - Milling, Inlay, Plmx Resurface & Shoulder Rehab",COMPLETED-CONSTRUCTION
M004823,https://www.dot.ga.gov/applications/geopi/Pages/Dashboard.aspx?ProjectId=M004823,Bibb,SR 87 Conn From SR 19 To SR 87,PRE-CONSTRUCTION
M004850,https://www.dot.ga.gov/applications/geopi/Pages/Dashboard.aspx?ProjectId=M004850,Baldwin,SR 29Bu/US 441Bu From SR 29/US 441 To SR 22,PRE-CONSTRUCTION
M004854,https://www.dot.ga.gov/applications/geopi/Pages/Dashboard.aspx?ProjectId=M004854,Bleckley,SR 126 From SR 26 To Gum Swamp Creek,PRE-CONSTRUCTION
M004855,https://www.dot.ga.gov/applications/geopi/Pages/Dashboard.aspx?ProjectId=M004855,Butts,SR 42 From Monroe County Line To SR 16,PRE-CONSTRUCTION
M004857,https://www.dot.ga.gov/applications/geopi/Pages/Dashboard.aspx?ProjectId=M004857,Chattahoochee,SR 26 From SR 520 To Marion County Line,PRE-CONSTRUCTION
M004863,https://www.dot.ga.gov/applications/geopi/Pages/Dashboard.aspx?ProjectId=M004863,Ben Hill,SR 107 From CR 483/Jacksonville Hwy To SR 206,PRE-CONSTRUCTION
M004879,https://www.dot.ga.gov/applications/geopi/Pages/Dashboard.aspx?ProjectId=M004879,Cobb,"SR 5 Spur - Mill, Inlay & Plmx Resf",COMPLETED-CONSTRUCTION
M004944,https://www.dot.ga.gov/applications/geopi/Pages/Dashboard.aspx?ProjectId=M004944,Fulton,SR 70 From Douglas County Line To SR 154,PRE-CONSTRUCTION
M004945,https://www.dot.ga.gov/applications/geopi/Pages/Dashboard.aspx?ProjectId=M004945,Troup,SR 14 From Alabama State Line To SR 18,PRE-CONSTRUCTION
M004957,https://www.dot.ga.gov/applications/geopi/Pages/Dashboard.aspx?ProjectId=M004957,Fulton,SR 14 Alt/SR 154 From SR 14 To SR 70,PRE-CONSTRUCTION
M004962,https://www.dot.ga.gov/applications/geopi/Pages/Dashboard.aspx?ProjectId=M004962,Sumter,"SR 27 - Milling,Inlay, Plmx Rsrf, Shoulder Rehab",COMPLETED-CONSTRUCTION
M004965,https://www.dot.ga.gov/applications/geopi/Pages/Dashboard.aspx?ProjectId=M004965,Douglas,"SR 92 - Milling, Inlay, Plmx Rsrf, Shoulder Rehab",COMPLETED-CONSTRUCTION
M004970,https://www.dot.ga.gov/applications/geopi/Pages/Dashboard.aspx?ProjectId=M004970,Sumter,SR 27 From SR 3 To 0.06 MI W Of SR 49,PRE-CONSTRUCTION
M004974,https://www.dot.ga.gov/applications/geopi/Pages/Dashboard.aspx?ProjectId=M004974,"Dooly , Houston , Macon","SR 329 - Milling, Plmx Resurface & Shld Rehab",COMPLETED-CONSTRUCTION
M004984,https://www.dot.ga.gov/applications/geopi/Pages/Dashboard.aspx?ProjectId=M004984,Fayette,SR 85 From SR 314 To Clayton County Line,PRE-CONSTRUCTION
M004987,https://www.dot.ga.gov/applications/geopi/Pages/Dashboard.aspx?ProjectId=M004987,Washington,SR 15 From Johnson County Line To NS #732742P,PRE-CONSTRUCTION
M004999,https://www.dot.ga.gov/applications/geopi/Pages/Dashboard.aspx?ProjectId=M004999,Putnam,SR 24Bu/US 441Bu From SR 16 To SR 24/US 441,PRE-CONSTRUCTION
M005002,https://www.dot.ga.gov/applications/geopi/Pages/Dashboard.aspx?ProjectId=M005002,Spalding,"SR 92 - Mill, Inlay, Plmx Rsrf",COMPLETED-CONSTRUCTION
M005012,https://www.dot.ga.gov/applications/geopi/Pages/Dashboard.aspx?ProjectId=M005012,Dougherty,SR 133 From Worth County Line To CR 540/Mock Road,PRE-CONSTRUCTION
M005017,https://www.dot.ga.gov/applications/geopi/Pages/Dashboard.aspx?ProjectId=M005017,Henry,SR 20 From Newton County Line To CS 992/Mcgarity Road,PRE-CONSTRUCTION
M005021,https://www.dot.ga.gov/applications/geopi/Pages/Dashboard.aspx?ProjectId=M005021,Jasper,SR 212 From SR 16 To Putnam County Line,PRE-CONSTRUCTION
M005022,https://www.dot.ga.gov/applications/geopi/Pages/Dashboard.aspx?ProjectId=M005022,Muscogee,SR 85 From SR 1 To SR 1,PRE-CONSTRUCTION
M005023,https://www.dot.ga.gov/applications/geopi/Pages/Dashboard.aspx?ProjectId=M005023,Ware,SR 38 From CR 71/Ammons Road To SR 520,PRE-CONSTRUCTION
M005024,https://www.dot.ga.gov/applications/geopi/Pages/Dashboard.aspx?ProjectId=M005024,Troup,SR 14 From E Of CS 1135/Davis Road To Coweta County Line,PRE-CONSTRUCTION
M005025,https://www.dot.ga.gov/applications/geopi/Pages/Dashboard.aspx?ProjectId=M005025,Troup,SR 18 From SR 14 To I-85,PRE-CONSTRUCTION
M005026,https://www.dot.ga.gov/applications/geopi/Pages/Dashboard.aspx?ProjectId=M005026,Decatur,SR 309 From SR 97 To SR 262,PRE-CONSTRUCTION
M005039,https://www.dot.ga.gov/applications/geopi/Pages/Dashboard.aspx?ProjectId=M005039,Jasper,SR 11 SO From SR 11 To SR 11,PRE-CONSTRUCTION
M005044,https://www.dot.ga.gov/applications/geopi/Pages/Dashboard.aspx?ProjectId=M005044,Houston,"SR 224 - Milling, Inlay & Plmx Resf",UNDER-CONSTRUCTION
M005047,https://www.dot.ga.gov/applications/geopi/Pages/Dashboard.aspx?ProjectId=M005047,Sumter,SR 27 From SR 49 To SR 3,PRE-CONSTRUCTION
M005057,https://www.dot.ga.gov/applications/geopi/Pages/Dashboard.aspx?ProjectId=M005057,Grady,SR 93 From SR 111 To SR 38,PRE-CONSTRUCTION
M005062,https://www.dot.ga.gov/applications/geopi/Pages/Dashboard.aspx?ProjectId=M005062,Henry,SR 81 From SR 3 To SR 20,PRE-CONSTRUCTION
M005074,https://www.dot.ga.gov/applications/geopi/Pages/Dashboard.aspx?ProjectId=M005074,Marion,SR 26 From Chattahoochee County Line To Schley County Line,PRE-CONSTRUCTION
M005089,https://www.dot.ga.gov/applications/geopi/Pages/Dashboard.aspx?ProjectId=M005089,Pulaski,SR 27 From SR 11 To Ocmulgee River,PRE-CONSTRUCTION
M005091,https://www.dot.ga.gov/applications/geopi/Pages/Dashboard.aspx?ProjectId=M005091,Stewart,SR 27 - Pltmx Resurf,UNDER-CONSTRUCTION
M005092,https://www.dot.ga.gov/applications/geopi/Pages/Dashboard.aspx?ProjectId=M005092,Taylor,SR 90 From SR 3 To SR 137,PRE-CONSTRUCTION
M005093,https://www.dot.ga.gov/applications/geopi/Pages/Dashboard.aspx?ProjectId=M005093,Troup,SR 100 From SR 14 To Coweta County Line,PRE-CONSTRUCTION
M005094,https://www.dot.ga.gov/applications/geopi/Pages/Dashboard.aspx?ProjectId=M005094,Early,SR 45 From Miller County Line To Calhoun County Line,PRE-CONSTRUCTION
M005095,https://www.dot.ga.gov/applications/geopi/Pages/Dashboard.aspx?ProjectId=M005095,"Echols , Lanier",SR 11 From SR 94/Echols County To SR 38/Lanier County,PRE-CONSTRUCTION
M005099,https://www.dot.ga.gov/applications/geopi/Pages/Dashboard.aspx?ProjectId=M005099,Warren,"SR 12 - Mill, Inlay, Plmx Rsrf, Shoulder Rehab",COMPLETED-CONSTRUCTION
M005124,https://www.dot.ga.gov/applications/geopi/Pages/Dashboard.aspx?ProjectId=M005124,Toombs,SR 30 From CS 770/CS 673/Broadfoot Blvd To SR 4/US 1,PRE-CONSTRUCTION
M005130,https://www.dot.ga.gov/applications/geopi/Pages/Dashboard.aspx?ProjectId=M005130,Jefferson,"SR 4 Bus - Mill, Inlay, Plmx Rsrf",UNDER-CONSTRUCTION
M005131,https://www.dot.ga.gov/applications/geopi/Pages/Dashboard.aspx?ProjectId=M005131,"Emanuel , Treutlen",SR 171 From SR 56/Treutlen To SR 26/Emanuel,PRE-CONSTRUCTION
M005132,https://www.dot.ga.gov/applications/geopi/Pages/Dashboard.aspx?ProjectId=M005132,Washington,SR 242 Spur From SR 242 To CS 740/Kaolin Road,PRE-CONSTRUCTION
M005134,https://www.dot.ga.gov/applications/geopi/Pages/Dashboard.aspx?ProjectId=M005134,Stewart,"SR 520 - Milling, Plmx Resurface & Ss Surf Trt Pav",COMPLETED-CONSTRUCTION
M005140,https://www.dot.ga.gov/applications/geopi/Pages/Dashboard.aspx?ProjectId=M005140,Peach,SR 49 From I-75 To N Of CR 170/Whispering Circle,PRE-CONSTRUCTION
M005141,https://www.dot.ga.gov/applications/geopi/Pages/Dashboard.aspx?ProjectId=M005141,Grady,SR 111/SR 188 From SR 38 To SR 93,PRE-CONSTRUCTION
M005145,https://www.dot.ga.gov/applications/geopi/Pages/Dashboard.aspx?ProjectId=M005145,Jefferson,SR 4 From SR 4Bu/Kennedy Road To N Of SR 4Bu/Main Street,PRE-CONSTRUCTION
M005147,https://www.dot.ga.gov/applications/geopi/Pages/Dashboard.aspx?ProjectId=M005147,Burke,SR 80 From SR 56 Spur To SR 56,PRE-CONSTRUCTION
M005148,https://www.dot.ga.gov/applications/geopi/Pages/Dashboard.aspx?ProjectId=M005148,Burke,SR 24 From 0.08 MI W Of CS 543/Cemetery Road To SR 121 Bypass,PRE-CONSTRUCTION
M005149,https://www.dot.ga.gov/applications/geopi/Pages/Dashboard.aspx?ProjectId=M005149,Greene,SR 77 From SR 15 To SR 12,PRE-CONSTRUCTION
M005152,https://www.dot.ga.gov/applications/geopi/Pages/Dashboard.aspx?ProjectId=M005152,Jefferson,SR 88 From SR 80 To Burke County Line,PRE-CONSTRUCTION
M005153,https://www.dot.ga.gov/applications/geopi/Pages/Dashboard.aspx?ProjectId=M005153,Treutlen,SR 15 From I-16 To Emanuel County Line,PRE-CONSTRUCTION
M005158,https://www.dot.ga.gov/applications/geopi/Pages/Dashboard.aspx?ProjectId=M005158,Sumter,"SR 27 - Mill, Plmx Rsrf, Srfc Trt, Shoulder Rehab",COMPLETED-CONSTRUCTION
M005159,https://www.dot.ga.gov/applications/geopi/Pages/Dashboard.aspx?ProjectId=M005159,Sumter,SR 49 From Terrell County Line To SR 27,PRE-CONSTRUCTION
M005160,https://www.dot.ga.gov/applications/geopi/Pages/Dashboard.aspx?ProjectId=M005160,Talbot,SR 22/SR 90/SR 208 - Pltmx Resurf,UNDER-CONSTRUCTION
M005161,https://www.dot.ga.gov/applications/geopi/Pages/Dashboard.aspx?ProjectId=M005161,Taylor,SR 3 So/US 19 From SR 3 To SR 3 In Butler,PRE-CONSTRUCTION
M005165,https://www.dot.ga.gov/applications/geopi/Pages/Dashboard.aspx?ProjectId=M005165,Decatur,SR 38Bu/US 84Bu From CSX #637632V To Frontage Road,PRE-CONSTRUCTION
M005168,https://www.dot.ga.gov/applications/geopi/Pages/Dashboard.aspx?ProjectId=M005168,Miller,SR 1 From 1.15 MI S Of CS 540/Brooks St To 0.20 MI N Of SR 91,PRE-CONSTRUCTION
M005169,https://www.dot.ga.gov/applications/geopi/Pages/Dashboard.aspx?ProjectId=M005169,Worth,SR 133 From Colquitt County Line To Dougherty County Line,PRE-CONSTRUCTION
M005176,https://www.dot.ga.gov/applications/geopi/Pages/Dashboard.aspx?ProjectId=M005176,Marion,SR 137 From SR 355 To SR 41,PRE-CONSTRUCTION
M005177,https://www.dot.ga.gov/applications/geopi/Pages/Dashboard.aspx?ProjectId=M005177,"Schley , Sumter",SR 153 From SR 30/Sumter To SR 26/Schley,PRE-CONSTRUCTION
M005181,https://www.dot.ga.gov/applications/geopi/Pages/Dashboard.aspx?ProjectId=M005181,Berrien,SR 11 From SR 37 To SR 76/SR 125,PRE-CONSTRUCTION
M005202,https://www.dot.ga.gov/applications/geopi/Pages/Dashboard.aspx?ProjectId=M005202,Jefferson,SR 80 From SR 17 To SR 296,PRE-CONSTRUCTION
M005203,https://www.dot.ga.gov/applications/geopi/Pages/Dashboard.aspx?ProjectId=M005203,Johnson,SR 15 From Wrightsville City Limits To Washington County Line,PRE-CONSTRUCTION
M005208,https://www.dot.ga.gov/applications/geopi/Pages/Dashboard.aspx?ProjectId=M005208,Colquitt,SR 111 From Mitchell County Line To SR 33 So,PRE-CONSTRUCTION
M005210,https://www.dot.ga.gov/applications/geopi/Pages/Dashboard.aspx?ProjectId=M005210,Tift,SR 35 From SR 520 To Irwin County Line,PRE-CONSTRUCTION
M005212,https://www.dot.ga.gov/applications/geopi/Pages/Dashboard.aspx?ProjectId=M005212,Lee,SR 520 From Terrell County Line To CR 171/N Doublegate Drive,PRE-CONSTRUCTION
M005216,https://www.dot.ga.gov/applications/geopi/Pages/Dashboard.aspx?ProjectId=M005216,"Ben Hill , Irwin , Turner",SR 107 From W Of Alapaha River To Jacksonville Hwy,PRE-CONSTRUCTION
M005242,https://www.dot.ga.gov/applications/geopi/Pages/Dashboard.aspx?ProjectId=M005242,Lee,SR 520 From CR 171/N Doublegate Drive To Dougherty County Line,PRE-CONSTRUCTION
M005249,https://www.dot.ga.gov/applications/geopi/Pages/Dashboard.aspx?ProjectId=M005249,Brooks,SR 122 From Pavo City To SR 333,PRE-CONSTRUCTION
M005250,https://www.dot.ga.gov/applications/geopi/Pages/Dashboard.aspx?ProjectId=M005250,Thomas,SR 111 From Grady County Line To Mitchell County Line,PRE-CONSTRUCTION
M005254,https://www.dot.ga.gov/applications/geopi/Pages/Dashboard.aspx?ProjectId=M005254,Burke,SR 56 Spur From SR 56 To SR 80,PRE-CONSTRUCTION
M005257,https://www.dot.ga.gov/applications/geopi/Pages/Dashboard.aspx?ProjectId=M005257,Treutlen,SR 46 From Wheeler County Line To SR 56,PRE-CONSTRUCTION
M005258,https://www.dot.ga.gov/applications/geopi/Pages/Dashboard.aspx?ProjectId=M005258,Dooly,SR 230 Conn From SR 90 To SR 230,PRE-CONSTRUCTION
M005260,https://www.dot.ga.gov/applications/geopi/Pages/Dashboard.aspx?ProjectId=M005260,Meriwether,SR 54 Spur From SR 41 To SR 54,PRE-CONSTRUCTION
M005262,https://www.dot.ga.gov/applications/geopi/Pages/Dashboard.aspx?ProjectId=M005262,Monroe,SR 18 - Pltmx Resurf,COMPLETED-CONSTRUCTION
M005267,https://www.dot.ga.gov/applications/geopi/Pages/Dashboard.aspx?ProjectId=M005267,Talbot,SR 315 - Pltmx Resurf,COMPLETED-CONSTRUCTION
M005268,https://www.dot.ga.gov/applications/geopi/Pages/Dashboard.aspx?ProjectId=M005268,Twiggs,SR 112 From Wilkinson County Line To Bleckley County Line,PRE-CONSTRUCTION
M005272,https://www.dot.ga.gov/applications/geopi/Pages/Dashboard.aspx?ProjectId=M005272,Randolph,SR 41 From SR 50 To SR 50,PRE-CONSTRUCTION
M005276,https://www.dot.ga.gov/applications/geopi/Pages/Dashboard.aspx?ProjectId=M005276,Turner,SR 159 From SR 7 To I-75,PRE-CONSTRUCTION
M005278,https://www.dot.ga.gov/applications/geopi/Pages/Dashboard.aspx?ProjectId=M005278,Telfair,SR 117 From SR 31 To SR 132,PRE-CONSTRUCTION
M005283,https://www.dot.ga.gov/applications/geopi/Pages/Dashboard.aspx?ProjectId=M005283,Meriwether,SR 109 - Pltmx Resurf,UNDER-CONSTRUCTION
M005289,https://www.dot.ga.gov/applications/geopi/Pages/Dashboard.aspx?ProjectId=M005289,Washington,SR 272 From SR 68 To SR 24,PRE-CONSTRUCTION
M005291,https://www.dot.ga.gov/applications/geopi/Pages/Dashboard.aspx?ProjectId=M005291,Meriwether,SR 109 Spur From SR 18 To SR 74/SR 85,PRE-CONSTRUCTION
M005303,https://www.dot.ga.gov/applications/geopi/Pages/Dashboard.aspx?ProjectId=M005303,Wilcox,SR 112 From Rochelle City Limits To Pulaski County Line,PRE-CONSTRUCTION
M005318,https://www.dot.ga.gov/applications/geopi/Pages/Dashboard.aspx?ProjectId=M005318,"Dodge , Laurens",SR 31/US 319 From Wheeler County Line To I-16,PRE-CONSTRUCTION
M005323,https://www.dot.ga.gov/applications/geopi/Pages/Dashboard.aspx?ProjectId=M005323,Lanier,SR 64 From Berrien County Line To Atkinson County Line,PRE-CONSTRUCTION
M005330,https://www.dot.ga.gov/applications/geopi/Pages/Dashboard.aspx?ProjectId=M005330,McDuffie,SR 150 From SR 17/SR 223 To I-20,PRE-CONSTRUCTION
M005331,https://www.dot.ga.gov/applications/geopi/Pages/Dashboard.aspx?ProjectId=M005331,Peach,SR 42 From SR 49 To Crawford County Line,PRE-CONSTRUCTION
M005355,https://www.dot.ga.gov/applications/geopi/Pages/Dashboard.aspx?ProjectId=M005355,Ware,SR 4/US 1 From 0.3 MI S Of SR 177 To CS 973/Havanna Ave,PRE-CONSTRUCTION
M005359,https://www.dot.ga.gov/applications/geopi/Pages/Dashboard.aspx?ProjectId=M005359,Peach,SR 7 Conn From Just E Of SR 7 To SR 96,PRE-CONSTRUCTION
M005416,https://www.dot.ga.gov/applications/geopi/Pages/Dashboard.aspx?ProjectId=M005416,Fulton,Trees Along Moores Mill RD @ I-75,PRE-CONSTRUCTION
M005508,https://www.dot.ga.gov/applications/geopi/Pages/Dashboard.aspx?ProjectId=M005508,Walton,SR 20 From Gwinnett County Line To Rockdale County Line,PRE-CONSTRUCTION
M005546,https://www.dot.ga.gov/applications/geopi/Pages/Dashboard.aspx?ProjectId=M005546,All Counties,Maintenance Preservation @ 10 Locs In District 1,PRE-CONSTRUCTION
M005559,https://www.dot.ga.gov/applications/geopi/Pages/Dashboard.aspx?ProjectId=M005559,All Counties,Maintenance Preservation @ 5 Locs In District 4 Area 5,PRE-CONSTRUCTION
M005570,https://www.dot.ga.gov/applications/geopi/Pages/Dashboard.aspx?ProjectId=M005570,Carroll,I-20/SR 402 - Bridge Rehab,COMPLETED-CONSTRUCTION
M005591,https://www.dot.ga.gov/applications/geopi/Pages/Dashboard.aspx?ProjectId=M005591,"Baldwin , Wilkinson",SR 29/US 441 From S Of CR 156/Rc Starkey RD To N Of SR 29Bu,PRE-CONSTRUCTION
M005592,https://www.dot.ga.gov/applications/geopi/Pages/Dashboard.aspx?ProjectId=M005592,Wilkinson,SR 29/US 441 From Lauren County Line To SR 96,PRE-CONSTRUCTION
M005593,https://www.dot.ga.gov/applications/geopi/Pages/Dashboard.aspx?ProjectId=M005593,Morgan,SR 24/US 129 From SR 12 To Oconee County Line,PRE-CONSTRUCTION
M005594,https://www.dot.ga.gov/applications/geopi/Pages/Dashboard.aspx?ProjectId=M005594,Emanuel,SR 4/US 1 From CS 724/Old Hwy 46 To I-16 In Oak Park,PRE-CONSTRUCTION
M005597,https://www.dot.ga.gov/applications/geopi/Pages/Dashboard.aspx?ProjectId=M005597,Morgan,SR 12 From Walton County Line To E Of CR 312/Wynbrook Place,PRE-CONSTRUCTION
M005598,https://www.dot.ga.gov/applications/geopi/Pages/Dashboard.aspx?ProjectId=M005598,Jenkins,SR 67 From SR 23 To SR 21,PRE-CONSTRUCTION
M005599,https://www.dot.ga.gov/applications/geopi/Pages/Dashboard.aspx?ProjectId=M005599,Greene,"SR 15 - Mill, Inlay, Plmx Rsrf",UNDER-CONSTRUCTION
M005601,https://www.dot.ga.gov/applications/geopi/Pages/Dashboard.aspx?ProjectId=M005601,Newton,"SR 81 - Milling, Inlay Plmx Resf",COMPLETED-CONSTRUCTION
M005602,https://www.dot.ga.gov/applications/geopi/Pages/Dashboard.aspx?ProjectId=M005602,Putnam,SR 212 From SR 44 To Baldwin County Line,PRE-CONSTRUCTION
M005604,https://www.dot.ga.gov/applications/geopi/Pages/Dashboard.aspx?ProjectId=M005604,Newton,SR 162 From SR 81 To Rockdale County Line,PRE-CONSTRUCTION
M005610,https://www.dot.ga.gov/applications/geopi/Pages/Dashboard.aspx?ProjectId=M005610,"DeKalb , Fulton",Ca - City Of Atlanta Resurfacing - Phase II,COMPLETED-CONSTRUCTION
M005630,https://www.dot.ga.gov/applications/geopi/Pages/Dashboard.aspx?ProjectId=M005630,Cherokee,SR 92 From CS 734/Laurel Wood Drive To Cobb County Line,PRE-CONSTRUCTION
M005640,https://www.dot.ga.gov/applications/geopi/Pages/Dashboard.aspx?ProjectId=M005640,Whitfield,SR 3 From CR 1290/Watertower Lane To Catoosa County Line,PRE-CONSTRUCTION
M005650,https://www.dot.ga.gov/applications/geopi/Pages/Dashboard.aspx?ProjectId=M005650,Cobb,"SR 8 - Milling, Plmx Resf",COMPLETED-CONSTRUCTION
M005653,https://www.dot.ga.gov/applications/geopi/Pages/Dashboard.aspx?ProjectId=M005653,Fulton,SR 14 - Mill & Plmx Resf,COMPLETED-CONSTRUCTION
M005691,https://www.dot.ga.gov/applications/geopi/Pages/Dashboard.aspx?ProjectId=M005691,Pulaski,SR 112 From Wilcox County Line To SR 11,PRE-CONSTRUCTION
M005703,https://www.dot.ga.gov/applications/geopi/Pages/Dashboard.aspx?ProjectId=M005703,Jefferson,"SR 88/SR 540 - Mill, Plmx Rsrf",COMPLETED-CONSTRUCTION
M005746,https://www.dot.ga.gov/applications/geopi/Pages/Dashboard.aspx?ProjectId=M005746,Elbert,SR 77 Conn From 0.02 MI E Of SR 17 To SR 77,PRE-CONSTRUCTION
M005747,https://www.dot.ga.gov/applications/geopi/Pages/Dashboard.aspx?ProjectId=M005747,Jackson,SR 98 - Resurf-Rehab,COMPLETED-CONSTRUCTION
M005748,https://www.dot.ga.gov/applications/geopi/Pages/Dashboard.aspx?ProjectId=M005748,Rabun,"SR 28 - Mill, Plmx Rsrf, Shoulder Rehab",COMPLETED-CONSTRUCTION
M005749,https://www.dot.ga.gov/applications/geopi/Pages/Dashboard.aspx?ProjectId=M005749,Hart,SR 181 From 0.01 MI S Of SR 8 To Savannah River,PRE-CONSTRUCTION
M005750,https://www.dot.ga.gov/applications/geopi/Pages/Dashboard.aspx?ProjectId=M005750,Towns,SR 339 From 0.01 MI S Of SR 66 To 0.01 MI W Of SR 17/SR 515,PRE-CONSTRUCTION
M005755,https://www.dot.ga.gov/applications/geopi/Pages/Dashboard.aspx?ProjectId=M005755,"Lee , Worth",SR 32 From SR 195 To SR 300,PRE-CONSTRUCTION
M005762,https://www.dot.ga.gov/applications/geopi/Pages/Dashboard.aspx?ProjectId=M005762,Decatur,SR 38 Bu / SR 1 Bu - Resurf And Maint,COMPLETED-CONSTRUCTION
M005768,https://www.dot.ga.gov/applications/geopi/Pages/Dashboard.aspx?ProjectId=M005768,Chatham,US 80/SR 26/SR 17 - Mill & Plmx Resf,COMPLETED-CONSTRUCTION
M005776,https://www.dot.ga.gov/applications/geopi/Pages/Dashboard.aspx?ProjectId=M005776,"Clinch , Lanier",SR 37 - Mill & Plmx Resf,COMPLETED-CONSTRUCTION
M005785,https://www.dot.ga.gov/applications/geopi/Pages/Dashboard.aspx?ProjectId=M005785,Screven,SR 21 Bus - Resurf - Maint,COMPLETED-CONSTRUCTION
M005795,https://www.dot.ga.gov/applications/geopi/Pages/Dashboard.aspx?ProjectId=M005795,Gordon,SR 53 From CSX #340699C To Pickens County Line,PRE-CONSTRUCTION
M005818,https://www.dot.ga.gov/applications/geopi/Pages/Dashboard.aspx?ProjectId=M005818,Dooly,SR 27 - Resurfacing & Maintenance,COMPLETED-CONSTRUCTION
M005821,https://www.dot.ga.gov/applications/geopi/Pages/Dashboard.aspx?ProjectId=M005821,Upson,SR 74 From SR 36 To Monroe County Line,PRE-CONSTRUCTION
M005828,https://www.dot.ga.gov/applications/geopi/Pages/Dashboard.aspx?ProjectId=M005828,Charlton,SR 185 From SR 23 To 0.02 MI S Of NS #713661N,PRE-CONSTRUCTION
M005863,https://www.dot.ga.gov/applications/geopi/Pages/Dashboard.aspx?ProjectId=M005863,Chatham,SR 404 Spur @ Talmadge Memorial Bridge-Cable Damping System,PRE-CONSTRUCTION
M005878,https://www.dot.ga.gov/applications/geopi/Pages/Dashboard.aspx?ProjectId=M005878,Fulton,SR 400 @ Justin C Martin Building - Tunnel Bridge Rehab,PRE-CONSTRUCTION
M005879,https://www.dot.ga.gov/applications/geopi/Pages/Dashboard.aspx?ProjectId=M005879,Jackson,SR 15 (Sycamore St) - Bridge Rehab,COMPLETED-CONSTRUCTION
M005881,https://www.dot.ga.gov/applications/geopi/Pages/Dashboard.aspx?ProjectId=M005881,"Clarke , Oconee","SR 10 - Mill, Plmx Rsrf",UNDER-CONSTRUCTION
M005897,https://www.dot.ga.gov/applications/geopi/Pages/Dashboard.aspx?ProjectId=M005897,Chatham,SR 25 - Resurf & Maint,COMPLETED-CONSTRUCTION
M005915,https://www.dot.ga.gov/applications/geopi/Pages/Dashboard.aspx?ProjectId=M005915,Elbert,"SR 72 - Milling, Inlay & Plmx Resf",COMPLETED-CONSTRUCTION
M005921,https://www.dot.ga.gov/applications/geopi/Pages/Dashboard.aspx?ProjectId=M005921,Glynn,SR 25 - Resurf-Maint,COMPLETED-CONSTRUCTION
M005931,https://www.dot.ga.gov/applications/geopi/Pages/Dashboard.aspx?ProjectId=M005931,"Butts , Henry , Spalding","I-75/SR 401 - Milling, Inlay & Plmx Resf",COMPLETED-CONSTRUCTION
M005953,https://www.dot.ga.gov/applications/geopi/Pages/Dashboard.aspx?ProjectId=M005953,Glynn,SR 27 - Brge Rehab,UNDER-CONSTRUCTION
M005955,https://www.dot.ga.gov/applications/geopi/Pages/Dashboard.aspx?ProjectId=M005955,"Catoosa , Murray , Whitfield",SR 2 & SR 52  - Bridgee Rehab,COMPLETED-CONSTRUCTION
M005969,https://www.dot.ga.gov/applications/geopi/Pages/Dashboard.aspx?ProjectId=M005969,McDuffie,"SR 17 - Mill, Inlay, Plmx Rsrf, Drainage Improv",COMPLETED-CONSTRUCTION
M005975,https://www.dot.ga.gov/applications/geopi/Pages/Dashboard.aspx?ProjectId=M005975,"Cobb , DeKalb , Fulton",Various Locations - Bridge Maint.,COMPLETED-CONSTRUCTION
M005981,https://www.dot.ga.gov/applications/geopi/Pages/Dashboard.aspx?ProjectId=M005981,Coffee,"SR 135 - Milling, Inlay And Plmx Rsrf",COMPLETED-CONSTRUCTION
M005985,https://www.dot.ga.gov/applications/geopi/Pages/Dashboard.aspx?ProjectId=M005985,Cobb,SR 360 - Rehab & Plmx Resurf,COMPLETED-CONSTRUCTION
M005990,https://www.dot.ga.gov/applications/geopi/Pages/Dashboard.aspx?ProjectId=M005990,DeKalb,SR 42 - Pltmx Resurf,COMPLETED-CONSTRUCTION
M006029,https://www.dot.ga.gov/applications/geopi/Pages/Dashboard.aspx?ProjectId=M006029,"Cobb , Fulton",Various Locations - Bridge Rehab,COMPLETED-CONSTRUCTION
M006030,https://www.dot.ga.gov/applications/geopi/Pages/Dashboard.aspx?ProjectId=M006030,Muscogee,Various Locations - Bridge Preservation,COMPLETED-CONSTRUCTION
M006044,https://www.dot.ga.gov/applications/geopi/Pages/Dashboard.aspx?ProjectId=M006044,Johnson,"SR 15 - Milling, Inlay, Plmx Rsrf, Shoulder Rehab",COMPLETED-CONSTRUCTION
M006049,https://www.dot.ga.gov/applications/geopi/Pages/Dashboard.aspx?ProjectId=M006049,"Bibb , Crawford , Peach",I-75 (SR 401) - Pltmx Resurf,COMPLETED-CONSTRUCTION
M006050,https://www.dot.ga.gov/applications/geopi/Pages/Dashboard.aspx?ProjectId=M006050,Fulton,"I-75/SR 401 - Milling, Plmx Rsrf",COMPLETED-CONSTRUCTION
M006051,https://www.dot.ga.gov/applications/geopi/Pages/Dashboard.aspx?ProjectId=M006051,Troup,SR 403 - Pltmx Resurf,COMPLETED-CONSTRUCTION
M006056,https://www.dot.ga.gov/applications/geopi/Pages/Dashboard.aspx?ProjectId=M006056,Troup,Various Locs - Bridge Rehab,UNDER-CONSTRUCTION
M006058,https://www.dot.ga.gov/applications/geopi/Pages/Dashboard.aspx?ProjectId=M006058,DeKalb,US I-20/SR 402 - Pltmx Resurf,COMPLETED-CONSTRUCTION
M006059,https://www.dot.ga.gov/applications/geopi/Pages/Dashboard.aspx?ProjectId=M006059,Rockdale,"I-20/SR 402 - Mill, Inlay, Plmx Rsrf",COMPLETED-CONSTRUCTION
M006060,https://www.dot.ga.gov/applications/geopi/Pages/Dashboard.aspx?ProjectId=M006060,Muscogee,SR 411 - Concrete Rehab,COMPLETED-CONSTRUCTION
M006061,https://www.dot.ga.gov/applications/geopi/Pages/Dashboard.aspx?ProjectId=M006061,Cobb,"I-75/SR 401 - Mill, Inlay, Plmx Rsrf",COMPLETED-CONSTRUCTION
M006062,https://www.dot.ga.gov/applications/geopi/Pages/Dashboard.aspx?ProjectId=M006062,"Bartow , Gordon","I-75/SR 401 - Mill, Plmx Rsrf",COMPLETED-CONSTRUCTION
M006063,https://www.dot.ga.gov/applications/geopi/Pages/Dashboard.aspx?ProjectId=M006063,McIntosh,"I-95/SR 405 - Milling, Inlay, Plmx Rsrf",COMPLETED-CONSTRUCTION
M006064,https://www.dot.ga.gov/applications/geopi/Pages/Dashboard.aspx?ProjectId=M006064,"Carroll , Haralson",I-20 From Alabama State Line To 0.37 MI E Of Pleasant Ridge RD,PRE-CONSTRUCTION
M006066,https://www.dot.ga.gov/applications/geopi/Pages/Dashboard.aspx?ProjectId=M006066,Lowndes,I-75/SR 401 - Pavement Marking Upgrades,COMPLETED-CONSTRUCTION
M006067,https://www.dot.ga.gov/applications/geopi/Pages/Dashboard.aspx?ProjectId=M006067,"Bibb , Monroe",I-75/SR 401 - Pvmt Mkg Upgrades,COMPLETED-CONSTRUCTION
M006068,https://www.dot.ga.gov/applications/geopi/Pages/Dashboard.aspx?ProjectId=M006068,"Coweta , Fulton",I-85/SR 403 - Pvmnt Mrkg,COMPLETED-CONSTRUCTION
M006071,https://www.dot.ga.gov/applications/geopi/Pages/Dashboard.aspx?ProjectId=M006071,Dade,I-59 From Alabama State Line To SR 136,PRE-CONSTRUCTION
M006072,https://www.dot.ga.gov/applications/geopi/Pages/Dashboard.aspx?ProjectId=M006072,"Harris , Muscogee , Troup",I-185 From S Of CR 1379/Armour Road/Muscogee To I-85/Troup,PRE-CONSTRUCTION
M006073,https://www.dot.ga.gov/applications/geopi/Pages/Dashboard.aspx?ProjectId=M006073,Fulton,I-285 From Chattahoochee River To W Of SR 400,PRE-CONSTRUCTION
M006074,https://www.dot.ga.gov/applications/geopi/Pages/Dashboard.aspx?ProjectId=M006074,"Clayton , DeKalb , Fulton",I-285 From SR 42/Dekalb To W Of CR 171/Conley Road/Clayton,PRE-CONSTRUCTION
M006075,https://www.dot.ga.gov/applications/geopi/Pages/Dashboard.aspx?ProjectId=M006075,Clarke,US 129/SR 10 Loop - Bridge Rehab,COMPLETED-CONSTRUCTION
M006081,https://www.dot.ga.gov/applications/geopi/Pages/Dashboard.aspx?ProjectId=M006081,McIntosh,"SR 25 - Milling, Plmx Rsrf",COMPLETED-CONSTRUCTION
M006096,https://www.dot.ga.gov/applications/geopi/Pages/Dashboard.aspx?ProjectId=M006096,Monroe,SR 83 - Plmx Resurf - Rehab,COMPLETED-CONSTRUCTION
M006097,https://www.dot.ga.gov/applications/geopi/Pages/Dashboard.aspx?ProjectId=M006097,Coweta,SR 34 - Plmx Resurf-Rehab,COMPLETED-CONSTRUCTION
M006100,https://www.dot.ga.gov/applications/geopi/Pages/Dashboard.aspx?ProjectId=M006100,Heard,"SR 1/US 27 - Mill, Plmx Rsrf, Shoulder Rehab",COMPLETED-CONSTRUCTION
M006101,https://www.dot.ga.gov/applications/geopi/Pages/Dashboard.aspx?ProjectId=M006101,"Crawford , Taylor",SR 96 - Pltmx Resurf,COMPLETED-CONSTRUCTION
M006104,https://www.dot.ga.gov/applications/geopi/Pages/Dashboard.aspx?ProjectId=M006104,Harris,SR 219 - Plmx Resurf,COMPLETED-CONSTRUCTION
M006105,https://www.dot.ga.gov/applications/geopi/Pages/Dashboard.aspx?ProjectId=M006105,Gwinnett,"SR 403 - Milling, Plmx Rsrf",COMPLETED-CONSTRUCTION
M006109,https://www.dot.ga.gov/applications/geopi/Pages/Dashboard.aspx?ProjectId=M006109,Fulton,Various Locs - Bridge Rehab,COMPLETED-CONSTRUCTION
M006110,https://www.dot.ga.gov/applications/geopi/Pages/Dashboard.aspx?ProjectId=M006110,Fulton,I-85/SR 403 - Bridge Rehab,UNDER-CONSTRUCTION
M006118,https://www.dot.ga.gov/applications/geopi/Pages/Dashboard.aspx?ProjectId=M006118,Gilmer,"SR 382 - Milling, Plmx Rsrf",COMPLETED-CONSTRUCTION
M006124,https://www.dot.ga.gov/applications/geopi/Pages/Dashboard.aspx?ProjectId=M006124,DeKalb,SR 13 From Fulton County Line To CS 757/Chamblee Tucker RD,PRE-CONSTRUCTION
M006125,https://www.dot.ga.gov/applications/geopi/Pages/Dashboard.aspx?ProjectId=M006125,Fulton,SR 140 - Milling & Plmx Resf,COMPLETED-CONSTRUCTION
M006137,https://www.dot.ga.gov/applications/geopi/Pages/Dashboard.aspx?ProjectId=M006137,Johnson,SR 15 - Resurf & Maint,COMPLETED-CONSTRUCTION
M006156,https://www.dot.ga.gov/applications/geopi/Pages/Dashboard.aspx?ProjectId=M006156,Dade,I-59/SR 406 - Bridge Rehab,COMPLETED-CONSTRUCTION
M006161,https://www.dot.ga.gov/applications/geopi/Pages/Dashboard.aspx?ProjectId=M006161,Bibb,I-475/SR 408 - Bridge Presv,UNDER-CONSTRUCTION
M006163,https://www.dot.ga.gov/applications/geopi/Pages/Dashboard.aspx?ProjectId=M006163,Harris,I-185/SR 411 - Bridge Rehab,COMPLETED-CONSTRUCTION
M006166,https://www.dot.ga.gov/applications/geopi/Pages/Dashboard.aspx?ProjectId=M006166,Dade,I-24/SR 409 - Plantmx Resurf,UNDER-CONSTRUCTION
M006167,https://www.dot.ga.gov/applications/geopi/Pages/Dashboard.aspx?ProjectId=M006167,"Cherokee , Cobb","I-575/SR 417 - Mill, Inlay, Plmx Rsrf",COMPLETED-CONSTRUCTION
M006168,https://www.dot.ga.gov/applications/geopi/Pages/Dashboard.aspx?ProjectId=M006168,Towns,SR 2/US 76 From Hiawassee River To Rabun County Line,PRE-CONSTRUCTION
M006169,https://www.dot.ga.gov/applications/geopi/Pages/Dashboard.aspx?ProjectId=M006169,Towns,SR 2/US 76 From SR 515 To Hiawassee River,PRE-CONSTRUCTION
M006170,https://www.dot.ga.gov/applications/geopi/Pages/Dashboard.aspx?ProjectId=M006170,Rabun,SR 2 From SR 15 To South Carolina State Line,PRE-CONSTRUCTION
M006171,https://www.dot.ga.gov/applications/geopi/Pages/Dashboard.aspx?ProjectId=M006171,"Franklin , Madison",SR 106 From S Of SR 98/Madison To SR 51/Franklin,PRE-CONSTRUCTION
M006172,https://www.dot.ga.gov/applications/geopi/Pages/Dashboard.aspx?ProjectId=M006172,Franklin,SR 145 From SR 8 To SR 59/SR 106,PRE-CONSTRUCTION
M006174,https://www.dot.ga.gov/applications/geopi/Pages/Dashboard.aspx?ProjectId=M006174,"Franklin , Stephens",SR 184 From Banks County Line To SR 17,PRE-CONSTRUCTION
M006176,https://www.dot.ga.gov/applications/geopi/Pages/Dashboard.aspx?ProjectId=M006176,Dawson,"SR 136 - Milling, Plmx Resurface & Shoulder Rehab",COMPLETED-CONSTRUCTION
M006179,https://www.dot.ga.gov/applications/geopi/Pages/Dashboard.aspx?ProjectId=M006179,Hall,SR 11/US 129 From SR 323 To CS 719/Monroe Drive,PRE-CONSTRUCTION
M006181,https://www.dot.ga.gov/applications/geopi/Pages/Dashboard.aspx?ProjectId=M006181,Gwinnett,SR 20 From CS 1227/S Lee Street To CR 105/Laurel Drive,PRE-CONSTRUCTION
M006182,https://www.dot.ga.gov/applications/geopi/Pages/Dashboard.aspx?ProjectId=M006182,Hall,SR 13 From SR 347 To 0.10 MI N Of CS 630/Cantrell Road,PRE-CONSTRUCTION
M006185,https://www.dot.ga.gov/applications/geopi/Pages/Dashboard.aspx?ProjectId=M006185,Warren,"SR 12 - Mill, Inlay, Plmx Rsrf, Shoulder Rehab",COMPLETED-CONSTRUCTION
M006186,https://www.dot.ga.gov/applications/geopi/Pages/Dashboard.aspx?ProjectId=M006186,Newton,"SR 81 - Mill, Plmx Rsrf, Shoulder Rehab",COMPLETED-CONSTRUCTION
M006187,https://www.dot.ga.gov/applications/geopi/Pages/Dashboard.aspx?ProjectId=M006187,Laurens,US 441/SR 117 - Pltmx Resurf,COMPLETED-CONSTRUCTION
M006189,https://www.dot.ga.gov/applications/geopi/Pages/Dashboard.aspx?ProjectId=M006189,Jones,SR 18 - Plmx Resurf - Shoulder Rehab,COMPLETED-CONSTRUCTION
M006197,https://www.dot.ga.gov/applications/geopi/Pages/Dashboard.aspx?ProjectId=M006197,"Brooks , Thomas",Various Locations - Bridge Rehab,COMPLETED-CONSTRUCTION
M006198,https://www.dot.ga.gov/applications/geopi/Pages/Dashboard.aspx?ProjectId=M006198,Tift,US 82 (SR 520) - Bridge Rehab,COMPLETED-CONSTRUCTION
M006201,https://www.dot.ga.gov/applications/geopi/Pages/Dashboard.aspx?ProjectId=M006201,"Chatham , Jeff Davis , Long",Various Locs - Bridge Rehab,COMPLETED-CONSTRUCTION
M006202,https://www.dot.ga.gov/applications/geopi/Pages/Dashboard.aspx?ProjectId=M006202,"Catoosa , Floyd , Whitfield",Various Locs - Bridge Rehab,UNDER-CONSTRUCTION
M006205,https://www.dot.ga.gov/applications/geopi/Pages/Dashboard.aspx?ProjectId=M006205,"Dougherty , Grady , Thomas",Various Locs - Bridge Preserv,UNDER-CONSTRUCTION
M006206,https://www.dot.ga.gov/applications/geopi/Pages/Dashboard.aspx?ProjectId=M006206,"Meriwether , Muscogee",Various Locations - Bridge Rehab,UNDER-CONSTRUCTION
M006207,https://www.dot.ga.gov/applications/geopi/Pages/Dashboard.aspx?ProjectId=M006207,"Bibb , Houston , Monroe",Various Loc - Bridge Prev,COMPLETED-CONSTRUCTION
M006208,https://www.dot.ga.gov/applications/geopi/Pages/Dashboard.aspx?ProjectId=M006208,All Counties,Various Locs - Bridge Rehab,UNDER-CONSTRUCTION
M006209,https://www.dot.ga.gov/applications/geopi/Pages/Dashboard.aspx?ProjectId=M006209,All Counties,Various Locs - Bridge Rehab,UNDER-CONSTRUCTION
M006210,https://www.dot.ga.gov/applications/geopi/Pages/Dashboard.aspx?ProjectId=M006210,"Brantley , Charlton , Glynn",Various Locations - Bridge Rehab,COMPLETED-CONSTRUCTION
M006214,https://www.dot.ga.gov/applications/geopi/Pages/Dashboard.aspx?ProjectId=M006214,Chatham,SR 26 - Milling & Plxm Resf,COMPLETED-CONSTRUCTION
M006216,https://www.dot.ga.gov/applications/geopi/Pages/Dashboard.aspx?ProjectId=M006216,Chatham,SR 204 - Pltmx Resurf,COMPLETED-CONSTRUCTION
M006221,https://www.dot.ga.gov/applications/geopi/Pages/Dashboard.aspx?ProjectId=M006221,Camden,"SR 25 - Mill, Inlay, Plmx Rsrf",COMPLETED-CONSTRUCTION
M006227,https://www.dot.ga.gov/applications/geopi/Pages/Dashboard.aspx?ProjectId=M006227,Muscogee,"SR 22 Spur -  Milling, Inlay, Plmx Rsrf, Construction Of A Bridge",COMPLETED-CONSTRUCTION
M006229,https://www.dot.ga.gov/applications/geopi/Pages/Dashboard.aspx?ProjectId=M006229,Dougherty,"SR 91 - Mill, Plmx Rsrf",UNDER-CONSTRUCTION
M006232,https://www.dot.ga.gov/applications/geopi/Pages/Dashboard.aspx?ProjectId=M006232,Richmond,"SR 10 - Mill, Inlay, Plmx Rsrf",COMPLETED-CONSTRUCTION
M006240,https://www.dot.ga.gov/applications/geopi/Pages/Dashboard.aspx?ProjectId=M006240,Washington,SR 540/SR 24 - Pltmix Resurf,COMPLETED-CONSTRUCTION
M006242,https://www.dot.ga.gov/applications/geopi/Pages/Dashboard.aspx?ProjectId=M006242,Richmond,"US 25/SR 121 - Mill, Inlay, Plmx Rsrf, Shoulder Rehab",UNDER-CONSTRUCTION
M006243,https://www.dot.ga.gov/applications/geopi/Pages/Dashboard.aspx?ProjectId=M006243,"Bibb , Jones",SR 11 - Pltmx Resurf,COMPLETED-CONSTRUCTION
M006244,https://www.dot.ga.gov/applications/geopi/Pages/Dashboard.aspx?ProjectId=M006244,Bibb,SR 247/SR 11 - Pltmx Resurf,COMPLETED-CONSTRUCTION
M006246,https://www.dot.ga.gov/applications/geopi/Pages/Dashboard.aspx?ProjectId=M006246,"Bibb , Jones","SR 49 - Mill, Inlay, Plmx Rsrf",COMPLETED-CONSTRUCTION
M006248,https://www.dot.ga.gov/applications/geopi/Pages/Dashboard.aspx?ProjectId=M006248,"Clayton , Henry",SR 138 - Pltmx Resurf,COMPLETED-CONSTRUCTION
M006249,https://www.dot.ga.gov/applications/geopi/Pages/Dashboard.aspx?ProjectId=M006249,Coweta,SR 34 Bypass - Pltmx Resurf,COMPLETED-CONSTRUCTION
M006250,https://www.dot.ga.gov/applications/geopi/Pages/Dashboard.aspx?ProjectId=M006250,Troup,Sr14 - Pltmx Resurf,COMPLETED-CONSTRUCTION
M006251,https://www.dot.ga.gov/applications/geopi/Pages/Dashboard.aspx?ProjectId=M006251,Henry,"SR 3 - Mill, Inlay,  Plmx Rsrf",COMPLETED-CONSTRUCTION
M006252,https://www.dot.ga.gov/applications/geopi/Pages/Dashboard.aspx?ProjectId=M006252,Twiggs,"SR 19 - Mill, Plmx Rsrf, Shoulder Rehab",COMPLETED-CONSTRUCTION
M006254,https://www.dot.ga.gov/applications/geopi/Pages/Dashboard.aspx?ProjectId=M006254,Pickens,SR 53 - Pltmx Resurf,COMPLETED-CONSTRUCTION
M006255,https://www.dot.ga.gov/applications/geopi/Pages/Dashboard.aspx?ProjectId=M006255,Polk,"SR 6 - Mill, Plmx Rsrf, Shoulder Rehab",COMPLETED-CONSTRUCTION
M006256,https://www.dot.ga.gov/applications/geopi/Pages/Dashboard.aspx?ProjectId=M006256,Bartow,SR 20 - Pltmx Resurf,COMPLETED-CONSTRUCTION
M006259,https://www.dot.ga.gov/applications/geopi/Pages/Dashboard.aspx?ProjectId=M006259,Pickens,"SR 53 - Milling, Inlay, Plmx Rsrf, Shoulder Rehab",COMPLETED-CONSTRUCTION
M006260,https://www.dot.ga.gov/applications/geopi/Pages/Dashboard.aspx?ProjectId=M006260,Chattooga,Various Locs - Pltmx Resurf,UNDER-CONSTRUCTION
M006261,https://www.dot.ga.gov/applications/geopi/Pages/Dashboard.aspx?ProjectId=M006261,Stewart,SR 520 - Slope Repair,COMPLETED-CONSTRUCTION
M006262,https://www.dot.ga.gov/applications/geopi/Pages/Dashboard.aspx?ProjectId=M006262,"Chatham , Glynn , McIntosh",Var Locs - Bridge Rehab,UNDER-CONSTRUCTION
M006263,https://www.dot.ga.gov/applications/geopi/Pages/Dashboard.aspx?ProjectId=M006263,"Floyd , Walker",Various Locs  - Bridge Rehab,UNDER-CONSTRUCTION
M006264,https://www.dot.ga.gov/applications/geopi/Pages/Dashboard.aspx?ProjectId=M006264,Dougherty,SR 234 @ Flint River In Albany - Bridge Rehab,PRE-CONSTRUCTION
M006265,https://www.dot.ga.gov/applications/geopi/Pages/Dashboard.aspx?ProjectId=M006265,Troup,SR 219 - Construction Of Bridges,COMPLETED-CONSTRUCTION
M006271,https://www.dot.ga.gov/applications/geopi/Pages/Dashboard.aspx?ProjectId=M006271,"Barrow , Walton","SR 81 - Milling, Plmx Rsrf, Shoulder Rehab",COMPLETED-CONSTRUCTION
M006273,https://www.dot.ga.gov/applications/geopi/Pages/Dashboard.aspx?ProjectId=M006273,McDuffie,I-20 From SR 10/US 78 To 0.17 MI W Of Greenbriar Creek,PRE-CONSTRUCTION
M006274,https://www.dot.ga.gov/applications/geopi/Pages/Dashboard.aspx?ProjectId=M006274,"Columbia , McDuffie",I-20 From 0.17 MI W Of Greenbriar Creek To 0.40 MI W Of SR 47,PRE-CONSTRUCTION
M006275,https://www.dot.ga.gov/applications/geopi/Pages/Dashboard.aspx?ProjectId=M006275,"Bulloch , Evans , Screven",Various Locs - Bridgee Rehab,UNDER-CONSTRUCTION
M006285,https://www.dot.ga.gov/applications/geopi/Pages/Dashboard.aspx?ProjectId=M006285,Fulton,"SR 3 - Milling, Inlay, Plmx Rsrf",COMPLETED-CONSTRUCTION
M006289,https://www.dot.ga.gov/applications/geopi/Pages/Dashboard.aspx?ProjectId=M006289,Fulton,SR 139 - Pltmx Resurf,UNDER-CONSTRUCTION
M006291,https://www.dot.ga.gov/applications/geopi/Pages/Dashboard.aspx?ProjectId=M006291,Clayton,SR 3 Conn From SR 3 To N Of CR 392/Upper Riverdale Road,PRE-CONSTRUCTION
M006292,https://www.dot.ga.gov/applications/geopi/Pages/Dashboard.aspx?ProjectId=M006292,DeKalb,SR 155 - Pltmx Resurf,COMPLETED-CONSTRUCTION
M006293,https://www.dot.ga.gov/applications/geopi/Pages/Dashboard.aspx?ProjectId=M006293,DeKalb,SR 141 - Pltmx Rehab,COMPLETED-CONSTRUCTION
M006295,https://www.dot.ga.gov/applications/geopi/Pages/Dashboard.aspx?ProjectId=M006295,"Columbia , McDuffie , Richmond",I-20/SR 402- Bridge Prev,COMPLETED-CONSTRUCTION
M006296,https://www.dot.ga.gov/applications/geopi/Pages/Dashboard.aspx?ProjectId=M006296,"Morgan , Newton , Taliaferro",I-20/SR 402 - Bridge Rehab,COMPLETED-CONSTRUCTION
M006298,https://www.dot.ga.gov/applications/geopi/Pages/Dashboard.aspx?ProjectId=M006298,"Cobb , Fulton","I-285/SR 407 - Mill, Inlay, Plmx Rsrf, Shoulder Rehab",UNDER-CONSTRUCTION
M006302,https://www.dot.ga.gov/applications/geopi/Pages/Dashboard.aspx?ProjectId=M006302,Gordon,"SR 53 Old - Mill, Inlay, Plmx Rsrf",UNDER-CONSTRUCTION
M006310,https://www.dot.ga.gov/applications/geopi/Pages/Dashboard.aspx?ProjectId=M006310,Camden,I-95/SR 405 (Sb & Nb) - Bridge Rehab,UNDER-CONSTRUCTION
M006311,https://www.dot.ga.gov/applications/geopi/Pages/Dashboard.aspx?ProjectId=M006311,Bryan,I-95/SR 405 & US 17/SR 25 - Bridge Rehab,UNDER-CONSTRUCTION
M006312,https://www.dot.ga.gov/applications/geopi/Pages/Dashboard.aspx?ProjectId=M006312,Liberty,I-95/SR 405 Nbl/Sbl - Bridge Rehab,COMPLETED-CONSTRUCTION
M006313,https://www.dot.ga.gov/applications/geopi/Pages/Dashboard.aspx?ProjectId=M006313,Fulton,Various Locs - Bridge Rehab,UNDER-CONSTRUCTION
M006315,https://www.dot.ga.gov/applications/geopi/Pages/Dashboard.aspx?ProjectId=M006315,"Dooly , Houston , Monroe , Peach",Various Locs- Bridge Prev,COMPLETED-CONSTRUCTION
M006316,https://www.dot.ga.gov/applications/geopi/Pages/Dashboard.aspx?ProjectId=M006316,Muscogee,Var Locs - Bridge Preserv,UNDER-CONSTRUCTION
M006318,https://www.dot.ga.gov/applications/geopi/Pages/Dashboard.aspx?ProjectId=M006318,Hall,"SR 11 - Mill, Plmx Rsrf, Shoulder Rehab",COMPLETED-CONSTRUCTION
M006319,https://www.dot.ga.gov/applications/geopi/Pages/Dashboard.aspx?ProjectId=M006319,Clarke,"SR 15 Alt - Mill, Inlay, Plmx Rsrf",COMPLETED-CONSTRUCTION
M006321,https://www.dot.ga.gov/applications/geopi/Pages/Dashboard.aspx?ProjectId=M006321,Franklin,"SR 59 - Mill, Inlay, Plmx Rsrf, Shoulder Rehab",COMPLETED-CONSTRUCTION
M006325,https://www.dot.ga.gov/applications/geopi/Pages/Dashboard.aspx?ProjectId=M006325,"DeKalb , Fulton","SR 42 - Milling, Inlay, Plmx Rsrf",COMPLETED-CONSTRUCTION
M006326,https://www.dot.ga.gov/applications/geopi/Pages/Dashboard.aspx?ProjectId=M006326,DeKalb,"SR 10 - Milling, Inlay, Plmx Rsrf",COMPLETED-CONSTRUCTION
M006328,https://www.dot.ga.gov/applications/geopi/Pages/Dashboard.aspx?ProjectId=M006328,Cobb,"SR 139 - Milling, Inlay, Plmx Resf",COMPLETED-CONSTRUCTION
M006330,https://www.dot.ga.gov/applications/geopi/Pages/Dashboard.aspx?ProjectId=M006330,Cobb,SR 120 -  Pltmx Resurf,COMPLETED-CONSTRUCTION
M006331,https://www.dot.ga.gov/applications/geopi/Pages/Dashboard.aspx?ProjectId=M006331,Cobb,"SR 5 - Milling, Inlay, Plmx Rsrf",COMPLETED-CONSTRUCTION
M006332,https://www.dot.ga.gov/applications/geopi/Pages/Dashboard.aspx?ProjectId=M006332,Douglas,"SR 8 - Milling, Inlay & Plmx Resf",COMPLETED-CONSTRUCTION
M006333,https://www.dot.ga.gov/applications/geopi/Pages/Dashboard.aspx?ProjectId=M006333,Douglas,"SR 6 - Mill, Inlay, Plmx Rsrf",COMPLETED-CONSTRUCTION
M006335,https://www.dot.ga.gov/applications/geopi/Pages/Dashboard.aspx?ProjectId=M006335,Fulton,SR 9 - Pltmx Resurf,UNDER-CONSTRUCTION
M006337,https://www.dot.ga.gov/applications/geopi/Pages/Dashboard.aspx?ProjectId=M006337,Habersham,US 411 Bus/SR 385 - Slope Repair,COMPLETED-CONSTRUCTION
M006338,https://www.dot.ga.gov/applications/geopi/Pages/Dashboard.aspx?ProjectId=M006338,Jackson,SR 334 - Pltmx Resurf,COMPLETED-CONSTRUCTION
M006341,https://www.dot.ga.gov/applications/geopi/Pages/Dashboard.aspx?ProjectId=M006341,Haralson,US 27/SR 1 - Pltmx Resurf,UNDER-CONSTRUCTION
M006343,https://www.dot.ga.gov/applications/geopi/Pages/Dashboard.aspx?ProjectId=M006343,Carroll,"SR 16 - Milling, Inlay, Plmx Rsrf",COMPLETED-CONSTRUCTION
M006344,https://www.dot.ga.gov/applications/geopi/Pages/Dashboard.aspx?ProjectId=M006344,"Coweta , Troup",I-85/SR 403 - Bridge Rehab,UNDER-CONSTRUCTION
M006345,https://www.dot.ga.gov/applications/geopi/Pages/Dashboard.aspx?ProjectId=M006345,"Clayton , Fulton",Various Locations - Bridge Rehab,UNDER-CONSTRUCTION
M006346,https://www.dot.ga.gov/applications/geopi/Pages/Dashboard.aspx?ProjectId=M006346,Clayton,Various Locs - Bridge Rehab,UNDER-CONSTRUCTION
M006347,https://www.dot.ga.gov/applications/geopi/Pages/Dashboard.aspx?ProjectId=M006347,Cobb,"SR 5 - Mill, Inlay, Plmx Rsrf",COMPLETED-CONSTRUCTION
M006349,https://www.dot.ga.gov/applications/geopi/Pages/Dashboard.aspx?ProjectId=M006349,Muscogee,"SR 1/SR 520 - Milling, Inlay, Plmx Resf",COMPLETED-CONSTRUCTION
M006350,https://www.dot.ga.gov/applications/geopi/Pages/Dashboard.aspx?ProjectId=M006350,Muscogee,SR 22 - Pltmx Resurf,UNDER-CONSTRUCTION
M006351,https://www.dot.ga.gov/applications/geopi/Pages/Dashboard.aspx?ProjectId=M006351,"Harris , Muscogee","SR 85 - Mill, Inlay, Plmx Rsrf",COMPLETED-CONSTRUCTION
M006352,https://www.dot.ga.gov/applications/geopi/Pages/Dashboard.aspx?ProjectId=M006352,Bibb,SR 247 - Pltmx Resurf,COMPLETED-CONSTRUCTION
M006353,https://www.dot.ga.gov/applications/geopi/Pages/Dashboard.aspx?ProjectId=M006353,Troup,"US 27/SR 1 - Milling, Inlay & Plmx Resf",COMPLETED-CONSTRUCTION
M006354,https://www.dot.ga.gov/applications/geopi/Pages/Dashboard.aspx?ProjectId=M006354,"Greene , Laurens , Newton , Richmond",Various Locs - Bridge Prev,UNDER-CONSTRUCTION
M006355,https://www.dot.ga.gov/applications/geopi/Pages/Dashboard.aspx?ProjectId=M006355,"Columbia , Laurens , Treutlen",I-16/SR 404 & I-20/SR 402 - Bridge Rehab,UNDER-CONSTRUCTION
M006356,https://www.dot.ga.gov/applications/geopi/Pages/Dashboard.aspx?ProjectId=M006356,"Chatham , Long , Wayne",SR 23 @Altamaha Rvr &SR 30 @CSX #937669N-Bridge Preservation,PRE-CONSTRUCTION
M006357,https://www.dot.ga.gov/applications/geopi/Pages/Dashboard.aspx?ProjectId=M006357,"Harris , Muscogee",I-185 @ 9 Locs In Harris & Muscogee CO - Bridge Preservation,PRE-CONSTRUCTION
M006359,https://www.dot.ga.gov/applications/geopi/Pages/Dashboard.aspx?ProjectId=M006359,"Bartow , Cherokee",Various Locs - Bridge Rehab,UNDER-CONSTRUCTION
M006361,https://www.dot.ga.gov/applications/geopi/Pages/Dashboard.aspx?ProjectId=M006361,Clayton,"SR 54 - Mill, Inlay, Plmx Rsrf, Shoulder Rehab",COMPLETED-CONSTRUCTION
M006362,https://www.dot.ga.gov/applications/geopi/Pages/Dashboard.aspx?ProjectId=M006362,Cobb,"SR 120 - Milling, Inlay, Plmx Resf",COMPLETED-CONSTRUCTION
M006363,https://www.dot.ga.gov/applications/geopi/Pages/Dashboard.aspx?ProjectId=M006363,Fulton,"SR 236 - Mill, Inlay, Plmx Rsrf",COMPLETED-CONSTRUCTION
M006364,https://www.dot.ga.gov/applications/geopi/Pages/Dashboard.aspx?ProjectId=M006364,"Atkinson , Coffee",SR 135 - Pltx Resurf,COMPLETED-CONSTRUCTION
M006366,https://www.dot.ga.gov/applications/geopi/Pages/Dashboard.aspx?ProjectId=M006366,Richmond,North Past Lumpkin RD To Pavement Joint Intersection SR 10,COMPLETED-CONSTRUCTION
M006368,https://www.dot.ga.gov/applications/geopi/Pages/Dashboard.aspx?ProjectId=M006368,"Dawson , Forsyth",US 19/SR 400 - Pltmx Resurf,COMPLETED-CONSTRUCTION
M006373,https://www.dot.ga.gov/applications/geopi/Pages/Dashboard.aspx?ProjectId=M006373,"Camden , Charlton",SR 252 -Plmx  Resurf,COMPLETED-CONSTRUCTION
M006374,https://www.dot.ga.gov/applications/geopi/Pages/Dashboard.aspx?ProjectId=M006374,Evans,SR 73 - Pltmx Resurf,COMPLETED-CONSTRUCTION
M006376,https://www.dot.ga.gov/applications/geopi/Pages/Dashboard.aspx?ProjectId=M006376,Polk,"SR 1 - Mill, Plmx Rsrf, Shoulder Rehab",UNDER-CONSTRUCTION
M006377,https://www.dot.ga.gov/applications/geopi/Pages/Dashboard.aspx?ProjectId=M006377,Floyd,SR 1 Loop - Pltmx Resurf,COMPLETED-CONSTRUCTION
M006378,https://www.dot.ga.gov/applications/geopi/Pages/Dashboard.aspx?ProjectId=M006378,"Floyd , Walker",Various Locs - Bridge Rehab,COMPLETED-CONSTRUCTION
M006379,https://www.dot.ga.gov/applications/geopi/Pages/Dashboard.aspx?ProjectId=M006379,Appling,"SR 203/SR 121 - Mill, Plmx Rsrf, Shoulder Rehab",COMPLETED-CONSTRUCTION
M006380,https://www.dot.ga.gov/applications/geopi/Pages/Dashboard.aspx?ProjectId=M006380,Effingham,SR 17 - Pltmx Resurf,COMPLETED-CONSTRUCTION
M006381,https://www.dot.ga.gov/applications/geopi/Pages/Dashboard.aspx?ProjectId=M006381,"Clayton , Fulton",I-75 From Cw Grant Pkwy/Clayton To NS #926230L/Fulton,PRE-CONSTRUCTION
M006383,https://www.dot.ga.gov/applications/geopi/Pages/Dashboard.aspx?ProjectId=M006383,Clayton,I-285/SR 407 - Pvmt Marking Upgrades,UNDER-CONSTRUCTION
M006385,https://www.dot.ga.gov/applications/geopi/Pages/Dashboard.aspx?ProjectId=M006385,"Chatham , Effingham",I-95/SR 405 - Pvmnt Mrkg,COMPLETED-CONSTRUCTION
M006387,https://www.dot.ga.gov/applications/geopi/Pages/Dashboard.aspx?ProjectId=M006387,"Fannin , Gilmer , Whitfield",Various Locs - Brgd Rehab,COMPLETED-CONSTRUCTION
M006388,https://www.dot.ga.gov/applications/geopi/Pages/Dashboard.aspx?ProjectId=M006388,"Lamar , Spalding , Taylor , Upson",SR 3; SR 7 & SR 137 @ 7 Locs In Dist 3 - Bridge Preservation,PRE-CONSTRUCTION
M006389,https://www.dot.ga.gov/applications/geopi/Pages/Dashboard.aspx?ProjectId=M006389,All Counties,SR 7; SR 19; SR 42; SR 49 & SR 257@8 Loc-Bridge Preservation,PRE-CONSTRUCTION
M006391,https://www.dot.ga.gov/applications/geopi/Pages/Dashboard.aspx?ProjectId=M006391,Camden,SR 40 - Pltmx Resurf,COMPLETED-CONSTRUCTION
M006392,https://www.dot.ga.gov/applications/geopi/Pages/Dashboard.aspx?ProjectId=M006392,DeKalb,US 78/SR 410 - Bridge Rehab,COMPLETED-CONSTRUCTION
M006393,https://www.dot.ga.gov/applications/geopi/Pages/Dashboard.aspx?ProjectId=M006393,"Clarke , Walton",Bridge Preservation @ 6 Locs In Clarke & Walton County,PRE-CONSTRUCTION
M006394,https://www.dot.ga.gov/applications/geopi/Pages/Dashboard.aspx?ProjectId=M006394,Habersham,"SR 15/SR 365 - Mill, Plmx Rsrf",COMPLETED-CONSTRUCTION
M006395,https://www.dot.ga.gov/applications/geopi/Pages/Dashboard.aspx?ProjectId=M006395,Madison,"SR 172  - Milling, Plmx Rsrf, Shoulder Rehab",COMPLETED-CONSTRUCTION
M006396,https://www.dot.ga.gov/applications/geopi/Pages/Dashboard.aspx?ProjectId=M006396,Franklin,SR 51 - Pltmx Resurf,COMPLETED-CONSTRUCTION
M006398,https://www.dot.ga.gov/applications/geopi/Pages/Dashboard.aspx?ProjectId=M006398,"Habersham , Hall",SR 419/SR 365 - Pltmx Resurf,COMPLETED-CONSTRUCTION
M006399,https://www.dot.ga.gov/applications/geopi/Pages/Dashboard.aspx?ProjectId=M006399,Taylor,SR 137 - Pltmx Resurf,UNDER-CONSTRUCTION
M006400,https://www.dot.ga.gov/applications/geopi/Pages/Dashboard.aspx?ProjectId=M006400,Talbot,"SR 116 - Mill, Plmx Rsrf, Shoulder Rehab",UNDER-CONSTRUCTION
M006401,https://www.dot.ga.gov/applications/geopi/Pages/Dashboard.aspx?ProjectId=M006401,Chattahoochee,"SR 1/SR 520 - Milling, Inlay, Plmx Resf",COMPLETED-CONSTRUCTION
M006402,https://www.dot.ga.gov/applications/geopi/Pages/Dashboard.aspx?ProjectId=M006402,Burke,SR 24 -Pltmx Resurf,UNDER-CONSTRUCTION
M006403,https://www.dot.ga.gov/applications/geopi/Pages/Dashboard.aspx?ProjectId=M006403,Jefferson,"SR 24 - Mill, Inlay, Plmx Rsrf, Shoulder Rehab",COMPLETED-CONSTRUCTION
M006404,https://www.dot.ga.gov/applications/geopi/Pages/Dashboard.aspx?ProjectId=M006404,Bleckley,SR 87 - Pltmx Resurf,UNDER-CONSTRUCTION
M006405,https://www.dot.ga.gov/applications/geopi/Pages/Dashboard.aspx?ProjectId=M006405,Laurens,SR 199 - Pltmx Resurf,UNDER-CONSTRUCTION
M006406,https://www.dot.ga.gov/applications/geopi/Pages/Dashboard.aspx?ProjectId=M006406,Jenkins,"SR 21 - Mill, Plmx Rsrf, Shoulder Rehab",UNDER-CONSTRUCTION
M006407,https://www.dot.ga.gov/applications/geopi/Pages/Dashboard.aspx?ProjectId=M006407,Richmond,US 1/SR 4 -- Pltmx Resurf,COMPLETED-CONSTRUCTION
M006408,https://www.dot.ga.gov/applications/geopi/Pages/Dashboard.aspx?ProjectId=M006408,Dougherty,SR 520 - Pltmx Resurf,COMPLETED-CONSTRUCTION
M006409,https://www.dot.ga.gov/applications/geopi/Pages/Dashboard.aspx?ProjectId=M006409,Dougherty,SR 234 From CR 1645/Byron Ridge Drive To SR 520Bu,PRE-CONSTRUCTION
M006410,https://www.dot.ga.gov/applications/geopi/Pages/Dashboard.aspx?ProjectId=M006410,Worth,"SR 32 - Milling, Plmx Rsrf, Shoulder Rehab",UNDER-CONSTRUCTION
M006412,https://www.dot.ga.gov/applications/geopi/Pages/Dashboard.aspx?ProjectId=M006412,Lowndes,SR 7 Alt From Magnolia Street To Smithbriar Drive,PRE-CONSTRUCTION
M006413,https://www.dot.ga.gov/applications/geopi/Pages/Dashboard.aspx?ProjectId=M006413,Thomas,SR 38 From SR 3 To CR 34/Gatlin Creek Road,PRE-CONSTRUCTION
M006414,https://www.dot.ga.gov/applications/geopi/Pages/Dashboard.aspx?ProjectId=M006414,"Clarke , Walton",Var Locs - Bridge Rehab,UNDER-CONSTRUCTION
M006415,https://www.dot.ga.gov/applications/geopi/Pages/Dashboard.aspx?ProjectId=M006415,Clinch,SR 38 And SR 38 We - Pltmx Resurf,COMPLETED-CONSTRUCTION
M006416,https://www.dot.ga.gov/applications/geopi/Pages/Dashboard.aspx?ProjectId=M006416,Montgomery,"SR 15 - Mill, Inlay, Plmx Rsrf",COMPLETED-CONSTRUCTION
M006417,https://www.dot.ga.gov/applications/geopi/Pages/Dashboard.aspx?ProjectId=M006417,Montgomery,"SR 56 - Mill, Plmx Rsrf",UNDER-CONSTRUCTION
M006418,https://www.dot.ga.gov/applications/geopi/Pages/Dashboard.aspx?ProjectId=M006418,Candler,"SR 129 - Mill, Inlay, Plmx Rsrf",UNDER-CONSTRUCTION
M006419,https://www.dot.ga.gov/applications/geopi/Pages/Dashboard.aspx?ProjectId=M006419,Telfair,SR 117 - Pltmx Resurf,UNDER-CONSTRUCTION
M006420,https://www.dot.ga.gov/applications/geopi/Pages/Dashboard.aspx?ProjectId=M006420,Telfair,SR 27 - Pltmx Resurf,UNDER-CONSTRUCTION
M006421,https://www.dot.ga.gov/applications/geopi/Pages/Dashboard.aspx?ProjectId=M006421,Evans,SR 169 From Tattnall County Line To SR 129,PRE-CONSTRUCTION
M006422,https://www.dot.ga.gov/applications/geopi/Pages/Dashboard.aspx?ProjectId=M006422,Wayne,"SR 38 - Mill, Inlay, Plmx Rsrf",UNDER-CONSTRUCTION
M006423,https://www.dot.ga.gov/applications/geopi/Pages/Dashboard.aspx?ProjectId=M006423,Clinch,"SR 122 - Mill, Plmx Rsrf, Single Srfc Trt, Shoulder Rehab",UNDER-CONSTRUCTION
M006424,https://www.dot.ga.gov/applications/geopi/Pages/Dashboard.aspx?ProjectId=M006424,Bulloch,SR 73 - Pltmx Resurf,UNDER-CONSTRUCTION
M006426,https://www.dot.ga.gov/applications/geopi/Pages/Dashboard.aspx?ProjectId=M006426,Fulton,"SR 70 - Mill, Plmx Rsrf",COMPLETED-CONSTRUCTION
M006427,https://www.dot.ga.gov/applications/geopi/Pages/Dashboard.aspx?ProjectId=M006427,Fulton,"SR 42 Conn Eb And Wb - Mill, Inlay, Plmx Rsrf",UNDER-CONSTRUCTION
M006428,https://www.dot.ga.gov/applications/geopi/Pages/Dashboard.aspx?ProjectId=M006428,Clayton,SR 85 - Resurf & Maint,UNDER-CONSTRUCTION
M006430,https://www.dot.ga.gov/applications/geopi/Pages/Dashboard.aspx?ProjectId=M006430,Chattooga,US 27/SR 1 - Pltmx Resurf,UNDER-CONSTRUCTION
M006431,https://www.dot.ga.gov/applications/geopi/Pages/Dashboard.aspx?ProjectId=M006431,Cherokee,SR 108 From SR 20 To SR 140,PRE-CONSTRUCTION
M006432,https://www.dot.ga.gov/applications/geopi/Pages/Dashboard.aspx?ProjectId=M006432,Bibb,SR 19 From SR 3 To SR 247 & SR 19Ea From SR 19 To SR 19,PRE-CONSTRUCTION
M006433,https://www.dot.ga.gov/applications/geopi/Pages/Dashboard.aspx?ProjectId=M006433,"Morgan , Oglethorpe",SR 10 & SR 83 - Bridge Rehab,UNDER-CONSTRUCTION
M006437,https://www.dot.ga.gov/applications/geopi/Pages/Dashboard.aspx?ProjectId=M006437,Bibb,I-16/SR 404 - Pltmx Resurf,COMPLETED-CONSTRUCTION
M006438,https://www.dot.ga.gov/applications/geopi/Pages/Dashboard.aspx?ProjectId=M006438,Twiggs,I-16 From SR 96 To Bleckley County Line,PRE-CONSTRUCTION
M006439,https://www.dot.ga.gov/applications/geopi/Pages/Dashboard.aspx?ProjectId=M006439,"Emanuel , Treutlen",I-16/SR 404 - Concrete Rehab,COMPLETED-CONSTRUCTION
M006440,https://www.dot.ga.gov/applications/geopi/Pages/Dashboard.aspx?ProjectId=M006440,"Harris , Muscogee","I-185/SR 411 - Mill, Plmx Rsrf",COMPLETED-CONSTRUCTION
M006441,https://www.dot.ga.gov/applications/geopi/Pages/Dashboard.aspx?ProjectId=M006441,Harris,"I-185/SR 411 - Mill, Plmx Rsrf",COMPLETED-CONSTRUCTION
M006442,https://www.dot.ga.gov/applications/geopi/Pages/Dashboard.aspx?ProjectId=M006442,"Harris , Troup","I-185/SR 411 - Mill, Plmx Rsrf",COMPLETED-CONSTRUCTION
M006443,https://www.dot.ga.gov/applications/geopi/Pages/Dashboard.aspx?ProjectId=M006443,Troup,"I-185/SR 411 - Mill, Plmx Rsrf",COMPLETED-CONSTRUCTION
M006444,https://www.dot.ga.gov/applications/geopi/Pages/Dashboard.aspx?ProjectId=M006444,"Carroll , Douglas",I-20 From SR 61/Carroll To E Of CS 975/Liberty Road/Douglas,PRE-CONSTRUCTION
M006445,https://www.dot.ga.gov/applications/geopi/Pages/Dashboard.aspx?ProjectId=M006445,Greene,I-20/SR 402 - Conc Rehab,UNDER-CONSTRUCTION
M006446,https://www.dot.ga.gov/applications/geopi/Pages/Dashboard.aspx?ProjectId=M006446,DeKalb,I 285/SR 407 - Pltmx Resurf,UNDER-CONSTRUCTION
M006448,https://www.dot.ga.gov/applications/geopi/Pages/Dashboard.aspx?ProjectId=M006448,"Clayton , Fulton",I-75/SR 401 -  Mill & Plmx Rsrf,UNDER-CONSTRUCTION
M006450,https://www.dot.ga.gov/applications/geopi/Pages/Dashboard.aspx?ProjectId=M006450,"Meriwether , Troup",I-85/SR 403 - Conc Rehab,UNDER-CONSTRUCTION
M006452,https://www.dot.ga.gov/applications/geopi/Pages/Dashboard.aspx?ProjectId=M006452,"Cook , Tift",I-75 From Cook County Line To S Of CR 204/Southwell Blvd,PRE-CONSTRUCTION
M006453,https://www.dot.ga.gov/applications/geopi/Pages/Dashboard.aspx?ProjectId=M006453,Dade,Bridge Rehabilitation Various Locations In Dade County,UNDER-CONSTRUCTION
M006454,https://www.dot.ga.gov/applications/geopi/Pages/Dashboard.aspx?ProjectId=M006454,Fulton,"SR 154 - Mill, Inlay, Plmx Rsrf",UNDER-CONSTRUCTION
M006455,https://www.dot.ga.gov/applications/geopi/Pages/Dashboard.aspx?ProjectId=M006455,"Clay , Decatur , Dougherty",Bridge Preservation @ 11 SR Loc In Clay; Decatur & Dougherty,PRE-CONSTRUCTION
M006460,https://www.dot.ga.gov/applications/geopi/Pages/Dashboard.aspx?ProjectId=M006460,Glynn,SR 25/US 17 @ Sidney Lanier - Bridge Rehab,PRE-CONSTRUCTION
M006461,https://www.dot.ga.gov/applications/geopi/Pages/Dashboard.aspx?ProjectId=M006461,Fulton,"SR 14 - Mill, Inlay, Plmx Rsrf, Shoulder Rehab",UNDER-CONSTRUCTION
M006462,https://www.dot.ga.gov/applications/geopi/Pages/Dashboard.aspx?ProjectId=M006462,DeKalb,SR 155 - Pltmx Resurf,UNDER-CONSTRUCTION
M006463,https://www.dot.ga.gov/applications/geopi/Pages/Dashboard.aspx?ProjectId=M006463,Douglas,"SR 61 - Milling, Plmx Resurface & Shoulder Rehab",COMPLETED-CONSTRUCTION
M006464,https://www.dot.ga.gov/applications/geopi/Pages/Dashboard.aspx?ProjectId=M006464,Fulton,"SR 13 - Mill, Inlay, Plmx Rsrf",UNDER-CONSTRUCTION
M006465,https://www.dot.ga.gov/applications/geopi/Pages/Dashboard.aspx?ProjectId=M006465,Rockdale,SR 20 - Pltmx Resurf,UNDER-CONSTRUCTION
M006466,https://www.dot.ga.gov/applications/geopi/Pages/Dashboard.aspx?ProjectId=M006466,Douglas,"SR 5 - Mill, Plmx Rsrf",UNDER-CONSTRUCTION
M006467,https://www.dot.ga.gov/applications/geopi/Pages/Dashboard.aspx?ProjectId=M006467,Clayton,SR 138 Spur - Plmx Rsrf,UNDER-CONSTRUCTION
M006468,https://www.dot.ga.gov/applications/geopi/Pages/Dashboard.aspx?ProjectId=M006468,Clayton,"SR 314 - Mill, Inlay, Plmx Rsrf",UNDER-CONSTRUCTION
M006470,https://www.dot.ga.gov/applications/geopi/Pages/Dashboard.aspx?ProjectId=M006470,Fulton,SR 154 From SR 70 To I-285,PRE-CONSTRUCTION
M006472,https://www.dot.ga.gov/applications/geopi/Pages/Dashboard.aspx?ProjectId=M006472,Worth,SR 33 - Pltmx Resuf,UNDER-CONSTRUCTION
M006473,https://www.dot.ga.gov/applications/geopi/Pages/Dashboard.aspx?ProjectId=M006473,"Douglas , Fulton",Various Locs - Bridge Rehab,UNDER-CONSTRUCTION
M006474,https://www.dot.ga.gov/applications/geopi/Pages/Dashboard.aspx?ProjectId=M006474,Fulton,Various Locs - Bridge Rehab,UNDER-CONSTRUCTION
M006475,https://www.dot.ga.gov/applications/geopi/Pages/Dashboard.aspx?ProjectId=M006475,Fulton,Various Locs - Bridge Preserv,UNDER-CONSTRUCTION
M006477,https://www.dot.ga.gov/applications/geopi/Pages/Dashboard.aspx?ProjectId=M006477,Floyd,"SR 156 - Mill, Inlay, Plmx Rsrf, Shoulder Rehab",UNDER-CONSTRUCTION
M006478,https://www.dot.ga.gov/applications/geopi/Pages/Dashboard.aspx?ProjectId=M006478,Gwinnett,"I-85/SR 403 - Mill, Plmx Rsrf",COMPLETED-CONSTRUCTION
M006479,https://www.dot.ga.gov/applications/geopi/Pages/Dashboard.aspx?ProjectId=M006479,"Banks , Gwinnett , Hall",Various Locs - Bridge Replac,UNDER-CONSTRUCTION
M006480,https://www.dot.ga.gov/applications/geopi/Pages/Dashboard.aspx?ProjectId=M006480,Laurens,I-16/SR 404 - Bridge Rehab,UNDER-CONSTRUCTION
M006481,https://www.dot.ga.gov/applications/geopi/Pages/Dashboard.aspx?ProjectId=M006481,Gwinnett,I-85/SR 403 - Mill & Plmx Rsrf,UNDER-CONSTRUCTION
M006482,https://www.dot.ga.gov/applications/geopi/Pages/Dashboard.aspx?ProjectId=M006482,Monroe,I-75/SR 401 - Bridge Rehab,UNDER-CONSTRUCTION
M006483,https://www.dot.ga.gov/applications/geopi/Pages/Dashboard.aspx?ProjectId=M006483,Dade,I-59/SR 406 -  Pltmx Resurf,UNDER-CONSTRUCTION
M006484,https://www.dot.ga.gov/applications/geopi/Pages/Dashboard.aspx?ProjectId=M006484,"Camden , Glynn , McIntosh",I-95 @ 7 Locs In Camden|Glynn & Mcintosh-Bridge Preservation,PRE-CONSTRUCTION
M006485,https://www.dot.ga.gov/applications/geopi/Pages/Dashboard.aspx?ProjectId=M006485,"Cobb , DeKalb , Fulton",Bridge Preservation @ 7 Locs In Cobb|Dekalb & Fulton,PRE-CONSTRUCTION
M006487,https://www.dot.ga.gov/applications/geopi/Pages/Dashboard.aspx?ProjectId=M006487,"Clayton , Fulton",Bridge Preservation @ 7 Locs In Clayton & Fulton County,PRE-CONSTRUCTION
M006488,https://www.dot.ga.gov/applications/geopi/Pages/Dashboard.aspx?ProjectId=M006488,Lamar,SR 7 Sb & Nb - Bridge Rehab,UNDER-CONSTRUCTION
M006489,https://www.dot.ga.gov/applications/geopi/Pages/Dashboard.aspx?ProjectId=M006489,"Clayton , Fulton","Various Locs - Mill, Plmx Rsrf",UNDER-CONSTRUCTION
M006492,https://www.dot.ga.gov/applications/geopi/Pages/Dashboard.aspx?ProjectId=M006492,Chatham,Various Locs - Bridge Rehab,UNDER-CONSTRUCTION
M006493,https://www.dot.ga.gov/applications/geopi/Pages/Dashboard.aspx?ProjectId=M006493,Troup,Kia Blvd & Kia Parkway - Pltmx Resurf,UNDER-CONSTRUCTION
M006495,https://www.dot.ga.gov/applications/geopi/Pages/Dashboard.aspx?ProjectId=M006495,Fulton,SR 8 & SR 8 We From SR 3 To SR 42,UNDER-CONSTRUCTION
M006496,https://www.dot.ga.gov/applications/geopi/Pages/Dashboard.aspx?ProjectId=M006496,"Bibb , Monroe",SR 87 From SR 11/Bibb To N Of Pea Ridge Road/Monroe,PRE-CONSTRUCTION
M006497,https://www.dot.ga.gov/applications/geopi/Pages/Dashboard.aspx?ProjectId=M006497,Bibb,SR 74 - Pltmx Resurf,UNDER-CONSTRUCTION
M006498,https://www.dot.ga.gov/applications/geopi/Pages/Dashboard.aspx?ProjectId=M006498,"Butts , Spalding",SR 16 From Barrow Road/Spalding To Towaliga River/Butts,PRE-CONSTRUCTION
M006499,https://www.dot.ga.gov/applications/geopi/Pages/Dashboard.aspx?ProjectId=M006499,Henry,"SR 20 - Mill, Plmx Rsrf",UNDER-CONSTRUCTION
M006500,https://www.dot.ga.gov/applications/geopi/Pages/Dashboard.aspx?ProjectId=M006500,"Barrow , Forsyth , Hall , Jackson",Bridge Preservation @ 4 SR Locs In District 1,PRE-CONSTRUCTION
M006501,https://www.dot.ga.gov/applications/geopi/Pages/Dashboard.aspx?ProjectId=M006501,"Bibb , Houston",SR 11 - Conc Rehab,UNDER-CONSTRUCTION
M006502,https://www.dot.ga.gov/applications/geopi/Pages/Dashboard.aspx?ProjectId=M006502,"Chattahoochee , Stewart",SR 1 - Pltmx Resurf,UNDER-CONSTRUCTION
M006503,https://www.dot.ga.gov/applications/geopi/Pages/Dashboard.aspx?ProjectId=M006503,Jones,SR 22 - Pltmx Resurf,UNDER-CONSTRUCTION
M006504,https://www.dot.ga.gov/applications/geopi/Pages/Dashboard.aspx?ProjectId=M006504,Jones,"SR 18 - Mill, Plmx Rsrf",UNDER-CONSTRUCTION
M006505,https://www.dot.ga.gov/applications/geopi/Pages/Dashboard.aspx?ProjectId=M006505,Macon,SR 49 From Randolph St To SR 90 & SR 90 From SR 26 To SR 49,PRE-CONSTRUCTION
M006506,https://www.dot.ga.gov/applications/geopi/Pages/Dashboard.aspx?ProjectId=M006506,"Bibb , Houston , Monroe , Peach , Twiggs",I-16; I-75 & I-475 @ 8 Locs - Bridge Preservation,PRE-CONSTRUCTION
M006507,https://www.dot.ga.gov/applications/geopi/Pages/Dashboard.aspx?ProjectId=M006507,"Laurens , Treutlen",Bridge Preservation @ 7 SR Locs In Laurens & Treutlen County,PRE-CONSTRUCTION
M006508,https://www.dot.ga.gov/applications/geopi/Pages/Dashboard.aspx?ProjectId=M006508,"Cobb , Douglas , Fulton",I-20/SR 402 - Pvtmk Upgs,UNDER-CONSTRUCTION
M006509,https://www.dot.ga.gov/applications/geopi/Pages/Dashboard.aspx?ProjectId=M006509,"Columbia , McDuffie , Richmond",I-20 From SR 10/Mcduffie To South Carolina State Line,PRE-CONSTRUCTION
M006510,https://www.dot.ga.gov/applications/geopi/Pages/Dashboard.aspx?ProjectId=M006510,"Gordon , Whitfield",I-75 From SR 156/Gordon To SR 3/Whitfield,PRE-CONSTRUCTION
M006511,https://www.dot.ga.gov/applications/geopi/Pages/Dashboard.aspx?ProjectId=M006511,Bartow,I-75 From Glade Road To SR 61,PRE-CONSTRUCTION
M006513,https://www.dot.ga.gov/applications/geopi/Pages/Dashboard.aspx?ProjectId=M006513,"Gwinnett , Hall",I-985/SR 419 - Pavement Marking Upgrades,COMPLETED-CONSTRUCTION
M006514,https://www.dot.ga.gov/applications/geopi/Pages/Dashboard.aspx?ProjectId=M006514,"Habersham , Hart , Rabun",Bridge Preservation @ 4 SR Locs In District 1,PRE-CONSTRUCTION
M006515,https://www.dot.ga.gov/applications/geopi/Pages/Dashboard.aspx?ProjectId=M006515,Harris,I-85 Sb & Nb @ Chattahoochee River - Bridge Preservation,PRE-CONSTRUCTION
M006519,https://www.dot.ga.gov/applications/geopi/Pages/Dashboard.aspx?ProjectId=M006519,"Cook , Crisp , Lowndes",I-75 @ 4 Locs In Cook; Crisp & Lowndes - Bridge Preservation,PRE-CONSTRUCTION
M006520,https://www.dot.ga.gov/applications/geopi/Pages/Dashboard.aspx?ProjectId=M006520,"Berrien , Brooks , Coffee , Lowndes",Bridge Preservation @ 8 Locs In District 4,PRE-CONSTRUCTION
M006521,https://www.dot.ga.gov/applications/geopi/Pages/Dashboard.aspx?ProjectId=M006521,"Crisp , Dougherty",Bridge Preservation @ 12 Locs In Crisp & Dougherty County,PRE-CONSTRUCTION
M006522,https://www.dot.ga.gov/applications/geopi/Pages/Dashboard.aspx?ProjectId=M006522,"Forsyth , Gwinnett , Towns , Union",SR 2; SR 141 & SR 400 @ 6 Locs - Bridge Preservation,PRE-CONSTRUCTION
M006523,https://www.dot.ga.gov/applications/geopi/Pages/Dashboard.aspx?ProjectId=M006523,Fulton,SR 70 - Pltmx Resurf,COMPLETED-CONSTRUCTION
M006524,https://www.dot.ga.gov/applications/geopi/Pages/Dashboard.aspx?ProjectId=M006524,DeKalb,SR 154 - Pltmx Resurf,UNDER-CONSTRUCTION
M006525,https://www.dot.ga.gov/applications/geopi/Pages/Dashboard.aspx?ProjectId=M006525,Wilcox,SR 215 - Pltmx Resurf,UNDER-CONSTRUCTION
M006526,https://www.dot.ga.gov/applications/geopi/Pages/Dashboard.aspx?ProjectId=M006526,Thomas,"SR 122 - Plmx Rsrf, Inlay, Mill, Shoulder Rehab",UNDER-CONSTRUCTION
M006528,https://www.dot.ga.gov/applications/geopi/Pages/Dashboard.aspx?ProjectId=M006528,Early,"SR 216 - Mill, Plmx Rsrf, Shoulder Rehab",UNDER-CONSTRUCTION
M006529,https://www.dot.ga.gov/applications/geopi/Pages/Dashboard.aspx?ProjectId=M006529,Gwinnett,I-85 @ 4 Locs In Gwinnett County - Bridge Preservation,PRE-CONSTRUCTION
M006530,https://www.dot.ga.gov/applications/geopi/Pages/Dashboard.aspx?ProjectId=M006530,"Atkinson , Coffee , Irwin , Wilcox",Bridge Preservation @ 5 Locs In District 4,PRE-CONSTRUCTION
M006531,https://www.dot.ga.gov/applications/geopi/Pages/Dashboard.aspx?ProjectId=M006531,"Cobb , Fulton",Interstate N Pkwy & Powers Ferry@ 2 Loc In Cobb-Bridge Rehab,PRE-CONSTRUCTION
M006532,https://www.dot.ga.gov/applications/geopi/Pages/Dashboard.aspx?ProjectId=M006532,"Coweta , Fayette , Troup",Bridge Preservation @ 6 Locs In Coweta; Fayette & Troup,PRE-CONSTRUCTION
M006533,https://www.dot.ga.gov/applications/geopi/Pages/Dashboard.aspx?ProjectId=M006533,Clayton,I-85 & I-285 @ 5 Locs In Clayton - Bridge Preservation,PRE-CONSTRUCTION
M006534,https://www.dot.ga.gov/applications/geopi/Pages/Dashboard.aspx?ProjectId=M006534,Cobb,I-75 & I-285 @ 3 Locs In Cobb - Bridge Preservation,PRE-CONSTRUCTION
M006535,https://www.dot.ga.gov/applications/geopi/Pages/Dashboard.aspx?ProjectId=M006535,Clarke,SR 10 Loop @ 6 Locs In Clarke County - Bridge Preservation,PRE-CONSTRUCTION
M006536,https://www.dot.ga.gov/applications/geopi/Pages/Dashboard.aspx?ProjectId=M006536,Gwinnett,"SR 378 - Mill, Inlay, Plmx Rsrf",UNDER-CONSTRUCTION
M006537,https://www.dot.ga.gov/applications/geopi/Pages/Dashboard.aspx?ProjectId=M006537,"Gwinnett , Walton",SR 20 - Pltmx Resurf,UNDER-CONSTRUCTION
M006538,https://www.dot.ga.gov/applications/geopi/Pages/Dashboard.aspx?ProjectId=M006538,"Barrow , Jackson",SR 330 From SR 82/Barrow To SR 15 Alt/Jackson,PRE-CONSTRUCTION
M006539,https://www.dot.ga.gov/applications/geopi/Pages/Dashboard.aspx?ProjectId=M006539,Jackson,"SR 98 - Mill, Inlay, Plmx Rsrf",UNDER-CONSTRUCTION
M006540,https://www.dot.ga.gov/applications/geopi/Pages/Dashboard.aspx?ProjectId=M006540,"Dawson , Lumpkin","SR 400 - Mill, Plmx Rsrf",UNDER-CONSTRUCTION
M006541,https://www.dot.ga.gov/applications/geopi/Pages/Dashboard.aspx?ProjectId=M006541,Richmond,US 1/SR 4 - Pltmx Resurf,UNDER-CONSTRUCTION
M006542,https://www.dot.ga.gov/applications/geopi/Pages/Dashboard.aspx?ProjectId=M006542,"Columbia , Richmond","SR 232 - Mill, Inlay, Plmx Rsrf",UNDER-CONSTRUCTION
M006543,https://www.dot.ga.gov/applications/geopi/Pages/Dashboard.aspx?ProjectId=M006543,Baldwin,SR 29 From N Of SR 29Bu To SR 24,PRE-CONSTRUCTION
M006544,https://www.dot.ga.gov/applications/geopi/Pages/Dashboard.aspx?ProjectId=M006544,Bibb,SR 11 From Barnes Road To S Of Woodlawn Drive,PRE-CONSTRUCTION
M006545,https://www.dot.ga.gov/applications/geopi/Pages/Dashboard.aspx?ProjectId=M006545,Decatur,US 84/SR 38 - Pltmx Resurf,UNDER-CONSTRUCTION
M006546,https://www.dot.ga.gov/applications/geopi/Pages/Dashboard.aspx?ProjectId=M006546,Decatur,SR 253 From SR 1Bu To Baker County Line,PRE-CONSTRUCTION
M006547,https://www.dot.ga.gov/applications/geopi/Pages/Dashboard.aspx?ProjectId=M006547,Ben Hill,SR 182 - Pltmx Resurf,UNDER-CONSTRUCTION
M006548,https://www.dot.ga.gov/applications/geopi/Pages/Dashboard.aspx?ProjectId=M006548,"Appling , Wayne","SR 169 - Mill, Plmx Rsrf",UNDER-CONSTRUCTION
M006549,https://www.dot.ga.gov/applications/geopi/Pages/Dashboard.aspx?ProjectId=M006549,Liberty,US 84/SR 38 - Pltmx Resurf,UNDER-CONSTRUCTION
M006550,https://www.dot.ga.gov/applications/geopi/Pages/Dashboard.aspx?ProjectId=M006550,Liberty,"SR 196 - Mill, Plmx Rsrf",UNDER-CONSTRUCTION
M006551,https://www.dot.ga.gov/applications/geopi/Pages/Dashboard.aspx?ProjectId=M006551,"Telfair , Wheeler",SR 19 From SR 27/Telfair To W 7Th Ave/Wheeler,PRE-CONSTRUCTION
M006552,https://www.dot.ga.gov/applications/geopi/Pages/Dashboard.aspx?ProjectId=M006552,Murray,"SR 61 - Mill, Plmx Rsrf",UNDER-CONSTRUCTION
M006553,https://www.dot.ga.gov/applications/geopi/Pages/Dashboard.aspx?ProjectId=M006553,Chattooga,SR 337 From Alabama State Line To Old SR 337,PRE-CONSTRUCTION
M006554,https://www.dot.ga.gov/applications/geopi/Pages/Dashboard.aspx?ProjectId=M006554,Douglas,SR 5 - Pltmx Resurf,UNDER-CONSTRUCTION
M006555,https://www.dot.ga.gov/applications/geopi/Pages/Dashboard.aspx?ProjectId=M006555,Cobb,SR 3/US 41 From Fulton County Line To Terrell Mill Road,PRE-CONSTRUCTION
M006556,https://www.dot.ga.gov/applications/geopi/Pages/Dashboard.aspx?ProjectId=M006556,DeKalb,SR 410/US 78 From I-285 To SR 10,PRE-CONSTRUCTION
M006558,https://www.dot.ga.gov/applications/geopi/Pages/Dashboard.aspx?ProjectId=M006558,"Clayton , Fulton",SR 14 From SR 14 Alt To SR 154/SR 166,PRE-CONSTRUCTION
M006560,https://www.dot.ga.gov/applications/geopi/Pages/Dashboard.aspx?ProjectId=M006560,Fulton,I-20 From Chattahoochee River To Hill Street,PRE-CONSTRUCTION
M006561,https://www.dot.ga.gov/applications/geopi/Pages/Dashboard.aspx?ProjectId=M006561,All Counties,Bridge Preservation @ 8 Locs In District 3,PRE-CONSTRUCTION
M006562,https://www.dot.ga.gov/applications/geopi/Pages/Dashboard.aspx?ProjectId=M006562,"Bartow , Cherokee , Cobb",I-75 From Frey Road/Cobb To Glade Road/Bartow,PRE-CONSTRUCTION
M006563,https://www.dot.ga.gov/applications/geopi/Pages/Dashboard.aspx?ProjectId=M006563,"DeKalb , Fulton",I-20/SR 402 & I-285/SR 407 - Conc Rehab,UNDER-CONSTRUCTION
M006564,https://www.dot.ga.gov/applications/geopi/Pages/Dashboard.aspx?ProjectId=M006564,"Greene , Taliaferro",I-20 From SR 15/Greene To SR 22/Taliaferro,PRE-CONSTRUCTION
M006565,https://www.dot.ga.gov/applications/geopi/Pages/Dashboard.aspx?ProjectId=M006565,Richmond,I-20 From W Of I-520 To E Of SR 104,PRE-CONSTRUCTION
M006566,https://www.dot.ga.gov/applications/geopi/Pages/Dashboard.aspx?ProjectId=M006566,Troup,I-85 From N Of SR 219 To Upper Big Springs Road,PRE-CONSTRUCTION
M006567,https://www.dot.ga.gov/applications/geopi/Pages/Dashboard.aspx?ProjectId=M006567,Douglas,I-20/SR 402 - Pltmx Resurf,UNDER-CONSTRUCTION
M006568,https://www.dot.ga.gov/applications/geopi/Pages/Dashboard.aspx?ProjectId=M006568,Glynn,"SR 405 - Mill, Inlay, Plmx Rsrf",UNDER-CONSTRUCTION
M006569,https://www.dot.ga.gov/applications/geopi/Pages/Dashboard.aspx?ProjectId=M006569,"Bryan , Chatham",I-95 From CSX #635042S/Bryan To S Of I-16/Chatham,PRE-CONSTRUCTION
M006570,https://www.dot.ga.gov/applications/geopi/Pages/Dashboard.aspx?ProjectId=M006570,McIntosh,I-95 From Glynn County Line To N Of SR 251,PRE-CONSTRUCTION
M006571,https://www.dot.ga.gov/applications/geopi/Pages/Dashboard.aspx?ProjectId=M006571,DeKalb,I-20/SR 402 & I-285/SR 407 - Conc Rehab,UNDER-CONSTRUCTION
M006572,https://www.dot.ga.gov/applications/geopi/Pages/Dashboard.aspx?ProjectId=M006572,Richmond,I-520/ SR 415 - Conc Rehab,UNDER-CONSTRUCTION
M006573,https://www.dot.ga.gov/applications/geopi/Pages/Dashboard.aspx?ProjectId=M006573,"Cobb , Fulton",I-285 @ Chattahoochee River - Bridge Rehab,PRE-CONSTRUCTION
M006574,https://www.dot.ga.gov/applications/geopi/Pages/Dashboard.aspx?ProjectId=M006574,"Cherokee , Gordon",I-75 @ 4 Locs In Cherokee & Gordon County - Bridge Rehab,PRE-CONSTRUCTION
M006575,https://www.dot.ga.gov/applications/geopi/Pages/Dashboard.aspx?ProjectId=M006575,Clayton,I-75 & I-285 @ 7 Loc In Clayton County - Bridge Preservation,PRE-CONSTRUCTION
M006576,https://www.dot.ga.gov/applications/geopi/Pages/Dashboard.aspx?ProjectId=M006576,Douglas,I-20 @ 4 Locs In Douglas County - Bridge Preservation,PRE-CONSTRUCTION
M006578,https://www.dot.ga.gov/applications/geopi/Pages/Dashboard.aspx?ProjectId=M006578,All Counties,Bridge Preservation @ 6 Locs In District 4,PRE-CONSTRUCTION
M006579,https://www.dot.ga.gov/applications/geopi/Pages/Dashboard.aspx?ProjectId=M006579,"Elbert , Franklin , Jackson , Walton",SR 11; SR 15 Alt; SR 59; SR 72 & SR 138 @5 Locs-Bridge Rehab,PRE-CONSTRUCTION
M006580,https://www.dot.ga.gov/applications/geopi/Pages/Dashboard.aspx?ProjectId=M006580,"Forsyth , Gwinnett",SR 13; SR 316; SR 317 & SR 369 @ 5 Locs - Bridge Rehab,PRE-CONSTRUCTION
M006583,https://www.dot.ga.gov/applications/geopi/Pages/Dashboard.aspx?ProjectId=M006583,Troup,SR 54 From SR 1 To Meriwether County Line,PRE-CONSTRUCTION
M006584,https://www.dot.ga.gov/applications/geopi/Pages/Dashboard.aspx?ProjectId=M006584,Jones,12.731 Miles Of Milling Plant Mix Surfacing And Shoulder Rehabilitation On Sr-11 Beginning North Of Thegray Bypass And E,UNDER-CONSTRUCTION
M006585,https://www.dot.ga.gov/applications/geopi/Pages/Dashboard.aspx?ProjectId=M006585,Fulton,I-75; I-85 & I-285 @ 5 Locs In Fulton - Bridge Preservation,PRE-CONSTRUCTION
M006586,https://www.dot.ga.gov/applications/geopi/Pages/Dashboard.aspx?ProjectId=M006586,"Columbia , Lincoln , Wilkes",Bridge Preservation @ 7 Loc In Columbia; Lincoln & Wilkes Co,PRE-CONSTRUCTION
M006587,https://www.dot.ga.gov/applications/geopi/Pages/Dashboard.aspx?ProjectId=M006587,Bartow,I-75 @ 9 Locs In Bartow County - Bridge Preservation,PRE-CONSTRUCTION
M006588,https://www.dot.ga.gov/applications/geopi/Pages/Dashboard.aspx?ProjectId=M006588,Bartow,I-75 @ 7 Locs In Bartow County - Bridge Preservation,PRE-CONSTRUCTION
M006590,https://www.dot.ga.gov/applications/geopi/Pages/Dashboard.aspx?ProjectId=M006590,"Carroll , Chattooga , Floyd",SR 1; SR 5 & SR 100 @ 8 Locs In Dist 6 - Bridge Preservation,PRE-CONSTRUCTION
M006591,https://www.dot.ga.gov/applications/geopi/Pages/Dashboard.aspx?ProjectId=M006591,All Counties,Bridge Preservation @ 6 Locs In District 6,PRE-CONSTRUCTION
M006592,https://www.dot.ga.gov/applications/geopi/Pages/Dashboard.aspx?ProjectId=M006592,Gwinnett,I-85 From SR 140 To Old Peachtree Road - Express Lanes,PRE-CONSTRUCTION
M006593,https://www.dot.ga.gov/applications/geopi/Pages/Dashboard.aspx?ProjectId=M006593,Gwinnett,I-85 From Steve Reynolds Blvd To Old Peachtree Road,PRE-CONSTRUCTION
M006594,https://www.dot.ga.gov/applications/geopi/Pages/Dashboard.aspx?ProjectId=M006594,Bryan,I-16 @ 4 Loc & I-95 @ 3 Loc In Bryan County - Bridge Rehab,PRE-CONSTRUCTION
M006595,https://www.dot.ga.gov/applications/geopi/Pages/Dashboard.aspx?ProjectId=M006595,Chatham,I-516 @ 7 Locs In Chatham County - Bridge Preservation,PRE-CONSTRUCTION
M006596,https://www.dot.ga.gov/applications/geopi/Pages/Dashboard.aspx?ProjectId=M006596,Chatham,I-16; I-95 & I-516 @ 6 Loc In Chatham Co-Bridge Preservation,PRE-CONSTRUCTION
M006597,https://www.dot.ga.gov/applications/geopi/Pages/Dashboard.aspx?ProjectId=M006597,DeKalb,I-85 @2 Loc & I-285 @2 Loc In Dekalb Co-Bridge Preservation,PRE-CONSTRUCTION
M006598,https://www.dot.ga.gov/applications/geopi/Pages/Dashboard.aspx?ProjectId=M006598,Fulton,I-20 @1 Loc & I-285 @3 Loc In Fulton Co-Bridge Preservation,PRE-CONSTRUCTION
M006599,https://www.dot.ga.gov/applications/geopi/Pages/Dashboard.aspx?ProjectId=M006599,DeKalb,SR 10; SR 13 & SR 410 @ 6 Locs In Dekalb-Bridge Preservation,PRE-CONSTRUCTION
M006600,https://www.dot.ga.gov/applications/geopi/Pages/Dashboard.aspx?ProjectId=M006600,DeKalb,I-285 @ 4 Locs In Dekalb County - Bridge Preservation,PRE-CONSTRUCTION
M006601,https://www.dot.ga.gov/applications/geopi/Pages/Dashboard.aspx?ProjectId=M006601,Fulton,I-75 @ 4 Locs In Fulton County - Bridge Preservation,PRE-CONSTRUCTION
M006602,https://www.dot.ga.gov/applications/geopi/Pages/Dashboard.aspx?ProjectId=M006602,"Coweta , Troup",SR 16 @ White Oak Creek & SR 219 @ Mud Creek - Bridge Rehab,PRE-CONSTRUCTION
M006603,https://www.dot.ga.gov/applications/geopi/Pages/Dashboard.aspx?ProjectId=M006603,"Cobb , Fulton , Rockdale",Bridge Preservation @ 5 Loc In Cobb; Fulton &Rockdale County,PRE-CONSTRUCTION
M006605,https://www.dot.ga.gov/applications/geopi/Pages/Dashboard.aspx?ProjectId=M006605,Fayette,SR 85 From SR 92 To SR 92,PRE-CONSTRUCTION
M006606,https://www.dot.ga.gov/applications/geopi/Pages/Dashboard.aspx?ProjectId=M006606,Hart,SR 77 - Bridge Replac,UNDER-CONSTRUCTION
M006607,https://www.dot.ga.gov/applications/geopi/Pages/Dashboard.aspx?ProjectId=M006607,Towns,SR 17 From White County Line To SR 2,PRE-CONSTRUCTION
M006608,https://www.dot.ga.gov/applications/geopi/Pages/Dashboard.aspx?ProjectId=M006608,Stephens,SR 17 From SR 17 Alt To SR 184,PRE-CONSTRUCTION
M006609,https://www.dot.ga.gov/applications/geopi/Pages/Dashboard.aspx?ProjectId=M006609,Rabun,SR 2/US 76 From Towns County Line To SR 15,PRE-CONSTRUCTION
M006610,https://www.dot.ga.gov/applications/geopi/Pages/Dashboard.aspx?ProjectId=M006610,Hall,SR 53 From SR 211 To Jackson County Line,PRE-CONSTRUCTION
M006611,https://www.dot.ga.gov/applications/geopi/Pages/Dashboard.aspx?ProjectId=M006611,Emanuel,SR 26 From W Of SR 4 To W Of SR 56,PRE-CONSTRUCTION
M006612,https://www.dot.ga.gov/applications/geopi/Pages/Dashboard.aspx?ProjectId=M006612,Richmond,SR 104 & SR 104Ea From SR 4 To 15Th Street,PRE-CONSTRUCTION
M006613,https://www.dot.ga.gov/applications/geopi/Pages/Dashboard.aspx?ProjectId=M006613,"Emanuel , Treutlen",SR 297 From Toombs County Line To Ohoopee River,PRE-CONSTRUCTION
M006614,https://www.dot.ga.gov/applications/geopi/Pages/Dashboard.aspx?ProjectId=M006614,Putnam,SR 16 & SR 24Bu From SR 24 To SR 24,PRE-CONSTRUCTION
M006615,https://www.dot.ga.gov/applications/geopi/Pages/Dashboard.aspx?ProjectId=M006615,"Columbia , Richmond",SR 28 From SR 104/Richmond To Evans To Locks Road/Columbia,PRE-CONSTRUCTION
M006616,https://www.dot.ga.gov/applications/geopi/Pages/Dashboard.aspx?ProjectId=M006616,Morgan,SR 12/US 129 From SR 24 To SR 24 Bypass,PRE-CONSTRUCTION
M006617,https://www.dot.ga.gov/applications/geopi/Pages/Dashboard.aspx?ProjectId=M006617,Emanuel,SR 23 Spur From SR 23 To SR 192,PRE-CONSTRUCTION
M006618,https://www.dot.ga.gov/applications/geopi/Pages/Dashboard.aspx?ProjectId=M006618,Jefferson,SR 80 From Burke County Line To SR 17,PRE-CONSTRUCTION
M006620,https://www.dot.ga.gov/applications/geopi/Pages/Dashboard.aspx?ProjectId=M006620,Spalding,SR 16 From W Poplar Street To E Of Barrow Road,PRE-CONSTRUCTION
M006621,https://www.dot.ga.gov/applications/geopi/Pages/Dashboard.aspx?ProjectId=M006621,Colquitt,SR 33 From SR 133 To Worth County Line,PRE-CONSTRUCTION
M006623,https://www.dot.ga.gov/applications/geopi/Pages/Dashboard.aspx?ProjectId=M006623,Troup,SR 219 From Harris County Line To SR 1,PRE-CONSTRUCTION
M006625,https://www.dot.ga.gov/applications/geopi/Pages/Dashboard.aspx?ProjectId=M006625,"Catoosa , Walker",SR 1/US 27 From Walker County Line To N Of Park City Road,PRE-CONSTRUCTION
M006626,https://www.dot.ga.gov/applications/geopi/Pages/Dashboard.aspx?ProjectId=M006626,Paulding,SR 120 From SR 101 To SR 6,PRE-CONSTRUCTION
M006627,https://www.dot.ga.gov/applications/geopi/Pages/Dashboard.aspx?ProjectId=M006627,Bartow,SR 20/US 411 From Floyd County Line To W Of Harden Bridge RD,PRE-CONSTRUCTION
M006628,https://www.dot.ga.gov/applications/geopi/Pages/Dashboard.aspx?ProjectId=M006628,Bartow,SR 20/US 411 From W Of Harden Bridge Road To SR 293,PRE-CONSTRUCTION
M006629,https://www.dot.ga.gov/applications/geopi/Pages/Dashboard.aspx?ProjectId=M006629,Clinch,SR 89/US 441 From Echols County Line To N Of Orange Street,PRE-CONSTRUCTION
M006630,https://www.dot.ga.gov/applications/geopi/Pages/Dashboard.aspx?ProjectId=M006630,Ware,SR 4Bu/US 1 From W Of Wilkerson Street To SR 38,PRE-CONSTRUCTION
M006631,https://www.dot.ga.gov/applications/geopi/Pages/Dashboard.aspx?ProjectId=M006631,Effingham,SR 17 From N Of Anderson Ave To Screven County Line,PRE-CONSTRUCTION
M006632,https://www.dot.ga.gov/applications/geopi/Pages/Dashboard.aspx?ProjectId=M006632,Toombs,SR 15 From SR 4 To SR 30,PRE-CONSTRUCTION
M006633,https://www.dot.ga.gov/applications/geopi/Pages/Dashboard.aspx?ProjectId=M006633,Wheeler,SR 30/US 280 From Telfair CO Line To Montgomery CO Line,PRE-CONSTRUCTION
M006634,https://www.dot.ga.gov/applications/geopi/Pages/Dashboard.aspx?ProjectId=M006634,Toombs,SR 4/US 1 From Scarlet Road To Swift Creek,PRE-CONSTRUCTION
M006635,https://www.dot.ga.gov/applications/geopi/Pages/Dashboard.aspx?ProjectId=M006635,Candler,SR 23 From N Of Pineland Road To SR 46,PRE-CONSTRUCTION
M006636,https://www.dot.ga.gov/applications/geopi/Pages/Dashboard.aspx?ProjectId=M006636,Bacon,SR 32 From W Of Apple Tree Lane To Hurricane Creek,PRE-CONSTRUCTION
M006637,https://www.dot.ga.gov/applications/geopi/Pages/Dashboard.aspx?ProjectId=M006637,Bulloch,SR 73 From S Of I-16 To N Of SR 46,PRE-CONSTRUCTION
M006638,https://www.dot.ga.gov/applications/geopi/Pages/Dashboard.aspx?ProjectId=M006638,Bulloch,SR 67 & SR 73 From S Of W Brannen Street To Screven CO Line,PRE-CONSTRUCTION
M006639,https://www.dot.ga.gov/applications/geopi/Pages/Dashboard.aspx?ProjectId=M006639,Charlton,SR 4/US 1 From S Of Eula Street To N Of Robin Lane,PRE-CONSTRUCTION
M006640,https://www.dot.ga.gov/applications/geopi/Pages/Dashboard.aspx?ProjectId=M006640,Jeff Davis,SR 135 & SR 135 SO From Coffee County Line To S Of SR 19,PRE-CONSTRUCTION
M006641,https://www.dot.ga.gov/applications/geopi/Pages/Dashboard.aspx?ProjectId=M006641,Bibb,I-75 From S Of Sardis Church Road To Tobesofkee Creek,PRE-CONSTRUCTION
M006642,https://www.dot.ga.gov/applications/geopi/Pages/Dashboard.aspx?ProjectId=M006642,Bibb,I-75 From Tobesofkee Creek To Oglethorpe Street,PRE-CONSTRUCTION
M006643,https://www.dot.ga.gov/applications/geopi/Pages/Dashboard.aspx?ProjectId=M006643,Bibb,I-75 From S Of SR 247 To N Of Arkwright Road,PRE-CONSTRUCTION
M006644,https://www.dot.ga.gov/applications/geopi/Pages/Dashboard.aspx?ProjectId=M006644,"Crisp , Dooly",I-75 From N Of Old Hatley Road/Crisp To S Of SR 27/Dooly,PRE-CONSTRUCTION
M006645,https://www.dot.ga.gov/applications/geopi/Pages/Dashboard.aspx?ProjectId=M006645,"Dooly , Houston",I-75 From S Of SR 27/Dooly To S Of SR 26/Houston,PRE-CONSTRUCTION
M006646,https://www.dot.ga.gov/applications/geopi/Pages/Dashboard.aspx?ProjectId=M006646,Lowndes,I-75 From Florida State Line To N Of SR 38,PRE-CONSTRUCTION
M006647,https://www.dot.ga.gov/applications/geopi/Pages/Dashboard.aspx?ProjectId=M006647,"Greene , Morgan",I-20 From E Of SR 83/Morgan To SR 44/Greene,PRE-CONSTRUCTION
M006648,https://www.dot.ga.gov/applications/geopi/Pages/Dashboard.aspx?ProjectId=M006648,Newton,I-20 From Rockdale County Line To W Of Alcovy Road,PRE-CONSTRUCTION
M006649,https://www.dot.ga.gov/applications/geopi/Pages/Dashboard.aspx?ProjectId=M006649,Banks,I-85 From SR 15 To N Of SR 63,PRE-CONSTRUCTION
M006650,https://www.dot.ga.gov/applications/geopi/Pages/Dashboard.aspx?ProjectId=M006650,"Clayton , Fulton",I-85/SR 403 - Conc Rehab,UNDER-CONSTRUCTION
M006651,https://www.dot.ga.gov/applications/geopi/Pages/Dashboard.aspx?ProjectId=M006651,Gwinnett,I-85 From N Of Old Peachtree Road To I-985,PRE-CONSTRUCTION
M006652,https://www.dot.ga.gov/applications/geopi/Pages/Dashboard.aspx?ProjectId=M006652,McIntosh,I-95 From N Of SR 251 To N Of SR 57/SR 99,PRE-CONSTRUCTION
M006653,https://www.dot.ga.gov/applications/geopi/Pages/Dashboard.aspx?ProjectId=M006653,"Cherokee , Pickens",I-575 From Etowah River/Cherokee To SR 372/Pickens,PRE-CONSTRUCTION
M006654,https://www.dot.ga.gov/applications/geopi/Pages/Dashboard.aspx?ProjectId=M006654,"Greene , Morgan",I-20 From NS #733146T/Morgan To SR 44/Greene,PRE-CONSTRUCTION
M006655,https://www.dot.ga.gov/applications/geopi/Pages/Dashboard.aspx?ProjectId=M006655,"Morgan , Newton , Walton",I-20 From W Of Alcovy Road/Newton To SR 83/Morgan,PRE-CONSTRUCTION
M006656,https://www.dot.ga.gov/applications/geopi/Pages/Dashboard.aspx?ProjectId=M006656,Monroe,I-75 Nb From I-475 To SR 42,PRE-CONSTRUCTION
M006657,https://www.dot.ga.gov/applications/geopi/Pages/Dashboard.aspx?ProjectId=M006657,"Tift , Turner",I-75 From S Of Southwell Blvd/Tift To SR 159/Turner,PRE-CONSTRUCTION
M006658,https://www.dot.ga.gov/applications/geopi/Pages/Dashboard.aspx?ProjectId=M006658,"Banks , Franklin , Hart",I-85 From N Of SR 63/Banks To South Carolina State Line,PRE-CONSTRUCTION
M006659,https://www.dot.ga.gov/applications/geopi/Pages/Dashboard.aspx?ProjectId=M006659,"Bryan , Liberty",I-95 From South Newport River/Liberty To CSX #637581M/Bryan,PRE-CONSTRUCTION
M006660,https://www.dot.ga.gov/applications/geopi/Pages/Dashboard.aspx?ProjectId=M006660,"Camden , Glynn",I-95 From Florida State Line To SR 27,PRE-CONSTRUCTION
M006661,https://www.dot.ga.gov/applications/geopi/Pages/Dashboard.aspx?ProjectId=M006661,Fulton,I-285 From Clayton County Line To SR 14,PRE-CONSTRUCTION
M006662,https://www.dot.ga.gov/applications/geopi/Pages/Dashboard.aspx?ProjectId=M006662,"Bibb , Monroe",I-475 From I-75/Bibb To I-75/Monroe,PRE-CONSTRUCTION
M006663,https://www.dot.ga.gov/applications/geopi/Pages/Dashboard.aspx?ProjectId=M006663,Richmond,I-520 From E Of Doug Barnard Pkwy To South Carolina State Line,PRE-CONSTRUCTION
M006664,https://www.dot.ga.gov/applications/geopi/Pages/Dashboard.aspx?ProjectId=M006664,Colquitt,"Various Locations - Plmx Resf, Milling,",UNDER-CONSTRUCTION
M006665,https://www.dot.ga.gov/applications/geopi/Pages/Dashboard.aspx?ProjectId=M006665,Twiggs,SR 87 From Bleckley County Line To Flat Creek,PRE-CONSTRUCTION
M006666,https://www.dot.ga.gov/applications/geopi/Pages/Dashboard.aspx?ProjectId=M006666,Troup,SR 1/US 27 From Harris County Line To Long Cane Creek,PRE-CONSTRUCTION
M006667,https://www.dot.ga.gov/applications/geopi/Pages/Dashboard.aspx?ProjectId=M006667,Monroe,SR 42 From SR 83 To Butts County Line,PRE-CONSTRUCTION
M006668,https://www.dot.ga.gov/applications/geopi/Pages/Dashboard.aspx?ProjectId=M006668,Troup,SR 1/US 27 From Long Cane Creek To N Of Fernwood Drive,PRE-CONSTRUCTION
M006669,https://www.dot.ga.gov/applications/geopi/Pages/Dashboard.aspx?ProjectId=M006669,"Brooks , Thomas",SR 33 From SR 38 To Colquitt County Line,PRE-CONSTRUCTION
M006670,https://www.dot.ga.gov/applications/geopi/Pages/Dashboard.aspx?ProjectId=M006670,Echols,SR 11 From Florida State Line To SR 94,PRE-CONSTRUCTION
M006672,https://www.dot.ga.gov/applications/geopi/Pages/Dashboard.aspx?ProjectId=M006672,Cobb,SR 280 From Fulton County Line To SR 5,PRE-CONSTRUCTION
M006673,https://www.dot.ga.gov/applications/geopi/Pages/Dashboard.aspx?ProjectId=M006673,Fulton,SR 140 From SR 9 To Cherokee County Line,PRE-CONSTRUCTION
M006674,https://www.dot.ga.gov/applications/geopi/Pages/Dashboard.aspx?ProjectId=M006674,Fulton,SR 140 From Gwinnett County Line To SR 9,PRE-CONSTRUCTION
M006675,https://www.dot.ga.gov/applications/geopi/Pages/Dashboard.aspx?ProjectId=M006675,Clayton,SR 54 & SR 138 From N Main Street To Henry County Line,PRE-CONSTRUCTION
M006676,https://www.dot.ga.gov/applications/geopi/Pages/Dashboard.aspx?ProjectId=M006676,Lincoln,SR 43 Conn From SR 43 To SR 47,PRE-CONSTRUCTION
M006677,https://www.dot.ga.gov/applications/geopi/Pages/Dashboard.aspx?ProjectId=M006677,Hall,SR 53 From Forsyth County Line To SR 53 Conn,PRE-CONSTRUCTION
M006678,https://www.dot.ga.gov/applications/geopi/Pages/Dashboard.aspx?ProjectId=M006678,"Barrow , Oconee",SR 53 From SR 8/SR 316/Barrow To Hog Mtn/Mars Hill RD/Oconee,PRE-CONSTRUCTION
M006679,https://www.dot.ga.gov/applications/geopi/Pages/Dashboard.aspx?ProjectId=M006679,Oconee,SR 24Bu From SR 24 To SR 15,PRE-CONSTRUCTION
M006680,https://www.dot.ga.gov/applications/geopi/Pages/Dashboard.aspx?ProjectId=M006680,Clarke,SR 10/US 78 From Timothy Road To E Of Minor Street,PRE-CONSTRUCTION
M006681,https://www.dot.ga.gov/applications/geopi/Pages/Dashboard.aspx?ProjectId=M006681,Habersham,SR 17 From SR 419 To SR 385,PRE-CONSTRUCTION
M006682,https://www.dot.ga.gov/applications/geopi/Pages/Dashboard.aspx?ProjectId=M006682,Fulton,I-75/SR 401 - Plx Resurfacing,UNDER-CONSTRUCTION
M006683,https://www.dot.ga.gov/applications/geopi/Pages/Dashboard.aspx?ProjectId=M006683,Camden,I-95 From S Of Horse Stamp Church Road To Little Satilla River,PRE-CONSTRUCTION
M006684,https://www.dot.ga.gov/applications/geopi/Pages/Dashboard.aspx?ProjectId=M006684,Fulton,"SR 14 - Mill, Inlay, Plmx Rsrf",UNDER-CONSTRUCTION
M006685,https://www.dot.ga.gov/applications/geopi/Pages/Dashboard.aspx?ProjectId=M006685,Fulton,SR 9 From SR 3 To N Of Paces Ferry RD &SR 9 SO From SR 9 To SR 9,PRE-CONSTRUCTION
M006686,https://www.dot.ga.gov/applications/geopi/Pages/Dashboard.aspx?ProjectId=M006686,Emanuel,SR 192 From SR 26 To SR 56,PRE-CONSTRUCTION
M006687,https://www.dot.ga.gov/applications/geopi/Pages/Dashboard.aspx?ProjectId=M006687,Richmond,SR 56 From N Of Tobacco Road To SR 121,PRE-CONSTRUCTION
M006688,https://www.dot.ga.gov/applications/geopi/Pages/Dashboard.aspx?ProjectId=M006688,Laurens,SR 31 From I-16 To SR 26,PRE-CONSTRUCTION
M006689,https://www.dot.ga.gov/applications/geopi/Pages/Dashboard.aspx?ProjectId=M006689,McDuffie,SR 12 From E Of Mt Pleasant Road To SR 17 Bypass,PRE-CONSTRUCTION
M006690,https://www.dot.ga.gov/applications/geopi/Pages/Dashboard.aspx?ProjectId=M006690,Jefferson,SR 4/SR 540/US 1 From S Of SR 88 To Quaker Road,PRE-CONSTRUCTION
M006691,https://www.dot.ga.gov/applications/geopi/Pages/Dashboard.aspx?ProjectId=M006691,Columbia,SR 150/US 221 From SR 47 To South Carolina State Line,PRE-CONSTRUCTION
M006692,https://www.dot.ga.gov/applications/geopi/Pages/Dashboard.aspx?ProjectId=M006692,Elbert,SR 79 From Lincoln County Line To SR 72,PRE-CONSTRUCTION
M006693,https://www.dot.ga.gov/applications/geopi/Pages/Dashboard.aspx?ProjectId=M006693,Gwinnett,SR 141 From Dekalb County Line To Fulton County Line,PRE-CONSTRUCTION
M006694,https://www.dot.ga.gov/applications/geopi/Pages/Dashboard.aspx?ProjectId=M006694,Lowndes,I-75 Sb & Nb @ Weigh Station In Lowndes County,PRE-CONSTRUCTION
M006695,https://www.dot.ga.gov/applications/geopi/Pages/Dashboard.aspx?ProjectId=M006695,"Habersham , Stephens",SR 17 Alt From N Alexander St/Stephens To S Of SR 15/Habersham,PRE-CONSTRUCTION
M006696,https://www.dot.ga.gov/applications/geopi/Pages/Dashboard.aspx?ProjectId=M006696,Walton,SR 20 From E Of Tuck Road To Rockdale County Line,PRE-CONSTRUCTION
M006697,https://www.dot.ga.gov/applications/geopi/Pages/Dashboard.aspx?ProjectId=M006697,Decatur,SR 38 & SR 1Bu From Seminole County Line To E Of SR 1,PRE-CONSTRUCTION
M006698,https://www.dot.ga.gov/applications/geopi/Pages/Dashboard.aspx?ProjectId=M006698,Calhoun,SR 216 From SR 45 To SR 37,PRE-CONSTRUCTION
M006699,https://www.dot.ga.gov/applications/geopi/Pages/Dashboard.aspx?ProjectId=M006699,Clayton,SR 138 From Fulton County Line To North Ave,PRE-CONSTRUCTION
M006700,https://www.dot.ga.gov/applications/geopi/Pages/Dashboard.aspx?ProjectId=M006700,Habersham,SR 255 Alt From SR 17 To SR 255,PRE-CONSTRUCTION
M006701,https://www.dot.ga.gov/applications/geopi/Pages/Dashboard.aspx?ProjectId=M006701,Cobb,I-75 From I-285 To N Of Hickory Grove Road - Express Lanes,PRE-CONSTRUCTION
M006702,https://www.dot.ga.gov/applications/geopi/Pages/Dashboard.aspx?ProjectId=M006702,Troup,SR 1 & SR 14 From Ferrell Drive To SR 14 Spur,PRE-CONSTRUCTION
M006703,https://www.dot.ga.gov/applications/geopi/Pages/Dashboard.aspx?ProjectId=M006703,Wilcox,SR 159 From Turner County Line To SR 30,PRE-CONSTRUCTION
M006704,https://www.dot.ga.gov/applications/geopi/Pages/Dashboard.aspx?ProjectId=M006704,Lee,SR 3/US 19 From Robert B Lee Drive To Jordan Road,PRE-CONSTRUCTION
M006706,https://www.dot.ga.gov/applications/geopi/Pages/Dashboard.aspx?ProjectId=M006706,Cobb,I-75 Nb Noise Walls @ 6 Locs In Cobb County,PRE-CONSTRUCTION
M006707,https://www.dot.ga.gov/applications/geopi/Pages/Dashboard.aspx?ProjectId=M006707,Cobb,I-75 Nb Noise Walls @ 7 Locs In Cobb County,PRE-CONSTRUCTION
M006708,https://www.dot.ga.gov/applications/geopi/Pages/Dashboard.aspx?ProjectId=M006708,Cobb,I-75 Nb Noise Walls @ 9 Locs In Cobb County,PRE-CONSTRUCTION
M006709,https://www.dot.ga.gov/applications/geopi/Pages/Dashboard.aspx?ProjectId=M006709,"Newton , Walton",SR 138 From Rockdale County Line To SR 10,PRE-CONSTRUCTION
M006710,https://www.dot.ga.gov/applications/geopi/Pages/Dashboard.aspx?ProjectId=M006710,Camden,SR 40 Spur From Douglas Drive To Rr #861077N,PRE-CONSTRUCTION
M006711,https://www.dot.ga.gov/applications/geopi/Pages/Dashboard.aspx?ProjectId=M006711,Liberty,SR 196 From Long County Line To SR 119,PRE-CONSTRUCTION
M006713,https://www.dot.ga.gov/applications/geopi/Pages/Dashboard.aspx?ProjectId=M006713,Cobb,I-75 Nb Noise Walls @ 9 Locs N Of Bells Ferry RD In Cobb Co,PRE-CONSTRUCTION
M006714,https://www.dot.ga.gov/applications/geopi/Pages/Dashboard.aspx?ProjectId=M006714,Cobb,I-75 Nb Noise Walls @ 6 Locs N Of Wade Green Road In Cobb Co,PRE-CONSTRUCTION
M006715,https://www.dot.ga.gov/applications/geopi/Pages/Dashboard.aspx?ProjectId=M006715,"Bleckley , Laurens",SR 26 From W Of Jessup Street/Bleckley To W Of SR 19/Laurens,PRE-CONSTRUCTION
M006716,https://www.dot.ga.gov/applications/geopi/Pages/Dashboard.aspx?ProjectId=M006716,Banks,I-85 Sb & Nb @ SR 164 - Bridge Rehab,PRE-CONSTRUCTION
M006721,https://www.dot.ga.gov/applications/geopi/Pages/Dashboard.aspx?ProjectId=M006721,"Houston , Peach",SR 11 From SR 247 Conn To N Of Houston Road,PRE-CONSTRUCTION
M006722,https://www.dot.ga.gov/applications/geopi/Pages/Dashboard.aspx?ProjectId=M006722,"Houston , Macon",SR 49 & SR 127 From SR 49/Macon To SR 224/Houston,PRE-CONSTRUCTION
M006723,https://www.dot.ga.gov/applications/geopi/Pages/Dashboard.aspx?ProjectId=M006723,Stewart,SR 27 From Quitman County Line To SR 1,PRE-CONSTRUCTION
M006724,https://www.dot.ga.gov/applications/geopi/Pages/Dashboard.aspx?ProjectId=M006724,Pulaski,SR 27/US 341 From W Of SR 230 To Dodge County Line,PRE-CONSTRUCTION
M006725,https://www.dot.ga.gov/applications/geopi/Pages/Dashboard.aspx?ProjectId=M006725,Screven,SR 21 From W Of SR 73 Loop To Jenkins County Line,PRE-CONSTRUCTION
M006726,https://www.dot.ga.gov/applications/geopi/Pages/Dashboard.aspx?ProjectId=M006726,"Candler , Tattnall",SR 57 From Emanuel County Line To SR 23,PRE-CONSTRUCTION
M006727,https://www.dot.ga.gov/applications/geopi/Pages/Dashboard.aspx?ProjectId=M006727,Chatham,SR 21/US 516 From N Of CSX #734151T To N Of Smith Ave,PRE-CONSTRUCTION
M006728,https://www.dot.ga.gov/applications/geopi/Pages/Dashboard.aspx?ProjectId=M006728,Liberty,SR 119 From N Of SR 25 To E Of Tibet Road,PRE-CONSTRUCTION
M006729,https://www.dot.ga.gov/applications/geopi/Pages/Dashboard.aspx?ProjectId=M006729,Tattnall,SR 23 From N Of Loves Chapel Road To S Of SR 30,PRE-CONSTRUCTION
M006730,https://www.dot.ga.gov/applications/geopi/Pages/Dashboard.aspx?ProjectId=M006730,Appling,SR 15 From Harris Road To SR 4,PRE-CONSTRUCTION
M006731,https://www.dot.ga.gov/applications/geopi/Pages/Dashboard.aspx?ProjectId=M006731,Effingham,SR 119 From S Of Preister Road To Savannnah River,PRE-CONSTRUCTION
M006732,https://www.dot.ga.gov/applications/geopi/Pages/Dashboard.aspx?ProjectId=M006732,Bryan,SR 25/US 17 From Mt Hope Creek To S Of Ponderosa Road,PRE-CONSTRUCTION
M006733,https://www.dot.ga.gov/applications/geopi/Pages/Dashboard.aspx?ProjectId=M006733,Appling,SR 4/US 1 From N Of SR 15 To N Of W River Road,PRE-CONSTRUCTION
M006734,https://www.dot.ga.gov/applications/geopi/Pages/Dashboard.aspx?ProjectId=M006734,Bryan,SR 204 From E Of SR 30 To Chatham County Line,PRE-CONSTRUCTION
M006735,https://www.dot.ga.gov/applications/geopi/Pages/Dashboard.aspx?ProjectId=M006735,Coffee,SR 31/US 221 From Atkinson County Line To SR 135,PRE-CONSTRUCTION
M006736,https://www.dot.ga.gov/applications/geopi/Pages/Dashboard.aspx?ProjectId=M006736,Coffee,SR 32 From E Of SR 135 To Bacon County Line,PRE-CONSTRUCTION
M006737,https://www.dot.ga.gov/applications/geopi/Pages/Dashboard.aspx?ProjectId=M006737,Lowndes,SR 133 From SR 38 To Brooks County Line,PRE-CONSTRUCTION
M006738,https://www.dot.ga.gov/applications/geopi/Pages/Dashboard.aspx?ProjectId=M006738,Clayton,I-285 @ 3 Locs In Clayton County - Bridge Rehab,PRE-CONSTRUCTION
M006739,https://www.dot.ga.gov/applications/geopi/Pages/Dashboard.aspx?ProjectId=M006739,Peach,SR 96 From SR 49 Conn To Vienna Street,PRE-CONSTRUCTION
M006740,https://www.dot.ga.gov/applications/geopi/Pages/Dashboard.aspx?ProjectId=M006740,Lumpkin,SR 9 From S Of Ben Higgins Road To S Of SR 9 Bu,PRE-CONSTRUCTION
M006741,https://www.dot.ga.gov/applications/geopi/Pages/Dashboard.aspx?ProjectId=M006741,Elbert,SR 77 From Oglethorpe County Line To Hart County Line,PRE-CONSTRUCTION
M006742,https://www.dot.ga.gov/applications/geopi/Pages/Dashboard.aspx?ProjectId=M006742,Gwinnett,SR 324 From SR 20 To SR 124,PRE-CONSTRUCTION
M006743,https://www.dot.ga.gov/applications/geopi/Pages/Dashboard.aspx?ProjectId=M006743,White,SR 115 From SR 11 To Habersham County Line,PRE-CONSTRUCTION
M006744,https://www.dot.ga.gov/applications/geopi/Pages/Dashboard.aspx?ProjectId=M006744,Barrow,SR 211 From SR 316 To SR 11,PRE-CONSTRUCTION
M006745,https://www.dot.ga.gov/applications/geopi/Pages/Dashboard.aspx?ProjectId=M006745,Madison,SR 8 From N Of SR 106 To SR 98,PRE-CONSTRUCTION
M006746,https://www.dot.ga.gov/applications/geopi/Pages/Dashboard.aspx?ProjectId=M006746,Habersham,SR 17 From SR 385 To White County Line,PRE-CONSTRUCTION
M006747,https://www.dot.ga.gov/applications/geopi/Pages/Dashboard.aspx?ProjectId=M006747,Gwinnett,SR 13 From Dekalb County Line To Rogers Bridge Road,PRE-CONSTRUCTION
M006748,https://www.dot.ga.gov/applications/geopi/Pages/Dashboard.aspx?ProjectId=M006748,Fulton,I-20 @ 2 Locs In Fulton County - Bridge Rehab,PRE-CONSTRUCTION
M006749,https://www.dot.ga.gov/applications/geopi/Pages/Dashboard.aspx?ProjectId=M006749,DeKalb,I-285 @ 4 Locs In Dekalb County - Bridge Rehab,PRE-CONSTRUCTION
M006750,https://www.dot.ga.gov/applications/geopi/Pages/Dashboard.aspx?ProjectId=M006750,"Harris , Meriwether , Talbot",SR 190 From SR 1 To SR 41,PRE-CONSTRUCTION
M006764,https://www.dot.ga.gov/applications/geopi/Pages/Dashboard.aspx?ProjectId=M006764,"Fannin , Floyd",SR 1 & SR 515 @ 3 Locs In District 6 - Bridge Rehab,PRE-CONSTRUCTION
M006765,https://www.dot.ga.gov/applications/geopi/Pages/Dashboard.aspx?ProjectId=M006765,"Lumpkin , Union , White",SR 11; SR 52 & SR 515 @ 3 Locs In District 1 - Bridge Rehab,PRE-CONSTRUCTION
M006766,https://www.dot.ga.gov/applications/geopi/Pages/Dashboard.aspx?ProjectId=M006766,"Walker , Whitfield",SR 157 & SR 286 @ 2 Locs In District 6 - Bridge Rehab,PRE-CONSTRUCTION
